Id,SalePrice,y_log,baseline_oof_log,repeated_mean_corrected_oof_log,is_archetype,peer_supported_validation_count,validation_prediction_count
1,208500,12.24769911637256,12.172961036658052,12.172961036658052,False,0,10
2,181500,12.109016442313738,12.068940104926428,12.068940104926428,False,0,10
3,223500,12.317171167298682,12.23417385707729,12.234173857077291,False,0,10
4,140000,11.849404844423074,12.067484341309822,12.067484341309822,False,0,10
5,250000,12.429220196836383,12.6522646099488,12.6522646099488,False,0,10
6,143000,11.870606902224587,11.990160239543762,11.990160239543764,False,0,10
7,307000,12.634606283893019,12.501863674612006,12.501863674612007,False,0,10
8,200000,12.206077645517674,12.276966861468948,12.276966861468948,False,0,10
9,129900,11.774527900858468,11.815302847063805,11.815302847063805,False,0,10
10,118000,11.678448377988165,11.70145888351071,11.70145888351071,False,0,10
11,129500,11.771443882099637,11.758115962701037,11.758115962701039,False,0,10
12,345000,12.75130259456002,12.877284558707563,12.877284558707562,False,0,10
13,144000,11.87757552297847,11.804128409941136,11.804128409941137,False,0,10
14,279500,12.540761149388421,12.317297242500432,12.317297242500432,False,0,10
15,157000,11.964007453736912,11.954934202024141,11.95493420202414,False,0,10
16,132000,11.790564777297387,11.760313349363257,11.760313349363257,False,0,10
17,149000,11.91170829631447,11.910462350781616,11.910462350781616,False,0,10
18,90000,11.407576060361786,11.5855774964346,11.585577496434599,False,0,10
19,159000,11.976665770490767,11.995214999851713,11.995214999851713,False,0,10
20,139000,11.842236406331555,11.667270933574905,11.667270933574907,False,0,10
21,325300,12.692506186542177,12.741777133628315,12.741777133628316,False,0,10
22,139400,11.845109950883979,11.765178684870053,11.765178684870053,False,0,10
23,230000,12.345838935721968,12.371291793858866,12.371291793858864,False,0,10
24,129900,11.774527900858468,11.831706831699053,11.831706831699053,False,0,10
25,154000,11.944714374881176,11.893000823834596,11.893000823834596,False,0,10
26,256300,12.454107814022272,12.46086938604504,12.460869386045038,False,0,10
27,134800,11.811554895830454,11.826737606463855,11.826737606463853,False,0,10
28,306000,12.631343648903034,12.595328050877752,12.595328050877752,False,0,10
29,207500,12.242891437918386,12.212168139818328,12.21216813981833,False,0,10
30,68500,11.134603622683905,11.139689277542704,11.139689277542702,False,0,10
31,40000,10.596659732783579,11.487548618683181,11.48754861868318,False,0,10
32,149350,11.914054519303125,11.874447142424115,11.874447142424115,False,0,10
33,179900,12.100161978566867,12.15732528360663,12.157325283606628,False,0,10
34,165500,12.016732516077072,12.071369857605575,12.071369857605575,False,0,10
35,277500,12.533579815765737,12.591821471813379,12.591821471813377,False,0,10
36,309000,12.6410997921206,12.64459999434209,12.644599994342089,False,0,10
37,145000,11.884495917930655,11.921214364490503,11.921214364490504,False,0,10
38,153000,11.938199736300925,11.959325490130897,11.959325490130896,False,0,10
39,109000,11.599112335481124,11.7454713710768,11.745471371076802,False,0,10
40,82000,11.314486721293981,11.349111554417384,11.349111554417386,False,0,10
41,160000,11.982935344196433,11.857031259491585,11.857031259491583,False,0,10
42,170000,12.04355959836804,12.048269784505711,12.04826978450571,False,0,10
43,144000,11.87757552297847,11.901114858498987,11.901114858498987,False,0,10
44,130250,11.777218637129327,11.805718136132562,11.80571813613256,False,0,10
45,141000,11.856522261533737,11.890992635777474,11.890992635777476,False,0,10
46,319900,12.675766851909591,12.578086415653539,12.57808641565354,False,0,10
47,239686,12.387089184491993,12.585421665426077,12.585421665426079,False,0,10
48,249700,12.428019481065613,12.378733274391555,12.378733274391553,False,0,10
49,113000,11.635151947212842,11.485517875702554,11.485517875702554,False,0,10
50,127000,11.751950239425476,11.743879057827181,11.743879057827183,False,0,10
51,177000,12.083910661257521,12.094716874428912,12.094716874428912,False,0,10
52,114500,11.648338835562747,11.691928820068137,11.691928820068139,False,0,10
53,110000,11.608244735642321,11.501100829080974,11.501100829080972,False,0,10
54,385000,12.861001210669146,12.776856683162501,12.776856683162503,False,0,10
55,130000,11.775297421715827,11.725182513357236,11.725182513357238,False,0,10
56,180500,12.103491596905931,12.016545520839834,12.016545520839832,False,0,10
57,172500,12.058158312538197,12.207171017390907,12.207171017390907,False,0,10
58,196500,12.188422799337028,12.186180275377652,12.186180275377652,False,0,10
59,438780,12.991755706536901,12.910002352048757,12.91000235204876,False,0,10
60,124900,11.735276702486741,11.697965622197541,11.697965622197541,False,0,10
61,158000,11.970356641102999,12.04595040434691,12.04595040434691,False,0,10
62,101000,11.522885696764481,11.444557087083096,11.444557087083096,False,0,10
63,202500,12.218500103788143,12.24327079583174,12.243270795831739,False,0,10
64,140000,11.849404844423074,11.835330156182156,11.835330156182154,False,0,10
65,219500,12.299112067295642,12.290242627892408,12.29024262789241,False,0,10
66,317000,12.666660207428574,12.654590977036412,12.65459097703641,False,0,10
67,180000,12.100717685412471,12.417452595768202,12.4174525957682,False,0,10
68,226000,12.328294703023396,12.298071322238801,12.2980713222388,False,0,10
69,80000,11.289794413577894,11.338771992131276,11.338771992131274,False,0,10
70,225000,12.323860125621126,12.282174338169584,12.282174338169584,False,0,10
71,244000,12.404927602627597,12.420443243200483,12.420443243200483,False,0,10
72,129500,11.771443882099637,11.77861439040848,11.77861439040848,False,0,10
73,185000,12.128116509451258,12.166255821746562,12.166255821746562,False,0,10
74,144900,11.88380602959621,11.886267131726543,11.886267131726543,False,0,10
75,107400,11.58432477200052,11.611354715760854,11.611354715760854,False,0,10
76,91000,11.418625774449598,11.422789697484138,11.422789697484136,False,0,10
77,135750,11.818577604251555,11.644002034627347,11.644002034627347,False,0,10
78,127000,11.751950239425476,11.680051570866903,11.680051570866905,False,0,10
79,136500,11.824087219587643,11.796219038520174,11.796219038520176,False,0,10
80,110000,11.608244735642321,11.65946835828985,11.659468358289848,False,0,10
81,193500,12.173037959397275,12.282067428071192,12.28206742807119,False,0,10
82,153500,11.941462360646149,12.05505026105805,12.055050261058051,False,0,10
83,245000,12.409017571151187,12.310638169222612,12.310638169222612,False,0,10
84,126500,11.748005492256807,11.783907544755001,11.783907544755,False,0,10
85,168500,12.034696963475044,12.041042691282602,12.0410426912826,False,0,10
86,260000,12.468440756144114,12.485664911668705,12.485664911668705,False,0,10
87,174000,12.066816325306588,12.070233861664056,12.070233861664054,False,0,10
88,164500,12.010671928196443,12.029969579947197,12.029969579947196,False,0,10
89,85000,11.350418300109132,11.220129405125546,11.220129405125546,False,0,10
90,123600,11.724813914587886,11.67582939584779,11.675829395847789,False,0,10
91,109900,11.60733523953139,11.51418724916653,11.514187249166529,False,0,10
92,98600,11.498836682527127,11.69543335110005,11.69543335110005,False,0,10
93,163500,12.004574385508691,11.833562772639509,11.833562772639509,False,0,10
94,133900,11.804855999911272,12.07177254326509,12.071772543265093,False,0,10
95,204750,12.229549885708273,12.232960231975362,12.232960231975364,False,0,10
96,185000,12.128116509451258,12.11767158071468,12.117671580714681,False,0,10
97,214000,12.273735966890268,12.276203653962567,12.276203653962567,False,0,10
98,94750,11.459007676978688,11.721468234688551,11.721468234688553,False,0,10
99,83000,11.326607934898927,11.371466605237305,11.371466605237304,False,0,10
100,128950,11.767187766223199,11.70605810691796,11.706058106917961,False,0,10
101,205000,12.230770136157428,12.284989938498407,12.28498993849841,False,0,10
102,178000,12.08954444723597,12.063442821995372,12.06344282199537,False,0,10
103,118964,11.68658461118553,11.665127322582393,11.665127322582393,False,0,10
104,198900,12.200562492481511,12.136123974959862,12.13612397495986,False,0,10
105,169500,12.040614105490253,11.996590526651424,11.996590526651426,False,0,10
106,250000,12.429220196836383,12.42385899372476,12.423858993724762,False,0,10
107,100000,11.51293546492023,11.368036540064747,11.368036540064749,False,0,10
108,115000,11.652696102959753,11.522710842455277,11.522710842455279,False,0,10
109,115000,11.652696102959753,11.69632582534347,11.696325825343468,False,0,10
110,190000,12.154784614286667,12.243591213341523,12.24359121334152,False,0,10
111,136900,11.827013315851762,11.887734555114362,11.887734555114362,False,0,10
112,180000,12.100717685412471,12.048577948535781,12.048577948535781,False,0,10
113,383970,12.85832230788469,12.764193159206108,12.76419315920611,False,0,10
114,217000,12.28765724080691,12.305789023883278,12.305789023883278,False,0,10
115,259500,12.466515835145202,12.356588128448843,12.356588128448845,False,0,10
116,176000,12.07824495582233,12.015868422714773,12.015868422714773,False,0,10
117,139000,11.842236406331555,11.75151074194781,11.75151074194781,False,0,10
118,155000,11.951186847493476,11.92267174461948,11.92267174461948,False,0,10
119,320000,12.676079399771027,12.73449273820725,12.73449273820725,False,0,10
120,163990,12.0075668272517,12.05225216228473,12.05225216228473,False,0,10
121,180000,12.100717685412471,11.989449009472636,11.989449009472636,False,0,10
122,100000,11.51293546492023,11.493787261261845,11.493787261261845,False,0,10
123,136000,11.820417517632333,11.839693108438064,11.839693108438066,False,0,10
124,153900,11.944064817531656,11.99093834345069,11.990938343450692,False,0,10
125,181000,12.10625783509458,12.053725431852516,12.053725431852515,False,0,10
126,84500,11.344518647594766,11.330985947813947,11.330985947813945,False,0,10
127,128000,11.759793355371237,11.846008260696314,11.846008260696312,False,0,10
128,87000,11.373674891823535,11.452964876213056,11.452964876213057,False,0,10
129,155000,11.951186847493476,11.889409087335688,11.88940908733569,False,0,10
130,150000,11.918397239722838,11.863432463698853,11.863432463698855,False,0,10
131,226000,12.328294703023396,12.257453786572416,12.257453786572414,False,0,10
132,244000,12.404927602627597,12.315316409068817,12.315316409068815,False,0,10
133,150750,11.923384748066601,11.9386499613763,11.9386499613763,False,0,10
134,220000,12.301387370778713,12.229521998542634,12.229521998542635,False,0,10
135,180000,12.100717685412471,12.054522149492895,12.054522149492895,False,0,10
136,174000,12.066816325306588,12.066890232634991,12.066890232634991,False,0,10
137,143000,11.870606902224587,11.87390756822505,11.87390756822505,False,0,10
138,171000,12.049424683420915,12.209781238329594,12.209781238329596,False,0,10
139,230000,12.345838935721968,12.431069579696024,12.431069579696025,False,0,10
140,231500,12.352339472153524,12.24545168362777,12.245451683627772,False,0,10
141,115000,11.652696102959753,11.555243041590696,11.555243041590698,False,0,10
142,260000,12.468440756144114,12.38973421114625,12.38973421114625,False,0,10
143,166000,12.019749091416921,11.764383344274252,11.764383344274252,False,0,10
144,204000,12.225880174775122,12.31313914105985,12.31313914105985,False,0,10
145,125000,11.736077016252437,11.812618167774684,11.812618167774685,False,0,10
146,130000,11.775297421715827,11.8090664140512,11.8090664140512,False,0,10
147,105000,11.561725152903833,11.535175146903267,11.535175146903269,False,0,10
148,222500,12.312686874960354,12.31870311656057,12.31870311656057,False,0,10
149,141000,11.856522261533737,11.923357790783058,11.923357790783058,False,0,10
150,115000,11.652696102959753,11.588544857913243,11.588544857913245,False,0,10
151,122000,11.711784520403112,11.819950425874298,11.819950425874298,False,0,10
152,372402,12.827731880206521,12.703837043973895,12.703837043973893,False,0,10
153,190000,12.154784614286667,12.138955691083137,12.138955691083138,False,0,10
154,235000,12.367345048436391,12.151061393574624,12.151061393574624,False,0,10
155,125000,11.736077016252437,11.543280426420212,11.543280426420212,False,0,10
156,79000,11.277215789596893,11.294366839901645,11.294366839901643,False,0,10
157,109500,11.603688960617083,11.625325182043998,11.625325182043996,False,0,10
158,269500,12.504327379899443,12.519616982158638,12.519616982158638,False,0,10
159,254900,12.448630513463613,12.371219334468027,12.371219334468025,False,0,10
160,320000,12.676079399771027,12.628780562619855,12.628780562619854,False,0,10
161,162500,11.998439434579149,11.960411673996427,11.960411673996429,False,0,10
162,412500,12.929993908996359,12.952296873952951,12.95229687395295,False,0,10
163,220000,12.301387370778713,12.367480216109318,12.367480216109316,False,0,10
164,103200,11.544433821905134,11.38429192108901,11.384291921089012,False,0,10
165,152000,11.931642378754141,11.882453647683702,11.882453647683702,False,0,10
166,127500,11.755879486687116,11.757548480492007,11.757548480492007,False,0,10
167,190000,12.154784614286667,12.248026808685427,12.248026808685426,False,0,10
168,325624,12.693501691489768,12.812688638248689,12.81268863824869,False,0,10
169,183500,12.119975396053194,12.15629869878048,12.156298698780478,False,0,10
170,228000,12.337105293891872,12.385845514019815,12.385845514019817,False,0,10
171,128500,11.763691965388299,11.69675480193152,11.69675480193152,False,0,10
172,215000,12.278397958261774,12.11054310765836,12.11054310765836,False,0,10
173,239000,12.384223015005313,12.226265909089523,12.226265909089522,False,0,10
174,163000,12.001511614739405,11.93873447279414,11.93873447279414,False,0,10
175,184000,12.122696471358964,12.191805980796438,12.191805980796437,False,0,10
176,243000,12.400820837540556,12.313105044205932,12.31310504420593,False,0,10
177,211000,12.259618151783465,12.272288506401818,12.27228850640182,False,0,10
178,172500,12.058158312538197,12.12185046129021,12.12185046129021,False,0,10
179,501837,13.126032637428713,12.94486797157908,12.944867971579082,False,0,10
180,100000,11.51293546492023,11.651606191185044,11.651606191185042,False,0,10
181,177000,12.083910661257521,12.0544970299575,12.054497029957501,False,0,10
182,200100,12.206577518060588,12.084642622051625,12.084642622051627,False,0,10
183,120000,11.695255355062795,11.693522362418525,11.693522362418523,False,0,10
184,200000,12.206077645517674,12.121338088752125,12.121338088752125,False,0,10
185,127000,11.751950239425476,11.691450623214633,11.691450623214633,False,0,10
186,475000,13.07107218827772,12.613573685718661,12.613573685718661,False,0,10
187,173000,12.06105265381003,12.079098965420474,12.079098965420473,False,0,10
188,135000,11.813037464800539,11.805484146850986,11.805484146850986,False,0,10
189,153337,11.940399914116648,11.869236533848351,11.869236533848351,False,0,10
190,286000,12.563750586299374,12.471561618278095,12.471561618278093,False,0,10
191,315000,12.660331092405906,12.553889905521727,12.553889905521727,False,0,10
192,184000,12.122696471358964,12.028377618930357,12.028377618930358,False,0,10
193,192000,12.165255859329688,12.198811530308024,12.198811530308022,False,0,10
194,130000,11.775297421715827,11.870885293198514,11.870885293198514,False,0,10
195,127000,11.751950239425476,11.720120303188297,11.720120303188297,False,0,10
196,148500,11.908346971208951,11.893260289285143,11.893260289285141,False,0,10
197,311872,12.650351332641707,12.623553057889286,12.623553057889284,False,0,10
198,235000,12.367345048436391,12.49231101113106,12.492311011131061,False,0,10
199,104000,11.552155793461898,11.626644000576494,11.626644000576492,False,0,10
200,274900,12.524166311833152,12.634908542278305,12.634908542278307,False,0,10
201,140000,11.849404844423074,11.873029239780879,11.873029239780879,False,0,10
202,171500,12.052344376474922,12.017442659119338,12.017442659119338,False,0,10
203,112000,11.626263078808801,11.61804091438206,11.618040914382062,False,0,10
204,149000,11.91170829631447,11.844235505106465,11.844235505106466,False,0,10
205,110000,11.608244735642321,11.612796527685951,11.612796527685953,False,0,10
206,180500,12.103491596905931,12.102573605084155,12.102573605084157,False,0,10
207,143900,11.87688084212164,11.820234255144836,11.820234255144838,False,0,10
208,141000,11.856522261533737,11.857656798669272,11.85765679866927,False,0,10
209,277000,12.531776395271262,12.429141203779613,12.429141203779611,False,0,10
210,145000,11.884495917930655,11.89426638429517,11.894266384295168,False,0,10
211,98000,11.49273296168228,11.451848056797276,11.451848056797276,False,0,10
212,186000,12.133507329024972,12.071199137711904,12.071199137711902,False,0,10
213,252678,12.439875187430008,12.392799312702138,12.392799312702138,False,0,10
214,156000,11.957617696467539,11.952763367120792,11.952763367120793,False,0,10
215,161750,11.993813394724253,11.895336946113414,11.895336946113416,False,0,10
216,134450,11.808955099378537,11.84367625233684,11.843676252336838,False,0,10
217,210000,12.25486757159303,12.228181329799774,12.228181329799776,False,0,10
218,107000,11.580593459194764,11.363120213724159,11.363120213724159,False,0,10
219,311500,12.649157827477366,12.325578850651032,12.32557885065103,False,0,10
220,167240,12.027191164883384,12.042170199097846,12.042170199097848,False,0,10
221,204900,12.230282214644559,12.29634191857594,12.296341918575939,False,0,10
222,200000,12.206077645517674,12.317721147881102,12.317721147881102,False,0,10
223,179900,12.100161978566867,12.067652467787216,12.067652467787214,False,0,10
224,97000,11.48247656671073,11.677873457998077,11.677873457998077,False,0,10
225,386250,12.864242696187505,12.896689067300455,12.896689067300454,False,0,10
226,112000,11.626263078808801,11.536566426640947,11.536566426640947,False,0,10
227,290000,12.577639650232573,12.513988267845534,12.513988267845534,False,0,10
228,106000,11.571203807011969,11.488658879877393,11.488658879877393,False,0,10
229,125000,11.736077016252437,11.717267041545746,11.717267041545744,False,0,10
230,192500,12.167856627501678,12.190455350261661,12.19045535026166,False,0,10
231,148000,11.904974309480181,11.847936290821352,11.847936290821352,False,0,10
232,403000,12.90669432231532,12.820944457618749,12.820944457618747,False,0,10
233,94500,11.456365695436427,11.479573869117672,11.479573869117672,False,0,10
234,128200,11.761354623750297,11.786786721474757,11.786786721474757,False,0,10
235,216500,12.285350445351659,12.283854154397522,12.28385415439752,False,0,10
236,89500,11.402005077384885,11.384101349011218,11.384101349011218,False,0,10
237,185500,12.130815551850676,12.130738867727239,12.13073886772724,False,0,10
238,194500,12.178192583415596,12.299799766442543,12.299799766442545,False,0,10
239,318000,12.669809806411457,12.455222842514932,12.45522284251493,False,0,10
240,113000,11.635151947212842,11.741795152526517,11.74179515252652,False,0,10
241,262500,12.47801017053037,12.543195072804352,12.543195072804352,False,0,10
242,110500,11.612779849672751,11.412529037534412,11.412529037534412,False,0,10
243,79000,11.277215789596893,11.482453083051226,11.482453083051226,False,0,10
244,120000,11.695255355062795,11.810933159367309,11.810933159367309,False,0,10
245,205000,12.230770136157428,12.362752641299947,12.362752641299947,False,0,10
246,241500,12.394628892852941,12.294744251547979,12.29474425154798,False,0,10
247,137000,11.827743504053695,11.799510897483321,11.79951089748332,False,0,10
248,140000,11.849404844423074,11.856096609167048,11.85609660916705,False,0,10
249,180000,12.100717685412471,12.124704783668905,12.124704783668905,False,0,10
250,277000,12.531776395271262,12.503832629527393,12.503832629527393,False,0,10
251,76500,11.245059091624615,11.40901724215379,11.409017242153793,False,0,10
252,235000,12.367345048436391,12.406626349414095,12.406626349414095,False,0,10
253,173000,12.06105265381003,12.06940877181583,12.06940877181583,False,0,10
254,158000,11.970356641102999,11.96257867117926,11.96257867117926,False,0,10
255,145000,11.884495917930655,11.86030643246813,11.860306432468132,False,0,10
256,230000,12.345838935721968,12.306204901877873,12.306204901877875,False,0,10
257,207500,12.242891437918386,12.221839934018561,12.221839934018561,False,0,10
258,220000,12.301387370778713,12.364645493243994,12.364645493243996,False,0,10
259,231500,12.352339472153524,12.279509086290142,12.279509086290144,False,0,10
260,97000,11.48247656671073,11.550710684973843,11.550710684973842,False,0,10
261,176000,12.07824495582233,12.061716008949952,12.061716008949954,False,0,10
262,276000,12.52815976788113,12.773137123310553,12.773137123310551,False,0,10
263,151000,11.92504173829169,11.885642987920477,11.885642987920477,False,0,10
264,130000,11.775297421715827,11.72591087564073,11.725910875640732,False,0,10
265,73000,11.19822841866684,11.344468822736898,11.344468822736898,False,0,10
266,175500,12.075400019877522,12.10046924133101,12.10046924133101,False,0,10
267,185000,12.128116509451258,12.093463779005281,12.09346377900528,False,0,10
268,179500,12.097936057925594,12.09567884745105,12.095678847451051,False,0,10
269,120500,11.699413330633599,11.644264239838373,11.644264239838375,False,0,10
270,148000,11.904974309480181,11.923102298628393,11.923102298628393,False,0,10
271,266000,12.491255347155265,12.478114860513603,12.478114860513601,False,0,10
272,241500,12.394628892852941,12.289117940019,12.289117940018999,False,0,10
273,290000,12.577639650232573,12.614005589336644,12.614005589336644,False,0,10
274,139000,11.842236406331555,12.010034345932464,12.010034345932466,False,0,10
275,124500,11.732069026983156,11.775871879527628,11.775871879527628,False,0,10
276,205000,12.230770136157428,12.056085964764431,12.056085964764433,False,0,10
277,201000,12.211065162153215,12.188399590119325,12.188399590119326,False,0,10
278,141000,11.856522261533737,11.559202109604003,11.559202109604003,False,0,10
279,415298,12.936754021718041,12.862126185311523,12.86212618531152,False,0,10
280,192000,12.165255859329688,12.183717261185482,12.18371726118548,False,0,10
281,228500,12.339295865674435,12.310755616585297,12.310755616585297,False,0,10
282,185000,12.128116509451258,12.135381298796002,12.135381298796004,False,0,10
283,207500,12.242891437918386,12.284051618664654,12.284051618664652,False,0,10
284,244600,12.407383590534293,12.407631621697954,12.407631621697956,False,0,10
285,179200,12.09626335986454,12.172941160506232,12.17294116050623,False,0,10
286,164700,12.011886987792716,12.007661388023706,12.007661388023706,False,0,10
287,159000,11.976665770490767,12.140009757373727,12.14000975737373,False,0,10
288,88000,11.385103457032141,11.51948828250999,11.519488282509991,False,0,10
289,122000,11.711784520403112,11.649803755026468,11.649803755026468,False,0,10
290,153575,11.941950837487406,11.840137924424548,11.84013792442455,False,0,10
291,233230,12.359784657728284,12.407110703157644,12.407110703157644,False,0,10
292,135900,11.819681958463892,11.786719734033495,11.786719734033495,False,0,10
293,131000,11.782960235741939,11.914564694274713,11.914564694274715,False,0,10
294,235000,12.367345048436391,12.353866230477797,12.353866230477795,False,0,10
295,167000,12.025755079404917,11.947112094643295,11.947112094643296,False,0,10
296,142500,11.86710429621008,11.885595270872024,11.885595270872022,False,0,10
297,152000,11.931642378754141,11.774069725570325,11.774069725570326,False,0,10
298,239000,12.384223015005313,12.310520408224447,12.310520408224447,False,0,10
299,175000,12.07254696717504,12.1025340605732,12.102534060573202,False,0,10
300,158500,11.973516181427835,11.864464222468337,11.864464222468339,False,0,10
301,157000,11.964007453736912,11.9784980258679,11.978498025867902,False,0,10
302,267000,12.495007682693725,12.515352769233864,12.515352769233862,False,0,10
303,205000,12.230770136157428,12.330570624638321,12.330570624638323,False,0,10
304,149900,11.917730355182513,11.744731784751576,11.744731784751577,False,0,10
305,295000,12.59473402514672,12.532930458406858,12.532930458406856,False,0,10
306,305900,12.631016799175821,12.608931274124572,12.608931274124572,False,0,10
307,225000,12.323860125621126,12.321768010115385,12.321768010115386,False,0,10
308,89500,11.402005077384885,11.4568956602775,11.456895660277498,False,0,10
309,82500,11.320565693461432,11.626475935569168,11.62647593556917,False,0,10
310,360000,12.793862088206213,12.832934111971651,12.83293411197165,False,0,10
311,165600,12.017336559562407,12.07240888452256,12.07240888452256,False,0,10
312,132000,11.790564777297387,11.823597342956893,11.82359734295689,False,0,10
313,119900,11.694421681264394,11.780500067671518,11.780500067671516,False,0,10
314,375000,12.834683971615659,12.433397669591555,12.433397669591555,False,0,10
315,178000,12.08954444723597,12.008435853069257,12.008435853069257,False,0,10
316,188500,12.146858590895919,12.134141481387593,12.13414148138759,False,0,10
317,260000,12.468440756144114,12.397105733888454,12.397105733888454,False,0,10
318,270000,12.506180941677357,12.472219865434061,12.47221986543406,False,0,10
319,260000,12.468440756144114,12.739268817497935,12.739268817497933,False,0,10
320,187500,12.141539457711714,12.17349895509311,12.17349895509311,False,0,10
321,342643,12.74444728628135,12.67288345635492,12.672883456354922,False,0,10
322,354000,12.777055016970678,12.739786336777554,12.739786336777554,False,0,10
323,301000,12.614868865984631,12.56917344687802,12.569173446878022,False,0,10
324,126175,11.745433036677353,11.658827870071446,11.658827870071446,False,0,10
325,242000,12.396697137361691,12.473696953578974,12.473696953578976,False,0,10
326,87000,11.373674891823535,11.364629339831305,11.364629339831307,False,0,10
327,324000,12.688501881189456,12.51451952818596,12.514519528185959,False,0,10
328,145250,11.886218559372042,11.880074147184226,11.880074147184228,False,0,10
329,214500,12.276069679344003,12.058994891318356,12.058994891318354,False,0,10
330,78000,11.264476926102367,11.27379425527992,11.273794255279922,False,0,10
331,119000,11.686887175419702,11.844591439814382,11.844591439814382,False,0,10
332,139000,11.842236406331555,11.794312026570294,11.794312026570294,False,0,10
333,284000,12.556733038263905,12.663734136313874,12.663734136313876,False,0,10
334,207000,12.240478903153711,12.141524382821784,12.141524382821784,False,0,10
335,192000,12.165255859329688,12.191931765965657,12.19193176596566,False,0,10
336,228950,12.34126328584159,12.221129585036747,12.221129585036747,False,0,10
337,377426,12.841132451487937,12.806040782604958,12.806040782604956,False,0,10
338,214000,12.273735966890268,12.303081244965,12.303081244965,False,0,10
339,202500,12.218500103788143,12.228632785940365,12.228632785940365,False,0,10
340,155000,11.951186847493476,11.84482861767058,11.844828617670577,False,0,10
341,202900,12.220473454337986,12.259298014005907,12.259298014005907,False,0,10
342,82000,11.314486721293981,11.21682036453789,11.216820364537892,False,0,10
343,87500,11.37940550085183,11.46857202303626,11.46857202303626,False,0,10
344,266000,12.491255347155265,12.542904155304077,12.542904155304075,False,0,10
345,85000,11.350418300109132,11.422660841310691,11.42266084131069,False,0,10
346,140200,11.850832386224807,11.820967796755271,11.820967796755271,False,0,10
347,151500,11.928347504569842,11.825532631004645,11.825532631004647,False,0,10
348,157500,11.967187086434018,12.085091641469917,12.085091641469917,False,0,10
349,154000,11.944714374881176,12.151901749507347,12.151901749507347,False,0,10
350,437154,12.988043102265232,13.083831644733884,13.083831644733888,False,0,10
351,318061,12.670001611311875,12.621568171549605,12.621568171549603,False,0,10
352,190000,12.154784614286667,12.234212121526209,12.23421212152621,False,0,10
353,95000,11.461642696843066,11.424720462629239,11.424720462629239,False,0,10
354,105900,11.570259974415547,11.470024806264979,11.470024806264977,False,0,10
355,140000,11.849404844423074,11.979566139775866,11.979566139775867,False,0,10
356,177500,12.086731521684555,12.0534638742362,12.0534638742362,False,0,10
357,173000,12.06105265381003,12.018057992142753,12.018057992142754,False,0,10
358,134000,11.80560254159177,11.855872966647167,11.855872966647167,False,0,10
359,130000,11.775297421715827,11.800921053898522,11.800921053898522,False,0,10
360,280000,12.54254845357358,12.532407827367019,12.53240782736702,False,0,10
361,156000,11.957617696467539,11.918749759007955,11.918749759007953,False,0,10
362,145000,11.884495917930655,11.848825766608941,11.848825766608941,False,0,10
363,198500,12.198549416880068,12.085829273480725,12.085829273480725,False,0,10
364,118000,11.678448377988165,11.543634985034007,11.543634985034005,False,0,10
365,190000,12.154784614286667,12.121124694485195,12.121124694485193,False,0,10
366,147000,11.898194668458823,11.705781131071433,11.705781131071433,False,0,10
367,159000,11.976665770490767,12.022320336938423,12.022320336938423,False,0,10
368,165000,12.013706813470414,11.961270968753427,11.961270968753427,False,0,10
369,132000,11.790564777297387,11.892892269148344,11.892892269148346,False,0,10
370,162000,11.995357787034976,12.008219061530035,12.008219061530037,False,0,10
371,172400,12.057578437658945,12.116739039545049,12.11673903954505,False,0,10
372,134432,11.808821212646512,11.691509028570227,11.691509028570225,False,0,10
373,125000,11.736077016252437,11.633279022175977,11.633279022175975,False,0,10
374,123000,11.719947764402807,11.693658200081469,11.69365820008147,False,0,10
375,219500,12.299112067295642,12.227140970137986,12.227140970137985,False,0,10
376,61000,11.0186455364637,11.288445298013727,11.288445298013727,False,0,10
377,148000,11.904974309480181,11.834095360212526,11.834095360212528,False,0,10
378,340000,12.73670383776449,12.592117288685923,12.592117288685925,False,0,10
379,394432,12.885204569609956,12.853990579673933,12.853990579673933,False,0,10
380,179000,12.095146671399466,12.076236791191738,12.076236791191736,False,0,10
381,127000,11.751950239425476,11.962077631589015,11.962077631589013,False,0,10
382,187750,12.142871895843887,12.266931049298273,12.266931049298275,False,0,10
383,213500,12.271396795480596,12.235190629217396,12.235190629217398,False,0,10
384,76000,11.23850177707664,11.296633897312475,11.296633897312475,False,0,10
385,240000,12.388398368982115,12.515193232232754,12.515193232232752,False,0,10
386,192000,12.165255859329688,12.084268180742908,12.084268180742908,False,0,10
387,81000,11.302216779257382,11.474287013009555,11.474287013009556,False,0,10
388,125000,11.736077016252437,11.770328687017525,11.770328687017525,False,0,10
389,191000,12.160033942617156,12.191601050423992,12.191601050423994,False,0,10
390,426000,12.962196972666593,12.957952511272843,12.957952511272847,False,0,10
391,119000,11.686887175419702,11.76682364040133,11.766823640401329,False,0,10
392,215000,12.278397958261774,12.31942401154884,12.319424011548842,False,0,10
393,106500,11.575909653758895,11.601314959824215,11.601314959824213,False,0,10
394,100000,11.51293546492023,11.432840618779581,11.432840618779581,False,0,10
395,109000,11.599112335481124,11.607541057690678,11.60754105769068,False,0,10
396,129000,11.767575435251748,11.761346574274059,11.761346574274059,False,0,10
397,123000,11.719947764402807,11.740118301681699,11.7401183016817,False,0,10
398,169500,12.040614105490253,11.933549253727218,11.93354925372722,False,0,10
399,67000,11.112462823634855,11.311476051335111,11.31147605133511,False,0,10
400,241000,12.392556361841777,12.267348281443349,12.267348281443349,False,0,10
401,245500,12.411056299528171,12.33042644952887,12.33042644952887,False,0,10
402,164990,12.013646205940514,12.11378377367443,12.11378377367443,False,0,10
403,108000,11.58989576532275,11.514742669507777,11.514742669507779,False,0,10
404,258000,12.460718739865236,12.415362305653318,12.415362305653318,False,0,10
405,168000,12.031725210748633,12.054950029525124,12.054950029525122,False,0,10
406,150000,11.918397239722838,11.98638017430593,11.986380174305932,False,0,10
407,115000,11.652696102959753,11.65840543617035,11.658405436170352,False,0,10
408,177000,12.083910661257521,11.952098137043755,11.952098137043754,False,0,10
409,280000,12.54254845357358,12.533754689228111,12.533754689228113,False,0,10
410,339750,12.73596827534975,12.625322138641224,12.625322138641224,False,0,10
411,60000,11.002116507732017,11.531485451906498,11.531485451906496,False,0,10
412,145000,11.884495917930655,11.838771516726363,11.838771516726364,False,0,10
413,222000,12.310437165348775,12.414991885776141,12.414991885776143,False,0,10
414,115000,11.652696102959753,11.59450202516156,11.59450202516156,False,0,10
415,228000,12.337105293891872,12.379015312293596,12.379015312293598,False,0,10
416,181134,12.106997888588934,12.136351471353056,12.136351471353054,False,0,10
417,149500,11.915058360753719,11.945676028991837,11.945676028991839,False,0,10
418,239000,12.384223015005313,12.216108982456737,12.216108982456735,False,0,10
419,126000,11.744045122410057,11.587979398524004,11.587979398524002,False,0,10
420,142000,11.863589378812122,11.783441615783056,11.783441615783058,False,0,10
421,206300,12.237091546357338,12.151892899355023,12.15189289935502,False,0,10
422,215000,12.278397958261774,12.304322295853025,12.304322295853025,False,0,10
423,113000,11.635151947212842,11.671758032712768,11.67175803271277,False,0,10
424,315000,12.660331092405906,12.725539447496347,12.725539447496347,False,0,10
425,139000,11.842236406331555,11.877034872995614,11.877034872995612,False,0,10
426,135000,11.813037464800539,11.779431095246236,11.779431095246236,False,0,10
427,275000,12.524530013005734,12.395529830380745,12.395529830380747,False,0,10
428,109008,11.599185726610004,11.621246563461249,11.62124656346125,False,0,10
429,195400,12.182809136284991,12.190623529481313,12.190623529481313,False,0,10
430,175000,12.07254696717504,12.070239876655213,12.070239876655211,False,0,10
431,85400,11.355113089309977,11.47615543506458,11.476155435064582,False,0,10
432,79900,11.288543647320601,11.54574410052681,11.545744100526809,False,0,10
433,122500,11.715874472198905,11.728899473632982,11.72889947363298,False,0,10
434,181000,12.10625783509458,12.083700757281168,12.083700757281166,False,0,10
435,81000,11.302216779257382,11.328781806042395,11.328781806042397,False,0,10
436,212000,12.264346270624157,12.256726752131861,12.256726752131863,False,0,10
437,116000,11.661354090741,11.542773720433816,11.542773720433816,False,0,10
438,119000,11.686887175419702,11.645107306715731,11.645107306715731,False,0,10
439,90350,11.411457364027745,11.587349394073021,11.58734939407302,False,0,10
440,110000,11.608244735642321,11.831416643512974,11.831416643512972,False,0,10
441,555000,13.22672519452875,13.091341023095042,13.091341023095044,False,0,10
442,118000,11.678448377988165,11.693611275923477,11.693611275923475,False,0,10
443,162900,12.000897933306716,11.926760690958876,11.926760690958874,False,0,10
444,172500,12.058158312538197,12.137083981226471,12.13708398122647,False,0,10
445,210000,12.25486757159303,12.29730505753197,12.29730505753197,False,0,10
446,127500,11.755879486687116,11.928740771607883,11.928740771607881,False,0,10
447,190000,12.154784614286667,12.299780919499735,12.299780919499737,False,0,10
448,199900,12.20557752297723,12.236185755655063,12.236185755655061,False,0,10
449,119500,11.691080018519527,11.755029085683528,11.75502908568353,False,0,10
450,120000,11.695255355062795,11.662616167981223,11.662616167981225,False,0,10
451,110000,11.608244735642321,11.52191129867679,11.521911298676788,False,0,10
452,280000,12.54254845357358,12.314510590147039,12.314510590147039,False,0,10
453,204000,12.225880174775122,12.246263478264273,12.246263478264272,False,0,10
454,210000,12.25486757159303,12.326139133999268,12.326139133999266,False,0,10
455,188000,12.144202560946876,11.902173561055289,11.90217356105529,False,0,10
456,175500,12.075400019877522,11.998921689228828,11.998921689228826,False,0,10
457,98000,11.49273296168228,11.283716195752408,11.283716195752406,False,0,10
458,256000,12.45293662970407,12.35716708610231,12.35716708610231,False,0,10
459,161000,11.989165855127435,11.938725416211351,11.938725416211353,False,0,10
460,110000,11.608244735642321,11.673039418812468,11.673039418812467,False,0,10
461,263435,12.481565733211923,12.358285855885983,12.358285855885983,False,0,10
462,155000,11.951186847493476,11.915793429082802,11.9157934290828,False,0,10
463,62383,11.04106411122238,11.726547310750089,11.72654731075009,False,0,10
464,188700,12.147919030759663,12.134709874900723,12.134709874900723,False,0,10
465,124000,11.728044909070785,11.631655186706894,11.631655186706894,False,0,10
466,178740,12.093693109638318,12.146468379628052,12.14646837962805,False,0,10
467,167000,12.025755079404917,11.99971517091794,11.99971517091794,False,0,10
468,146500,11.89478753335453,11.961459003917307,11.961459003917309,False,0,10
469,250000,12.429220196836383,12.418015739102865,12.418015739102866,False,0,10
470,187000,12.138869243416009,12.127954707219185,12.127954707219187,False,0,10
471,212000,12.264346270624157,12.213909773577937,12.213909773577937,False,0,10
472,190000,12.154784614286667,12.189569637758392,12.189569637758394,False,0,10
473,148000,11.904974309480181,11.840742229119794,11.840742229119796,False,0,10
474,440000,12.994532278619134,12.796009794372608,12.796009794372608,False,0,10
475,251000,12.433212202169729,12.419264826925044,12.419264826925044,False,0,10
476,132500,11.794345471549745,11.833306346434028,11.833306346434028,False,0,10
477,208900,12.249615734512616,12.29018368345406,12.29018368345406,False,0,10
478,380000,12.847929163278053,12.923531018228477,12.923531018228477,False,0,10
479,297000,12.601490784782536,12.620572916251138,12.620572916251136,False,0,10
480,89471,11.401681006153428,11.631665798101775,11.631665798101777,False,0,10
481,326000,12.694655727828803,12.76817936437285,12.768179364372852,False,0,10
482,374000,12.832013750189885,12.786766180680381,12.786766180680383,False,0,10
483,155000,11.951186847493476,12.051236372762906,12.051236372762904,False,0,10
484,164000,12.00762780434872,11.937351352211996,11.937351352211994,False,0,10
485,132500,11.794345471549745,11.780812679561892,11.780812679561892,False,0,10
486,147000,11.898194668458823,11.924275487016468,11.92427548701647,False,0,10
487,156000,11.957617696467539,11.911368393186356,11.911368393186354,False,0,10
488,175000,12.07254696717504,12.082269290656212,12.082269290656212,False,0,10
489,160000,11.982935344196433,11.754429710708845,11.754429710708846,False,0,10
490,86000,11.362114203075018,11.511482747939056,11.511482747939056,False,0,10
491,115000,11.652696102959753,11.611156519888892,11.611156519888892,False,0,10
492,133000,11.798111925972618,11.888585298645905,11.888585298645905,False,0,10
493,172785,12.059809113551397,12.04952667708277,12.049526677082769,False,0,10
494,155000,11.951186847493476,11.902646794184053,11.902646794184053,False,0,10
495,91300,11.421917019425596,11.51319983066612,11.513199830666121,False,0,10
496,34900,10.460270761075149,11.173743680626313,11.173743680626314,False,0,10
497,430000,12.971542813248437,12.677947804155961,12.677947804155961,False,0,10
498,184000,12.122696471358964,11.976176599437487,11.976176599437485,False,0,10
499,130000,11.775297421715827,11.790994953937448,11.790994953937446,False,0,10
500,120000,11.695255355062795,11.759156091456974,11.759156091456974,False,0,10
501,113000,11.635151947212842,11.626814363275956,11.626814363275956,False,0,10
502,226700,12.331387247601905,12.286139660833292,12.286139660833294,False,0,10
503,140000,11.849404844423074,11.781762194088568,11.78176219408857,False,0,10
504,289000,12.574185427296195,12.374679458082689,12.374679458082687,False,0,10
505,147000,11.898194668458823,11.863366658660167,11.863366658660167,False,0,10
506,124500,11.732069026983156,11.726697770185234,11.726697770185236,False,0,10
507,215000,12.278397958261774,12.282262889726212,12.282262889726212,False,0,10
508,208300,12.246739428005663,12.070101694917428,12.070101694917428,False,0,10
509,161000,11.989165855127435,11.903853286465125,11.903853286465123,False,0,10
510,124500,11.732069026983156,11.861007535616713,11.86100753561671,False,0,10
511,164900,12.013100572810686,12.01354391887317,12.01354391887317,False,0,10
512,202665,12.2193145828011,12.140410910536502,12.140410910536502,False,0,10
513,129900,11.774527900858468,11.715249144313646,11.715249144313646,False,0,10
514,134000,11.80560254159177,11.867848040798568,11.867848040798567,False,0,10
515,96500,11.477308649967686,11.405091901104065,11.405091901104067,False,0,10
516,402861,12.90634935052389,12.866988903942742,12.866988903942744,False,0,10
517,158000,11.970356641102999,12.034067656784075,12.034067656784075,False,0,10
518,265000,12.487488878546145,12.561887140119682,12.561887140119682,False,0,10
519,211000,12.259618151783465,12.15379869245873,12.153798692458732,False,0,10
520,234000,12.36308066783498,12.424413472420836,12.424413472420836,False,0,10
521,106250,11.573559498507079,11.382748569044852,11.382748569044852,False,0,10
522,150000,11.918397239722838,11.947123945288343,11.947123945288341,False,0,10
523,159000,11.976665770490767,11.92248195178497,11.922481951784972,False,0,10
524,184750,12.126764251515691,13.338535273044494,12.118495337081239,True,9,10
525,315750,12.662709207270272,12.63430952819296,12.63430952819296,False,0,10
526,176000,12.07824495582233,12.092437539162129,12.09243753916213,False,0,10
527,132000,11.790564777297387,11.815971195175177,11.815971195175178,False,0,10
528,446261,13.008661502470739,12.95111652495476,12.95111652495476,False,0,10
529,86000,11.362114203075018,11.357956796024872,11.35795679602487,False,0,10
530,200624,12.209192772866418,12.360641101411996,12.360641101411998,False,0,10
531,175000,12.07254696717504,12.13035147611215,12.130351476112152,False,0,10
532,128000,11.759793355371237,11.76675805704558,11.76675805704558,False,0,10
533,107500,11.58525542883217,11.526862911819796,11.526862911819794,False,0,10
534,39300,10.579005242826247,10.979683998060189,10.979683998060187,False,0,10
535,178000,12.08954444723597,12.09929151547967,12.099291515479672,False,0,10
536,107500,11.58525542883217,11.759549921537984,11.759549921537984,False,0,10
537,188000,12.144202560946876,12.185298725413572,12.185298725413572,False,0,10
538,111250,11.619544188752133,11.701659106045573,11.701659106045572,False,0,10
539,158000,11.970356641102999,11.84825892235488,11.848258922354882,False,0,10
540,272000,12.513561021741964,12.434546558090009,12.434546558090007,False,0,10
541,315000,12.660331092405906,12.831890153035696,12.831890153035697,False,0,10
542,248000,12.421188057397055,12.477642790226222,12.477642790226223,False,0,10
543,213250,12.270225154674701,12.26766566097473,12.26766566097473,False,0,10
544,133000,11.798111925972618,11.792400834285305,11.792400834285305,False,0,10
545,179665,12.098854850641,12.18256211174152,12.18256211174152,False,0,10
546,229000,12.34148164933907,12.347965223102747,12.347965223102747,False,0,10
547,210000,12.25486757159303,12.044146609863603,12.044146609863603,False,0,10
548,129500,11.771443882099637,11.751447792795023,11.751447792795021,False,0,10
549,125000,11.736077016252437,11.697609887537237,11.697609887537238,False,0,10
550,263000,12.479913113434042,12.36121622784349,12.361216227843489,False,0,10
551,140000,11.849404844423074,11.721199218248302,11.721199218248302,False,0,10
552,112500,11.630717389475995,11.625030593475115,11.625030593475115,False,0,10
553,255500,12.450981602512561,12.497895715036512,12.49789571503651,False,0,10
554,108000,11.58989576532275,11.661331299444903,11.661331299444901,False,0,10
555,284000,12.556733038263905,12.50168782607001,12.50168782607001,False,0,10
556,113000,11.635151947212842,11.636891970234986,11.636891970234986,False,0,10
557,141000,11.856522261533737,11.902769661282994,11.902769661282992,False,0,10
558,108000,11.58989576532275,11.572077070542328,11.572077070542326,False,0,10
559,175000,12.07254696717504,12.18601068493961,12.186010684939612,False,0,10
560,234000,12.36308066783498,12.149732446867219,12.149732446867219,False,0,10
561,121500,11.707677772181546,12.001001910907648,12.001001910907648,False,0,10
562,170000,12.04355959836804,12.045024820138595,12.045024820138595,False,0,10
563,108000,11.58989576532275,11.67529255789515,11.67529255789515,False,0,10
564,185000,12.128116509451258,12.098923516735017,12.098923516735015,False,0,10
565,268000,12.498745990829315,12.447849277601364,12.447849277601364,False,0,10
566,128000,11.759793355371237,11.769076049342777,11.769076049342775,False,0,10
567,325000,12.691583538230217,12.664180861125857,12.664180861125857,False,0,10
568,214000,12.273735966890268,12.20426972155552,12.20426972155552,False,0,10
569,316600,12.665397584983758,12.591833907886684,12.591833907886683,False,0,10
570,135960,11.820123358887447,11.876204864100897,11.876204864100897,False,0,10
571,142600,11.867805799560465,11.81360022589256,11.813600225892559,False,0,10
572,120000,11.695255355062795,11.709648784521095,11.709648784521095,False,0,10
573,224500,12.32163544049751,12.252879865484793,12.252879865484795,False,0,10
574,170000,12.04355959836804,12.02940476892813,12.02940476892813,False,0,10
575,139000,11.842236406331555,11.703006345963745,11.703006345963745,False,0,10
576,118500,11.682676678340282,11.632476536382745,11.632476536382743,False,0,10
577,145000,11.884495917930655,11.927812085563074,11.927812085563074,False,0,10
578,164500,12.010671928196443,11.934923932613742,11.934923932613742,False,0,10
579,146000,11.891368749982085,11.993928223977736,11.993928223977735,False,0,10
580,131500,11.78676973513378,11.776824688279829,11.776824688279829,False,0,10
581,181900,12.111217862017215,12.117545854419692,12.11754585441969,False,0,10
582,253293,12.442306148381938,12.843614349370917,12.843614349370913,False,0,10
583,118500,11.682676678340282,11.65511780403356,11.655117804033562,False,0,10
584,325000,12.691583538230217,12.586808329712717,12.586808329712715,False,0,10
585,133000,11.798111925972618,11.84094988095476,11.840949880954758,False,0,10
586,369900,12.820990681250251,12.867438775148242,12.86743877514824,False,0,10
587,130000,11.775297421715827,11.658521629329796,11.658521629329796,False,0,10
588,137000,11.827743504053695,11.813503437297884,11.813503437297884,False,0,10
589,143000,11.870606902224587,12.345887460637055,12.345887460637057,False,0,10
590,79500,11.283524879179666,11.505652584823475,11.505652584823476,False,0,10
591,185900,12.132969552931216,12.156823826821753,12.156823826821752,False,0,10
592,451950,13.02132904585825,12.965290487194425,12.965290487194427,False,0,10
593,138000,11.835016210489899,11.894467885290032,11.89446788529003,False,0,10
594,140000,11.849404844423074,11.847808546955108,11.847808546955108,False,0,10
595,110000,11.608244735642321,11.665388787557273,11.665388787557275,False,0,10
596,319000,12.672949516558306,12.67454470984899,12.67454470984899,False,0,10
597,114504,11.648373769145277,11.576564337441923,11.576564337441923,False,0,10
598,194201,12.176654133447505,12.135648043778875,12.135648043778874,False,0,10
599,217500,12.289958727201455,12.216901114842397,12.216901114842399,False,0,10
600,151000,11.92504173829169,11.942611856366588,11.942611856366586,False,0,10
601,275000,12.524530013005734,12.47131703932876,12.471317039328762,False,0,10
602,141000,11.856522261533737,11.769399552888324,11.769399552888325,False,0,10
603,220000,12.301387370778713,12.299839767527352,12.29983976752735,False,0,10
604,151000,11.92504173829169,11.956776685203387,11.956776685203385,False,0,10
605,221000,12.30592250537653,12.294712411533277,12.294712411533279,False,0,10
606,205000,12.230770136157428,12.166538334924065,12.166538334924066,False,0,10
607,152000,11.931642378754141,11.986818784014151,11.98681878401415,False,0,10
608,225000,12.323860125621126,12.114311347481939,12.11431134748194,False,0,10
609,359100,12.791358964949923,12.532027599145726,12.532027599145724,False,0,10
610,118500,11.682676678340282,11.655591680264507,11.655591680264507,False,0,10
611,313000,12.653961664405365,12.664543511276925,12.664543511276923,False,0,10
612,148000,11.904974309480181,11.979304818931721,11.979304818931721,False,0,10
613,261500,12.474193386571581,12.467493401567188,12.467493401567186,False,0,10
614,147000,11.898194668458823,11.63938575271588,11.63938575271588,False,0,10
615,75500,11.231901180182515,11.264378376221726,11.264378376221726,False,0,10
616,137500,11.83138646878959,11.81278598588007,11.81278598588007,False,0,10
617,183200,12.118339189722553,12.108327523621002,12.108327523621002,False,0,10
618,105500,11.566475710526321,11.683803405794684,11.683803405794686,False,0,10
619,314813,12.659737267217572,12.657676479423948,12.657676479423946,False,0,10
620,305000,12.628070334272698,12.71250961359003,12.71250961359003,False,0,10
621,67000,11.112462823634855,11.053016920371078,11.053016920371078,False,0,10
622,240000,12.388398368982115,12.353083250427332,12.353083250427332,False,0,10
623,135000,11.813037464800539,11.743995542127054,11.743995542127054,False,0,10
624,168500,12.034696963475044,12.104565407217716,12.104565407217718,False,0,10
625,165150,12.014615485902027,11.938374923083524,11.938374923083526,False,0,10
626,160000,11.982935344196433,11.871288900200346,11.871288900200344,False,0,10
627,139900,11.848690308590857,11.741014171498867,11.741014171498865,False,0,10
628,153000,11.938199736300925,12.00314363030232,12.00314363030232,False,0,10
629,135000,11.813037464800539,12.126779348538273,12.126779348538275,False,0,10
630,168500,12.034696963475044,11.978989646791224,11.978989646791222,False,0,10
631,124000,11.728044909070785,11.586185584778997,11.586185584778999,False,0,10
632,209500,12.252483791602627,12.344805716149853,12.344805716149851,False,0,10
633,82500,11.320565693461432,12.035235501553139,12.035235501553137,False,0,10
634,139400,11.845109950883979,11.838674350439614,11.838674350439616,False,0,10
635,144000,11.87757552297847,11.816183062529396,11.816183062529394,False,0,10
636,200000,12.206077645517674,12.07314408724359,12.07314408724359,False,0,10
637,60000,11.002116507732017,10.901811615570606,10.901811615570606,False,0,10
638,93000,11.440365524765756,11.58589511480805,11.585895114808052,False,0,10
639,85000,11.350418300109132,11.385756847878085,11.385756847878085,False,0,10
640,264561,12.485830907348902,12.460394220958603,12.460394220958603,False,0,10
641,274000,12.520887034998584,12.527007491884403,12.527007491884403,False,0,10
642,226000,12.328294703023396,12.406595886147777,12.406595886147779,False,0,10
643,345000,12.75130259456002,12.728163651879632,12.72816365187963,False,0,10
644,152000,11.931642378754141,11.931371742258117,11.931371742258118,False,0,10
645,370878,12.823631142839984,12.74549826869532,12.745498268695318,False,0,10
646,143250,11.872353615355413,11.83292620685844,11.832926206858442,False,0,10
647,98300,11.495789479023493,11.519359550313126,11.519359550313126,False,0,10
648,155000,11.951186847493476,11.878805819188827,11.878805819188827,False,0,10
649,155000,11.951186847493476,11.963310206678884,11.963310206678884,False,0,10
650,84500,11.344518647594766,11.215159932234513,11.215159932234513,False,0,10
651,205950,12.235393555399902,12.227828720220712,12.227828720220712,False,0,10
652,108000,11.58989576532275,11.621651640260646,11.621651640260648,False,0,10
653,191000,12.160033942617156,12.186343494410586,12.186343494410584,False,0,10
654,135000,11.813037464800539,11.800957147862125,11.800957147862123,False,0,10
655,350000,12.765691290604371,12.829545656904987,12.829545656904987,False,0,10
656,88000,11.385103457032141,11.342531469707522,11.342531469707522,False,0,10
657,145500,11.8879382384223,11.86409799437964,11.864097994379637,False,0,10
658,149000,11.91170829631447,11.989361990191206,11.989361990191208,False,0,10
659,97500,11.487617913343598,11.77059444884235,11.770594448842349,False,0,10
660,167000,12.025755079404917,11.985932736144632,11.985932736144632,False,0,10
661,197900,12.19552218463499,12.188270131873814,12.188270131873816,False,0,10
662,402000,12.904209855160254,12.834907076858983,12.834907076858983,False,0,10
663,110000,11.608244735642321,11.83478570991325,11.83478570991325,False,0,10
664,137500,11.83138646878959,11.867489045484765,11.867489045484763,False,0,10
665,423000,12.955129822091815,12.736613440446723,12.736613440446721,False,0,10
666,230500,12.348010479804223,12.385166462661967,12.385166462661969,False,0,10
667,129000,11.767575435251748,12.06151521726143,12.06151521726143,False,0,10
668,193500,12.173037959397275,12.254155878671263,12.254155878671265,False,0,10
669,168000,12.031725210748633,11.99386991870918,11.99386991870918,False,0,10
670,137500,11.83138646878959,11.663146620983062,11.66314662098306,False,0,10
671,173500,12.063938642041201,12.068321987228328,12.068321987228328,False,0,10
672,103600,11.548302261270587,11.582648390107957,11.582648390107959,False,0,10
673,165000,12.013706813470414,12.049689320167113,12.049689320167115,False,0,10
674,257500,12.458778882573533,12.393624608461728,12.393624608461726,False,0,10
675,140000,11.849404844423074,11.897662129912028,11.897662129912026,False,0,10
676,148500,11.908346971208951,11.880862152967989,11.88086215296799,False,0,10
677,87000,11.373674891823535,11.6755820318007,11.6755820318007,False,0,10
678,109500,11.603688960617083,11.582023413926647,11.582023413926647,False,0,10
679,372500,12.827995001361906,12.762793687075016,12.762793687075016,False,0,10
680,128500,11.763691965388299,11.761822130415053,11.761822130415053,False,0,10
681,143000,11.870606902224587,11.688361093476187,11.688361093476187,False,0,10
682,159434,11.979391594635791,11.587296286553192,11.587296286553194,False,0,10
683,173000,12.06105265381003,12.190982997822832,12.19098299782283,False,0,10
684,285000,12.560247968016562,12.562590002935684,12.562590002935682,False,0,10
685,221000,12.30592250537653,12.265433562313989,12.265433562313989,False,0,10
686,207500,12.242891437918386,12.31436409834067,12.314364098340672,False,0,10
687,227875,12.336556900342153,12.375102595141668,12.375102595141668,False,0,10
688,148800,11.910365121788654,11.935231021032948,11.935231021032948,False,0,10
689,392000,12.879019669789754,12.316173651452035,12.316173651452035,False,0,10
690,194700,12.179220327453933,12.146079166556481,12.14607916655648,False,0,10
691,141000,11.856522261533737,11.901382488053077,11.901382488053075,False,0,10
692,755000,13.534474352733596,13.189564376950994,13.189564376950994,False,0,10
693,335000,12.721888795877375,12.635430725046463,12.635430725046463,False,0,10
694,108480,11.59433032142082,11.576893464133564,11.576893464133564,False,0,10
695,141500,11.860062063178267,11.72312806549547,11.723128065495471,False,0,10
696,176000,12.07824495582233,12.061330343459078,12.061330343459078,False,0,10
697,89000,11.39640288460621,11.435350599406714,11.435350599406716,False,0,10
698,123500,11.724004532183379,11.789804621252914,11.789804621252914,False,0,10
699,138500,11.83863282480007,11.797620772711722,11.797620772711722,False,0,10
700,196000,12.185875040240456,12.12216483405867,12.122164834058669,False,0,10
701,312500,12.652362948153474,12.638326588208344,12.638326588208344,False,0,10
702,140000,11.849404844423074,11.910723199801936,11.910723199801936,False,0,10
703,361919,12.799178471909892,12.796370653271005,12.796370653271003,False,0,10
704,140000,11.849404844423074,11.831148719441845,11.831148719441844,False,0,10
705,213000,12.269052139516223,12.281831058206187,12.281831058206189,False,0,10
706,55000,10.915106645867503,11.075633569446858,11.07563356944686,False,0,10
707,302000,12.618185607609803,12.47057075549839,12.470570755498388,False,0,10
708,254000,12.445093483000798,12.287661536680327,12.287661536680329,False,0,10
709,179540,12.09815887308463,12.077387901581886,12.077387901581886,False,0,10
710,109900,11.60733523953139,11.562189228191059,11.562189228191059,False,0,10
711,52000,10.859018228147887,11.310452930064255,11.310452930064256,False,0,10
712,102776,11.54031687156214,11.476682410827319,11.47668241082732,False,0,10
713,189000,12.149507585033072,12.149100955528514,12.149100955528512,False,0,10
714,129000,11.767575435251748,11.658490010362854,11.658490010362854,False,0,10
715,130500,11.779136168550774,12.086759477591263,12.086759477591261,False,0,10
716,165000,12.013706813470414,11.916772175206129,11.91677217520613,False,0,10
717,159500,11.979805470779858,12.146659141710803,12.146659141710801,False,0,10
718,157000,11.964007453736912,11.98663617046875,11.986636170468751,False,0,10
719,341000,12.739640688812674,12.653399023091016,12.653399023091014,False,0,10
720,128500,11.763691965388299,11.839934550134426,11.839934550134428,False,0,10
721,275000,12.524530013005734,12.502774109176704,12.502774109176702,False,0,10
722,143000,11.870606902224587,11.877872226527508,11.877872226527506,False,0,10
723,124500,11.732069026983156,11.661840651975586,11.661840651975584,False,0,10
724,135000,11.813037464800539,11.801692011624246,11.801692011624244,False,0,10
725,320000,12.676079399771027,12.674050682005364,12.674050682005362,False,0,10
726,120500,11.699413330633599,11.642990602086618,11.642990602086616,False,0,10
727,222000,12.310437165348775,12.290777807645188,12.290777807645187,False,0,10
728,194500,12.178192583415596,12.19894239357374,12.198942393573741,False,0,10
729,110000,11.608244735642321,11.802598437110566,11.802598437110564,False,0,10
730,103000,11.542493975902508,11.410156687393224,11.410156687393224,False,0,10
731,236500,12.373707715234994,12.442965523664144,12.442965523664144,False,0,10
732,187500,12.141539457711714,12.137253838864469,12.137253838864469,False,0,10
733,222500,12.312686874960354,12.376538630889463,12.376538630889462,False,0,10
734,131400,11.786008995353765,11.811787157683215,11.811787157683215,False,0,10
735,108000,11.58989576532275,11.610276242195981,11.610276242195981,False,0,10
736,163000,12.001511614739405,12.03125213997364,12.031252139973642,False,0,10
737,93500,11.44572741040675,11.36596428853635,11.365964288536349,False,0,10
738,239900,12.3879816172226,12.34913484826913,12.34913484826913,False,0,10
739,179000,12.095146671399466,11.828190100950838,11.828190100950836,False,0,10
740,190000,12.154784614286667,12.187572024192024,12.187572024192024,False,0,10
741,132000,11.790564777297387,11.676996839487467,11.676996839487469,False,0,10
742,142000,11.863589378812122,11.812022391735638,11.812022391735638,False,0,10
743,179000,12.095146671399466,12.019779818966287,12.019779818966287,False,0,10
744,175000,12.07254696717504,11.941554428991425,11.941554428991425,False,0,10
745,180000,12.100717685412471,12.272372453534096,12.272372453534098,False,0,10
746,299800,12.61087420020211,12.720377133755296,12.720377133755294,False,0,10
747,236000,12.371591321286905,12.361858274141756,12.361858274141754,False,0,10
748,265979,12.491176396967154,12.413904696858317,12.413904696858316,False,0,10
749,260400,12.469978029554953,12.426889494842172,12.426889494842172,False,0,10
750,98000,11.49273296168228,11.292038358529066,11.292038358529068,False,0,10
751,96500,11.477308649967686,11.437824693194136,11.437824693194134,False,0,10
752,162000,11.995357787034976,11.985459354152551,11.985459354152551,False,0,10
753,217000,12.28765724080691,12.2380635172171,12.2380635172171,False,0,10
754,275500,12.526346537332584,12.526698165574192,12.52669816557419,False,0,10
755,156000,11.957617696467539,11.864519991007738,11.864519991007738,False,0,10
756,172500,12.058158312538197,12.022427060431953,12.022427060431953,False,0,10
757,212000,12.264346270624157,12.253431184527322,12.253431184527324,False,0,10
758,158900,11.97603664577121,11.860249430985252,11.86024943098525,False,0,10
759,179400,12.097378802727306,12.02792391350908,12.027923913509081,False,0,10
760,290000,12.577639650232573,12.626029185494291,12.626029185494291,False,0,10
761,127500,11.755879486687116,11.651089632949263,11.651089632949263,False,0,10
762,100000,11.51293546492023,11.595144947314955,11.595144947314953,False,0,10
763,215200,12.279327754099118,12.205118776816416,12.205118776816418,False,0,10
764,337000,12.727841176689147,12.698664314061709,12.69866431406171,False,0,10
765,270000,12.506180941677357,12.442121200419923,12.44212120041992,False,0,10
766,264132,12.484208043148733,12.547573269940528,12.547573269940528,False,0,10
767,196500,12.188422799337028,12.139357040307106,12.139357040307106,False,0,10
768,160000,11.982935344196433,12.06137080826035,12.06137080826035,False,0,10
769,216837,12.28690580994122,12.348811500758453,12.348811500758455,False,0,10
770,538000,13.195615697878253,13.052465307056302,13.052465307056305,False,0,10
771,134900,11.812296455066814,11.808971597739225,11.808971597739227,False,0,10
772,102000,11.532737896139919,11.692685333348189,11.69268533334819,False,0,10
773,107000,11.580593459194764,11.839173162812497,11.839173162812498,False,0,10
774,114500,11.648338835562747,11.698045708957089,11.69804570895709,False,0,10
775,395000,12.886643575525625,12.580405877818162,12.580405877818164,False,0,10
776,162000,11.995357787034976,11.986311605738308,11.986311605738308,False,0,10
777,221500,12.308182383129823,12.319505220459748,12.319505220459748,False,0,10
778,142500,11.86710429621008,11.816748861366072,11.816748861366074,False,0,10
779,144000,11.87757552297847,11.785480076918198,11.785480076918196,False,0,10
780,135000,11.813037464800539,11.899727243215958,11.89972724321596,False,0,10
781,176000,12.07824495582233,12.039625379156426,12.039625379156428,False,0,10
782,175900,12.077676615757813,12.102179594055876,12.102179594055878,False,0,10
783,187100,12.139403856983334,12.154170661948298,12.154170661948298,False,0,10
784,165500,12.016732516077072,12.011374679791867,12.011374679791869,False,0,10
785,128000,11.759793355371237,11.807333527763596,11.807333527763598,False,0,10
786,161500,11.992266613576142,12.011714477561544,12.011714477561542,False,0,10
787,139000,11.842236406331555,11.7311241734816,11.731124173481602,False,0,10
788,233000,12.358798024384122,12.349543306963854,12.349543306963854,False,0,10
789,107900,11.588969419043874,11.564023365168367,11.564023365168367,False,0,10
790,187500,12.141539457711714,12.208384429819743,12.208384429819743,False,0,10
791,160200,11.984184555794167,11.998098301516187,11.998098301516189,False,0,10
792,146800,11.896833207128452,11.911370673976267,11.911370673976267,False,0,10
793,269790,12.505402864156405,12.36625722632106,12.366257226321062,False,0,10
794,225000,12.323860125621126,12.386127924080824,12.386127924080824,False,0,10
795,194500,12.178192583415596,12.202009986850959,12.202009986850957,False,0,10
796,171000,12.049424683420915,12.011923165669025,12.011923165669026,False,0,10
797,143500,11.874097282798648,11.83202892663783,11.83202892663783,False,0,10
798,110000,11.608244735642321,11.510145656924879,11.510145656924879,False,0,10
799,485000,13.091906231773164,13.160354821857302,13.1603548218573,False,0,10
800,175000,12.07254696717504,12.020529498319334,12.020529498319334,False,0,10
801,200000,12.206077645517674,12.207396290187713,12.207396290187715,False,0,10
802,109900,11.60733523953139,11.70285052456834,11.702850524568339,False,0,10
803,189000,12.149507585033072,12.137585416794295,12.137585416794295,False,0,10
804,582933,13.275829251377,12.966138459179659,12.966138459179657,False,0,10
805,118000,11.678448377988165,11.63275472074133,11.63275472074133,False,0,10
806,227680,12.335700805443338,12.246423428095403,12.246423428095401,False,0,10
807,135500,11.816734299348461,11.78640002858694,11.78640002858694,False,0,10
808,223500,12.317171167298682,12.239642059121925,12.239642059121923,False,0,10
809,159950,11.982622797311857,11.88895430180034,11.88895430180034,False,0,10
810,106000,11.571203807011969,11.709275113640716,11.709275113640716,False,0,10
811,181000,12.10625783509458,12.128532617493446,12.128532617493446,False,0,10
812,144500,11.881041706925902,11.883028853199123,11.883028853199123,False,0,10
813,55993,10.932999821119937,11.472049845599036,11.472049845599035,False,0,10
814,157900,11.969723533345908,11.94588955636334,11.94588955636334,False,0,10
815,116000,11.661354090741,11.681979224376747,11.681979224376747,False,0,10
816,224900,12.323415584358154,12.205246926723765,12.205246926723763,False,0,10
817,137000,11.827743504053695,11.836216327985694,11.836216327985694,False,0,10
818,271000,12.509877789891931,12.580236733675731,12.580236733675731,False,0,10
819,155000,11.951186847493476,11.899619629102661,11.899619629102661,False,0,10
820,224000,12.319405795112926,12.295127701386217,12.29512770138622,False,0,10
821,183000,12.117246896289503,12.133569615968101,12.133569615968101,False,0,10
822,93000,11.440365524765756,11.385580015573362,11.385580015573364,False,0,10
823,225000,12.323860125621126,12.137132932383446,12.137132932383448,False,0,10
824,139500,11.845827048676645,11.844407152495215,11.844407152495217,False,0,10
825,232600,12.357079818283598,12.32622180916826,12.32622180916826,False,0,10
826,385000,12.861001210669146,12.956950660138041,12.956950660138038,False,0,10
827,109500,11.603688960617083,11.46740326434766,11.467403264347661,False,0,10
828,189000,12.149507585033072,12.17867086610312,12.17867086610312,False,0,10
829,185000,12.128116509451258,12.092009446411643,12.092009446411641,False,0,10
830,147400,11.900912042974875,11.945841101488975,11.945841101488977,False,0,10
831,166000,12.019749091416921,12.086823340106635,12.086823340106635,False,0,10
832,151000,11.92504173829169,11.93251293608464,11.932512936084638,False,0,10
833,237000,12.37581963951765,12.315463587942174,12.315463587942174,False,0,10
834,167000,12.025755079404917,11.953176257737494,11.953176257737494,False,0,10
835,139950,11.849047640327147,11.829357606889854,11.829357606889856,False,0,10
836,128000,11.759793355371237,11.781289074431202,11.781289074431202,False,0,10
837,153500,11.941462360646149,11.775769120630544,11.775769120630544,False,0,10
838,100000,11.51293546492023,11.461465397264233,11.461465397264233,False,0,10
839,144000,11.87757552297847,11.933664558538164,11.933664558538165,False,0,10
840,130500,11.779136168550774,11.804875420528814,11.804875420528814,False,0,10
841,140000,11.849404844423074,11.690890587545232,11.69089058754523,False,0,10
842,157500,11.967187086434018,11.926428491770979,11.926428491770979,False,0,10
843,174900,12.071975378543236,11.96085029305326,11.960850293053259,False,0,10
844,141000,11.856522261533737,11.744995439153122,11.74499543915312,False,0,10
845,153900,11.944064817531656,11.840572222752346,11.840572222752344,False,0,10
846,171000,12.049424683420915,12.114101747149451,12.11410174714945,False,0,10
847,213000,12.269052139516223,12.187314870611319,12.187314870611319,False,0,10
848,133500,11.80186424743109,11.796163128267636,11.796163128267636,False,0,10
849,240000,12.388398368982115,12.381697144004015,12.381697144004017,False,0,10
850,187000,12.138869243416009,12.061660080784279,12.061660080784279,False,0,10
851,131500,11.78676973513378,11.855703392727321,11.855703392727321,False,0,10
852,215000,12.278397958261774,12.130786585488556,12.130786585488554,False,0,10
853,164000,12.00762780434872,12.015043649116665,12.015043649116665,False,0,10
854,158000,11.970356641102999,12.04353000925597,12.043530009255973,False,0,10
855,170000,12.04355959836804,12.035705460787053,12.035705460787055,False,0,10
856,127000,11.751950239425476,11.848438588863006,11.848438588863006,False,0,10
857,147000,11.898194668458823,11.896717609074365,11.896717609074363,False,0,10
858,174000,12.066816325306588,11.984521334740174,11.984521334740176,False,0,10
859,152000,11.931642378754141,11.847532681019414,11.847532681019414,False,0,10
860,250000,12.429220196836383,12.44450406266281,12.444504062662812,False,0,10
861,189950,12.154521423145216,12.070873309700442,12.070873309700444,False,0,10
862,131500,11.78676973513378,11.827144172890891,11.827144172890893,False,0,10
863,152000,11.931642378754141,11.872077384317373,11.872077384317375,False,0,10
864,132500,11.794345471549745,11.850467971634307,11.850467971634306,False,0,10
865,250580,12.43153750053306,12.184106733295716,12.184106733295717,False,0,10
866,148500,11.908346971208951,11.825501666049293,11.825501666049293,False,0,10
867,248900,12.424810506025395,12.430675328928508,12.43067532892851,False,0,10
868,129000,11.767575435251748,11.842222082031295,11.842222082031297,False,0,10
869,169000,12.037659911047468,12.008417436159096,12.008417436159094,False,0,10
870,236000,12.371591321286905,12.33555175792785,12.335551757927849,False,0,10
871,109500,11.603688960617083,11.52415859691256,11.524158596912558,False,0,10
872,200500,12.208574513247495,12.132191591900714,12.132191591900716,False,0,10
873,116000,11.661354090741,11.669806479315703,11.669806479315701,False,0,10
874,133000,11.798111925972618,11.775357357757658,11.775357357757658,False,0,10
875,66500,11.104972264124868,11.462052073028497,11.462052073028499,False,0,10
876,303477,12.623064399210183,12.679879210607604,12.679879210607606,False,0,10
877,132250,11.792456911128632,11.809425341735542,11.809425341735544,False,0,10
878,350000,12.765691290604371,12.772232216423223,12.772232216423221,False,0,10
879,148000,11.904974309480181,11.918268985459248,11.918268985459248,False,0,10
880,136500,11.824087219587643,11.805795789296456,11.805795789296456,False,0,10
881,157000,11.964007453736912,11.991603921762986,11.991603921762986,False,0,10
882,187500,12.141539457711714,12.254784811385042,12.25478481138504,False,0,10
883,178000,12.08954444723597,12.056706772936726,12.056706772936725,False,0,10
884,118500,11.682676678340282,11.728631882559364,11.728631882559366,False,0,10
885,100000,11.51293546492023,11.705760750106343,11.705760750106345,False,0,10
886,328900,12.70351207261035,12.464772200310788,12.464772200310788,False,0,10
887,145000,11.884495917930655,11.966460306243004,11.966460306243006,False,0,10
888,135500,11.816734299348461,11.806137200290708,11.806137200290708,False,0,10
889,268000,12.498745990829315,12.617404216815055,12.617404216815057,False,0,10
890,149500,11.915058360753719,11.920487454950555,11.920487454950557,False,0,10
891,122900,11.719134432217524,11.694064192947417,11.694064192947419,False,0,10
892,172500,12.058158312538197,12.06635931790025,12.06635931790025,False,0,10
893,154500,11.947955847790901,11.85667851987257,11.856678519872572,False,0,10
894,165000,12.013706813470414,11.966854921685728,11.966854921685727,False,0,10
895,118858,11.685693195625964,11.710834512751683,11.710834512751685,False,0,10
896,140000,11.849404844423074,12.02013801800387,12.020138018003871,False,0,10
897,106500,11.575909653758895,11.334164467021154,11.334164467021154,False,0,10
898,142953,11.870278179170796,11.814192611444275,11.814192611444273,False,0,10
899,611657,13.323928581764989,13.07101065622137,13.071010656221372,False,0,10
900,135000,11.813037464800539,11.811796823408972,11.81179682340897,False,0,10
901,110000,11.608244735642321,11.645371189940487,11.645371189940489,False,0,10
902,153000,11.938199736300925,11.85818233228173,11.85818233228173,False,0,10
903,180000,12.100717685412471,12.09720633462794,12.09720633462794,False,0,10
904,240000,12.388398368982115,12.407939004302131,12.407939004302133,False,0,10
905,125500,11.74006900564972,11.707336549864356,11.707336549864355,False,0,10
906,128000,11.759793355371237,11.75454565465218,11.754545654652178,False,0,10
907,255000,12.449022745701502,12.462058037507758,12.462058037507758,False,0,10
908,250000,12.429220196836383,12.345739456725429,12.345739456725427,False,0,10
909,131000,11.782960235741939,11.794296870824686,11.794296870824684,False,0,10
910,174000,12.066816325306588,12.052088364717902,12.052088364717902,False,0,10
911,154300,11.946660519211651,11.862995332408348,11.862995332408348,False,0,10
912,143500,11.874097282798648,11.936416743384965,11.936416743384965,False,0,10
913,88000,11.385103457032141,11.452703832108234,11.452703832108233,False,0,10
914,145000,11.884495917930655,11.854040583144693,11.854040583144693,False,0,10
915,173733,12.065280672855897,12.025277056458837,12.025277056458835,False,0,10
916,75000,11.225256725762893,11.349695478979086,11.349695478979086,False,0,10
917,35311,10.471978128496518,11.190867730387033,11.190867730387032,False,0,10
918,135000,11.813037464800539,11.801175471535263,11.801175471535261,False,0,10
919,238000,12.380030154325457,12.473463819914532,12.47346381991453,False,0,10
920,176500,12.081081821061819,12.048260440416273,12.048260440416273,False,0,10
921,201000,12.211065162153215,12.224641094017677,12.224641094017676,False,0,10
922,145900,11.890683588496984,11.985954261106945,11.985954261106944,False,0,10
923,169990,12.043500773454495,12.054212410495289,12.05421241049529,False,0,10
924,193000,12.170450649220749,12.191867928942226,12.191867928942228,False,0,10
925,207500,12.242891437918386,12.223094433473978,12.223094433473976,False,0,10
926,175000,12.07254696717504,11.974097075584641,11.97409707558464,False,0,10
927,285000,12.560247968016562,12.596260060690257,12.596260060690257,False,0,10
928,176000,12.07824495582233,12.09108110940347,12.091081109403472,False,0,10
929,236500,12.373707715234994,12.4000167621001,12.400016762100098,False,0,10
930,222000,12.310437165348775,12.293612508094544,12.293612508094542,False,0,10
931,201000,12.211065162153215,12.316122153452584,12.316122153452584,False,0,10
932,117500,11.674202123168433,11.754500907472636,11.754500907472634,False,0,10
933,320000,12.676079399771027,12.594140067936658,12.59414006793666,False,0,10
934,190000,12.154784614286667,12.20629110614251,12.206291106142512,False,0,10
935,242000,12.396697137361691,12.31066462456345,12.310664624563453,False,0,10
936,79900,11.288543647320601,11.472591700154343,11.472591700154341,False,0,10
937,184900,12.127575825689417,12.135743665235841,12.13574366523584,False,0,10
938,253000,12.441148720271016,12.355915182248918,12.35591518224892,False,0,10
939,239799,12.387560521575551,12.39361631148455,12.39361631148455,False,0,10
940,244400,12.406565597924235,12.328141299508166,12.328141299508165,False,0,10
941,150900,11.924379271639218,12.054361340765888,12.05436134076589,False,0,10
942,214000,12.273735966890268,12.344378843688963,12.344378843688961,False,0,10
943,150000,11.918397239722838,11.801542560337378,11.80154256033738,False,0,10
944,143000,11.870606902224587,11.834891594368745,11.834891594368743,False,0,10
945,137500,11.83138646878959,12.018394950963035,12.018394950963033,False,0,10
946,124900,11.735276702486741,11.8485091625325,11.848509162532498,False,0,10
947,143000,11.870606902224587,11.901367744491916,11.901367744491917,False,0,10
948,270000,12.506180941677357,12.557390116830794,12.557390116830792,False,0,10
949,192500,12.167856627501678,12.197413084658464,12.197413084658464,False,0,10
950,197500,12.193498926601634,12.067904697681614,12.067904697681614,False,0,10
951,129000,11.767575435251748,11.843110729318497,11.843110729318497,False,0,10
952,119900,11.694421681264394,11.647258773227811,11.64725877322781,False,0,10
953,133900,11.804855999911272,11.75448859812286,11.75448859812286,False,0,10
954,172000,12.055255569732177,11.993925006440366,11.993925006440366,False,0,10
955,127500,11.755879486687116,11.753602042133805,11.753602042133805,False,0,10
956,145000,11.884495917930655,11.87353439816596,11.87353439816596,False,0,10
957,124000,11.728044909070785,11.708147607405714,11.708147607405715,False,0,10
958,132000,11.790564777297387,11.756414952862599,11.756414952862599,False,0,10
959,185000,12.128116509451258,12.176767441501376,12.176767441501374,False,0,10
960,155000,11.951186847493476,12.07898471809475,12.078984718094748,False,0,10
961,116500,11.665655135642039,11.65892942272883,11.65892942272883,False,0,10
962,272000,12.513561021741964,12.437318709568707,12.437318709568705,False,0,10
963,155000,11.951186847493476,11.938862186290466,11.938862186290466,False,0,10
964,239000,12.384223015005313,12.476033357393046,12.476033357393048,False,0,10
965,214900,12.277932735946903,12.305840394751138,12.30584039475114,False,0,10
966,178900,12.094587859196112,12.023533555958089,12.02353355595809,False,0,10
967,160000,11.982935344196433,11.8309757818981,11.830975781898102,False,0,10
968,135000,11.813037464800539,11.824236149778441,11.824236149778441,False,0,10
969,37900,10.542732775946709,11.104467370750221,11.104467370750223,False,0,10
970,140000,11.849404844423074,11.695723004456854,11.695723004456854,False,0,10
971,135000,11.813037464800539,11.287890977906656,11.287890977906656,False,0,10
972,173000,12.06105265381003,11.991083914424385,11.991083914424383,False,0,10
973,99500,11.507922973347437,11.739584112488838,11.73958411248884,False,0,10
974,182000,12.111767460549332,12.29538376361521,12.295383763615208,False,0,10
975,167500,12.02874460037869,12.014544710959317,12.014544710959315,False,0,10
976,165000,12.013706813470414,12.106481129838363,12.106481129838361,False,0,10
977,85500,11.356283350762888,11.285463162715558,11.285463162715558,False,0,10
978,199900,12.20557752297723,12.18973193511377,12.18973193511377,False,0,10
979,110000,11.608244735642321,11.565287156647006,11.565287156647004,False,0,10
980,139000,11.842236406331555,11.787986821573556,11.787986821573556,False,0,10
981,178400,12.091789104493502,11.988036239719657,11.988036239719658,False,0,10
982,336000,12.724869415131389,12.687837294966828,12.687837294966828,False,0,10
983,159895,11.982278882874377,12.079682329870682,12.07968232987068,False,0,10
984,255900,12.45254592991672,12.422812718597001,12.422812718597001,False,0,10
985,126000,11.744045122410057,11.74217498895275,11.742174988952751,False,0,10
986,125000,11.736077016252437,11.642535564504069,11.64253556450407,False,0,10
987,117000,11.669937760751914,11.73262950423802,11.73262950423802,False,0,10
988,395192,12.887129532148373,12.967346181352864,12.967346181352863,False,0,10
989,195000,12.180759965737863,12.181448442599562,12.181448442599562,False,0,10
990,197000,12.190964083849375,12.161136003938214,12.161136003938212,False,0,10
991,348000,12.759960632315702,12.675755237788762,12.675755237788762,False,0,10
992,168000,12.031725210748633,12.036480107235734,12.036480107235734,False,0,10
993,187000,12.138869243416009,12.192523822135731,12.19252382213573,False,0,10
994,173900,12.066241450757124,12.044915552654034,12.044915552654034,False,0,10
995,337500,12.729323752253295,12.727169494316993,12.727169494316994,False,0,10
996,121600,11.7085004721646,11.591344471506487,11.591344471506487,False,0,10
997,136500,11.824087219587643,11.781020067259815,11.781020067259815,False,0,10
998,185000,12.128116509451258,11.981854968483786,11.981854968483786,False,0,10
999,91000,11.418625774449598,11.484504614589405,11.484504614589406,False,0,10
1000,206000,12.235636302128867,12.157535232855786,12.157535232855787,False,0,10
1001,82000,11.314486721293981,11.227555708876551,11.227555708876551,False,0,10
1002,86000,11.362114203075018,11.356840891875633,11.356840891875633,False,0,10
1003,232000,12.354496960983985,12.393216812104157,12.393216812104157,False,0,10
1004,136905,11.827049837927534,11.910039758356554,11.910039758356556,False,0,10
1005,181000,12.10625783509458,12.143966291796128,12.14396629179613,False,0,10
1006,149900,11.917730355182513,11.829969680846572,11.829969680846572,False,0,10
1007,163500,12.004574385508691,12.009099402920002,12.009099402920002,False,0,10
1008,88000,11.385103457032141,11.372004186360613,11.372004186360613,False,0,10
1009,240000,12.388398368982115,12.413170193983312,12.413170193983314,False,0,10
1010,102000,11.532737896139919,11.604599545452418,11.604599545452418,False,0,10
1011,135000,11.813037464800539,11.772130896915447,11.772130896915446,False,0,10
1012,100000,11.51293546492023,11.532224847574048,11.532224847574046,False,0,10
1013,165000,12.013706813470414,12.018539883459292,12.018539883459294,False,0,10
1014,85000,11.350418300109132,11.532775565895255,11.532775565895253,False,0,10
1015,119200,11.688566422839942,11.728216034263227,11.728216034263227,False,0,10
1016,227000,12.33270970174018,12.261458780818822,12.261458780818824,False,0,10
1017,203000,12.220966184120165,12.361910353592865,12.361910353592863,False,0,10
1018,187500,12.141539457711714,12.131047778722529,12.13104777872253,False,0,10
1019,160000,11.982935344196433,12.043492971290608,12.043492971290606,False,0,10
1020,213490,12.271349956195543,12.219812119103649,12.219812119103649,False,0,10
1021,176000,12.07824495582233,12.041696596284405,12.041696596284407,False,0,10
1022,194000,12.175618592671356,12.228979271254943,12.228979271254943,False,0,10
1023,87000,11.373674891823535,11.578861522031202,11.578861522031202,False,0,10
1024,191000,12.160033942617156,12.163979437863343,12.163979437863345,False,0,10
1025,287000,12.567240979056246,12.619579180707179,12.619579180707179,False,0,10
1026,112500,11.630717389475995,11.728582051669473,11.728582051669475,False,0,10
1027,167500,12.02874460037869,11.887499783761516,11.887499783761514,False,0,10
1028,293077,12.588194064175278,12.714457208639587,12.714457208639587,False,0,10
1029,105000,11.561725152903833,11.767468957467063,11.767468957467061,False,0,10
1030,118000,11.678448377988165,11.673066113528575,11.673066113528575,False,0,10
1031,160000,11.982935344196433,11.750628878794958,11.750628878794958,False,0,10
1032,197000,12.190964083849375,12.214649823340332,12.214649823340334,False,0,10
1033,310000,12.644330802262578,12.756147850974507,12.756147850974509,False,0,10
1034,230000,12.345838935721968,12.390446472568822,12.390446472568824,False,0,10
1035,119750,11.693169865968983,11.713614575872333,11.713614575872331,False,0,10
1036,84000,11.338583982516495,11.362081768293933,11.362081768293933,False,0,10
1037,315500,12.66191713053049,12.774915220347633,12.774915220347635,False,0,10
1038,287000,12.567240979056246,12.432276306665354,12.432276306665356,False,0,10
1039,97000,11.48247656671073,11.543960866283603,11.543960866283602,False,0,10
1040,80000,11.289794413577894,11.348270035866957,11.348270035866959,False,0,10
1041,155000,11.951186847493476,11.991674320583995,11.991674320583995,False,0,10
1042,173000,12.06105265381003,11.978863834739123,11.978863834739121,False,0,10
1043,196000,12.185875040240456,12.180874728195386,12.180874728195388,False,0,10
1044,262280,12.47717172708952,12.432726460595658,12.432726460595658,False,0,10
1045,278000,12.535379989788607,12.574187629397727,12.574187629397727,False,0,10
1046,139600,11.846543632608535,11.74891056770487,11.74891056770487,False,0,10
1047,556581,13.229569788348705,12.976097223381583,12.976097223381583,False,0,10
1048,145000,11.884495917930655,11.889754391668298,11.8897543916683,False,0,10
1049,115000,11.652696102959753,11.819907922193062,11.819907922193064,False,0,10
1050,84900,11.349241150793087,11.602168747274376,11.602168747274376,False,0,10
1051,176485,12.080996832096167,12.105533429256853,12.105533429256853,False,0,10
1052,200141,12.206782393599413,12.147474175645927,12.147474175645927,False,0,10
1053,165000,12.013706813470414,11.995858910518994,11.995858910518992,False,0,10
1054,144500,11.881041706925902,11.902403719970868,11.902403719970867,False,0,10
1055,255000,12.449022745701502,12.475698298828693,12.475698298828691,False,0,10
1056,180000,12.100717685412471,11.97689424028478,11.97689424028478,False,0,10
1057,185850,12.13270055639427,12.297869977317132,12.297869977317132,False,0,10
1058,248000,12.421188057397055,12.322068069302922,12.322068069302924,False,0,10
1059,335000,12.721888795877375,12.809831873924319,12.80983187392432,False,0,10
1060,220000,12.301387370778713,12.137589787080916,12.137589787080914,False,0,10
1061,213500,12.271396795480596,12.226657160064368,12.226657160064367,False,0,10
1062,81000,11.302216779257382,11.570767328883134,11.570767328883134,False,0,10
1063,90000,11.407576060361786,11.729011211851091,11.72901121185109,False,0,10
1064,110500,11.612779849672751,11.774773107387102,11.774773107387103,False,0,10
1065,154000,11.944714374881176,11.946185694199846,11.946185694199844,False,0,10
1066,328000,12.700771936142122,12.492699482188057,12.492699482188057,False,0,10
1067,178000,12.08954444723597,12.068383999460362,12.068383999460364,False,0,10
1068,167900,12.031129798974042,12.08427913260952,12.084279132609522,False,0,10
1069,151400,11.927687224983487,12.06238542811118,12.062385428111181,False,0,10
1070,135000,11.813037464800539,11.765419219858881,11.765419219858883,False,0,10
1071,135000,11.813037464800539,11.790168929075737,11.790168929075735,False,0,10
1072,154000,11.944714374881176,11.952128070088595,11.952128070088593,False,0,10
1073,91500,11.424105180165641,11.639016818344967,11.639016818344968,False,0,10
1074,159500,11.979805470779858,11.946737576960883,11.946737576960883,False,0,10
1075,194000,12.175618592671356,12.10403981842587,12.104039818425871,False,0,10
1076,219500,12.299112067295642,12.14398610767972,12.143986107679721,False,0,10
1077,170000,12.04355959836804,11.945613702585653,11.945613702585655,False,0,10
1078,138800,11.840796531639839,11.77579250987632,11.775792509876322,False,0,10
1079,155900,11.956976469393481,11.847033304079222,11.84703330407922,False,0,10
1080,126000,11.744045122410057,11.798333220777122,11.798333220777122,False,0,10
1081,145000,11.884495917930655,12.008676223778105,12.008676223778107,False,0,10
1082,133000,11.798111925972618,11.784592720322676,11.784592720322676,False,0,10
1083,192000,12.165255859329688,12.18379898025836,12.18379898025836,False,0,10
1084,160000,11.982935344196433,11.969804650151112,11.96980465015111,False,0,10
1085,187500,12.141539457711714,12.116181793271679,12.116181793271679,False,0,10
1086,147000,11.898194668458823,11.97939406495278,11.979394064952782,False,0,10
1087,83500,11.332613886815139,11.501989639547732,11.501989639547732,False,0,10
1088,252000,12.437188334739655,12.45874061782038,12.45874061782038,False,0,10
1089,137500,11.83138646878959,11.79626893356924,11.79626893356924,False,0,10
1090,197000,12.190964083849375,12.23748746381957,12.237487463819571,False,0,10
1091,92900,11.439289689006644,11.3945859509211,11.3945859509211,False,0,10
1092,160000,11.982935344196433,11.962931841792365,11.962931841792367,False,0,10
1093,136500,11.824087219587643,12.010526034578522,12.01052603457852,False,0,10
1094,146000,11.891368749982085,11.979853075527418,11.979853075527418,False,0,10
1095,129000,11.767575435251748,11.797634059938074,11.797634059938074,False,0,10
1096,176432,12.080696479888445,12.113671282629275,12.113671282629273,False,0,10
1097,127000,11.751950239425476,11.639175027510825,11.639175027510827,False,0,10
1098,170000,12.04355959836804,11.93602904453038,11.936029044530382,False,0,10
1099,128000,11.759793355371237,11.58747292916579,11.587472929165788,False,0,10
1100,157000,11.964007453736912,11.928467729818568,11.928467729818566,False,0,10
1101,60000,11.002116507732017,11.003522874010724,11.003522874010725,False,0,10
1102,119500,11.691080018519527,11.666296971539522,11.666296971539522,False,0,10
1103,135000,11.813037464800539,11.818220306178244,11.818220306178246,False,0,10
1104,159500,11.979805470779858,11.886757710267517,11.886757710267517,False,0,10
1105,106000,11.571203807011969,11.67946611007048,11.67946611007048,False,0,10
1106,325000,12.691583538230217,12.734663877341722,12.73466387734172,False,0,10
1107,179900,12.100161978566867,12.144202593979077,12.144202593979076,False,0,10
1108,274725,12.52352951631214,12.327872033090962,12.32787203309096,False,0,10
1109,181000,12.10625783509458,12.033050886559579,12.033050886559579,False,0,10
1110,280000,12.54254845357358,12.66268649552062,12.662686495520619,False,0,10
1111,188000,12.144202560946876,12.108996227076638,12.108996227076636,False,0,10
1112,205000,12.230770136157428,12.13739827597333,12.137398275973329,False,0,10
1113,129900,11.774527900858468,11.691459164271388,11.69145916427139,False,0,10
1114,134500,11.80932691294063,11.808993002409967,11.808993002409965,False,0,10
1115,117000,11.669937760751914,11.658436897392706,11.658436897392706,False,0,10
1116,318000,12.669809806411457,12.587811216179388,12.587811216179388,False,0,10
1117,184100,12.123239799036943,12.109600151825928,12.109600151825928,False,0,10
1118,130000,11.775297421715827,11.833265302811734,11.833265302811736,False,0,10
1119,140000,11.849404844423074,11.794918682395236,11.794918682395236,False,0,10
1120,133700,11.803361242493628,11.697696464323736,11.697696464323737,False,0,10
1121,118400,11.681832447342321,11.66694859097822,11.66694859097822,False,0,10
1122,212900,12.268582547911404,12.275034537086862,12.275034537086864,False,0,10
1123,112000,11.626263078808801,11.365775007556774,11.365775007556776,False,0,10
1124,118000,11.678448377988165,11.48087690407523,11.48087690407523,False,0,10
1125,163900,12.007017865994577,12.021500199459554,12.021500199459554,False,0,10
1126,115000,11.652696102959753,11.605018436634241,11.605018436634241,False,0,10
1127,174000,12.066816325306588,12.168479972171006,12.168479972171008,False,0,10
1128,259000,12.464587201678082,12.407355582162996,12.407355582162994,False,0,10
1129,215000,12.278397958261774,12.23525938544841,12.235259385448412,False,0,10
1130,140000,11.849404844423074,11.822736891510434,11.822736891510432,False,0,10
1131,135000,11.813037464800539,11.99685113620689,11.996851136206889,False,0,10
1132,93500,11.44572741040675,11.547180326021104,11.547180326021104,False,0,10
1133,117500,11.674202123168433,11.764691531665262,11.764691531665262,False,0,10
1134,239500,12.386312871189734,12.39502813445011,12.395028134450111,False,0,10
1135,169000,12.037659911047468,12.10018812322228,12.10018812322228,False,0,10
1136,102000,11.532737896139919,11.56459578708033,11.564595787080332,False,0,10
1137,119000,11.686887175419702,11.704956493470643,11.704956493470645,False,0,10
1138,94000,11.451060699493427,11.407511272269833,11.407511272269831,False,0,10
1139,196000,12.185875040240456,12.241049451862184,12.241049451862184,False,0,10
1140,144000,11.87757552297847,11.717426730086771,11.717426730086771,False,0,10
1141,139000,11.842236406331555,11.75117165678003,11.75117165678003,False,0,10
1142,197500,12.193498926601634,12.159317429325888,12.159317429325887,False,0,10
1143,424870,12.959540872420414,12.86338787745109,12.863387877451093,False,0,10
1144,80000,11.289794413577894,11.521785278784183,11.521785278784181,False,0,10
1145,80000,11.289794413577894,11.34157692233879,11.34157692233879,False,0,10
1146,149000,11.91170829631447,11.805526885622898,11.805526885622898,False,0,10
1147,180000,12.100717685412471,12.100264989293366,12.100264989293366,False,0,10
1148,174500,12.069685751267224,12.15054983958545,12.15054983958545,False,0,10
1149,116900,11.669082701743504,11.603733876766976,11.603733876766977,False,0,10
1150,143000,11.870606902224587,11.823935694474308,11.823935694474306,False,0,10
1151,124000,11.728044909070785,11.747688240615554,11.747688240615556,False,0,10
1152,149900,11.917730355182513,11.989997223200191,11.989997223200191,False,0,10
1153,230000,12.345838935721968,12.18248272557279,12.182482725572788,False,0,10
1154,120500,11.699413330633599,11.648242480688,11.648242480688,False,0,10
1155,201800,12.215037342290755,12.246066830325583,12.246066830325585,False,0,10
1156,218000,12.292254928916668,12.241009233835001,12.241009233835001,False,0,10
1157,179900,12.100161978566867,12.105023683834515,12.105023683834515,False,0,10
1158,230000,12.345838935721968,12.280121416050093,12.280121416050093,False,0,10
1159,235128,12.367889578686164,12.357843584382383,12.357843584382382,False,0,10
1160,185000,12.128116509451258,12.17390615655091,12.173906156550911,False,0,10
1161,146000,11.891368749982085,11.860899381467569,11.860899381467567,False,0,10
1162,224000,12.319405795112926,12.217733796273182,12.217733796273182,False,0,10
1163,129000,11.767575435251748,11.746660184255932,11.746660184255932,False,0,10
1164,108959,11.59873612138334,11.86218184289055,11.86218184289055,False,0,10
1165,194000,12.175618592671356,12.17954274317872,12.179542743178718,False,0,10
1166,233170,12.359527368950229,12.38137395237294,12.38137395237294,False,0,10
1167,245350,12.41044511731981,12.40928155507066,12.409281555070661,False,0,10
1168,173000,12.06105265381003,12.16845971795475,12.168459717954748,False,0,10
1169,235000,12.367345048436391,12.213082266286277,12.213082266286277,False,0,10
1170,625000,13.345508528717259,13.262390977805689,13.26239097780569,False,0,10
1171,171000,12.049424683420915,11.9668855936819,11.966885593681898,False,0,10
1172,163000,12.001511614739405,11.990661349954182,11.990661349954182,False,0,10
1173,171900,12.05467400868968,11.990944844533528,11.990944844533528,False,0,10
1174,200500,12.208574513247495,12.239311443001084,12.239311443001084,False,0,10
1175,239000,12.384223015005313,12.331239022392733,12.331239022392735,False,0,10
1176,285000,12.560247968016562,12.586731650895565,12.586731650895564,False,0,10
1177,119500,11.691080018519527,11.791265470703442,11.79126547070344,False,0,10
1178,115000,11.652696102959753,11.616846356495254,11.616846356495255,False,0,10
1179,154900,11.950541482162043,11.780992400218564,11.780992400218564,False,0,10
1180,93000,11.440365524765756,11.49363085314421,11.49363085314421,False,0,10
1181,250000,12.429220196836383,12.345032371273785,12.345032371273787,False,0,10
1182,392500,12.880294363972055,12.557604941170295,12.557604941170295,False,0,10
1183,745000,13.521140839642674,13.086066696427448,13.086066696427448,False,0,10
1184,120000,11.695255355062795,11.874539608629384,11.874539608629386,False,0,10
1185,186700,12.137263685701864,12.233544924894018,12.233544924894018,False,0,10
1186,104900,11.560772327227417,11.744016618016532,11.744016618016532,False,0,10
1187,95000,11.461642696843066,11.745530179854745,11.745530179854743,False,0,10
1188,262000,12.476103599529843,12.551152248813676,12.551152248813677,False,0,10
1189,195000,12.180759965737863,12.130028530781885,12.130028530781885,False,0,10
1190,189000,12.149507585033072,12.171649245792416,12.171649245792418,False,0,10
1191,168000,12.031725210748633,12.089868186035737,12.089868186035739,False,0,10
1192,174000,12.066816325306588,12.025985472426177,12.025985472426175,False,0,10
1193,125000,11.736077016252437,11.726930418871197,11.726930418871195,False,0,10
1194,165000,12.013706813470414,12.01148781499978,12.01148781499978,False,0,10
1195,158000,11.970356641102999,11.878675995041597,11.878675995041595,False,0,10
1196,176000,12.07824495582233,11.982306484060217,11.982306484060217,False,0,10
1197,219210,12.29779001527865,12.307282805732989,12.30728280573299,False,0,10
1198,144000,11.87757552297847,11.961839837299465,11.961839837299465,False,0,10
1199,178000,12.08954444723597,12.041000896288466,12.041000896288466,False,0,10
1200,148000,11.904974309480181,11.850383020443044,11.850383020443045,False,0,10
1201,116050,11.6617850286409,11.539045554572976,11.539045554572978,False,0,10
1202,197900,12.19552218463499,12.178275326779277,12.178275326779275,False,0,10
1203,117000,11.669937760751914,11.782090126245338,11.782090126245338,False,0,10
1204,213000,12.269052139516223,12.276497640324308,12.276497640324308,False,0,10
1205,153500,11.941462360646149,11.9268666509562,11.9268666509562,False,0,10
1206,271900,12.513193308436527,12.512385029568277,12.512385029568277,False,0,10
1207,107000,11.580593459194764,11.631184525168667,11.631184525168665,False,0,10
1208,200000,12.206077645517674,12.3114263403183,12.311426340318302,False,0,10
1209,140000,11.849404844423074,11.841628180142527,11.841628180142525,False,0,10
1210,290000,12.577639650232573,12.503597041276386,12.503597041276384,False,0,10
1211,189000,12.149507585033072,12.202042082070072,12.202042082070074,False,0,10
1212,164000,12.00762780434872,12.235883341260756,12.235883341260758,False,0,10
1213,113000,11.635151947212842,11.387622468421487,11.387622468421485,False,0,10
1214,145000,11.884495917930655,11.665665982831692,11.665665982831694,False,0,10
1215,134500,11.80932691294063,11.759710086829159,11.759710086829159,False,0,10
1216,125000,11.736077016252437,11.593707457791995,11.593707457791995,False,0,10
1217,112000,11.626263078808801,11.719837132175531,11.71983713217553,False,0,10
1218,229456,12.343470927093518,12.427665655267509,12.427665655267507,False,0,10
1219,80500,11.296024885689746,11.139489659643791,11.13948965964379,False,0,10
1220,91500,11.424105180165641,11.460140732817397,11.460140732817395,False,0,10
1221,115000,11.652696102959753,11.634165296324019,11.634165296324017,False,0,10
1222,134000,11.80560254159177,11.709747991796776,11.709747991796776,False,0,10
1223,143000,11.870606902224587,11.955186316039402,11.955186316039402,False,0,10
1224,137900,11.834291315386718,11.845720608031044,11.845720608031044,False,0,10
1225,184000,12.122696471358964,12.185832602311194,12.185832602311194,False,0,10
1226,145000,11.884495917930655,11.83620005331214,11.83620005331214,False,0,10
1227,214000,12.273735966890268,12.286954041551024,12.286954041551025,False,0,10
1228,147000,11.898194668458823,11.8339605559475,11.8339605559475,False,0,10
1229,367294,12.813920618864572,12.796382436745526,12.796382436745528,False,0,10
1230,127000,11.751950239425476,11.846206754396588,11.846206754396588,False,0,10
1231,190000,12.154784614286667,12.199407242817069,12.19940724281707,False,0,10
1232,132500,11.794345471549745,11.871177055428161,11.871177055428161,False,0,10
1233,101800,11.530775206233024,11.51195336187832,11.511953361878318,False,0,10
1234,142000,11.863589378812122,11.820127056457265,11.820127056457265,False,0,10
1235,130000,11.775297421715827,11.618558856380004,11.618558856380004,False,0,10
1236,138887,11.841423131921784,11.878051075787205,11.878051075787203,False,0,10
1237,175500,12.075400019877522,11.996295390908392,11.99629539090839,False,0,10
1238,195000,12.180759965737863,12.268182446383074,12.268182446383076,False,0,10
1239,142500,11.86710429621008,11.793815936087407,11.793815936087409,False,0,10
1240,265900,12.490879338036375,12.33174283785234,12.331742837852342,False,0,10
1241,224900,12.323415584358154,12.249842648045638,12.24984264804564,False,0,10
1242,248328,12.42250975887691,12.413857913202945,12.413857913202945,False,0,10
1243,170000,12.04355959836804,12.008044036276706,12.008044036276704,False,0,10
1244,465000,13.049794835104816,12.95139272112108,12.951392721121078,False,0,10
1245,230000,12.345838935721968,12.126583606883063,12.126583606883061,False,0,10
1246,178000,12.08954444723597,12.189858330462872,12.18985833046287,False,0,10
1247,186500,12.136191879981927,12.159652109362755,12.159652109362755,False,0,10
1248,169900,12.042971193457888,11.854075858248084,11.854075858248082,False,0,10
1249,129500,11.771443882099637,11.838683968153866,11.838683968153868,False,0,10
1250,119000,11.686887175419702,11.721610745877927,11.721610745877927,False,0,10
1251,244000,12.404927602627597,12.409408607449324,12.409408607449324,False,0,10
1252,171750,12.053801032483948,12.19589753779528,12.195897537795279,False,0,10
1253,130000,11.775297421715827,11.682073046342847,11.682073046342849,False,0,10
1254,294000,12.591338447675579,12.57284825819039,12.57284825819039,False,0,10
1255,165400,12.016128107502665,12.15640540085276,12.15640540085276,False,0,10
1256,127500,11.755879486687116,11.737365865433814,11.737365865433814,False,0,10
1257,301500,12.616528611893463,12.684176205363858,12.684176205363856,False,0,10
1258,99900,11.511934974596555,11.362904931251041,11.36290493125104,False,0,10
1259,190000,12.154784614286667,12.083086342365856,12.083086342365858,False,0,10
1260,151000,11.92504173829169,11.884812661758328,11.88481266175833,False,0,10
1261,181000,12.10625783509458,12.156217355968444,12.156217355968442,False,0,10
1262,128900,11.766799946849087,11.752031268514768,11.752031268514768,False,0,10
1263,161500,11.992266613576142,11.87252004834298,11.87252004834298,False,0,10
1264,180500,12.103491596905931,12.001367756845701,12.0013677568457,False,0,10
1265,181000,12.10625783509458,12.029397909578742,12.029397909578744,False,0,10
1266,183900,12.12215284831553,12.030303590225577,12.030303590225575,False,0,10
1267,122000,11.711784520403112,11.78273686924829,11.782736869248287,False,0,10
1268,378500,12.843973993864076,12.783566699171624,12.783566699171626,False,0,10
1269,381000,12.850557278777309,12.706440623009062,12.70644062300906,False,0,10
1270,144000,11.87757552297847,11.815785545406495,11.815785545406497,False,0,10
1271,260000,12.468440756144114,12.349404524191955,12.349404524191955,False,0,10
1272,185750,12.132162346145595,12.08402189752956,12.084021897529562,False,0,10
1273,137000,11.827743504053695,11.806101507954734,11.806101507954734,False,0,10
1274,177000,12.083910661257521,12.017443229729071,12.01744322972907,False,0,10
1275,139000,11.842236406331555,11.83980647501539,11.839806475015392,False,0,10
1276,137000,11.827743504053695,11.881665507749792,11.88166550774979,False,0,10
1277,162000,11.995357787034976,12.018941524476585,12.018941524476586,False,0,10
1278,197900,12.19552218463499,12.171969925035125,12.171969925035127,False,0,10
1279,237000,12.37581963951765,12.467625506191714,12.467625506191713,False,0,10
1280,68400,11.133142723386813,11.556243295262087,11.556243295262089,False,0,10
1281,227000,12.33270970174018,12.238928108557511,12.238928108557513,False,0,10
1282,180000,12.100717685412471,12.117553960055734,12.117553960055732,False,0,10
1283,150500,11.921725007667265,11.910757985047617,11.910757985047615,False,0,10
1284,139000,11.842236406331555,11.846200333622487,11.84620033362249,False,0,10
1285,169000,12.037659911047468,12.104299051260629,12.104299051260627,False,0,10
1286,132500,11.794345471549745,11.711939084367954,11.711939084367954,False,0,10
1287,143000,11.870606902224587,11.989105501404644,11.989105501404646,False,0,10
1288,190000,12.154784614286667,12.028163381343246,12.028163381343246,False,0,10
1289,278000,12.535379989788607,12.479009207747563,12.479009207747565,False,0,10
1290,281000,12.546113507028412,12.531468806782328,12.531468806782328,False,0,10
1291,180500,12.103491596905931,11.985188940308973,11.985188940308973,False,0,10
1292,119500,11.691080018519527,11.638005029683534,11.638005029683535,False,0,10
1293,107500,11.58525542883217,11.683755531325465,11.683755531325463,False,0,10
1294,162900,12.000897933306716,12.107111459573666,12.107111459573668,False,0,10
1295,115000,11.652696102959753,11.72412429197561,11.724124291975611,False,0,10
1296,138500,11.83863282480007,11.82937137045492,11.82937137045492,False,0,10
1297,155000,11.951186847493476,11.931216129620172,11.93121612962017,False,0,10
1298,140000,11.849404844423074,11.953525005971708,11.95352500597171,False,0,10
1299,160000,11.982935344196433,13.131370378816861,12.22722486424581,True,9,10
1300,154000,11.944714374881176,11.96354395555871,11.963543955558709,False,0,10
1301,225000,12.323860125621126,12.322568075258372,12.322568075258372,False,0,10
1302,177500,12.086731521684555,12.050042652509262,12.050042652509262,False,0,10
1303,290000,12.577639650232573,12.661918808178285,12.661918808178285,False,0,10
1304,232000,12.354496960983985,12.299852084285092,12.299852084285092,False,0,10
1305,130000,11.775297421715827,11.904489075920521,11.904489075920521,False,0,10
1306,325000,12.691583538230217,12.661151331676999,12.661151331677,False,0,10
1307,202500,12.218500103788143,12.136181565517012,12.13618156551701,False,0,10
1308,138000,11.835016210489899,11.877106352518602,11.877106352518604,False,0,10
1309,147000,11.898194668458823,11.879539906156072,11.87953990615607,False,0,10
1310,179200,12.09626335986454,12.087469814869772,12.087469814869774,False,0,10
1311,335000,12.721888795877375,12.597992873872265,12.597992873872267,False,0,10
1312,203000,12.220966184120165,12.20602782294278,12.206027822942781,False,0,10
1313,302000,12.618185607609803,12.532406694218635,12.532406694218635,False,0,10
1314,333168,12.716405147731708,12.712362411519326,12.712362411519324,False,0,10
1315,119000,11.686887175419702,11.674941556238666,11.674941556238666,False,0,10
1316,206900,12.239995696974733,12.12807036292561,12.12807036292561,False,0,10
1317,295493,12.596403811053621,12.50379966471563,12.50379966471563,False,0,10
1318,208900,12.249615734512616,12.164963915710517,12.164963915710517,False,0,10
1319,275000,12.524530013005734,12.506830014775908,12.50683001477591,False,0,10
1320,111000,11.6172944892629,11.6438958748476,11.6438958748476,False,0,10
1321,156500,11.960817678718287,11.966910602094696,11.966910602094698,False,0,10
1322,72500,11.19135563385109,11.221110008378387,11.221110008378387,False,0,10
1323,190000,12.154784614286667,12.313434089543692,12.313434089543692,False,0,10
1324,82500,11.320565693461432,11.280367199624036,11.280367199624036,False,0,10
1325,147000,11.898194668458823,12.588568111107799,12.5885681111078,False,0,10
1326,55000,10.915106645867503,11.156471829793727,11.156471829793729,False,0,10
1327,79000,11.277215789596893,11.41069916986713,11.41069916986713,False,0,10
1328,130500,11.779136168550774,11.774100934090896,11.774100934090896,False,0,10
1329,256000,12.45293662970407,12.174286031430489,12.174286031430487,False,0,10
1330,176500,12.081081821061819,12.10104187816781,12.101041878167809,False,0,10
1331,227000,12.33270970174018,12.360004435505006,12.360004435505006,False,0,10
1332,132500,11.794345471549745,11.78367092753848,11.78367092753848,False,0,10
1333,100000,11.51293546492023,11.640031312080078,11.64003131208008,False,0,10
1334,125500,11.74006900564972,11.779349954148664,11.779349954148666,False,0,10
1335,125000,11.736077016252437,11.644693787101438,11.644693787101437,False,0,10
1336,167900,12.031129798974042,11.980531527255462,11.980531527255463,False,0,10
1337,135000,11.813037464800539,11.850354967167073,11.850354967167075,False,0,10
1338,52500,10.868587496017359,11.030309634539096,11.030309634539096,False,0,10
1339,200000,12.206077645517674,12.297053020507931,12.297053020507931,False,0,10
1340,128500,11.763691965388299,11.743092488657023,11.743092488657025,False,0,10
1341,123000,11.719947764402807,11.566073227586301,11.566073227586301,False,0,10
1342,155000,11.951186847493476,11.936468983227698,11.936468983227698,False,0,10
1343,228500,12.339295865674435,12.429093081680636,12.429093081680636,False,0,10
1344,177000,12.083910661257521,12.018032435547655,12.018032435547655,False,0,10
1345,155835,11.95655945119582,12.045286362377944,12.045286362377942,False,0,10
1346,108500,11.59451466851004,11.444792713291939,11.44479271329194,False,0,10
1347,262500,12.47801017053037,12.409260202332137,12.409260202332137,False,0,10
1348,283463,12.554840409959793,12.60593812070984,12.605938120709839,False,0,10
1349,215000,12.278397958261774,12.423795803526238,12.423795803526236,False,0,10
1350,122000,11.711784520403112,11.754336457057072,11.75433645705707,False,0,10
1351,200000,12.206077645517674,12.05224994909871,12.05224994909871,False,0,10
1352,171000,12.049424683420915,11.988479351068136,11.988479351068136,False,0,10
1353,134900,11.812296455066814,11.71731292299486,11.717312922994862,False,0,10
1354,410000,12.923914877701906,12.894976323876126,12.894976323876126,False,0,10
1355,235000,12.367345048436391,12.368666215542703,12.368666215542703,False,0,10
1356,170000,12.04355959836804,12.142710229513082,12.142710229513083,False,0,10
1357,110000,11.608244735642321,11.65265072832201,11.652650728322012,False,0,10
1358,149900,11.917730355182513,11.981071017058186,11.981071017058186,False,0,10
1359,177500,12.086731521684555,12.042089039714146,12.042089039714144,False,0,10
1360,315000,12.660331092405906,12.846607567787556,12.846607567787554,False,0,10
1361,189000,12.149507585033072,12.147608816619778,12.147608816619778,False,0,10
1362,260000,12.468440756144114,12.453850647379971,12.45385064737997,False,0,10
1363,104900,11.560772327227417,11.8305576221904,11.8305576221904,False,0,10
1364,156932,11.963574241653713,12.038236076574014,12.038236076574012,False,0,10
1365,144152,11.878630514504515,11.89743994088794,11.897439940887939,False,0,10
1366,216000,12.283038316285214,12.253083651031137,12.253083651031135,False,0,10
1367,193000,12.170450649220749,12.228673933954349,12.22867393395435,False,0,10
1368,127000,11.751950239425476,11.774637535630735,11.774637535630733,False,0,10
1369,144000,11.87757552297847,11.845406569369926,11.845406569369926,False,0,10
1370,232000,12.354496960983985,12.444526195687034,12.444526195687034,False,0,10
1371,105000,11.561725152903833,11.602717780867836,11.602717780867836,False,0,10
1372,165500,12.016732516077072,12.069760170368069,12.069760170368069,False,0,10
1373,274300,12.521981322562505,12.403287970099527,12.403287970099527,False,0,10
1374,466500,13.05301544288996,13.014821813071213,13.014821813071212,False,0,10
1375,250000,12.429220196836383,12.455380376561855,12.455380376561857,False,0,10
1376,239000,12.384223015005313,12.458147330976136,12.458147330976134,False,0,10
1377,91000,11.418625774449598,11.440439214070956,11.440439214070954,False,0,10
1378,117000,11.669937760751914,11.829980561661628,11.829980561661628,False,0,10
1379,83000,11.326607934898927,11.525256484760945,11.525256484760945,False,0,10
1380,167500,12.02874460037869,11.987509082050265,11.987509082050265,False,0,10
1381,58500,10.97679912709094,11.24643378556533,11.24643378556533,False,0,10
1382,237500,12.377927112974284,12.221686923804624,12.221686923804624,False,0,10
1383,157000,11.964007453736912,11.90310913204309,11.903109132043088,False,0,10
1384,112000,11.626263078808801,11.931242789216137,11.931242789216139,False,0,10
1385,105000,11.561725152903833,11.588404068173896,11.588404068173897,False,0,10
1386,125500,11.74006900564972,11.641315475426769,11.641315475426767,False,0,10
1387,250000,12.429220196836383,12.638576887884065,12.638576887884067,False,0,10
1388,136000,11.820417517632333,11.92089126165456,11.92089126165456,False,0,10
1389,377500,12.84132849667433,12.785623386002332,12.78562338600233,False,0,10
1390,131000,11.782960235741939,11.806308305869127,11.806308305869125,False,0,10
1391,235000,12.367345048436391,12.336329858757384,12.336329858757383,False,0,10
1392,124000,11.728044909070785,11.717707517809258,11.717707517809258,False,0,10
1393,123000,11.719947764402807,11.748255442858467,11.748255442858467,False,0,10
1394,163000,12.001511614739405,11.828218722401216,11.828218722401216,False,0,10
1395,246578,12.415437707935368,12.30244868767189,12.302448687671887,False,0,10
1396,281213,12.546871224308068,12.515884928671216,12.515884928671214,False,0,10
1397,160000,11.982935344196433,12.017221371444952,12.01722137144495,False,0,10
1398,137500,11.83138646878959,11.826023444037501,11.826023444037501,False,0,10
1399,138000,11.835016210489899,11.831556361969472,11.831556361969474,False,0,10
1400,137450,11.831022768939789,11.967688912923673,11.967688912923675,False,0,10
1401,120000,11.695255355062795,11.660415634196108,11.66041563419611,False,0,10
1402,193000,12.170450649220749,12.115993813442397,12.1159938134424,False,0,10
1403,193879,12.174994689959313,12.14170381127865,12.141703811278648,False,0,10
1404,282922,12.552930054797935,12.272465070130005,12.272465070130007,False,0,10
1405,105000,11.561725152903833,11.549154019513887,11.549154019513889,False,0,10
1406,275000,12.524530013005734,12.548085058888692,12.54808505888869,False,0,10
1407,133000,11.798111925972618,11.798788992324706,11.798788992324704,False,0,10
1408,112000,11.626263078808801,11.666534494366907,11.666534494366909,False,0,10
1409,125500,11.74006900564972,11.540746192828493,11.540746192828493,False,0,10
1410,215000,12.278397958261774,12.25642623099351,12.25642623099351,False,0,10
1411,230000,12.345838935721968,12.254317948720292,12.25431794872029,False,0,10
1412,140000,11.849404844423074,11.897571876972162,11.897571876972163,False,0,10
1413,90000,11.407576060361786,11.460716406633393,11.460716406633393,False,0,10
1414,257000,12.456835254920371,12.499155765123168,12.499155765123167,False,0,10
1415,207000,12.240478903153711,12.18759651179523,12.187596511795231,False,0,10
1416,175900,12.077676615757813,12.308280845216398,12.3082808452164,False,0,10
1417,122500,11.715874472198905,11.779724828406216,11.779724828406216,False,0,10
1418,340000,12.73670383776449,12.738610535915852,12.738610535915852,False,0,10
1419,124000,11.728044909070785,11.809037237187631,11.80903723718763,False,0,10
1420,223000,12.314931534737134,12.39828049358283,12.39828049358283,False,0,10
1421,179900,12.100161978566867,12.039541195278476,12.039541195278476,False,0,10
1422,127500,11.755879486687116,11.837802642514452,11.83780264251445,False,0,10
1423,136500,11.824087219587643,11.880817921444553,11.880817921444555,False,0,10
1424,274970,12.524420916542532,12.124015985425638,12.12401598542564,False,0,10
1425,144000,11.87757552297847,11.830843061603149,11.830843061603149,False,0,10
1426,142000,11.863589378812122,11.871485169812843,11.871485169812843,False,0,10
1427,271000,12.509877789891931,12.466584167037812,12.46658416703781,False,0,10
1428,140000,11.849404844423074,11.863642522034594,11.863642522034594,False,0,10
1429,119000,11.686887175419702,11.619920590246727,11.619920590246725,False,0,10
1430,182900,12.116700301832573,12.175604409178087,12.175604409178089,False,0,10
1431,192140,12.165984756488543,12.13999792111753,12.139997921117528,False,0,10
1432,143750,11.87583791515714,11.796686231698652,11.796686231698654,False,0,10
1433,64500,11.07443600653965,11.519803153382258,11.519803153382258,False,0,10
1434,186500,12.136191879981927,12.13406154932403,12.13406154932403,False,0,10
1435,160000,11.982935344196433,12.029662024495053,12.029662024495053,False,0,10
1436,174000,12.066816325306588,12.054629256466777,12.054629256466779,False,0,10
1437,120500,11.699413330633599,11.67092156589258,11.670921565892582,False,0,10
1438,394617,12.885673487343764,12.808221190894296,12.808221190894297,False,0,10
1439,149700,11.916395250412128,11.877424451164506,11.877424451164504,False,0,10
1440,197000,12.190964083849375,12.077053259499142,12.07705325949914,False,0,10
1441,191000,12.160033942617156,12.132695702332656,12.132695702332656,False,0,10
1442,149300,11.913719681428494,11.90050211847284,11.900502118472842,False,0,10
1443,310000,12.644330802262578,12.68605530665568,12.686055306655678,False,0,10
1444,121000,11.703554089007538,11.566945922631524,11.566945922631522,False,0,10
1445,179600,12.098493002763465,12.18259660554948,12.18259660554948,False,0,10
1446,129000,11.767575435251748,11.751731944361106,11.751731944361108,False,0,10
1447,157900,11.969723533345908,11.862468652978706,11.862468652978706,False,0,10
1448,240000,12.388398368982115,12.47604567224172,12.476045672241721,False,0,10
1449,112000,11.626263078808801,11.636668026851947,11.636668026851948,False,0,10
1450,92000,11.429554725537322,11.425655303372842,11.425655303372844,False,0,10
1451,136000,11.820417517632333,11.7894385271328,11.7894385271328,False,0,10
1452,287090,12.567554517655415,12.427583961692731,12.427583961692731,False,0,10
1453,145000,11.884495917930655,11.812868720066868,11.81286872006687,False,0,10
1454,84500,11.344518647594766,11.798042517180338,11.798042517180336,False,0,10
1455,185000,12.128116509451258,12.1437262225498,12.1437262225498,False,0,10
1456,175000,12.07254696717504,12.09232874366646,12.092328743666458,False,0,10
1457,210000,12.25486757159303,12.177670585374443,12.177670585374443,False,0,10
1458,266500,12.493133274926212,12.449596406776429,12.44959640677643,False,0,10
1459,142125,11.864469267087891,11.79447334695175,11.794473346951749,False,0,10
1460,147500,11.901590234400047,11.921717742791015,11.921717742791015,False,0,10
