Id,seed,fold,y_log,xgb_base_log,residual_correction,corrected_log
2,2029,1,12.109016442313738,12.089234352111816,0.006378418766822773,12.09561277087864
8,2029,1,12.206077645517674,12.367125511169434,0.007273028708371896,12.374398539877806
10,2029,1,11.678448377988165,11.695825576782227,0.00520000062219293,11.701025577404419
15,2029,1,11.964007453736912,11.946196556091309,0.007273028708371896,11.95346958479968
20,2029,1,11.842236406331555,11.632019996643066,0.020903967954291443,11.652923964597358
21,2029,1,12.692506186542177,12.691189765930176,0.004496629792976287,12.695686395723152
29,2029,1,12.242891437918386,12.20197868347168,0.021544081638302296,12.223522765109982
33,2029,1,12.100161978566867,12.152108192443848,0.004496629792976287,12.156604822236824
34,2029,1,12.016732516077072,12.057291984558105,0.020903967954291443,12.078195952512397
45,2029,1,11.856522261533737,11.82946491241455,0.020903967954291443,11.850368880368842
47,2029,1,12.387089184491993,12.59133243560791,0.005662461380640703,12.596994896988551
49,2029,1,11.635151947212842,11.515277862548828,0.002617985976084596,11.517895848524912
51,2029,1,12.083910661257521,12.103299140930176,0.004496629792976287,12.107795770723152
52,2029,1,11.648338835562747,11.613277435302734,0.009390168108452536,11.622667603411188
54,2029,1,12.861001210669146,12.720789909362793,0.08467406799490322,12.805463977357697
57,2029,1,12.058158312538197,12.265941619873047,0.0006943391029447239,12.266635958975991
59,2029,1,12.991755706536901,13.042994499206543,0.00776977243682225,13.050764271643365
66,2029,1,12.666660207428574,12.585970878601074,0.004496629792976287,12.59046750839405
75,2029,1,11.58432477200052,11.489639282226562,0.008630037261434027,11.498269319487996
85,2029,1,12.034696963475044,12.003396987915039,0.004496629792976287,12.007893617708016
92,2029,1,11.498836682527127,11.641033172607422,-0.00014320128726204228,11.64088997132016
99,2029,1,11.326607934898927,11.282172203063965,0.010498611325345264,11.29267081438931
104,2029,1,12.200562492481511,12.100979804992676,0.005576913866310174,12.106556718858986
106,2029,1,12.429220196836383,12.446951866149902,0.004496629792976287,12.451448495942879
110,2029,1,12.154784614286667,12.215753555297852,0.004496629792976287,12.220250185090828
113,2029,1,12.85832230788469,12.753386497497559,0.005662461380640703,12.7590489588782
121,2029,1,12.100717685412471,12.016524314880371,0.04304519401020207,12.059569508890574
126,2029,1,11.344518647594766,11.195433616638184,-0.004809055618107746,11.190624561020076
135,2029,1,12.100717685412471,12.06944751739502,0.005662461380640703,12.07510997877566
136,2029,1,12.066816325306588,12.026660919189453,0.004496629792976287,12.03115754898243
137,2029,1,11.870606902224587,11.895890235900879,0.004496629792976287,11.900386865693855
141,2029,1,11.652696102959753,11.58288288116455,0.009323545254088095,11.592206426418638
148,2029,1,12.312686874960354,12.267951965332031,0.004496629792976287,12.272448595125008
153,2029,1,12.154784614286667,12.120820999145508,0.004496629792976287,12.125317628938484
160,2029,1,12.676079399771027,12.562631607055664,0.005662461380640703,12.568294068436305
164,2029,1,11.544433821905134,11.466212272644043,0.010498611325345264,11.476710883969389
167,2029,1,12.154784614286667,12.081986427307129,0.004496629792976287,12.086483057100105
168,2029,1,12.693501691489768,12.810993194580078,0.004496629792976287,12.815489824373055
175,2029,1,12.122696471358964,12.123022079467773,0.004496629792976287,12.12751870926075
177,2029,1,12.259618151783465,12.222210884094238,0.007273028708371896,12.22948391280261
181,2029,1,12.083910661257521,12.06879997253418,0.0006943391029447239,12.069494311637124
186,2029,1,13.07107218827772,12.731937408447266,-0.028129680360678307,12.703807728086588
187,2029,1,12.06105265381003,12.076883316040039,0.004496629792976287,12.081379945833016
193,2029,1,12.165255859329688,12.233804702758789,0.004496629792976287,12.238301332551766
202,2029,1,12.052344376474922,12.044159889221191,0.004496629792976287,12.048656519014168
206,2029,1,12.103491596905931,12.103435516357422,0.007273028708371896,12.110708545065794
214,2029,1,11.957617696467539,11.885607719421387,0.005652391627660247,11.891260111049046
220,2029,1,12.027191164883384,12.055171012878418,0.0006943391029447239,12.055865351981362
222,2029,1,12.206077645517674,12.249536514282227,0.004496629792976287,12.254033144075203
229,2029,1,11.736077016252437,11.725320816040039,0.004477325556403076,11.729798141596442
246,2029,1,12.394628892852941,12.311003684997559,0.004496629792976287,12.315500314790535
250,2029,1,12.531776395271262,12.528722763061523,0.0641526166570034,12.592875379718526
252,2029,1,12.367345048436391,12.623539924621582,0.025818774465073427,12.649358699086655
258,2029,1,12.301387370778713,12.411948204040527,0.004496629792976287,12.416444833833504
259,2029,1,12.352339472153524,12.298745155334473,0.007273028708371896,12.306018184042845
262,2029,1,12.52815976788113,12.744619369506836,0.004496629792976287,12.749115999299812
263,2029,1,11.92504173829169,11.974838256835938,0.004496629792976287,11.979334886628914
266,2029,1,12.075400019877522,12.070114135742188,0.004496629792976287,12.074610765535164
276,2029,1,12.230770136157428,12.140957832336426,0.008234406273768577,12.149192238610194
286,2029,1,12.011886987792716,12.0204496383667,0.004496629792976287,12.024946268159676
320,2029,1,12.141539457711714,12.152728080749512,0.004496629792976287,12.157224710542488
321,2029,1,12.74444728628135,12.800582885742188,0.004496629792976287,12.805079515535164
324,2029,1,11.745433036677353,11.681121826171875,0.01355546637044892,11.694677292542323
331,2029,1,11.686887175419702,11.8743314743042,-0.012610506938780191,11.86172096736542
341,2029,1,12.220473454337986,12.3301420211792,0.004496629792976287,12.334638650972176
346,2029,1,11.850832386224807,11.834027290344238,0.008234406273768577,11.842261696618007
349,2029,1,11.944714374881176,12.13190746307373,0.0006943391029447239,12.132601802176675
351,2029,1,12.670001611311875,12.641166687011719,0.004496629792976287,12.645663316804695
354,2029,1,11.570259974415547,11.438493728637695,-0.004809055618107746,11.433684673019588
364,2029,1,11.678448377988165,11.533709526062012,0.004906955982732338,11.538616482044745
365,2029,1,12.154784614286667,12.158699035644531,0.0033215637217191155,12.162020599366251
376,2029,1,11.0186455364637,11.26266860961914,0.010498611325345264,11.273167220944487
377,2029,1,11.904974309480181,11.770715713500977,0.005652391627660247,11.776368105128636
378,2029,1,12.73670383776449,12.63006591796875,0.004496629792976287,12.634562547761726
388,2029,1,11.736077016252437,11.7824125289917,0.004496629792976287,11.786909158784676
393,2029,1,11.575909653758895,11.561284065246582,0.010498611325345264,11.571782676571928
394,2029,1,11.51293546492023,11.276524543762207,0.014236387806137554,11.290760931568345
396,2029,1,11.767575435251748,11.710467338562012,0.004496629792976287,11.714963968354988
412,2029,1,11.884495917930655,11.847248077392578,0.08467406799490322,11.931922145387482
418,2029,1,12.384223015005313,12.40790843963623,0.025818774465073427,12.433727214101303
424,2029,1,12.660331092405906,12.698246002197266,0.004496629792976287,12.702742631990242
428,2029,1,11.599185726610004,11.69865608215332,0.010498611325345264,11.709154693478666
432,2029,1,11.288543647320601,11.585309028625488,0.004496629792976287,11.589805658418465
433,2029,1,11.715874472198905,11.766767501831055,0.0006943391029447239,11.767461840933999
434,2029,1,12.10625783509458,12.105733871459961,0.004496629792976287,12.110230501252937
436,2029,1,12.264346270624157,12.217489242553711,0.004496629792976287,12.221985872346687
437,2029,1,11.661354090741,11.52969741821289,0.007553484838079944,11.537250903050971
441,2029,1,13.22672519452875,13.021784782409668,0.005576913866310174,13.027361696275978
452,2029,1,12.54254845357358,12.29295539855957,0.08467406799490322,12.377629466554474
455,2029,1,12.144202560946876,11.933869361877441,0.0014622241414006373,11.935331586018842
465,2029,1,11.728044909070785,11.704699516296387,0.004496629792976287,11.709196146089363
490,2029,1,11.362114203075018,11.456469535827637,0.009753175680417349,11.466222711508054
493,2029,1,12.059809113551397,11.987226486206055,0.004496629792976287,11.991723115999031
497,2029,1,12.971542813248437,12.844575881958008,0.020903967954291443,12.8654798499123
502,2029,1,12.331387247601905,12.23353099822998,0.004496629792976287,12.238027628022957
509,2029,1,11.989165855127435,11.959371566772461,0.004496629792976287,11.963868196565437
520,2029,1,12.36308066783498,12.449113845825195,0.025818774465073427,12.474932620290268
524,2029,1,12.126764251515691,12.861764907836914,0.033020282435411545,12.894785190272325
534,2029,1,10.579005242826247,10.992345809936523,0.014236387806137554,11.006582197742661
538,2029,1,11.619544188752133,11.730291366577148,0.009323545254088095,11.739614911831236
541,2029,1,12.660331092405906,12.768646240234375,0.004496629792976287,12.773142870027351
542,2029,1,12.421188057397055,12.46864128112793,0.0033215637217191155,12.47196284484965
543,2029,1,12.270225154674701,12.329019546508789,0.004496629792976287,12.333516176301766
549,2029,1,11.736077016252437,11.720479011535645,0.007588498991817369,11.728067510527461
555,2029,1,12.556733038263905,12.423147201538086,0.004496629792976287,12.427643831331062
556,2029,1,11.635151947212842,11.632417678833008,0.008234406273768577,11.640652085106776
570,2029,1,11.820123358887447,11.879544258117676,0.005652391627660247,11.885196649745335
571,2029,1,11.867805799560465,11.882306098937988,0.0014622241414006373,11.883768323079389
575,2029,1,11.842236406331555,11.716955184936523,0.009323545254088095,11.72627873019061
579,2029,1,11.891368749982085,11.993213653564453,0.0006943391029447239,11.993907992667397
588,2029,1,11.827743504053695,11.836470603942871,0.005652391627660247,11.84212299557053
589,2029,1,11.870606902224587,12.271550178527832,0.023435105095741534,12.294985283623573
593,2029,1,11.835016210489899,11.830272674560547,0.015491573734606042,11.845764248295152
596,2029,1,12.672949516558306,12.640488624572754,0.00776977243682225,12.648258397009576
599,2029,1,12.289958727201455,12.200594902038574,0.025818774465073427,12.226413676503647
607,2029,1,11.931642378754141,11.921698570251465,0.004496629792976287,11.926195200044441
610,2029,1,11.682676678340282,11.707620620727539,0.0010125605474219175,11.70863318127496
611,2029,1,12.653961664405365,12.731124877929688,0.004496629792976287,12.735621507722664
612,2029,1,11.904974309480181,12.004161834716797,0.0033215637217191155,12.007483398438517
621,2029,1,11.112462823634855,11.171439170837402,0.010498611325345264,11.181937782162748
622,2029,1,12.388398368982115,12.46003532409668,0.004496629792976287,12.464531953889656
624,2029,1,12.034696963475044,12.080949783325195,0.0006943391029447239,12.08164412242814
629,2029,1,11.813037464800539,12.137176513671875,0.004496629792976287,12.141673143464851
631,2029,1,11.728044909070785,11.610650062561035,-0.01724129244045763,11.593408770120577
632,2029,1,12.252483791602627,12.372982025146484,0.004496629792976287,12.37747865493946
636,2029,1,12.206077645517674,12.1878662109375,0.0014622241414006373,12.1893284350789
650,2029,1,11.344518647594766,11.226570129394531,0.010498611325345264,11.237068740719877
662,2029,1,12.904209855160254,12.890005111694336,0.04890190269307316,12.938907014387409
665,2029,1,12.955129822091815,12.7296724319458,0.02037825005063788,12.750050681996438
672,2029,1,11.548302261270587,11.715093612670898,0.004496629792976287,11.719590242463875
681,2029,1,11.870606902224587,11.779340744018555,0.004496629792976287,11.783837373811531
691,2029,1,11.856522261533737,11.914864540100098,0.004496629792976287,11.919361169893074
692,2029,1,13.534474352733596,13.104552268981934,0.004496629792976287,13.10904889877491
693,2029,1,12.721888795877375,12.562417984008789,0.04890190269307316,12.611319886701862
695,2029,1,11.860062063178267,11.699488639831543,0.008234406273768577,11.707723046105311
704,2029,1,11.849404844423074,11.832999229431152,-0.009565554257108989,11.823433675174043
707,2029,1,12.618185607609803,12.615243911743164,0.0687924477372417,12.684036359480405
708,2029,1,12.445093483000798,12.256545066833496,0.004496629792976287,12.261041696626473
710,2029,1,11.60733523953139,11.65429401397705,-0.017351961441134742,11.636942052535916
717,2029,1,11.979805470779858,12.173253059387207,-0.027849224230970263,12.145403835156237
719,2029,1,12.739640688812674,12.577897071838379,0.007273028708371896,12.585170100546751
724,2029,1,11.813037464800539,11.771058082580566,0.005652391627660247,11.776710474208226
730,2029,1,11.542493975902508,11.425111770629883,0.011664442913009679,11.436776213542892
737,2029,1,11.44572741040675,11.378150939941406,-0.006608525406411214,11.371542414534995
741,2029,1,11.790564777297387,11.695562362670898,-0.005375386770849376,11.69018697590005
743,2029,1,12.095146671399466,12.081092834472656,0.004496629792976287,12.085589464265633
747,2029,1,12.371591321286905,12.408483505249023,0.004496629792976287,12.412980135042
756,2029,1,12.058158312538197,11.9945068359375,0.0006943391029447239,11.995201175040444
764,2029,1,12.727841176689147,12.639708518981934,0.005662461380640703,12.645370980362575
771,2029,1,11.812296455066814,11.784381866455078,0.005652391627660247,11.790034258082738
794,2029,1,12.323860125621126,12.424798965454102,0.004496629792976287,12.429295595247078
797,2029,1,11.874097282798648,11.853097915649414,0.004496629792976287,11.85759454544239
799,2029,1,13.091906231773164,13.087860107421875,0.005576913866310174,13.093437021288185
801,2029,1,12.206077645517674,12.219733238220215,0.007273028708371896,12.227006266928587
804,2029,1,13.275829251377,13.053404808044434,0.006742745453974589,13.060147553498409
815,2029,1,11.661354090741,11.707624435424805,0.005652391627660247,11.713276827052464
818,2029,1,12.509877789891931,12.549423217773438,0.004496629792976287,12.553919847566414
819,2029,1,11.951186847493476,11.91089916229248,0.004496629792976287,11.915395792085457
822,2029,1,11.440365524765756,11.324958801269531,-0.002408288167171148,11.32255051310236
827,2029,1,11.603688960617083,11.48124885559082,0.015402219393801968,11.496651074984623
829,2029,1,12.128116509451258,12.076459884643555,0.03418611402307596,12.11064599866663
830,2029,1,11.900912042974875,11.966641426086426,0.001860170690609138,11.968501596777035
838,2029,1,11.51293546492023,11.4951171875,0.0018501009376286845,11.496967288437629
840,2029,1,11.779136168550774,11.741013526916504,0.005652391627660247,11.746665918544164
853,2029,1,12.00762780434872,12.048530578613281,0.025818774465073427,12.074349353078354
856,2029,1,11.751950239425476,11.896912574768066,0.007553484838079944,11.904466059606147
862,2029,1,11.78676973513378,11.822800636291504,-0.00957610128720454,11.813224535004299
868,2029,1,11.767575435251748,11.764375686645508,0.005652391627660247,11.770028078273167
870,2029,1,12.371591321286905,12.29550552368164,0.004496629792976287,12.300002153474617
874,2029,1,11.798111925972618,11.785578727722168,0.005652391627660247,11.791231119349828
875,2029,1,11.104972264124868,11.512581825256348,0.005652391627660247,11.518234216884007
877,2029,1,11.792456911128632,11.808137893676758,0.04142455692949042,11.849562450606248
881,2029,1,11.964007453736912,11.951872825622559,0.004496629792976287,11.956369455415535
885,2029,1,11.51293546492023,11.683276176452637,0.005652391627660247,11.688928568080296
886,2029,1,12.70351207261035,12.64608383178711,0.004496629792976287,12.650580461580086
889,2029,1,12.498745990829315,12.585232734680176,0.007273028708371896,12.592505763388548
891,2029,1,11.719134432217524,11.642236709594727,-0.007865910663211401,11.634370798931515
892,2029,1,12.058158312538197,12.051199913024902,0.004496629792976287,12.055696542817879
905,2029,1,11.74006900564972,11.711974143981934,-0.012712130360896417,11.699262013621038
908,2029,1,12.429220196836383,12.441304206848145,0.04500251154178421,12.486306718389928
918,2029,1,11.813037464800539,11.789450645446777,0.005652391627660247,11.795103037074437
925,2029,1,12.242891437918386,12.15758991241455,0.004496629792976287,12.162086542207527
927,2029,1,12.560247968016562,12.579541206359863,0.004496629792976287,12.58403783615284
931,2029,1,12.211065162153215,12.37064266204834,0.004496629792976287,12.375139291841316
933,2029,1,12.676079399771027,12.597962379455566,0.004496629792976287,12.602459009248543
937,2029,1,12.127575825689417,12.096369743347168,0.004496629792976287,12.100866373140144
945,2029,1,11.83138646878959,11.909525871276855,0.007273028708371896,11.916798899985228
954,2029,1,12.055255569732177,12.115954399108887,-0.008410269699540123,12.107544129409346
958,2029,1,11.790564777297387,11.77017879486084,0.004496629792976287,11.774675424653816
964,2029,1,12.384223015005313,12.626072883605957,0.004496629792976287,12.630569513398934
965,2029,1,12.277932735946903,12.278542518615723,0.004496629792976287,12.2830391484087
971,2029,1,11.813037464800539,11.344644546508789,-0.0035741197548355636,11.341070426753953
973,2029,1,11.507922973347437,11.71178150177002,0.004496629792976287,11.716278131562996
977,2029,1,11.356283350762888,11.277785301208496,0.014236387806137554,11.292021689014634
978,2029,1,12.20557752297723,12.179462432861328,0.004496629792976287,12.183959062654305
984,2029,1,12.45254592991672,12.441425323486328,0.004496629792976287,12.445921953279305
994,2029,1,12.066241450757124,12.0457763671875,0.004496629792976287,12.050272996980476
1002,2029,1,11.362114203075018,11.374842643737793,0.011664442913009679,11.386507086650802
1003,2029,1,12.354496960983985,12.400796890258789,0.004496629792976287,12.405293520051766
1005,2029,1,12.10625783509458,12.154069900512695,0.0006943391029447239,12.15476423961564
1010,2029,1,11.532737896139919,11.623372077941895,0.005662461380640703,11.629034539322536
1012,2029,1,11.51293546492023,11.517952919006348,0.002617985976084596,11.520570904982431
1018,2029,1,12.141539457711714,12.084640502929688,0.00776977243682225,12.09241027536651
1021,2029,1,12.07824495582233,11.900968551635742,0.005652391627660247,11.906620943263402
1023,2029,1,11.373674891823535,11.61722183227539,0.005662461380640703,11.622884293656032
1033,2029,1,12.644330802262578,12.734835624694824,0.004496629792976287,12.7393322544878
1034,2029,1,12.345838935721968,12.409561157226562,0.004496629792976287,12.414057787019539
1037,2029,1,12.66191713053049,12.627238273620605,0.005576913866310174,12.632815187486916
1054,2029,1,11.881041706925902,11.93941593170166,0.004496629792976287,11.943912561494637
1057,2029,1,12.13270055639427,12.290258407592773,0.004496629792976287,12.29475503738575
1059,2029,1,12.721888795877375,12.74372673034668,0.005576913866310174,12.74930364421299
1065,2029,1,11.944714374881176,11.938239097595215,0.004496629792976287,11.942735727388191
1066,2029,1,12.700771936142122,12.576708793640137,0.004496629792976287,12.581205423433113
1068,2029,1,12.031129798974042,12.128534317016602,0.007273028708371896,12.135807345724974
1075,2029,1,12.175618592671356,12.112034797668457,0.004496629792976287,12.116531427461434
1076,2029,1,12.299112067295642,12.200543403625488,0.025818774465073427,12.226362178090561
1077,2029,1,12.04355959836804,11.964659690856934,0.007553484838079944,11.972213175695014
1082,2029,1,11.798111925972618,11.819840431213379,0.007273028708371896,11.827113459921751
1100,2029,1,11.964007453736912,11.905058860778809,0.004496629792976287,11.909555490571785
1106,2029,1,12.691583538230217,12.727632522583008,0.004496629792976287,12.732129152375984
1108,2029,1,12.52352951631214,12.276785850524902,0.004496629792976287,12.281282480317879
1112,2029,1,12.230770136157428,12.125362396240234,0.004496629792976287,12.12985902603321
1119,2029,1,11.849404844423074,11.731575965881348,0.004496629792976287,11.736072595674324
1120,2029,1,11.803361242493628,11.731334686279297,0.023680366869687053,11.755015053148984
1128,2029,1,12.464587201678082,12.421887397766113,0.004496629792976287,12.42638402755909
1135,2029,1,12.037659911047468,12.051702499389648,0.004496629792976287,12.056199129182625
1139,2029,1,12.185875040240456,12.229101181030273,0.004496629792976287,12.23359781082325
1143,2029,1,12.959540872420414,12.839689254760742,0.004496629792976287,12.844185884553719
1148,2029,1,12.069685751267224,12.130237579345703,0.025818774465073427,12.156056353810776
1150,2029,1,11.870606902224587,11.875800132751465,0.004496629792976287,11.880296762544441
1151,2029,1,11.728044909070785,11.725821495056152,0.023680366869687053,11.74950186192584
1161,2029,1,11.891368749982085,11.896743774414062,0.0006943391029447239,11.897438113517007
1177,2029,1,11.691080018519527,11.783188819885254,0.005652391627660247,11.788841211512914
1185,2029,1,12.137263685701864,12.104447364807129,0.07337773583011806,12.177825100637246
1187,2029,1,11.461642696843066,11.664148330688477,-0.0035635727247400138,11.660584757963736
1190,2029,1,12.149507585033072,12.222577095031738,0.004496629792976287,12.227073724824715
1203,2029,1,11.669937760751914,11.790915489196777,0.012457092906536647,11.803372582103314
1204,2029,1,12.269052139516223,12.272526741027832,0.005662461380640703,12.278189202408473
1212,2029,1,12.00762780434872,12.269869804382324,0.004496629792976287,12.2743664341753
1220,2029,1,11.424105180165641,11.500761032104492,0.0006943391029447239,11.501455371207436
1223,2029,1,11.870606902224587,11.902849197387695,0.004496629792976287,11.907345827180672
1227,2029,1,12.273735966890268,12.201420783996582,0.004496629792976287,12.205917413789559
1231,2029,1,12.154784614286667,12.101953506469727,0.0014622241414006373,12.103415730611127
1234,2029,1,11.863589378812122,11.848861694335938,0.004496629792976287,11.853358324128914
1236,2029,1,11.841423131921784,11.897706031799316,0.025818774465073427,11.923524806264389
1238,2029,1,12.180759965737863,12.268539428710938,0.0033215637217191155,12.271860992432657
1251,2029,1,12.404927602627597,12.418904304504395,0.020903967954291443,12.439808272458686
1253,2029,1,11.775297421715827,11.702641487121582,0.005652391627660247,11.708293878749242
1263,2029,1,11.992266613576142,11.819588661193848,0.004496629792976287,11.824085290986824
1268,2029,1,12.843973993864076,12.711697578430176,0.005576913866310174,12.717274492296486
1271,2029,1,12.468440756144114,12.25511360168457,0.004496629792976287,12.259610231477547
1276,2029,1,11.827743504053695,11.903899192810059,0.0014622241414006373,11.90536141695146
1280,2029,1,11.133142723386813,11.359827041625977,-0.002408288167171148,11.357418753458806
1286,2029,1,11.794345471549745,11.731632232666016,0.008234406273768577,11.739866638939784
1290,2029,1,12.546113507028412,12.540499687194824,0.004496629792976287,12.5449963169878
1291,2029,1,12.103491596905931,12.003286361694336,0.004496629792976287,12.007782991487312
1295,2029,1,11.652696102959753,11.684906005859375,0.005652391627660247,11.690558397487035
1298,2029,1,11.849404844423074,11.904659271240234,0.005652391627660247,11.910311662867894
1300,2029,1,11.944714374881176,11.96635627746582,0.020903967954291443,11.987260245420112
1301,2029,1,12.323860125621126,12.293207168579102,0.004496629792976287,12.297703798372078
1304,2029,1,12.354496960983985,12.320296287536621,0.004496629792976287,12.324792917329598
1315,2029,1,11.686887175419702,11.701984405517578,0.010498611325345264,11.712483016842924
1320,2029,1,11.6172944892629,11.698956489562988,0.010498611325345264,11.709455100888334
1322,2029,1,11.19135563385109,11.285118103027344,0.014236387806137554,11.299354490833482
1324,2029,1,11.320565693461432,11.232593536376953,-0.004128134182419111,11.228465402194534
1333,2029,1,11.51293546492023,11.552145957946777,0.010498611325345264,11.562644569272123
1334,2029,1,11.74006900564972,11.818442344665527,0.007273028708371896,11.8257153733739
1337,2029,1,11.813037464800539,11.8966646194458,0.0014622241414006373,11.898126843587201
1338,2029,1,10.868587496017359,11.024508476257324,-0.0035741197548355636,11.020934356502488
1342,2029,1,11.951186847493476,12.003291130065918,0.004496629792976287,12.007787759858894
1344,2029,1,12.083910661257521,11.991667747497559,0.0422261126263886,12.033893860123948
1351,2029,1,12.206077645517674,12.05164623260498,0.0014622241414006373,12.053108456746381
1359,2029,1,12.086731521684555,12.071261405944824,0.0006943391029447239,12.071955745047768
1363,2029,1,11.560772327227417,11.7510986328125,-0.009595405523777748,11.741503227288723
1367,2029,1,12.170450649220749,12.2417573928833,0.004496629792976287,12.246254022676277
1376,2029,1,12.384223015005313,12.496138572692871,0.004496629792976287,12.500635202485848
1380,2029,1,12.02874460037869,11.842220306396484,0.005652391627660247,11.847872698024144
1381,2029,1,10.97679912709094,11.270464897155762,0.0009279127348351971,11.271392809890598
1385,2029,1,11.561725152903833,11.635333061218262,0.004496629792976287,11.639829691011238
1388,2029,1,11.820417517632333,11.814125061035156,0.004496629792976287,11.818621690828133
1412,2029,1,11.849404844423074,11.858119010925293,0.007553484838079944,11.865672495763373
1424,2029,1,12.524420916542532,12.127802848815918,0.005662461380640703,12.13346531019656
1425,2029,1,11.87757552297847,11.868284225463867,0.004496629792976287,11.872780855256844
1429,2029,1,11.686887175419702,11.644872665405273,0.013275010240740872,11.658147675646015
1432,2029,1,11.87583791515714,11.825919151306152,0.004496629792976287,11.830415781099129
1434,2029,1,12.136191879981927,12.14047908782959,0.004496629792976287,12.144975717622566
1435,2029,1,11.982935344196433,12.039482116699219,0.020903967954291443,12.06038608465351
1441,2029,1,12.160033942617156,12.143816947937012,0.025818774465073427,12.169635722402084
1444,2029,1,11.703554089007538,11.595121383666992,0.00940023786143299,11.604521621528425
1449,2029,1,11.626263078808801,11.509117126464844,-0.0005291670731643632,11.50858795939168
1450,2029,1,11.429554725537322,11.319830894470215,0.006696320635313696,11.326527215105529
1456,2029,1,12.07254696717504,12.081254005432129,0.004496629792976287,12.085750635225105
16,2029,2,11.790564777297387,11.812832832336426,0.004846566297699728,11.817679398634125
19,2029,2,11.976665770490767,11.92507553100586,0.004846566297699728,11.929922097303558
22,2029,2,11.845109950883979,11.696548461914062,0.007990409305794277,11.704538871219857
24,2029,2,11.774527900858468,11.831525802612305,0.007990409305794277,11.839516211918099
32,2029,2,11.914054519303125,11.842159271240234,0.004846566297699728,11.847005837537933
42,2029,2,12.04355959836804,12.04626178741455,0.004846566297699728,12.05110835371225
46,2029,2,12.675766851909591,12.642910957336426,0.010259614431861365,12.653170571768287
58,2029,2,12.188422799337028,12.169666290283203,0.004846566297699728,12.174512856580902
63,2029,2,12.218500103788143,12.227951049804688,0.004846566297699728,12.232797616102387
64,2029,2,11.849404844423074,11.768184661865234,0.004846566297699728,11.773031228162933
67,2029,2,12.100717685412471,12.461453437805176,0.004846566297699728,12.466300004102875
68,2029,2,12.328294703023396,12.286465644836426,0.004846566297699728,12.291312211134125
71,2029,2,12.404927602627597,12.632720947265625,0.004846566297699728,12.637567513563324
76,2029,2,11.418625774449598,11.377317428588867,-0.02307539300681114,11.354242035582056
79,2029,2,11.824087219587643,11.682809829711914,0.004846566297699728,11.687656396009613
81,2029,2,12.173037959397275,12.186415672302246,0.004846566297699728,12.191262238599945
89,2029,2,11.350418300109132,10.884799003601074,0.004846566297699728,10.889645569898773
95,2029,2,12.229549885708273,12.203438758850098,0.004846566297699728,12.208285325147797
100,2029,2,11.767187766223199,11.740036964416504,0.004846566297699728,11.744883530714203
101,2029,2,12.230770136157428,12.30998706817627,0.007990409305794277,12.317977477482064
109,2029,2,11.652696102959753,11.642457962036133,0.007990409305794277,11.650448371341927
111,2029,2,11.827013315851762,11.906684875488281,-0.004792237951757255,11.901892637536523
112,2029,2,12.100717685412471,12.0590181350708,0.004846566297699728,12.0638647013685
116,2029,2,12.07824495582233,12.018810272216797,-0.009699531128157052,12.009110741088639
117,2029,2,11.842236406331555,11.779191017150879,0.004846566297699728,11.784037583448578
122,2029,2,11.51293546492023,11.531750679016113,0.004846566297699728,11.536597245313812
127,2029,2,11.759793355371237,11.829906463623047,0.004846566297699728,11.834753029920746
145,2029,2,11.736077016252437,11.77546501159668,0.004846566297699728,11.780311577894379
146,2029,2,11.775297421715827,11.79787826538086,-0.009699531128157052,11.788178734252702
150,2029,2,11.652696102959753,11.684639930725098,-0.004792237951757255,11.67984769277334
154,2029,2,12.367345048436391,12.165244102478027,0.018642901324895163,12.183887003802923
157,2029,2,11.603688960617083,11.538260459899902,0.0248416772012257,11.563102137101128
159,2029,2,12.448630513463613,12.333124160766602,0.004846566297699728,12.3379707270643
178,2029,2,12.058158312538197,12.007159233093262,0.004846566297699728,12.01200579939096
179,2029,2,13.126032637428713,12.935870170593262,0.03050526212864679,12.96637543272191
182,2029,2,12.206577518060588,12.100112915039062,0.010262115299014987,12.110375030338078
183,2029,2,11.695255355062795,11.616994857788086,0.004846566297699728,11.621841424085785
189,2029,2,11.940399914116648,11.929759979248047,0.004846566297699728,11.934606545545746
197,2029,2,12.650351332641707,12.630209922790527,0.010259614431861365,12.640469537222389
198,2029,2,12.367345048436391,12.612810134887695,-0.004792237951757255,12.608017896935937
200,2029,2,12.524166311833152,12.604018211364746,0.010259614431861365,12.614277825796608
203,2029,2,11.626263078808801,11.783160209655762,0.004846566297699728,11.78800677595346
204,2029,2,11.91170829631447,11.844358444213867,0.004846566297699728,11.849205010511566
207,2029,2,11.87688084212164,11.781163215637207,0.004846566297699728,11.786009781934906
209,2029,2,12.531776395271262,12.422209739685059,0.004846566297699728,12.427056305982758
215,2029,2,11.993813394724253,11.89367961883545,0.004438895891639587,11.89811851472709
219,2029,2,12.649157827477366,12.358989715576172,0.010262115299014987,12.369251830875188
230,2029,2,12.167856627501678,12.194802284240723,-0.009699531128157052,12.185102753112565
231,2029,2,11.904974309480181,11.839195251464844,0.004846566297699728,11.844041817762543
249,2029,2,12.100717685412471,12.149100303649902,0.004846566297699728,12.153946869947601
251,2029,2,11.245059091624615,11.3970308303833,0.004846566297699728,11.401877396681
254,2029,2,11.970356641102999,12.019582748413086,0.007990409305794277,12.02757315771888
257,2029,2,12.242891437918386,12.152458190917969,0.004846566297699728,12.157304757215668
275,2029,2,11.732069026983156,11.769051551818848,0.007990409305794277,11.777041961124642
279,2029,2,12.936754021718041,12.844337463378906,0.010259614431861365,12.854597077810768
288,2029,2,11.385103457032141,11.513850212097168,-0.004792237951757255,11.50905797414541
289,2029,2,11.711784520403112,11.679001808166504,0.004846566297699728,11.683848374464203
292,2029,2,11.819681958463892,11.75106430053711,-0.007565645915300374,11.74349865462181
296,2029,2,11.86710429621008,11.929146766662598,0.004846566297699728,11.933993332960297
307,2029,2,12.323860125621126,12.386775016784668,0.004846566297699728,12.391621583082367
308,2029,2,11.402005077384885,11.555825233459473,0.007990409305794277,11.563815642765267
312,2029,2,11.790564777297387,11.87246036529541,0.004846566297699728,11.87730693159311
315,2029,2,12.08954444723597,12.048750877380371,0.013403457439955918,12.062154334820328
316,2029,2,12.146858590895919,12.125956535339355,0.004846566297699728,12.130803101637055
317,2029,2,12.468440756144114,12.430438995361328,0.013403457439955918,12.443842452801285
319,2029,2,12.468440756144114,12.645092010498047,0.004846566297699728,12.649938576795746
325,2029,2,12.396697137361691,12.384016990661621,-0.010033623244524186,12.373983367417097
327,2029,2,12.688501881189456,12.598045349121094,0.015499058316800613,12.613544407437894
330,2029,2,11.264476926102367,11.267916679382324,0.004846566297699728,11.272763245680023
336,2029,2,12.34126328584159,12.282526969909668,0.01828747018702308,12.30081444009669
340,2029,2,11.951186847493476,11.890195846557617,0.007990409305794277,11.898186255863411
344,2029,2,12.491255347155265,12.513191223144531,0.010259614431861365,12.523450837576393
347,2029,2,11.928347504569842,11.893474578857422,0.004846566297699728,11.898321145155121
348,2029,2,11.967187086434018,12.044135093688965,0.004846566297699728,12.048981659986664
352,2029,2,12.154784614286667,12.182229995727539,0.004846566297699728,12.187076562025238
353,2029,2,11.461642696843066,11.328812599182129,0.004846566297699728,11.333659165479828
358,2029,2,11.80560254159177,11.898117065429688,0.004846566297699728,11.902963631727387
363,2029,2,12.198549416880068,12.072296142578125,-0.008529295580954359,12.06376684699717
373,2029,2,11.736077016252437,11.713342666625977,0.004846566297699728,11.718189232923676
379,2029,2,12.885204569609956,12.822992324829102,0.013937717700571494,12.836930042529673
383,2029,2,12.271396795480596,12.259017944335938,0.004846566297699728,12.263864510633637
384,2029,2,11.23850177707664,11.197399139404297,0.0020918852119832087,11.19949102461628
398,2029,2,12.040614105490253,11.895734786987305,0.004846566297699728,11.900581353285004
403,2029,2,11.58989576532275,11.446237564086914,0.004846566297699728,11.451084130384613
408,2029,2,12.083910661257521,12.013131141662598,0.013405958307109538,12.026537099969707
411,2029,2,11.002116507732017,11.500571250915527,0.0020918852119832087,11.502663136127511
422,2029,2,12.278397958261774,12.30858325958252,0.004438895891639587,12.31302215547416
426,2029,2,11.813037464800539,11.7995023727417,-0.03826766782078954,11.76123470492091
427,2029,2,12.524530013005734,12.390359878540039,0.004846566297699728,12.395206444837738
431,2029,2,11.355113089309977,11.457974433898926,-0.02307539300681114,11.434899040892114
438,2029,2,11.686887175419702,11.668678283691406,0.007990409305794277,11.6766686929972
439,2029,2,11.411457364027745,11.328274726867676,0.010262115299014987,11.338536842166691
443,2029,2,12.000897933306716,11.87048053741455,0.007990409305794277,11.878470946720345
444,2029,2,12.058158312538197,12.185982704162598,0.004846566297699728,12.190829270460297
450,2029,2,11.695255355062795,11.643126487731934,0.007990409305794277,11.651116897037728
453,2029,2,12.225880174775122,12.179252624511719,0.004846566297699728,12.184099190809418
454,2029,2,12.25486757159303,12.258481979370117,0.00852466956640986,12.267006648936528
462,2029,2,11.951186847493476,11.891761779785156,0.004846566297699728,11.896608346082855
470,2029,2,12.138869243416009,12.108598709106445,0.004846566297699728,12.113445275404144
473,2029,2,11.904974309480181,11.82588005065918,0.004846566297699728,11.830726616956879
481,2029,2,12.694655727828803,12.779510498046875,0.0012950528835450348,12.78080555093042
485,2029,2,11.794345471549745,11.818711280822754,0.007990409305794277,11.826701690128548
488,2029,2,12.07254696717504,12.059470176696777,0.004846566297699728,12.064316742994476
492,2029,2,11.798111925972618,11.921814918518066,0.007990409305794277,11.92980532782386
494,2029,2,11.951186847493476,11.905755996704102,0.015499058316800613,11.921255055020902
501,2029,2,11.635151947212842,11.612298011779785,-0.009699531128157052,11.602598480651627
508,2029,2,12.246739428005663,12.085426330566406,0.00852466956640986,12.093951000132817
512,2029,2,12.2193145828011,12.161290168762207,0.004846566297699728,12.166136735059906
523,2029,2,11.976665770490767,11.868565559387207,0.007990409305794277,11.876555968693001
529,2029,2,11.362114203075018,11.376298904418945,0.005757785523830399,11.382056689942775
530,2029,2,12.209192772866418,12.526103973388672,0.007507434213298466,12.53361140760197
540,2029,2,12.513561021741964,12.441102981567383,0.004846566297699728,12.445949547865082
552,2029,2,11.630717389475995,11.64930248260498,0.015499058316800613,11.664801540921781
561,2029,2,11.707677772181546,12.029755592346191,0.004846566297699728,12.03460215864389
562,2029,2,12.04355959836804,12.033768653869629,0.004846566297699728,12.038615220167328
568,2029,2,12.273735966890268,12.1468505859375,0.004846566297699728,12.151697152235199
569,2029,2,12.665397584983758,12.614203453063965,0.004846566297699728,12.619050019361664
580,2029,2,11.78676973513378,11.727198600769043,0.004846566297699728,11.732045167066742
582,2029,2,12.442306148381938,12.762125015258789,0.03050526212864679,12.792630277387437
583,2029,2,11.682676678340282,11.660265922546387,0.004846566297699728,11.665112488844086
585,2029,2,11.798111925972618,11.77538776397705,0.007990409305794277,11.783378173282845
603,2029,2,12.301387370778713,12.305572509765625,0.004846566297699728,12.310419076063324
605,2029,2,12.30592250537653,12.308865547180176,0.004846566297699728,12.313712113477875
609,2029,2,12.791358964949923,12.777739524841309,0.02091460731811587,12.798654132159424
613,2029,2,12.474193386571581,12.491307258605957,0.010259614431861365,12.501566873037818
614,2029,2,11.898194668458823,11.662301063537598,0.004846566297699728,11.667147629835297
618,2029,2,11.566475710526321,11.642952919006348,0.004846566297699728,11.647799485304047
623,2029,2,11.813037464800539,11.747520446777344,0.004846566297699728,11.752367013075043
630,2029,2,12.034696963475044,11.930612564086914,0.004846566297699728,11.935459130384613
633,2029,2,11.320565693461432,12.121711730957031,0.004846566297699728,12.12655829725473
648,2029,2,11.951186847493476,11.853690147399902,0.004846566297699728,11.858536713697601
670,2029,2,11.83138646878959,11.66543197631836,0.010262115299014987,11.675694091617375
674,2029,2,12.458778882573533,12.425590515136719,0.013405958307109538,12.438996473443828
682,2029,2,11.979391594635791,11.622151374816895,-0.009699531128157052,11.612451843688737
684,2029,2,12.560247968016562,12.575688362121582,0.004846566297699728,12.580534928419281
686,2029,2,12.242891437918386,12.260663032531738,-0.009699531128157052,12.25096350140358
688,2029,2,11.910365121788654,11.973274230957031,-0.012080808995109051,11.961193421961923
698,2029,2,11.724004532183379,11.749650001525879,0.007990409305794277,11.757640410831673
711,2029,2,10.859018228147887,11.31489372253418,0.002613942515735849,11.317507665049915
713,2029,2,12.149507585033072,12.170485496520996,0.004846566297699728,12.175332062818695
714,2029,2,11.767575435251748,11.544339179992676,0.004846566297699728,11.549185746290375
722,2029,2,11.870606902224587,11.829980850219727,0.004846566297699728,11.834827416517426
727,2029,2,12.310437165348775,12.305598258972168,0.010262115299014987,12.315860374271184
729,2029,2,11.608244735642321,11.803732872009277,0.004846566297699728,11.808579438306976
738,2029,2,12.3879816172226,12.392230987548828,0.004846566297699728,12.397077553846527
748,2029,2,12.491176396967154,12.425046920776367,-0.004421802907205821,12.420625117869161
750,2029,2,11.49273296168228,11.248547554016113,0.0020918852119832087,11.250639439228097
765,2029,2,12.506180941677357,12.423260688781738,0.020912106450962246,12.444172795232701
766,2029,2,12.484208043148733,12.501813888549805,0.013937717700571494,12.515751606250376
767,2029,2,12.188422799337028,12.120434761047363,0.004846566297699728,12.125281327345062
768,2029,2,11.982935344196433,12.059714317321777,0.007990409305794277,12.067704726627571
770,2029,2,13.195615697878253,13.017566680908203,0.052014686704196074,13.069581367612399
774,2029,2,11.648338835562747,11.675493240356445,0.004846566297699728,11.680339806654144
775,2029,2,12.886643575525625,12.629497528076172,0.004846566297699728,12.634344094373871
778,2029,2,11.86710429621008,11.853501319885254,0.004846566297699728,11.858347886182953
786,2029,2,11.992266613576142,11.949796676635742,0.015499058316800613,11.965295734952543
787,2029,2,11.842236406331555,11.801467895507812,0.004846566297699728,11.806314461805512
789,2029,2,11.588969419043874,11.648478507995605,0.007990409305794277,11.6564689173014
793,2029,2,12.505402864156405,12.404749870300293,0.004846566297699728,12.409596436597992
796,2029,2,12.049424683420915,11.988311767578125,0.004846566297699728,11.993158333875824
802,2029,2,11.60733523953139,11.669720649719238,0.007990409305794277,11.677711059025032
808,2029,2,12.317171167298682,12.129087448120117,0.004846566297699728,12.133934014417816
821,2029,2,12.117246896289503,12.13632869720459,0.004846566297699728,12.141175263502289
825,2029,2,12.357079818283598,12.335222244262695,0.004846566297699728,12.340068810560394
834,2029,2,12.025755079404917,11.925607681274414,0.004846566297699728,11.930454247572113
843,2029,2,12.071975378543236,11.94302749633789,0.007990409305794277,11.951017905643685
847,2029,2,12.269052139516223,12.262313842773438,0.004846566297699728,12.267160409071137
848,2029,2,11.80186424743109,11.787930488586426,0.046601638570034444,11.83453212715646
852,2029,2,12.278397958261774,12.241451263427734,-0.009699531128157052,12.231751732299577
855,2029,2,12.04355959836804,11.93780517578125,-0.004792237951757255,11.933012937829492
872,2029,2,12.208574513247495,12.110956192016602,0.004846566297699728,12.1158027583143
882,2029,2,12.141539457711714,12.31074333190918,0.004846566297699728,12.315589898206879
884,2029,2,11.682676678340282,11.521360397338867,-0.02772356367847553,11.493636833660391
887,2029,2,11.884495917930655,12.057157516479492,0.004846566297699728,12.062004082777191
890,2029,2,11.915058360753719,11.96934700012207,-0.004792237951757255,11.964554762170312
899,2029,2,13.323928581764989,13.153624534606934,0.013937717700571494,13.167562252307505
903,2029,2,12.100717685412471,12.118695259094238,0.004846566297699728,12.123541825391937
913,2029,2,11.385103457032141,11.469094276428223,0.007990409305794277,11.477084685734017
924,2029,2,12.170450649220749,12.18575668334961,0.004846566297699728,12.190603249647308
929,2029,2,12.373707715234994,12.401236534118652,0.010259614431861365,12.411496148550514
930,2029,2,12.310437165348775,12.336992263793945,0.004846566297699728,12.341838830091644
934,2029,2,12.154784614286667,12.174336433410645,0.0012950528835450348,12.17563148629419
935,2029,2,12.396697137361691,12.264660835266113,0.007990409305794277,12.272651244571907
942,2029,2,12.273735966890268,12.339020729064941,0.0012950528835450348,12.340315781948487
944,2029,2,11.870606902224587,11.865229606628418,-0.004792237951757255,11.86043736867666
946,2029,2,11.735276702486741,11.879491806030273,-0.007565645915300374,11.871926160114974
950,2029,2,12.193498926601634,12.102558135986328,0.007990409305794277,12.110548545292122
963,2029,2,11.951186847493476,11.9827241897583,-0.009699531128157052,11.973024658630143
969,2029,2,10.542732775946709,10.97571086883545,-0.007565645915300374,10.96814522292015
981,2029,2,12.091789104493502,12.027658462524414,0.010259614431861365,12.037918076956275
983,2029,2,11.982278882874377,12.140365600585938,-0.009699531128157052,12.13066606945778
988,2029,2,12.887129532148373,12.854594230651855,0.013937717700571494,12.868531948352427
995,2029,2,12.729323752253295,12.792729377746582,0.010386204286416801,12.803115582033
996,2029,2,11.7085004721646,11.64697265625,0.007990409305794277,11.654963065555794
998,2029,2,12.128116509451258,11.979127883911133,0.004846566297699728,11.983974450208832
1004,2029,2,11.827049837927534,11.875044822692871,0.004846566297699728,11.87989138899057
1007,2029,2,12.004574385508691,11.9947509765625,0.0020918852119832087,11.996842861774484
1015,2029,2,11.688566422839942,11.702027320861816,0.004846566297699728,11.706873887159515
1016,2029,2,12.33270970174018,12.290383338928223,0.004846566297699728,12.295229905225922
1028,2029,2,12.588194064175278,12.615853309631348,0.00852466956640986,12.624377979197758
1039,2029,2,11.48247656671073,11.610462188720703,-0.009699531128157052,11.600762657592545
1051,2029,2,12.080996832096167,12.158175468444824,0.004846566297699728,12.163022034742523
1056,2029,2,12.100717685412471,12.014962196350098,0.004846566297699728,12.019808762647797
1060,2029,2,12.301387370778713,12.128008842468262,0.013405958307109538,12.14141480077537
1062,2029,2,11.302216779257382,11.26260757446289,0.039834854479109,11.302442428942
1067,2029,2,12.08954444723597,12.043753623962402,0.007990409305794277,12.051744033268196
1069,2029,2,11.927687224983487,12.062994003295898,-0.03736236792793251,12.025631635367965
1073,2029,2,11.424105180165641,11.653985977172852,0.0020918852119832087,11.656077862384835
1079,2029,2,11.956976469393481,11.83319091796875,0.004846566297699728,11.838037484266449
1080,2029,2,11.744045122410057,11.757099151611328,0.004846566297699728,11.761945717909027
1083,2029,2,12.165255859329688,12.19208812713623,0.004846566297699728,12.19693469343393
1087,2029,2,11.332613886815139,11.466931343078613,-0.02307539300681114,11.443855950071802
1088,2029,2,12.437188334739655,12.48324203491211,0.021414110725775024,12.504656145637885
1090,2029,2,12.190964083849375,12.285234451293945,-0.009699531128157052,12.275534920165788
1092,2029,2,11.982935344196433,11.94429874420166,-0.009699531128157052,11.934599213073502
1094,2029,2,11.891368749982085,11.96436595916748,0.02169783419313115,11.986063793360612
1098,2029,2,12.04355959836804,11.926589012145996,0.004846566297699728,11.931435578443695
1105,2029,2,11.571203807011969,11.60261344909668,-0.009699531128157052,11.592913917968522
1107,2029,2,12.100161978566867,12.138766288757324,0.004846566297699728,12.143612855055023
1109,2029,2,12.10625783509458,12.006654739379883,0.004846566297699728,12.011501305677582
1114,2029,2,11.80932691294063,11.808436393737793,0.007990409305794277,11.816426803043587
1116,2029,2,12.669809806411457,12.610360145568848,0.02682715885993666,12.637187304428783
1124,2029,2,11.678448377988165,11.473827362060547,0.004846566297699728,11.478673928358246
1125,2029,2,12.007017865994577,12.007719039916992,0.004846566297699728,12.012565606214691
1127,2029,2,12.066816325306588,12.25186538696289,-0.009699531128157052,12.242165855834733
1130,2029,2,11.849404844423074,11.760041236877441,0.004846566297699728,11.76488780317514
1134,2029,2,12.386312871189734,12.387937545776367,0.004846566297699728,12.392784112074066
1138,2029,2,11.451060699493427,11.379157066345215,-0.007565645915300374,11.371591420429915
1141,2029,2,11.842236406331555,11.758489608764648,0.0248416772012257,11.783331285965874
1155,2029,2,12.215037342290755,12.245580673217773,0.004846566297699728,12.250427239515473
1159,2029,2,12.367889578686164,12.39676284790039,0.004973156152255165,12.401736004052646
1167,2029,2,12.41044511731981,12.365937232971191,0.00852466956640986,12.374461902537602
1169,2029,2,12.367345048436391,12.22620964050293,0.007990409305794277,12.234200049808724
1176,2029,2,12.560247968016562,12.634164810180664,0.004846566297699728,12.639011376478363
1179,2029,2,11.950541482162043,11.805126190185547,0.006710601884860296,11.811836792070407
1193,2029,2,11.736077016252437,11.673933029174805,0.004846566297699728,11.678779595472504
1197,2029,2,12.29779001527865,12.328356742858887,0.004846566297699728,12.333203309156586
1200,2029,2,11.904974309480181,11.814794540405273,0.004846566297699728,11.819641106702973
1202,2029,2,12.19552218463499,12.189285278320312,0.004846566297699728,12.194131844618012
1210,2029,2,12.577639650232573,12.530628204345703,0.004846566297699728,12.535474770643402
1214,2029,2,11.884495917930655,11.66380500793457,0.004846566297699728,11.66865157423227
1217,2029,2,11.626263078808801,11.79153823852539,0.004846566297699728,11.79638480482309
1219,2029,2,11.296024885689746,11.077608108520508,0.004846566297699728,11.082454674818207
1225,2029,2,12.122696471358964,12.172425270080566,0.004846566297699728,12.177271836378265
1229,2029,2,12.813920618864572,12.796095848083496,0.03050526212864679,12.826601110212144
1235,2029,2,11.775297421715827,11.690471649169922,-0.007565645915300374,11.682906003254622
1241,2029,2,12.323415584358154,12.23950481414795,0.004846566297699728,12.244351380445648
1243,2029,2,12.04355959836804,12.053398132324219,0.004846566297699728,12.058244698621918
1245,2029,2,12.345838935721968,12.081659317016602,0.02405845032621042,12.105717767342812
1247,2029,2,12.136191879981927,12.1417875289917,0.004846566297699728,12.146634095289398
1249,2029,2,11.771443882099637,11.86274242401123,0.004846566297699728,11.86758899030893
1252,2029,2,12.053801032483948,12.156862258911133,-0.009699531128157052,12.147162727782975
1257,2029,2,12.616528611893463,12.710535049438477,0.004846566297699728,12.715381615736176
1258,2029,2,11.511934974596555,11.393898010253906,0.004846566297699728,11.398744576551605
1259,2029,2,12.154784614286667,12.11064338684082,0.004846566297699728,12.11548995313852
1262,2029,2,11.766799946849087,11.751502990722656,0.004846566297699728,11.756349557020355
1264,2029,2,12.103491596905931,11.967784881591797,0.004846566297699728,11.972631447889496
1265,2029,2,12.10625783509458,12.0504732131958,0.004846566297699728,12.0553197794935
1270,2029,2,11.87757552297847,11.817270278930664,0.004846566297699728,11.822116845228363
1272,2029,2,12.132162346145595,11.980599403381348,0.018642901324895163,11.999242304706243
1273,2029,2,11.827743504053695,11.806899070739746,0.004846566297699728,11.811745637037445
1279,2029,2,12.37581963951765,12.490408897399902,0.004846566297699728,12.495255463697601
1282,2029,2,12.100717685412471,12.168560028076172,0.004846566297699728,12.173406594373871
1296,2029,2,11.83863282480007,11.790243148803711,0.004846566297699728,11.79508971510141
1297,2029,2,11.951186847493476,11.945116996765137,0.004846566297699728,11.949963563062836
1302,2029,2,12.086731521684555,11.965904235839844,0.013405958307109538,11.979310194146953
1306,2029,2,12.691583538230217,12.688971519470215,0.010259614431861365,12.699231133902076
1311,2029,2,12.721888795877375,12.558446884155273,0.0263276554522775,12.584774539607551
1317,2029,2,12.596403811053621,12.583101272583008,0.013937717700571494,12.597038990283579
1321,2029,2,11.960817678718287,11.91416072845459,0.01274437723108409,11.926905105685673
1329,2029,2,12.45293662970407,12.303406715393066,0.0006188687745766953,12.304025584167643
1339,2029,2,12.206077645517674,12.29468822479248,0.004846566297699728,12.29953479109018
1341,2029,2,11.719947764402807,11.59115219116211,0.004846566297699728,11.595998757459808
1354,2029,2,12.923914877701906,13.011183738708496,0.004846566297699728,13.016030305006195
1368,2029,2,11.751950239425476,11.788053512573242,-0.03826766782078954,11.749785844752452
1375,2029,2,12.429220196836383,12.420305252075195,0.021414110725775024,12.44171936280097
1378,2029,2,11.669937760751914,11.785243034362793,0.004846566297699728,11.790089600660492
1384,2029,2,11.626263078808801,11.918376922607422,0.007990409305794277,11.926367331913216
1389,2029,2,12.84132849667433,12.761353492736816,0.010259614431861365,12.771613107168678
1391,2029,2,12.367345048436391,12.317864418029785,0.004846566297699728,12.322710984327484
1398,2029,2,11.83138646878959,11.764632225036621,0.004846566297699728,11.76947879133432
1401,2029,2,11.695255355062795,11.672281265258789,0.007990409305794277,11.680271674564583
1403,2029,2,12.174994689959313,12.20600700378418,0.004846566297699728,12.210853570081879
1416,2029,2,12.077676615757813,12.361785888671875,-0.009699531128157052,12.352086357543717
1417,2029,2,11.715874472198905,11.711825370788574,-0.007565645915300374,11.704259724873275
1419,2029,2,11.728044909070785,11.809639930725098,0.004846566297699728,11.814486497022797
1423,2029,2,11.824087219587643,11.800084114074707,0.004846566297699728,11.804930680372406
1431,2029,2,12.165984756488543,12.046311378479004,0.004846566297699728,12.051157944776703
1442,2029,2,11.913719681428494,11.845231056213379,0.004846566297699728,11.850077622511078
1445,2029,2,12.098493002763465,12.198755264282227,0.0012950528835450348,12.200050317165772
1446,2029,2,11.767575435251748,11.732095718383789,0.004846566297699728,11.736942284681488
1448,2029,2,12.388398368982115,12.494363784790039,0.004846566297699728,12.499210351087738
3,2029,3,12.317171167298682,12.297660827636719,0.0039748042794979024,12.301635631916216
9,2029,3,11.774527900858468,11.783346176147461,0.01895108312425317,11.802297259271715
12,2029,3,12.75130259456002,12.849983215332031,0.05619165400020432,12.906174869332236
18,2029,3,11.407576060361786,11.576578140258789,0.0039748042794979024,11.580552944538287
31,2029,3,10.596659732783579,11.443755149841309,-0.020454414947753585,11.423300734893555
50,2029,3,11.751950239425476,11.773092269897461,0.0039748042794979024,11.777067074176959
62,2029,3,11.522885696764481,11.558941841125488,0.0039748042794979024,11.562916645404986
65,2029,3,12.299112067295642,12.404505729675293,0.0039748042794979024,12.40848053395479
72,2029,3,11.771443882099637,11.687736511230469,0.0039748042794979024,11.691711315509966
78,2029,3,11.751950239425476,11.68936538696289,0.0039748042794979024,11.693340191242388
88,2029,3,12.010671928196443,11.909976959228516,0.014839642092977228,11.924816601321492
91,2029,3,11.60733523953139,11.489866256713867,0.020260457810747787,11.510126714524615
96,2029,3,12.128116509451258,12.065153121948242,0.0039748042794979024,12.06912792622774
97,2029,3,12.273735966890268,12.280852317810059,0.0039748042794979024,12.284827122089556
98,2029,3,11.459007676978688,11.734840393066406,0.0062641459260878805,11.741104538992493
102,2029,3,12.08954444723597,12.010205268859863,0.0039748042794979024,12.01418007313936
105,2029,3,12.040614105490253,12.007001876831055,-0.03674006847900347,11.970261808352051
114,2029,3,12.28765724080691,12.361891746520996,0.01603379939822425,12.37792554591922
118,2029,3,11.951186847493476,11.864208221435547,0.0039748042794979024,11.868183025715044
119,2029,3,12.676079399771027,12.820672035217285,0.05619165400020432,12.87686368921749
120,2029,3,12.0075668272517,12.069162368774414,0.0039748042794979024,12.073137173053912
138,2029,3,12.049424683420915,12.3273286819458,0.0039748042794979024,12.331303486225298
170,2029,3,12.337105293891872,12.429198265075684,0.009963521865855033,12.439161786941538
188,2029,3,11.813037464800539,11.78215503692627,0.0039748042794979024,11.786129841205767
190,2029,3,12.563750586299374,12.495796203613281,0.009310170421854466,12.505106374035135
191,2029,3,12.660331092405906,12.517129898071289,0.032319452929474135,12.549449351000764
195,2029,3,11.751950239425476,11.7061767578125,0.0039748042794979024,11.710151562091998
199,2029,3,11.552155793461898,11.652705192565918,-0.0028988922405334917,11.649806300325384
210,2029,3,11.884495917930655,11.952380180358887,0.0039748042794979024,11.956354984638384
212,2029,3,12.133507329024972,12.064884185791016,0.014839642092977228,12.079723827883992
223,2029,3,12.100161978566867,12.06722640991211,0.0039748042794979024,12.071201214191607
227,2029,3,12.577639650232573,12.461730003356934,0.0039748042794979024,12.465704807636431
232,2029,3,12.90669432231532,12.757949829101562,0.0039748042794979024,12.76192463338106
236,2029,3,11.402005077384885,11.36483097076416,-0.018080978636517277,11.346749992127643
239,2029,3,12.669809806411457,12.461459159851074,0.0039748042794979024,12.465433964130572
248,2029,3,11.849404844423074,11.877413749694824,0.0039748042794979024,11.881388553974322
255,2029,3,11.884495917930655,11.863676071166992,0.0039748042794979024,11.86765087544649
264,2029,3,11.775297421715827,11.7526273727417,0.0039748042794979024,11.756602177021197
265,2029,3,11.19822841866684,11.400238037109375,0.002665429593003285,11.402903466702378
268,2029,3,12.097936057925594,12.042057037353516,0.0039748042794979024,12.046031841633013
269,2029,3,11.699413330633599,11.66685962677002,0.0039748042794979024,11.670834431049517
270,2029,3,11.904974309480181,11.966861724853516,0.0039748042794979024,11.970836529133013
285,2029,3,12.09626335986454,12.179808616638184,0.0039748042794979024,12.183783420917681
290,2029,3,11.941950837487406,11.842392921447754,0.0039748042794979024,11.846367725727251
295,2029,3,12.025755079404917,12.0507173538208,0.0039748042794979024,12.054692158100298
299,2029,3,12.07254696717504,12.07314395904541,0.0039748042794979024,12.077118763324908
301,2029,3,11.964007453736912,11.982620239257812,0.01603379939822425,11.998654038656037
304,2029,3,11.917730355182513,11.762480735778809,0.0039748042794979024,11.766455540058306
306,2029,3,12.631016799175821,12.614809036254883,0.0039748042794979024,12.61878384053438
310,2029,3,12.793862088206213,12.77383804321289,0.006755509586262632,12.780593552799154
313,2029,3,11.694421681264394,11.799910545349121,0.002665429593003285,11.802575974942124
334,2029,3,12.240478903153711,12.133438110351562,0.0039748042794979024,12.13741291463106
342,2029,3,11.314486721293981,11.345248222351074,-0.03674006847900347,11.30850815387207
361,2029,3,11.957617696467539,11.893964767456055,0.0039748042794979024,11.897939571735552
369,2029,3,11.790564777297387,11.858193397521973,0.0039748042794979024,11.86216820180147
372,2029,3,11.808821212646512,11.634407043457031,-0.03674006847900347,11.597666974978027
380,2029,3,12.095146671399466,12.036067962646484,0.0039748042794979024,12.040042766925982
386,2029,3,12.165255859329688,12.116183280944824,-0.0028988922405334917,12.11328438870429
387,2029,3,11.302216779257382,11.453133583068848,-0.011207282116485882,11.441926300952362
389,2029,3,12.160033942617156,12.174373626708984,0.0039748042794979024,12.178348430988482
390,2029,3,12.962196972666593,13.0167236328125,0.0039748042794979024,13.020698437091998
401,2029,3,12.411056299528171,12.337160110473633,0.020260457810747787,12.35742056828438
404,2029,3,12.460718739865236,12.410541534423828,0.0039748042794979024,12.414516338703326
406,2029,3,11.918397239722838,11.925214767456055,-0.03674006847900347,11.888474698977051
407,2029,3,11.652696102959753,11.633347511291504,0.0039748042794979024,11.637322315571001
417,2029,3,11.915058360753719,11.935117721557617,0.0039748042794979024,11.939092525837115
419,2029,3,11.744045122410057,11.580984115600586,0.0039748042794979024,11.584958919880084
446,2029,3,11.755879486687116,11.935669898986816,0.0039748042794979024,11.939644703266314
448,2029,3,12.20557752297723,12.201931953430176,0.0039748042794979024,12.205906757709673
449,2029,3,11.691080018519527,11.731694221496582,0.0039748042794979024,11.73566902577608
457,2029,3,11.49273296168228,11.311511993408203,0.0039748042794979024,11.3154867976877
461,2029,3,12.481565733211923,12.45914363861084,0.014839642092977228,12.473983280703816
463,2029,3,11.04106411122238,11.735431671142578,0.0039748042794979024,11.739406475422076
468,2029,3,11.89478753335453,11.970645904541016,0.002665429593003285,11.973311334134019
471,2029,3,12.264346270624157,12.336502075195312,0.009310170421854466,12.345812245617166
476,2029,3,11.794345471549745,11.846707344055176,0.0039748042794979024,11.850682148334673
478,2029,3,12.847929163278053,12.911009788513184,0.07038981031910468,12.981399598832288
483,2029,3,11.951186847493476,11.966934204101562,-0.02158138468112116,11.94535281942044
491,2029,3,11.652696102959753,11.652815818786621,-0.009099321144954993,11.643716497641666
496,2029,3,10.460270761075149,11.205048561096191,0.0039748042794979024,11.209023365375689
498,2029,3,12.122696471358964,12.050954818725586,0.0039748042794979024,12.054929623005084
505,2029,3,11.898194668458823,11.882282257080078,-0.0028988922405334917,11.879383364839544
514,2029,3,11.80560254159177,11.882219314575195,0.0039748042794979024,11.886194118854693
516,2029,3,12.90634935052389,12.93925666809082,0.014839642092977228,12.954096310183797
522,2029,3,11.918397239722838,11.917985916137695,0.0039748042794979024,11.921960720417193
526,2029,3,12.07824495582233,12.101250648498535,0.0039748042794979024,12.105225452778033
531,2029,3,12.07254696717504,12.116971015930176,0.0039748042794979024,12.120945820209673
537,2029,3,12.144202560946876,12.216890335083008,0.0039748042794979024,12.220865139362505
544,2029,3,11.798111925972618,11.80093765258789,0.0039748042794979024,11.804912456867388
545,2029,3,12.098854850641,12.239663124084473,0.0039748042794979024,12.24363792836397
547,2029,3,12.25486757159303,12.067667961120605,0.020260457810747787,12.087928418931353
551,2029,3,11.849404844423074,11.778254508972168,0.0039748042794979024,11.782229313251666
554,2029,3,11.58989576532275,11.635459899902344,0.0039748042794979024,11.639434704181841
558,2029,3,11.58989576532275,11.667130470275879,0.0039748042794979024,11.671105274555376
559,2029,3,12.07254696717504,12.220450401306152,0.009044851232852612,12.229495252539005
572,2029,3,11.695255355062795,11.7428617477417,0.0039748042794979024,11.746836552021197
578,2029,3,12.010671928196443,11.943098068237305,0.0039748042794979024,11.947072872516802
587,2029,3,11.775297421715827,11.684232711791992,0.0039748042794979024,11.68820751607149
590,2029,3,11.283524879179666,11.508003234863281,0.0039748042794979024,11.511978039142779
591,2029,3,12.132969552931216,12.148270606994629,0.0039748042794979024,12.152245411274126
597,2029,3,11.648373769145277,11.64467716217041,-0.0028988922405334917,11.641778269929876
615,2029,3,11.231901180182515,11.283382415771484,-0.009099321144954993,11.27428309462653
616,2029,3,11.83138646878959,11.840773582458496,0.006755509586262632,11.84752909204476
619,2029,3,12.659737267217572,12.640542984008789,0.0039748042794979024,12.644517788288287
627,2029,3,11.848690308590857,11.754846572875977,0.0039748042794979024,11.758821377155474
628,2029,3,11.938199736300925,12.038676261901855,0.0039748042794979024,12.042651066181353
640,2029,3,12.485830907348902,12.519980430603027,-0.0028988922405334917,12.517081538362493
642,2029,3,12.328294703023396,12.366779327392578,0.0039748042794979024,12.370754131672076
644,2029,3,11.931642378754141,11.935441970825195,0.0039748042794979024,11.939416775104693
649,2029,3,11.951186847493476,12.002779006958008,0.0039748042794979024,12.006753811237505
651,2029,3,12.235393555399902,12.2357759475708,0.0039748042794979024,12.239750751850298
652,2029,3,11.58989576532275,11.644762992858887,0.002665429593003285,11.64742842245189
653,2029,3,12.160033942617156,12.18545150756836,0.0039748042794979024,12.189426311847857
655,2029,3,12.765691290604371,12.84888744354248,0.006755509586262632,12.855642953128743
656,2029,3,11.385103457032141,11.407451629638672,-0.0028988922405334917,11.404552737398138
660,2029,3,12.025755079404917,11.995715141296387,0.0039748042794979024,11.999689945575884
664,2029,3,11.83138646878959,11.848365783691406,0.0039748042794979024,11.852340587970904
667,2029,3,11.767575435251748,12.169220924377441,0.009963521865855033,12.179184446243296
671,2029,3,12.063938642041201,12.111496925354004,0.0039748042794979024,12.115471729633501
673,2029,3,12.013706813470414,12.057320594787598,0.0039748042794979024,12.061295399067095
675,2029,3,11.849404844423074,11.921759605407715,0.0039748042794979024,11.925734409687212
677,2029,3,11.373674891823535,11.677970886230469,0.0039748042794979024,11.681945690509966
678,2029,3,11.603688960617083,11.612338066101074,0.0039748042794979024,11.616312870380572
679,2029,3,12.827995001361906,12.679887771606445,0.020175008235333785,12.70006277984178
680,2029,3,11.763691965388299,11.7761812210083,0.0039748042794979024,11.780156025287798
694,2029,3,11.59433032142082,11.47611141204834,0.0039748042794979024,11.480086216327837
697,2029,3,11.39640288460621,11.474350929260254,0.0039748042794979024,11.478325733539751
700,2029,3,12.185875040240456,12.114893913269043,0.0039748042794979024,12.11886871754854
705,2029,3,12.269052139516223,12.280990600585938,0.0039748042794979024,12.284965404865435
706,2029,3,10.915106645867503,11.018455505371094,0.0039748042794979024,11.022430309650591
709,2029,3,12.09815887308463,12.112665176391602,0.0039748042794979024,12.1166399806711
712,2029,3,11.54031687156214,11.33247184753418,0.0062641459260878805,11.338735993460267
720,2029,3,11.763691965388299,11.789175987243652,0.006755509586262632,11.795931496829915
721,2029,3,12.524530013005734,12.469966888427734,0.012090875728619194,12.482057764156353
725,2029,3,12.676079399771027,12.638286590576172,0.0039748042794979024,12.64226139485567
726,2029,3,11.699413330633599,11.67680835723877,0.0039748042794979024,11.680783161518267
732,2029,3,12.141539457711714,12.112044334411621,0.0039748042794979024,12.116019138691119
734,2029,3,11.786008995353765,11.788649559020996,0.0039748042794979024,11.792624363300494
735,2029,3,11.58989576532275,11.628101348876953,0.0039748042794979024,11.63207615315645
740,2029,3,12.154784614286667,12.190523147583008,0.0039748042794979024,12.194497951862505
742,2029,3,11.863589378812122,11.80758285522461,0.0039748042794979024,11.811557659504107
749,2029,3,12.469978029554953,12.376602172851562,0.0039748042794979024,12.38057697713106
752,2029,3,11.995357787034976,12.017313003540039,0.0039748042794979024,12.021287807819537
761,2029,3,11.755879486687116,11.705156326293945,0.0039748042794979024,11.709131130573443
769,2029,3,12.28690580994122,12.326298713684082,0.0039748042794979024,12.33027351796358
772,2029,3,11.532737896139919,11.678365707397461,0.0039748042794979024,11.682340511676959
773,2029,3,11.580593459194764,11.826547622680664,0.0039748042794979024,11.830522426960162
776,2029,3,11.995357787034976,11.997159957885742,0.0039748042794979024,12.00113476216524
781,2029,3,12.07824495582233,12.086148262023926,0.0039748042794979024,12.090123066303423
782,2029,3,12.077676615757813,12.086858749389648,0.0039748042794979024,12.090833553669146
783,2029,3,12.139403856983334,12.15608024597168,0.0039748042794979024,12.160055050251177
784,2029,3,12.016732516077072,11.949503898620605,0.0039748042794979024,11.953478702900103
785,2029,3,11.759793355371237,11.856410026550293,0.0039748042794979024,11.86038483082979
806,2029,3,12.335700805443338,12.183076858520508,0.014839642092977228,12.197916500613484
824,2029,3,11.845827048676645,11.885322570800781,0.0039748042794979024,11.889297375080279
831,2029,3,12.019749091416921,11.969623565673828,0.0039748042794979024,11.973598369953326
833,2029,3,12.37581963951765,12.356447219848633,0.0039748042794979024,12.36042202412813
859,2029,3,11.931642378754141,11.887810707092285,0.0039748042794979024,11.891785511371783
864,2029,3,11.794345471549745,11.888046264648438,0.020260457810747787,11.908306722459185
865,2029,3,12.43153750053306,12.161931991577148,0.0039748042794979024,12.165906795856646
867,2029,3,12.424810506025395,12.407763481140137,0.0062641459260878805,12.414027627066224
871,2029,3,11.603688960617083,11.479236602783203,0.0039748042794979024,11.4832114070627
876,2029,3,12.623064399210183,12.669502258300781,0.0039748042794979024,12.673477062580279
879,2029,3,11.904974309480181,11.901387214660645,0.0039748042794979024,11.905362018940142
880,2029,3,11.824087219587643,11.808242797851562,0.0039748042794979024,11.81221760213106
883,2029,3,12.08954444723597,12.08752727508545,0.0039748042794979024,12.091502079364947
893,2029,3,11.947955847790901,11.888479232788086,0.0039748042794979024,11.892454037067584
895,2029,3,11.685693195625964,11.69823932647705,0.0039748042794979024,11.702214130756548
896,2029,3,11.849404844423074,12.028085708618164,0.0039748042794979024,12.032060512897662
897,2029,3,11.575909653758895,11.416437149047852,0.0039748042794979024,11.42041195332735
898,2029,3,11.870278179170796,11.814480781555176,0.0039748042794979024,11.818455585834673
904,2029,3,12.388398368982115,12.35390853881836,0.0062641459260878805,12.360172684744446
909,2029,3,11.782960235741939,11.788052558898926,0.0039748042794979024,11.792027363178423
911,2029,3,11.946660519211651,11.885482788085938,0.0039748042794979024,11.889457592365435
912,2029,3,11.874097282798648,11.889521598815918,0.0039748042794979024,11.893496403095416
915,2029,3,12.065280672855897,11.94158935546875,0.00796594557294584,11.949555301041697
917,2029,3,10.471978128496518,11.117053985595703,-0.011207282116485882,11.105846703479218
919,2029,3,12.380030154325457,12.518007278442383,0.0039748042794979024,12.52198208272188
922,2029,3,11.890683588496984,12.023409843444824,0.05619165400020432,12.07960149744503
923,2029,3,12.043500773454495,12.063730239868164,0.0039748042794979024,12.067705044147662
939,2029,3,12.387560521575551,12.427360534667969,0.0039748042794979024,12.431335338947466
940,2029,3,12.406565597924235,12.427955627441406,0.0039748042794979024,12.431930431720904
943,2029,3,11.918397239722838,11.855205535888672,0.04379027291098527,11.898995808799658
947,2029,3,11.870606902224587,11.943987846374512,0.0039748042794979024,11.94796265065401
949,2029,3,12.167856627501678,12.243875503540039,0.0039748042794979024,12.247850307819537
951,2029,3,11.767575435251748,11.837682723999023,0.0039748042794979024,11.841657528278521
953,2029,3,11.804855999911272,11.806541442871094,0.0039748042794979024,11.810516247150591
956,2029,3,11.884495917930655,11.98226547241211,0.018323141044814226,12.000588613456923
959,2029,3,12.128116509451258,12.195134162902832,0.0039748042794979024,12.19910896718233
961,2029,3,11.665655135642039,11.731610298156738,0.006755509586262632,11.738365807743001
974,2029,3,12.111767460549332,12.186861991882324,0.0039748042794979024,12.190836796161822
991,2029,3,12.759960632315702,12.642297744750977,0.0039748042794979024,12.646272549030474
999,2029,3,11.418625774449598,11.37792682647705,-0.03674006847900347,11.341186757998047
1000,2029,3,12.235636302128867,12.160723686218262,0.0039748042794979024,12.16469849049776
1008,2029,3,11.385103457032141,11.356693267822266,-0.04981419390345637,11.30687907391881
1011,2029,3,11.813037464800539,11.786027908325195,0.0039748042794979024,11.790002712604693
1013,2029,3,12.013706813470414,12.025545120239258,0.01603379939822425,12.041578919637482
1014,2029,3,11.350418300109132,11.587909698486328,-0.03674006847900347,11.551169630007324
1022,2029,3,12.175618592671356,12.240936279296875,0.0039748042794979024,12.244911083576373
1029,2029,3,11.561725152903833,11.764839172363281,0.002665429593003285,11.767504601956285
1030,2029,3,11.678448377988165,11.657305717468262,-0.0028988922405334917,11.654406825227728
1040,2029,3,11.289794413577894,11.348199844360352,-0.04981419390345637,11.298385650456895
1044,2029,3,12.47717172708952,12.456155776977539,0.0039748042794979024,12.460130581257037
1045,2029,3,12.535379989788607,12.710747718811035,0.026249175397104915,12.73699689420814
1046,2029,3,11.846543632608535,11.672346115112305,0.020260457810747787,11.692606572923053
1052,2029,3,12.206782393599413,12.17383098602295,0.0039748042794979024,12.177805790302447
1053,2029,3,12.013706813470414,12.04948902130127,0.002665429593003285,12.052154450894273
1064,2029,3,11.612779849672751,11.816061973571777,0.002665429593003285,11.81872740316478
1071,2029,3,11.813037464800539,11.805871963500977,0.0039748042794979024,11.809846767780474
1072,2029,3,11.944714374881176,11.948620796203613,0.0039748042794979024,11.95259560048311
1074,2029,3,11.979805470779858,11.875799179077148,0.0039748042794979024,11.879773983356646
1091,2029,3,11.439289689006644,11.353372573852539,-0.020454414947753585,11.332918158904786
1093,2029,3,11.824087219587643,11.959663391113281,0.0039748042794979024,11.963638195392779
1095,2029,3,11.767575435251748,11.79531192779541,0.0039748042794979024,11.799286732074908
1097,2029,3,11.751950239425476,11.711183547973633,0.0039748042794979024,11.71515835225313
1099,2029,3,11.759793355371237,11.629903793334961,0.0039748042794979024,11.633878597614459
1101,2029,3,11.002116507732017,11.152159690856934,0.0039748042794979024,11.156134495136431
1102,2029,3,11.691080018519527,11.679244995117188,0.0039748042794979024,11.683219799396685
1104,2029,3,11.979805470779858,11.945900917053223,0.020260457810747787,11.96616137486397
1110,2029,3,12.54254845357358,12.625666618347168,0.0039748042794979024,12.629641422626666
1113,2029,3,11.774527900858468,11.743854522705078,0.0039748042794979024,11.747829326984576
1115,2029,3,11.669937760751914,11.751694679260254,0.0039748042794979024,11.755669483539751
1123,2029,3,11.626263078808801,11.336912155151367,-0.011207282116485882,11.325704873034882
1126,2029,3,11.652696102959753,11.595535278320312,0.0039748042794979024,11.59951008259981
1132,2029,3,11.44572741040675,11.50731372833252,0.0039748042794979024,11.511288532612017
1142,2029,3,12.193498926601634,12.14345645904541,0.0039748042794979024,12.147431263324908
1144,2029,3,11.289794413577894,11.433351516723633,-0.011207282116485882,11.422144234607147
1146,2029,3,11.91170829631447,11.747956275939941,0.0039748042794979024,11.751931080219439
1149,2029,3,11.669082701743504,11.654712677001953,0.0039748042794979024,11.65868748128145
1152,2029,3,11.917730355182513,11.958545684814453,-0.03674006847900347,11.92180561633545
1153,2029,3,12.345838935721968,12.213994026184082,0.01603379939822425,12.230027825582306
1158,2029,3,12.345838935721968,12.240690231323242,0.0039748042794979024,12.24466503560274
1165,2029,3,12.175618592671356,12.136313438415527,0.006755509586262632,12.14306894800179
1166,2029,3,12.359527368950229,12.2494535446167,0.014839642092977228,12.264293186709676
1171,2029,3,12.049424683420915,11.914253234863281,0.0039748042794979024,11.918228039142779
1175,2029,3,12.384223015005313,12.245797157287598,0.01603379939822425,12.261830956685822
1180,2029,3,11.440365524765756,11.458487510681152,0.0039748042794979024,11.46246231496065
1183,2029,3,13.521140839642674,13.025856971740723,0.12260666003981108,13.148463631780533
1184,2029,3,11.695255355062795,11.877065658569336,0.0039748042794979024,11.881040462848834
1191,2029,3,12.031725210748633,12.065836906433105,-0.03674006847900347,12.029096837954102
1194,2029,3,12.013706813470414,12.014649391174316,0.0039748042794979024,12.018624195453814
1206,2029,3,12.513193308436527,12.568828582763672,0.0039748042794979024,12.57280338704317
1207,2029,3,11.580593459194764,11.698387145996094,-0.03674006847900347,11.66164707751709
1211,2029,3,12.149507585033072,12.178332328796387,0.0039748042794979024,12.182307133075884
1215,2029,3,11.80932691294063,11.801488876342773,0.0039748042794979024,11.805463680622271
1222,2029,3,11.80560254159177,11.74063777923584,0.0039748042794979024,11.744612583515337
1226,2029,3,11.884495917930655,11.822561264038086,0.0039748042794979024,11.826536068317584
1228,2029,3,11.898194668458823,11.883391380310059,0.0039748042794979024,11.887366184589556
1230,2029,3,11.751950239425476,11.875547409057617,0.020260457810747787,11.895807866868365
1232,2029,3,11.794345471549745,11.89354133605957,0.0039748042794979024,11.897516140339068
1237,2029,3,12.075400019877522,12.003246307373047,-0.0028988922405334917,12.000347415132513
1239,2029,3,11.86710429621008,11.81672477722168,0.0039748042794979024,11.820699581501177
1248,2029,3,12.042971193457888,11.853154182434082,0.0039748042794979024,11.85712898671358
1250,2029,3,11.686887175419702,11.718145370483398,0.0039748042794979024,11.722120174762896
1254,2029,3,12.591338447675579,12.557908058166504,0.006755509586262632,12.564663567752767
1256,2029,3,11.755879486687116,11.791337013244629,0.0039748042794979024,11.795311817524126
1285,2029,3,12.037659911047468,12.115270614624023,0.0039748042794979024,12.119245418903521
1294,2029,3,12.000897933306716,12.113154411315918,0.0039748042794979024,12.117129215595416
1299,2029,3,11.982935344196433,12.80073356628418,0.1561331571387141,12.956866723422893
1303,2029,3,12.577639650232573,12.671042442321777,0.0039748042794979024,12.675017246601275
1308,2029,3,11.835016210489899,11.827942848205566,0.0039748042794979024,11.831917652485064
1310,2029,3,12.09626335986454,12.07862663269043,0.0039748042794979024,12.082601436969927
1313,2029,3,12.618185607609803,12.643402099609375,0.0039748042794979024,12.647376903888873
1314,2029,3,12.716405147731708,12.725614547729492,0.0039748042794979024,12.72958935200899
1316,2029,3,12.239995696974733,12.104137420654297,0.0039748042794979024,12.108112224933794
1319,2029,3,12.524530013005734,12.485740661621094,0.006755509586262632,12.492496171207357
1323,2029,3,12.154784614286667,12.291910171508789,0.0039748042794979024,12.295884975788287
1332,2029,3,11.794345471549745,11.796581268310547,0.0039748042794979024,11.800556072590044
1347,2029,3,12.47801017053037,12.498269081115723,0.020260457810747787,12.51852953892647
1350,2029,3,11.711784520403112,11.944957733154297,-0.02158138468112116,11.923376348473175
1355,2029,3,12.367345048436391,12.399842262268066,0.0039748042794979024,12.403817066547564
1356,2029,3,12.04355959836804,12.166058540344238,0.0039748042794979024,12.170033344623736
1357,2029,3,11.608244735642321,11.684213638305664,0.0039748042794979024,11.688188442585162
1361,2029,3,12.149507585033072,12.129526138305664,0.0039748042794979024,12.133500942585162
1365,2029,3,11.878630514504515,11.878679275512695,-0.0028988922405334917,11.875780383272161
1366,2029,3,12.283038316285214,12.25925064086914,0.0039748042794979024,12.263225445148638
1369,2029,3,11.87757552297847,11.847404479980469,0.0039748042794979024,11.851379284259966
1371,2029,3,11.561725152903833,11.604093551635742,0.002665429593003285,11.606758981228745
1372,2029,3,12.016732516077072,12.092242240905762,0.0039748042794979024,12.09621704518526
1373,2029,3,12.521981322562505,12.445931434631348,0.0039748042794979024,12.449906238910845
1377,2029,3,11.418625774449598,11.450873374938965,0.0039748042794979024,11.454848179218462
1396,2029,3,12.546871224308068,12.543041229248047,0.006755509586262632,12.54979673883431
1399,2029,3,11.835016210489899,11.84253215789795,-0.03674006847900347,11.805792089418945
1409,2029,3,11.74006900564972,11.6251802444458,0.0039748042794979024,11.629155048725298
1414,2029,3,12.456835254920371,12.452713966369629,0.0039748042794979024,12.456688770649126
1427,2029,3,12.509877789891931,12.384706497192383,0.0039748042794979024,12.38868130147188
1437,2029,3,11.699413330633599,11.691990852355957,0.0039748042794979024,11.695965656635455
1438,2029,3,12.885673487343764,12.798428535461426,0.014839642092977228,12.813268177554402
1439,2029,3,11.916395250412128,11.930167198181152,0.002665429593003285,11.932832627774156
1440,2029,3,12.190964083849375,12.103462219238281,0.0039748042794979024,12.107437023517779
1457,2029,3,12.25486757159303,12.207716941833496,0.0039748042794979024,12.211691746112994
1459,2029,3,11.864469267087891,11.824789047241211,0.0039748042794979024,11.828763851520709
4,2029,4,11.849404844423074,12.03890323638916,0.022926267447166197,12.061829503836327
5,2029,4,12.429220196836383,12.616084098815918,0.003849427734347055,12.619933526550264
7,2029,4,12.634606283893019,12.539692878723145,0.003849427734347055,12.543542306457491
11,2029,4,11.771443882099637,11.756604194641113,0.003849427734347055,11.76045362237546
23,2029,4,12.345838935721968,12.410120010375977,0.003849427734347055,12.413969438110323
26,2029,4,12.454107814022272,12.438212394714355,0.003849427734347055,12.442061822448702
27,2029,4,11.811554895830454,11.858781814575195,0.003849427734347055,11.862631242309542
28,2029,4,12.631343648903034,12.588987350463867,0.003849427734347055,12.592836778198214
30,2029,4,11.134603622683905,11.070569038391113,-0.0007154905712721843,11.069853547819841
37,2029,4,11.884495917930655,11.894185066223145,0.003849427734347055,11.898034493957491
38,2029,4,11.938199736300925,11.900856971740723,0.003849427734347055,11.904706399475069
39,2029,4,11.599112335481124,11.796181678771973,0.003849427734347055,11.800031106506319
40,2029,4,11.314486721293981,11.33564281463623,0.001106102199257854,11.336748916835488
41,2029,4,11.982935344196433,11.914948463439941,0.003849427734347055,11.918797891174288
43,2029,4,11.87757552297847,11.86900806427002,0.003849427734347055,11.872857492004366
44,2029,4,11.777218637129327,11.812250137329102,0.003849427734347055,11.816099565063448
53,2029,4,11.608244735642321,11.549891471862793,-0.0012896175593697132,11.548601854303424
55,2029,4,11.775297421715827,11.697641372680664,0.003849427734347055,11.70149080041501
70,2029,4,12.323860125621126,12.339603424072266,-0.010119097587315167,12.32948432648495
80,2029,4,11.608244735642321,11.682398796081543,0.0024706455383390297,11.684869441619883
103,2029,4,11.68658461118553,11.683320999145508,0.001106102199257854,11.684427101344765
108,2029,4,11.652696102959753,11.534194946289062,0.003849427734347055,11.538044374023409
124,2029,4,11.944064817531656,11.97443962097168,0.003849427734347055,11.978289048706026
128,2029,4,11.373674891823535,11.402974128723145,-0.0012896175593697132,11.401684511163776
130,2029,4,11.918397239722838,11.885802268981934,0.006032342512171379,11.891834611494104
133,2029,4,11.923384748066601,11.935114860534668,0.003849427734347055,11.938964288269014
142,2029,4,12.468440756144114,12.45457935333252,0.003849427734347055,12.458428781066866
143,2029,4,12.019749091416921,11.745039939880371,-0.021567874920700038,11.72347206495967
149,2029,4,11.856522261533737,11.949981689453125,0.003849427734347055,11.953831117187471
152,2029,4,12.827731880206521,12.656367301940918,0.003849427734347055,12.660216729675264
156,2029,4,11.277215789596893,11.246862411499023,-0.0037721236415501932,11.243090287857473
161,2029,4,11.998439434579149,11.988788604736328,0.003849427734347055,11.992638032470675
162,2029,4,12.929993908996359,12.89909553527832,0.003849427734347055,12.902944963012667
163,2029,4,12.301387370778713,12.373678207397461,0.003849427734347055,12.377527635131807
166,2029,4,11.755879486687116,11.753552436828613,0.001106102199257854,11.75465853902787
169,2029,4,12.119975396053194,12.207371711730957,0.003849427734347055,12.211221139465303
174,2029,4,12.001511614739405,11.957802772521973,0.003849427734347055,11.961652200256319
176,2029,4,12.400820837540556,12.265320777893066,0.007676653691834674,12.272997431584901
184,2029,4,12.206077645517674,12.33950424194336,0.007676653691834674,12.347180895635194
185,2029,4,11.751950239425476,11.66055965423584,0.00641053167674812,11.666970185912588
196,2029,4,11.908346971208951,11.911572456359863,-0.0021551728082266778,11.909417283551637
205,2029,4,11.608244735642321,11.605813026428223,-0.01352477497046358,11.59228825145776
208,2029,4,11.856522261533737,11.814897537231445,0.003849427734347055,11.818746964965792
213,2029,4,12.439875187430008,12.397099494934082,0.0051397526115596216,12.402239247545642
217,2029,4,12.25486757159303,12.223750114440918,0.003849427734347055,12.227599542175264
221,2029,4,12.230282214644559,12.308022499084473,0.003849427734347055,12.311871926818819
224,2029,4,11.48247656671073,11.699702262878418,0.003849427734347055,11.703551690612764
225,2029,4,12.864242696187505,12.851397514343262,0.005246688064889904,12.856644202408152
233,2029,4,11.456365695436427,11.490567207336426,-0.012940983091600283,11.477626224244826
235,2029,4,12.285350445351659,12.292038917541504,0.003849427734347055,12.29588834527585
237,2029,4,12.130815551850676,12.167773246765137,0.003849427734347055,12.171622674499483
242,2029,4,11.612779849672751,11.479055404663086,0.003849427734347055,11.482904832397432
244,2029,4,11.695255355062795,11.8408203125,0.003849427734347055,11.844669740234346
253,2029,4,12.06105265381003,12.087939262390137,0.003849427734347055,12.091788690124483
256,2029,4,12.345838935721968,12.3388090133667,0.003849427734347055,12.342658441101046
260,2029,4,11.48247656671073,11.504717826843262,0.011305637038699195,11.516023463881961
274,2029,4,11.842236406331555,12.00847339630127,0.003849427734347055,12.012322824035616
280,2029,4,12.165255859329688,12.1943998336792,0.003849427734347055,12.198249261413546
282,2029,4,12.128116509451258,12.117308616638184,0.003849427734347055,12.12115804437253
284,2029,4,12.407383590534293,12.367422103881836,0.006537012942102471,12.373959116823938
293,2029,4,11.782960235741939,11.863310813903809,-0.021402532849154925,11.841908281054653
294,2029,4,12.367345048436391,12.380309104919434,0.003849427734347055,12.38415853265378
300,2029,4,11.973516181427835,12.00749683380127,0.023601392123713386,12.031098225924984
303,2029,4,12.230770136157428,12.355764389038086,0.003849427734347055,12.359613816772432
311,2029,4,12.017336559562407,12.114906311035156,0.003849427734347055,12.118755738769503
314,2029,4,12.834683971615659,12.48453426361084,0.10495833248941297,12.589492596100254
318,2029,4,12.506180941677357,12.496499061584473,0.005246688064889904,12.501745749649363
323,2029,4,12.614868865984631,12.559687614440918,0.007676653691834674,12.567364268132753
326,2029,4,11.373674891823535,11.317831993103027,0.006032342512171379,11.323864335615198
328,2029,4,11.886218559372042,11.907573699951172,0.003849427734347055,11.911423127685518
329,2029,4,12.276069679344003,12.103053092956543,-0.0012794575296459965,12.101773635426897
332,2029,4,11.842236406331555,11.843308448791504,0.003849427734347055,11.84715787652585
335,2029,4,12.165255859329688,12.157301902770996,0.003849427734347055,12.161151330505342
338,2029,4,12.273735966890268,12.29922103881836,0.003849427734347055,12.303070466552706
339,2029,4,12.218500103788143,12.274115562438965,0.003849427734347055,12.277964990173311
343,2029,4,11.37940550085183,11.439179420471191,-0.02414585838424413,11.415033562086947
345,2029,4,11.350418300109132,11.479880332946777,-0.03089088293670299,11.448989450010075
355,2029,4,11.849404844423074,11.955881118774414,0.003849427734347055,11.95973054650876
356,2029,4,12.086731521684555,12.099358558654785,0.003849427734347055,12.103207986389132
359,2029,4,11.775297421715827,11.71614933013916,-0.024358663365047373,11.691790666774112
367,2029,4,11.976665770490767,11.974493026733398,0.003849427734347055,11.978342454467745
368,2029,4,12.013706813470414,11.951682090759277,0.003849427734347055,11.955531518493624
370,2029,4,11.995357787034976,11.987871170043945,0.003849427734347055,11.991720597778292
374,2029,4,11.719947764402807,11.737759590148926,0.003849427734347055,11.741609017883272
382,2029,4,12.142871895843887,12.240288734436035,0.003849427734347055,12.244138162170382
392,2029,4,12.278397958261774,12.273183822631836,0.003849427734347055,12.277033250366182
397,2029,4,11.719947764402807,11.741724014282227,0.003849427734347055,11.745573442016573
399,2029,4,11.112462823634855,11.441473960876465,0.003849427734347055,11.445323388610811
400,2029,4,12.392556361841777,12.263222694396973,0.003849427734347055,12.267072122131319
402,2029,4,12.013646205940514,12.150763511657715,0.003849427734347055,12.154612939392061
405,2029,4,12.031725210748633,12.057320594787598,0.003849427734347055,12.061170022521944
414,2029,4,11.652696102959753,11.613181114196777,-0.0037721236415501932,11.609408990555227
415,2029,4,12.337105293891872,12.39505386352539,0.003849427734347055,12.398903291259737
416,2029,4,12.106997888588934,12.195371627807617,0.003849427734347055,12.199221055541964
423,2029,4,11.635151947212842,11.651643753051758,0.03726512237387127,11.688908875425629
430,2029,4,12.07254696717504,12.078537940979004,0.003849427734347055,12.08238736871335
442,2029,4,11.678448377988165,11.648673057556152,-0.02414585838424413,11.624527199171908
451,2029,4,11.608244735642321,11.62050724029541,0.006707467188718561,11.627214707484129
456,2029,4,12.075400019877522,12.029688835144043,0.003849427734347055,12.03353826287839
458,2029,4,12.45293662970407,12.146063804626465,0.044886673749768534,12.190950478376234
459,2029,4,11.989165855127435,11.995091438293457,0.003849427734347055,11.998940866027803
464,2029,4,12.147919030759663,12.10563850402832,0.020743352669341873,12.126381856697662
466,2029,4,12.093693109638318,12.04232406616211,-0.0009922876346848642,12.041331778527425
467,2029,4,12.025755079404917,12.01111125946045,0.003849427734347055,12.014960687194796
469,2029,4,12.429220196836383,12.432453155517578,0.003849427734347055,12.436302583251925
472,2029,4,12.154784614286667,12.140129089355469,0.006032342512171379,12.14616143186764
474,2029,4,12.994532278619134,12.819643020629883,0.005246688064889904,12.824889708694773
475,2029,4,12.433212202169729,12.399113655090332,0.007193162182934013,12.406306817273267
477,2029,4,12.249615734512616,12.208839416503906,0.003849427734347055,12.212688844238253
480,2029,4,11.401681006153428,11.669486999511719,0.003849427734347055,11.673336427246065
482,2029,4,12.832013750189885,12.781402587890625,0.003849427734347055,12.785252015624971
484,2029,4,12.00762780434872,11.986251831054688,0.003849427734347055,11.990101258789034
487,2029,4,11.957617696467539,11.879470825195312,0.003849427734347055,11.883320252929659
500,2029,4,11.695255355062795,11.7606201171875,0.006032342512171379,11.76665245969967
504,2029,4,12.574185427296195,12.452167510986328,0.031057601428065525,12.483225112414393
510,2029,4,11.732069026983156,11.858406066894531,0.003849427734347055,11.862255494628878
511,2029,4,12.013100572810686,12.002389907836914,0.003849427734347055,12.00623933557126
513,2029,4,11.774527900858468,11.707173347473145,0.003849427734347055,11.711022775207491
515,2029,4,11.477308649967686,11.468062400817871,0.020743352669341873,11.488805753487213
518,2029,4,12.487488878546145,12.530506134033203,0.007676653691834674,12.538182787725038
519,2029,4,12.259618151783465,12.18078327178955,0.003849427734347055,12.184632699523897
525,2029,4,12.662709207270272,12.562376976013184,0.003849427734347055,12.56622640374753
528,2029,4,13.008661502470739,12.916203498840332,0.0051397526115596216,12.921343251451892
535,2029,4,12.08954444723597,12.14587688446045,0.003849427734347055,12.149726312194796
546,2029,4,12.34148164933907,12.402173042297363,0.003849427734347055,12.40602247003171
563,2029,4,11.58989576532275,11.67723274230957,0.003849427734347055,11.681082170043917
564,2029,4,12.128116509451258,12.112588882446289,0.003849427734347055,12.116438310180635
565,2029,4,12.498745990829315,12.491222381591797,0.003849427734347055,12.495071809326143
573,2029,4,12.32163544049751,12.237671852111816,0.0051397526115596216,12.242811604723377
576,2029,4,11.682676678340282,11.651908874511719,0.003849427734347055,11.655758302246065
584,2029,4,12.691583538230217,12.668564796447754,0.0008592348977537224,12.669424031345507
595,2029,4,11.608244735642321,11.664170265197754,0.003849427734347055,11.6680196929321
602,2029,4,11.856522261533737,11.761394500732422,0.006032342512171379,11.767426843244593
625,2029,4,12.014615485902027,11.97889518737793,0.003849427734347055,11.982744615112276
634,2029,4,11.845109950883979,11.905782699584961,0.003849427734347055,11.909632127319307
637,2029,4,11.002116507732017,10.880020141601562,-0.016844698221075455,10.863175443380488
638,2029,4,11.440365524765756,11.585577011108398,-0.02414585838424413,11.561431152724154
639,2029,4,11.350418300109132,11.476176261901855,0.004653560316163352,11.480829822218018
645,2029,4,12.823631142839984,12.75975513458252,0.0051397526115596216,12.76489488719408
647,2029,4,11.495789479023493,11.4893217086792,0.003849427734347055,11.493171136413546
657,2029,4,11.8879382384223,11.90536880493164,0.003849427734347055,11.909218232665987
661,2029,4,12.19552218463499,12.222981452941895,0.006032342512171379,12.229013795454065
663,2029,4,11.608244735642321,11.881780624389648,-0.01792654490511304,11.863854079484536
666,2029,4,12.348010479804223,12.427163124084473,0.003849427734347055,12.431012551818819
668,2029,4,12.173037959397275,12.235772132873535,0.003849427734347055,12.239621560607882
669,2029,4,12.031725210748633,11.987287521362305,0.003849427734347055,11.991136949096651
683,2029,4,12.06105265381003,12.075045585632324,-0.0009922876346848642,12.07405329799764
685,2029,4,12.30592250537653,12.245258331298828,0.003849427734347055,12.249107759033175
687,2029,4,12.336556900342153,12.270037651062012,0.003849427734347055,12.273887078796358
689,2029,4,12.879019669789754,12.355157852172852,0.007193162182934013,12.362351014355786
699,2029,4,11.83863282480007,11.830018043518066,0.006707467188718561,11.836725510706785
702,2029,4,11.849404844423074,11.908175468444824,0.003849427734347055,11.91202489617917
715,2029,4,11.779136168550774,12.107629776000977,0.006707467188718561,12.114337243189695
718,2029,4,11.964007453736912,11.971715927124023,0.003849427734347055,11.97556535485837
731,2029,4,12.373707715234994,12.432269096374512,0.01102038814042163,12.443289484514933
739,2029,4,12.095146671399466,11.837015151977539,0.003849427734347055,11.840864579711885
753,2029,4,12.28765724080691,12.218099594116211,0.003849427734347055,12.221949021850557
754,2029,4,12.526346537332584,12.512746810913086,0.003849427734347055,12.516596238647432
757,2029,4,12.264346270624157,12.258125305175781,0.003849427734347055,12.261974732910128
758,2029,4,11.97603664577121,11.976147651672363,0.003849427734347055,11.97999707940671
759,2029,4,12.097378802727306,12.007376670837402,-0.0021551728082266778,12.005221498029176
760,2029,4,12.577639650232573,12.64175796508789,0.003849427734347055,12.645607392822237
762,2029,4,11.51293546492023,11.556950569152832,0.004931274418384641,11.561881843571216
777,2029,4,12.308182383129823,12.306689262390137,0.003849427734347055,12.310538690124483
780,2029,4,11.813037464800539,11.908141136169434,0.003849427734347055,11.91199056390378
788,2029,4,12.358798024384122,12.348939895629883,0.003849427734347055,12.35278932336423
790,2029,4,12.141539457711714,12.248612403869629,-0.0043493671579519725,12.244263036711677
803,2029,4,12.149507585033072,12.157590866088867,0.003849427734347055,12.161440293823214
805,2029,4,11.678448377988165,11.640938758850098,0.003849427734347055,11.644788186584444
807,2029,4,11.816734299348461,11.767240524291992,0.003849427734347055,11.771089952026339
809,2029,4,11.982622797311857,11.859857559204102,0.003849427734347055,11.863706986938448
810,2029,4,11.571203807011969,11.753612518310547,0.0024706455383390297,11.756083163848887
811,2029,4,12.10625783509458,12.085246086120605,0.003849427734347055,12.089095513854952
812,2029,4,11.881041706925902,11.895807266235352,0.003849427734347055,11.899656693969698
813,2029,4,10.932999821119937,11.326430320739746,0.003849427734347055,11.330279748474092
814,2029,4,11.969723533345908,12.002667427062988,0.003849427734347055,12.006516854797335
820,2029,4,12.319405795112926,12.288999557495117,0.0051397526115596216,12.294139310106678
826,2029,4,12.861001210669146,12.972025871276855,0.005246688064889904,12.977272559341746
832,2029,4,11.92504173829169,11.93313217163086,-0.004456137846517369,11.928676033784342
841,2029,4,11.849404844423074,11.759281158447266,0.008890381966542881,11.768171540413809
844,2029,4,11.856522261533737,11.807479858398438,-0.02431120045578924,11.783168657942648
845,2029,4,11.944064817531656,11.858121871948242,-0.0009140841871786879,11.857207787761064
850,2029,4,12.138869243416009,12.068275451660156,0.003849427734347055,12.072124879394503
854,2029,4,11.970356641102999,12.021103858947754,0.003849427734347055,12.0249532866821
857,2029,4,11.898194668458823,11.9531831741333,0.003849427734347055,11.957032601867647
858,2029,4,12.066816325306588,11.998231887817383,0.003849427734347055,12.00208131555173
860,2029,4,12.429220196836383,12.369980812072754,0.003849427734347055,12.3738302398071
869,2029,4,12.037659911047468,12.000850677490234,0.007676653691834674,12.00852733118207
878,2029,4,12.765691290604371,12.78498649597168,0.003849427734347055,12.788835923706026
894,2029,4,12.013706813470414,11.911881446838379,0.003849427734347055,11.915730874572725
900,2029,4,11.813037464800539,11.795223236083984,0.003849427734347055,11.79907266381833
906,2029,4,11.759793355371237,11.788405418395996,0.003849427734347055,11.792254846130342
910,2029,4,12.066816325306588,12.063946723937988,0.003849427734347055,12.067796151672335
914,2029,4,11.884495917930655,11.850666046142578,0.012860981840535914,11.863527027983114
920,2029,4,12.081081821061819,12.059245109558105,0.006707467188718561,12.065952576746824
926,2029,4,12.07254696717504,11.976241111755371,0.003849427734347055,11.980090539489717
957,2029,4,11.728044909070785,11.756869316101074,-0.020334425133662223,11.736534890967413
962,2029,4,12.513561021741964,12.495593070983887,0.003849427734347055,12.499442498718233
967,2029,4,11.982935344196433,11.885045051574707,0.012941119754809544,11.897986171329517
968,2029,4,11.813037464800539,11.808467864990234,0.003849427734347055,11.81231729272458
970,2029,4,11.849404844423074,11.724207878112793,0.003849427734347055,11.72805730584714
972,2029,4,12.06105265381003,11.997397422790527,-0.014687660144005394,11.982709762646522
980,2029,4,11.842236406331555,11.810306549072266,0.003849427734347055,11.814155976806612
982,2029,4,12.724869415131389,12.70649242401123,0.007676653691834674,12.714169077703065
986,2029,4,11.736077016252437,11.71747875213623,0.003849427734347055,11.721328179870577
990,2029,4,12.190964083849375,12.15847110748291,0.003849427734347055,12.162320535217257
992,2029,4,12.031725210748633,12.169116020202637,-0.0051509058375582215,12.163965114365078
1009,2029,4,12.388398368982115,12.416067123413086,0.003849427734347055,12.419916551147432
1019,2029,4,11.982935344196433,12.013971328735352,0.003849427734347055,12.017820756469698
1020,2029,4,12.271349956195543,12.169764518737793,-0.01352477497046358,12.15623974376733
1024,2029,4,12.160033942617156,12.133909225463867,-0.006131332928401636,12.127777892535466
1025,2029,4,12.567240979056246,12.618056297302246,0.003849427734347055,12.621905725036592
1026,2029,4,11.630717389475995,11.734417915344238,0.003849427734347055,11.738267343078585
1027,2029,4,12.02874460037869,11.815049171447754,0.003849427734347055,11.8188985991821
1036,2029,4,11.338583982516495,11.413686752319336,-0.015263357284297464,11.398423395035039
1038,2029,4,12.567240979056246,12.535051345825195,0.009073914022377522,12.544125259847572
1042,2029,4,12.06105265381003,12.033487319946289,0.006707467188718561,12.040194787135007
1048,2029,4,11.884495917930655,11.84183406829834,0.003849427734347055,11.845683496032686
1055,2029,4,12.449022745701502,12.52731704711914,0.003849427734347055,12.531166474853487
1070,2029,4,11.813037464800539,11.798225402832031,0.003849427734347055,11.802074830566378
1078,2029,4,11.840796531639839,11.78052806854248,0.003849427734347055,11.784377496276827
1081,2029,4,11.884495917930655,12.073123931884766,0.003849427734347055,12.076973359619112
1085,2029,4,12.141539457711714,12.151263236999512,0.003849427734347055,12.155112664733858
1086,2029,4,11.898194668458823,11.971406936645508,0.003849427734347055,11.975256364379854
1103,2029,4,11.813037464800539,11.819494247436523,0.003849427734347055,11.82334367517087
1117,2029,4,12.123239799036943,12.146124839782715,0.003849427734347055,12.149974267517061
1118,2029,4,11.775297421715827,11.813811302185059,0.003849427734347055,11.817660729919405
1122,2029,4,12.268582547911404,12.337920188903809,0.003849427734347055,12.341769616638155
1131,2029,4,11.813037464800539,11.828822135925293,-0.015263357284297464,11.813558778640996
1137,2029,4,11.686887175419702,11.703893661499023,0.003849427734347055,11.70774308923337
1157,2029,4,12.100161978566867,12.044098854064941,0.014163676493070699,12.058262530558013
1168,2029,4,12.06105265381003,12.102682113647461,0.003849427734347055,12.106531541381807
1173,2029,4,12.05467400868968,11.989108085632324,0.003849427734347055,11.99295751336667
1178,2029,4,11.652696102959753,11.629642486572266,-0.0009140841871786879,11.628728402385088
1186,2029,4,11.560772327227417,11.725634574890137,0.006032342512171379,11.731666917402308
1188,2029,4,12.476103599529843,12.577065467834473,0.007676653691834674,12.584742121526308
1196,2029,4,12.07824495582233,12.008987426757812,0.003849427734347055,12.012836854492159
1198,2029,4,11.87757552297847,11.936196327209473,0.006032342512171379,11.942228669721644
1199,2029,4,12.08954444723597,12.097147941589355,0.003849427734347055,12.100997369323702
1224,2029,4,11.834291315386718,11.834183692932129,-0.014099318947625419,11.820084373984503
1240,2029,4,12.490879338036375,12.331225395202637,0.003849427734347055,12.335074822936983
1244,2029,4,13.049794835104816,13.070332527160645,0.003849427734347055,13.074181954894991
1246,2029,4,12.08954444723597,12.156779289245605,0.006032342512171379,12.162811631757776
1260,2029,4,11.92504173829169,11.923654556274414,0.006707467188718561,11.930362023463132
1261,2029,4,12.10625783509458,12.143258094787598,0.003849427734347055,12.147107522521944
1266,2029,4,12.12215284831553,12.067309379577637,-0.0009922876346848642,12.066317091942953
1267,2029,4,11.711784520403112,11.779422760009766,-0.025524640580252153,11.753898119429513
1274,2029,4,12.083910661257521,12.033641815185547,0.003849427734347055,12.037491242919893
1275,2029,4,11.842236406331555,11.790889739990234,0.01936457047333385,11.810254310463568
1277,2029,4,11.995357787034976,12.046906471252441,0.003849427734347055,12.050755898986788
1284,2029,4,11.842236406331555,11.866660118103027,0.001106102199257854,11.867766220302284
1288,2029,4,12.154784614286667,12.063690185546875,0.044886673749768534,12.108576859296644
1293,2029,4,11.58525542883217,11.648653984069824,-0.030366355949284083,11.618287628120541
1305,2029,4,11.775297421715827,11.838541030883789,-0.0009922876346848642,11.837548743249105
1318,2029,4,12.249615734512616,12.19534969329834,0.003849427734347055,12.199199121032686
1325,2029,4,11.898194668458823,12.53601360321045,0.005246688064889904,12.54126029127534
1328,2029,4,11.779136168550774,11.765117645263672,0.003849427734347055,11.768967072998018
1335,2029,4,11.736077016252437,11.661016464233398,-0.0021551728082266778,11.658861291425172
1336,2029,4,12.031129798974042,11.985208511352539,0.003849427734347055,11.989057939086885
1340,2029,4,11.763691965388299,11.715654373168945,-0.0012896175593697132,11.714364755609576
1343,2029,4,12.339295865674435,12.49182415008545,0.007676653691834674,12.499500803777284
1346,2029,4,11.59451466851004,11.44394588470459,-0.021402532849154925,11.422543351855435
1349,2029,4,12.278397958261774,12.388906478881836,0.003849427734347055,12.392755906616182
1352,2029,4,12.049424683420915,12.052321434020996,0.003849427734347055,12.056170861755342
1353,2029,4,11.812296455066814,11.747374534606934,0.004931274418384641,11.752305809025318
1358,2029,4,11.917730355182513,11.96298599243164,0.003849427734347055,11.966835420165987
1360,2029,4,12.660331092405906,12.807844161987305,0.003849427734347055,12.811693589721651
1362,2029,4,12.468440756144114,12.3759126663208,0.007193162182934013,12.383105828503735
1364,2029,4,11.963574241653713,12.0413236618042,0.003849427734347055,12.045173089538546
1370,2029,4,12.354496960983985,12.475324630737305,0.003849427734347055,12.479174058471651
1379,2029,4,11.326607934898927,11.534189224243164,-0.00930224024515727,11.524886983998007
1383,2029,4,11.964007453736912,11.954011917114258,0.003849427734347055,11.957861344848604
1390,2029,4,11.782960235741939,11.800166130065918,0.004931274418384641,11.805097404484302
1394,2029,4,12.001511614739405,11.89480972290039,0.0019102347810741529,11.896719957681464
1397,2029,4,11.982935344196433,11.951669692993164,0.044886673749768534,11.996556366742933
1400,2029,4,11.831022768939789,12.028114318847656,0.003849427734347055,12.031963746582003
1402,2029,4,12.170450649220749,12.154129028320312,0.003849427734347055,12.157978456054659
1404,2029,4,12.552930054797935,12.381011009216309,0.003849427734347055,12.384860436950655
1405,2029,4,11.561725152903833,11.337864875793457,-0.027626823894509326,11.310238051898947
1406,2029,4,12.524530013005734,12.640849113464355,0.019728863257797574,12.660577976722154
1411,2029,4,12.345838935721968,12.29987621307373,0.007676653691834674,12.307552866765565
1421,2029,4,12.100161978566867,12.054736137390137,0.006032342512171379,12.060768479902308
1422,2029,4,11.755879486687116,11.832454681396484,0.0008932972184546111,11.833347978614938
1426,2029,4,11.863589378812122,11.914681434631348,0.003849427734347055,11.918530862365694
1428,2029,4,11.849404844423074,11.784510612487793,-0.0037721236415501932,11.780738488846243
1430,2029,4,12.116700301832573,12.114657402038574,0.003849427734347055,12.11850682977292
1433,2029,4,11.07443600653965,11.551210403442383,0.003849427734347055,11.55505983117673
1436,2029,4,12.066816325306588,12.05180835723877,0.003849427734347055,12.055657784973116
1451,2029,4,11.820417517632333,11.825709342956543,0.001106102199257854,11.8268154451558
1453,2029,4,11.884495917930655,11.795928001403809,0.003849427734347055,11.799777429138155
1458,2029,4,12.493133274926212,12.501811027526855,0.020743352669341873,12.522554380196198
1460,2029,4,11.901590234400047,11.91424560546875,0.003849427734347055,11.918095033203096
1,2029,5,12.24769911637256,12.233229637145996,0.004663976513847687,12.237893613659844
6,2029,5,11.870606902224587,11.952658653259277,0.004663976513847687,11.957322629773126
13,2029,5,11.87757552297847,11.816609382629395,0.004663976513847687,11.821273359143243
14,2029,5,12.540761149388421,12.269755363464355,0.009473039281695298,12.279228402746051
17,2029,5,11.91170829631447,11.940388679504395,0.004663976513847687,11.945052656018243
25,2029,5,11.944714374881176,11.852798461914062,0.004663976513847687,11.85746243842791
35,2029,5,12.533579815765737,12.504039764404297,0.004663976513847687,12.508703740918145
36,2029,5,12.6410997921206,12.59302043914795,0.004663976513847687,12.597684415661798
48,2029,5,12.428019481065613,12.414626121520996,0.01044661730887589,12.425072738829872
56,2029,5,12.103491596905931,11.994507789611816,0.004663976513847687,11.999171766125665
60,2029,5,11.735276702486741,11.68172836303711,0.004663976513847687,11.686392339550958
61,2029,5,11.970356641102999,12.07660961151123,0.004663976513847687,12.081273588025079
69,2029,5,11.289794413577894,11.246356010437012,-0.004195291126095495,11.242160719310917
73,2029,5,12.128116509451258,12.173406600952148,0.004663976513847687,12.178070577465997
74,2029,5,11.88380602959621,11.869802474975586,0.004663976513847687,11.874466451489434
77,2029,5,11.818577604251555,11.671161651611328,0.004663976513847687,11.675825628125176
82,2029,5,11.941462360646149,12.062052726745605,0.004663976513847687,12.066716703259454
83,2029,5,12.409017571151187,12.336132049560547,0.005637554541028278,12.341769604101575
84,2029,5,11.748005492256807,11.74532413482666,0.004663976513847687,11.749988111340508
86,2029,5,12.468440756144114,12.50931453704834,0.004663976513847687,12.513978513562188
87,2029,5,12.066816325306588,12.066540718078613,0.004663976513847687,12.071204694592462
90,2029,5,11.724813914587886,11.680021286010742,0.004663976513847687,11.68468526252459
93,2029,5,12.004574385508691,11.820812225341797,0.016318713317161553,11.837130938658959
94,2029,5,11.804855999911272,12.0546236038208,-0.0017260621569905423,12.05289754166381
107,2029,5,11.51293546492023,11.422957420349121,-0.0043762145279427145,11.418581205821178
115,2029,5,12.466515835145202,12.322988510131836,0.016318713317161553,12.339307223448998
123,2029,5,11.820417517632333,11.799612045288086,0.004663976513847687,11.804276021801934
125,2029,5,12.10625783509458,12.072759628295898,0.004663976513847687,12.077423604809747
129,2029,5,11.951186847493476,11.844559669494629,0.004663976513847687,11.849223646008477
131,2029,5,12.328294703023396,12.352426528930664,0.004663976513847687,12.357090505444512
132,2029,5,12.404927602627597,12.276021003723145,0.004663976513847687,12.280684980236993
134,2029,5,12.301387370778713,12.262273788452148,0.004663976513847687,12.266937764965997
139,2029,5,12.345838935721968,12.43010425567627,0.004663976513847687,12.434768232190118
140,2029,5,12.352339472153524,12.189498901367188,0.004663976513847687,12.194162877881036
144,2029,5,12.225880174775122,12.288628578186035,0.004663976513847687,12.293292554699883
147,2029,5,11.561725152903833,11.571213722229004,0.004663976513847687,11.575877698742852
151,2029,5,11.711784520403112,11.798580169677734,0.004663976513847687,11.803244146191583
155,2029,5,11.736077016252437,11.613160133361816,0.004663976513847687,11.617824109875665
158,2029,5,12.504327379899443,12.491403579711914,0.004663976513847687,12.496067556225762
165,2029,5,11.931642378754141,11.884214401245117,0.004663976513847687,11.888878377758965
171,2029,5,11.763691965388299,11.672738075256348,0.004663976513847687,11.677402051770196
172,2029,5,12.278397958261774,12.138603210449219,0.029236945690180934,12.1678401561394
173,2029,5,12.384223015005313,12.232168197631836,0.004663976513847687,12.236832174145684
180,2029,5,11.51293546492023,11.544442176818848,0.004663976513847687,11.549106153332696
192,2029,5,12.122696471358964,12.06598949432373,0.028430208634725115,12.094419702958456
194,2029,5,11.775297421715827,11.866705894470215,0.004663976513847687,11.871369870984063
201,2029,5,11.849404844423074,11.816681861877441,0.004663976513847687,11.82134583839129
211,2029,5,11.49273296168228,11.428084373474121,0.004663976513847687,11.43274834998797
216,2029,5,11.808955099378537,11.844721794128418,0.004663976513847687,11.849385770642266
218,2029,5,11.580593459194764,11.459758758544922,-0.02207533576738805,11.437683422777534
226,2029,5,11.626263078808801,11.411372184753418,0.004663976513847687,11.416036161267266
228,2029,5,11.571203807011969,11.45645523071289,0.004663976513847687,11.461119207226739
234,2029,5,11.761354623750297,11.74721622467041,0.004663976513847687,11.751880201184258
238,2029,5,12.178192583415596,12.295888900756836,0.004663976513847687,12.300552877270684
240,2029,5,11.635151947212842,11.833934783935547,-0.02207533576738805,11.811859448168159
241,2029,5,12.47801017053037,12.512503623962402,0.005637554541028278,12.51814117850343
243,2029,5,11.277215789596893,11.426511764526367,-0.03111552680917845,11.395396237717188
245,2029,5,12.230770136157428,12.436355590820312,0.004663976513847687,12.44101956733416
247,2029,5,11.827743504053695,11.813384056091309,-0.0017260621569905423,11.811657993934318
261,2029,5,12.07824495582233,12.018128395080566,0.0006137716417521182,12.018742166722319
267,2029,5,12.128116509451258,12.139703750610352,0.004663976513847687,12.1443677271242
271,2029,5,12.491255347155265,12.495537757873535,0.01044661730887589,12.505984375182411
272,2029,5,12.394628892852941,12.265120506286621,0.1039821659089148,12.369102672195536
273,2029,5,12.577639650232573,12.607047080993652,0.004663976513847687,12.6117110575075
277,2029,5,12.211065162153215,12.240671157836914,-0.007417224917569948,12.233253932919345
278,2029,5,11.856522261533737,11.595291137695312,0.004663976513847687,11.59995511420916
281,2029,5,12.339295865674435,12.300883293151855,0.004663976513847687,12.305547269665704
283,2029,5,12.242891437918386,12.308938980102539,0.004663976513847687,12.313602956616387
287,2029,5,11.976665770490767,12.087262153625488,0.004663976513847687,12.091926130139337
291,2029,5,12.359784657728284,12.481199264526367,0.004663976513847687,12.485863241040215
297,2029,5,11.931642378754141,11.807171821594238,0.004663976513847687,11.811835798108087
298,2029,5,12.384223015005313,12.313850402832031,0.005637554541028278,12.31948795737306
302,2029,5,12.495007682693725,12.518332481384277,0.004663976513847687,12.522996457898126
305,2029,5,12.59473402514672,12.717121124267578,0.024199080360782325,12.74132020462836
309,2029,5,11.320565693461432,11.588552474975586,0.004663976513847687,11.593216451489434
322,2029,5,12.777055016970678,12.73389720916748,0.009473039281695298,12.743370248449176
333,2029,5,12.556733038263905,12.7381010055542,0.02745612655353408,12.765557132107734
337,2029,5,12.841132451487937,12.799038887023926,0.004663976513847687,12.803702863537774
350,2029,5,12.988043102265232,13.000188827514648,0.022647063785686476,13.022835891300335
357,2029,5,12.06105265381003,12.039006233215332,0.004663976513847687,12.04367020972918
360,2029,5,12.54254845357358,12.558597564697266,0.004663976513847687,12.563261541211114
362,2029,5,11.884495917930655,11.870771408081055,0.004663976513847687,11.875435384594903
366,2029,5,11.898194668458823,11.65579605102539,0.004663976513847687,11.660460027539239
371,2029,5,12.057578437658945,12.080885887145996,0.004663976513847687,12.085549863659844
375,2029,5,12.299112067295642,12.2454252243042,0.004663976513847687,12.250089200818048
381,2029,5,11.751950239425476,11.960432052612305,0.029236945690180934,11.989668998302486
385,2029,5,12.388398368982115,12.407081604003906,0.021582977306770165,12.428664581310676
391,2029,5,11.686887175419702,11.706439018249512,-0.0043762145279427145,11.702062803721569
395,2029,5,11.599112335481124,11.584802627563477,0.004663976513847687,11.589466604077325
409,2029,5,12.54254845357358,12.507905960083008,0.009473039281695298,12.517378999364704
410,2029,5,12.73596827534975,12.602084159851074,0.01044661730887589,12.61253077715995
413,2029,5,12.310437165348775,12.369443893432617,0.005637554541028278,12.375081447973646
420,2029,5,11.863589378812122,11.81330680847168,0.004663976513847687,11.817970784985528
421,2029,5,12.237091546357338,12.230508804321289,0.002302069527994636,12.232810873849283
425,2029,5,11.842236406331555,11.884613037109375,0.004663976513847687,11.889277013623223
429,2029,5,12.182809136284991,12.199996948242188,0.004663976513847687,12.204660924756036
435,2029,5,11.302216779257382,11.323321342468262,0.004663976513847687,11.32798531898211
440,2029,5,11.608244735642321,11.751453399658203,0.004663976513847687,11.756117376172051
445,2029,5,12.25486757159303,12.26605224609375,0.004663976513847687,12.270716222607598
447,2029,5,12.154784614286667,12.265789031982422,0.029236945690180934,12.295025977672603
460,2029,5,11.608244735642321,11.69709300994873,-0.02207533576738805,11.675017674181342
479,2029,5,12.601490784782536,12.606688499450684,0.009473039281695298,12.61616153873238
486,2029,5,11.898194668458823,11.86246395111084,0.004663976513847687,11.867127927624688
489,2029,5,11.982935344196433,11.804783821105957,-0.03347743379503151,11.771306387310926
495,2029,5,11.421917019425596,11.437727928161621,-0.004195291126095495,11.433532637035526
499,2029,5,11.775297421715827,11.765316009521484,0.004663976513847687,11.769979986035333
503,2029,5,11.849404844423074,11.912162780761719,0.004663976513847687,11.916826757275567
506,2029,5,11.732069026983156,11.679537773132324,-0.006557198111948541,11.672980575020375
507,2029,5,12.278397958261774,12.36335277557373,0.004663976513847687,12.368016752087579
517,2029,5,11.970356641102999,11.98359203338623,0.004663976513847687,11.988256009900079
521,2029,5,11.573559498507079,11.315770149230957,-0.006738121513795762,11.309032027717162
527,2029,5,11.790564777297387,11.789935111999512,0.004663976513847687,11.79459908851336
532,2029,5,11.759793355371237,11.867846488952637,0.004663976513847687,11.872510465466485
533,2029,5,11.58525542883217,11.552677154541016,0.004663976513847687,11.557341131054864
536,2029,5,11.58525542883217,11.773210525512695,-0.0043762145279427145,11.768834310984753
539,2029,5,11.970356641102999,11.860370635986328,0.004663976513847687,11.865034612500176
548,2029,5,11.771443882099637,11.751053810119629,0.004663976513847687,11.755717786633477
550,2029,5,12.479913113434042,12.351747512817383,0.005637554541028278,12.357385067358411
553,2029,5,12.450981602512561,12.43843936920166,0.009473039281695298,12.447912408483356
557,2029,5,11.856522261533737,11.90230941772461,0.004663976513847687,11.906973394238458
560,2029,5,12.36308066783498,12.136578559875488,0.004663976513847687,12.141242536389337
566,2029,5,11.759793355371237,11.850479125976562,-0.02207533576738805,11.828403790209174
567,2029,5,12.691583538230217,12.670352935791016,0.004663976513847687,12.675016912304864
574,2029,5,12.04355959836804,12.019330024719238,0.004663976513847687,12.023994001233087
577,2029,5,11.884495917930655,11.944419860839844,0.004663976513847687,11.949083837353692
581,2029,5,12.111217862017215,12.111651420593262,0.004663976513847687,12.11631539710711
586,2029,5,12.820990681250251,12.823226928710938,0.009473039281695298,12.832699967992633
592,2029,5,13.02132904585825,12.98231315612793,0.02745612655353408,13.009769282681464
594,2029,5,11.849404844423074,11.86496639251709,0.004663976513847687,11.869630369030938
598,2029,5,12.176654133447505,12.14199447631836,0.004663976513847687,12.146658452832208
600,2029,5,11.92504173829169,11.911749839782715,0.004663976513847687,11.916413816296563
601,2029,5,12.524530013005734,12.503475189208984,0.004663976513847687,12.508139165722833
604,2029,5,11.92504173829169,11.954863548278809,0.005637554541028278,11.960501102819837
606,2029,5,12.230770136157428,12.203434944152832,0.004663976513847687,12.20809892066668
608,2029,5,12.323860125621126,12.00845718383789,0.004663976513847687,12.013121160351739
617,2029,5,12.118339189722553,12.13249683380127,0.004663976513847687,12.137160810315118
620,2029,5,12.628070334272698,12.710775375366211,0.004663976513847687,12.71543935188006
626,2029,5,11.982935344196433,11.888444900512695,0.004663976513847687,11.893108877026544
635,2029,5,11.87757552297847,11.866673469543457,0.002302069527994636,11.868975539071451
641,2029,5,12.520887034998584,12.484564781188965,0.004663976513847687,12.489228757702813
643,2029,5,12.75130259456002,12.805243492126465,0.004663976513847687,12.809907468640313
646,2029,5,11.872353615355413,11.786821365356445,0.004663976513847687,11.791485341870294
654,2029,5,11.813037464800539,11.836909294128418,-0.0043762145279427145,11.832533079600475
658,2029,5,11.91170829631447,12.04066276550293,0.016318713317161553,12.056981478820092
659,2029,5,11.487617913343598,11.821931838989258,-0.004195291126095495,11.817736547863163
676,2029,5,11.908346971208951,11.94583797454834,0.004663976513847687,11.950501951062188
690,2029,5,12.179220327453933,12.118203163146973,0.004663976513847687,12.122867139660821
696,2029,5,12.07824495582233,12.060792922973633,0.004663976513847687,12.065456899487481
701,2029,5,12.652362948153474,12.580806732177734,0.004663976513847687,12.585470708691583
703,2029,5,12.799178471909892,12.719595909118652,0.004663976513847687,12.7242598856325
716,2029,5,12.013706813470414,11.893936157226562,0.004663976513847687,11.89860013374041
723,2029,5,11.732069026983156,11.644655227661133,0.004663976513847687,11.649319204174981
728,2029,5,12.178192583415596,12.175517082214355,0.004663976513847687,12.180181058728204
733,2029,5,12.312686874960354,12.346256256103516,0.004663976513847687,12.350920232617364
736,2029,5,12.001511614739405,11.976668357849121,0.004663976513847687,11.98133233436297
744,2029,5,12.07254696717504,11.959613800048828,0.004663976513847687,11.964277776562676
745,2029,5,12.100717685412471,12.267327308654785,0.004663976513847687,12.271991285168633
746,2029,5,12.61087420020211,12.710487365722656,0.03323927140257271,12.74372663712523
751,2029,5,11.477308649967686,11.403779029846191,-0.0043762145279427145,11.399402815318249
755,2029,5,11.957617696467539,11.904162406921387,0.004663976513847687,11.908826383435235
763,2029,5,12.279327754099118,12.2215576171875,0.005637554541028278,12.227195171728528
779,2029,5,11.87757552297847,11.777666091918945,0.002302069527994636,11.77996816144694
791,2029,5,11.984184555794167,11.978900909423828,0.004663976513847687,11.983564885937676
792,2029,5,11.896833207128452,11.935168266296387,0.004663976513847687,11.939832242810235
795,2029,5,12.178192583415596,12.195611953735352,0.004663976513847687,12.2002759302492
798,2029,5,11.608244735642321,11.50696849822998,0.004663976513847687,11.511632474743829
800,2029,5,12.07254696717504,11.898479461669922,0.004663976513847687,11.90314343818377
816,2029,5,12.323415584358154,12.230289459228516,0.004663976513847687,12.234953435742364
817,2029,5,11.827743504053695,11.811141967773438,0.029236945690180934,11.840378913463619
823,2029,5,12.323860125621126,12.190608978271484,0.004663976513847687,12.195272954785333
828,2029,5,12.149507585033072,12.118256568908691,0.004663976513847687,12.12292054542254
835,2029,5,11.849047640327147,11.824562072753906,0.004663976513847687,11.829226049267755
836,2029,5,11.759793355371237,11.722979545593262,0.004663976513847687,11.72764352210711
837,2029,5,11.941462360646149,11.74240493774414,0.009473039281695298,11.751877977025837
839,2029,5,11.87757552297847,11.87592601776123,0.004663976513847687,11.880589994275079
842,2029,5,11.967187086434018,11.888727188110352,-0.0043762145279427145,11.884350973582409
846,2029,5,12.049424683420915,12.116104125976562,0.004663976513847687,12.12076810249041
849,2029,5,12.388398368982115,12.280438423156738,0.07962263865317631,12.360061061809915
851,2029,5,11.78676973513378,11.85816478729248,0.004663976513847687,11.862828763806329
861,2029,5,12.154521423145216,12.040987968444824,0.016318713317161553,12.057306681761986
863,2029,5,11.931642378754141,11.865684509277344,0.004663976513847687,11.870348485791192
866,2029,5,11.908346971208951,11.760946273803711,0.009473039281695298,11.770419313085407
873,2029,5,11.661354090741,11.662302017211914,0.004663976513847687,11.666965993725762
888,2029,5,11.816734299348461,11.849092483520508,0.004663976513847687,11.853756460034356
901,2029,5,11.608244735642321,11.635103225708008,0.004663976513847687,11.639767202221856
902,2029,5,11.938199736300925,11.888525009155273,0.004663976513847687,11.893188985669122
907,2029,5,12.449022745701502,12.534406661987305,0.01044661730887589,12.54485327929618
916,2029,5,11.225256725762893,11.336084365844727,0.004663976513847687,11.340748342358575
921,2029,5,12.211065162153215,12.170113563537598,0.004663976513847687,12.174777540051446
928,2029,5,12.07824495582233,12.091821670532227,0.004663976513847687,12.096485647046075
932,2029,5,11.674202123168433,11.70790958404541,0.004663976513847687,11.712573560559258
936,2029,5,11.288543647320601,11.390127182006836,0.004663976513847687,11.394791158520684
938,2029,5,12.441148720271016,12.363631248474121,0.005637554541028278,12.36926880301515
941,2029,5,11.924379271639218,12.083602905273438,0.002302069527994636,12.085904974801432
948,2029,5,12.506180941677357,12.52624225616455,0.009473039281695298,12.535715295446247
952,2029,5,11.694421681264394,11.628228187561035,0.004663976513847687,11.632892164074883
955,2029,5,11.755879486687116,11.821246147155762,0.004663976513847687,11.82591012366961
960,2029,5,11.951186847493476,12.065642356872559,0.005637554541028278,12.071279911413587
966,2029,5,12.094587859196112,12.059150695800781,0.004663976513847687,12.06381467231463
975,2029,5,12.02874460037869,12.12832260131836,-0.0043762145279427145,12.123946386790417
976,2029,5,12.013706813470414,12.081161499023438,0.005637554541028278,12.086799053564466
979,2029,5,11.608244735642321,11.54057502746582,0.004663976513847687,11.545239003979669
985,2029,5,11.744045122410057,11.733428955078125,0.002302069527994636,11.73573102460612
987,2029,5,11.669937760751914,11.656167984008789,0.0006358448288625057,11.656803828837651
989,2029,5,12.180759965737863,12.13668155670166,0.004663976513847687,12.141345533215508
993,2029,5,12.138869243416009,12.16767692565918,0.004663976513847687,12.172340902173028
997,2029,5,11.824087219587643,11.759846687316895,0.004663976513847687,11.764510663830743
1001,2029,5,11.314486721293981,11.1439847946167,-0.016846827857740547,11.127137966758958
1006,2029,5,11.917730355182513,11.79096794128418,0.004663976513847687,11.795631917798028
1017,2029,5,12.220966184120165,12.299811363220215,0.004663976513847687,12.304475339734063
1031,2029,5,11.982935344196433,11.833820343017578,0.002302069527994636,11.836122412545572
1032,2029,5,12.190964083849375,12.333256721496582,-0.012743531833628098,12.320513189662954
1035,2029,5,11.693169865968983,11.72313117980957,0.016318713317161553,11.739449893126732
1041,2029,5,11.951186847493476,12.059155464172363,-0.02207533576738805,12.037080128404975
1043,2029,5,12.185875040240456,12.142862319946289,0.004663976513847687,12.147526296460137
1047,2029,5,13.229569788348705,12.943657875061035,0.022647063785686476,12.966304938846722
1049,2029,5,11.652696102959753,11.819313049316406,-0.02207533576738805,11.797237713549018
1050,2029,5,11.349241150793087,11.488088607788086,0.004663976513847687,11.492752584301934
1058,2029,5,12.421188057397055,12.299798011779785,0.004663976513847687,12.304461988293633
1061,2029,5,12.271396795480596,12.341282844543457,0.004663976513847687,12.345946821057305
1063,2029,5,11.407576060361786,11.728250503540039,-0.006738121513795762,11.721512382026244
1084,2029,5,11.982935344196433,11.948793411254883,0.004663976513847687,11.953457387768731
1089,2029,5,11.83138646878959,11.86355972290039,0.004663976513847687,11.868223699414239
1096,2029,5,12.080696479888445,12.096517562866211,0.004663976513847687,12.10118153938006
1111,2029,5,12.144202560946876,12.130661964416504,0.004663976513847687,12.135325940930352
1121,2029,5,11.681832447342321,11.67223834991455,0.029236945690180934,11.701475295604732
1129,2029,5,12.278397958261774,12.232170104980469,0.004663976513847687,12.236834081494317
1133,2029,5,11.674202123168433,11.776877403259277,-0.03111552680917845,11.745761876450098
1136,2029,5,11.532737896139919,11.606892585754395,0.004663976513847687,11.611556562268243
1140,2029,5,11.87757552297847,11.680318832397461,0.004663976513847687,11.68498280891131
1145,2029,5,11.289794413577894,11.412821769714355,-0.02207533576738805,11.390746433946967
1147,2029,5,12.100717685412471,12.067288398742676,0.004663976513847687,12.071952375256524
1154,2029,5,11.699413330633599,11.677559852600098,0.004663976513847687,11.682223829113946
1156,2029,5,12.292254928916668,12.181861877441406,0.004663976513847687,12.186525853955255
1160,2029,5,12.128116509451258,12.095860481262207,0.004663976513847687,12.100524457776055
1162,2029,5,12.319405795112926,12.285841941833496,0.02112777608500917,12.306969717918506
1163,2029,5,11.767575435251748,11.733631134033203,0.004663976513847687,11.738295110547051
1164,2029,5,11.59873612138334,11.810335159301758,-0.0244372427532411,11.785897916548517
1170,2029,5,13.345508528717259,13.182683944702148,0.02745612655353408,13.210140071255683
1172,2029,5,12.001511614739405,11.999296188354492,0.004663976513847687,12.00396016486834
1174,2029,5,12.208574513247495,12.236802101135254,0.006263641092822079,12.243065742228076
1181,2029,5,12.429220196836383,12.446866035461426,0.004663976513847687,12.451530011975274
1182,2029,5,12.880294363972055,12.603066444396973,0.016318713317161553,12.619385157714134
1189,2029,5,12.180759965737863,12.147604942321777,0.004663976513847687,12.152268918835626
1192,2029,5,12.066816325306588,12.082948684692383,0.005637554541028278,12.088586239233411
1195,2029,5,11.970356641102999,11.864740371704102,0.004663976513847687,11.86940434821795
1201,2029,5,11.6617850286409,11.5072021484375,0.004663976513847687,11.511866124951348
1205,2029,5,11.941462360646149,11.921093940734863,0.004663976513847687,11.925757917248712
1208,2029,5,12.206077645517674,12.253105163574219,0.004663976513847687,12.257769140088067
1209,2029,5,11.849404844423074,11.86584758758545,0.004663976513847687,11.870511564099298
1213,2029,5,11.635151947212842,11.339945793151855,0.004663976513847687,11.344609769665704
1216,2029,5,11.736077016252437,11.628034591674805,0.004663976513847687,11.632698568188653
1218,2029,5,12.343470927093518,12.416007995605469,0.005637554541028278,12.421645550146497
1221,2029,5,11.652696102959753,11.615553855895996,0.004663976513847687,11.620217832409844
1233,2029,5,11.530775206233024,11.523351669311523,0.002302069527994636,11.525653738839518
1242,2029,5,12.42250975887691,12.420238494873047,0.01044661730887589,12.430685112181923
1255,2029,5,12.016128107502665,12.123210906982422,0.004663976513847687,12.12787488349627
1269,2029,5,12.850557278777309,12.891670227050781,0.044894008205886564,12.936564235256668
1278,2029,5,12.19552218463499,12.126723289489746,0.004663976513847687,12.131387266003594
1281,2029,5,12.33270970174018,12.29263687133789,0.004663976513847687,12.297300847851739
1283,2029,5,11.921725007667265,11.871830940246582,0.004663976513847687,11.87649491676043
1287,2029,5,11.870606902224587,11.963434219360352,0.004663976513847687,11.9680981958742
1289,2029,5,12.535379989788607,12.433704376220703,0.004663976513847687,12.438368352734551
1292,2029,5,11.691080018519527,11.601325035095215,0.004663976513847687,11.605989011609063
1307,2029,5,12.218500103788143,12.150022506713867,0.004663976513847687,12.154686483227715
1309,2029,5,11.898194668458823,11.822157859802246,0.004663976513847687,11.826821836316094
1312,2029,5,12.220966184120165,12.21954345703125,0.004663976513847687,12.224207433545098
1326,2029,5,10.915106645867503,11.137274742126465,-0.02207533576738805,11.115199406359077
1327,2029,5,11.277215789596893,11.317527770996094,-0.007417224917569948,11.310110546078525
1330,2029,5,12.081081821061819,12.106736183166504,0.004663976513847687,12.111400159680352
1331,2029,5,12.33270970174018,12.388724327087402,0.01044661730887589,12.399170944396278
1345,2029,5,11.95655945119582,12.11055850982666,0.004663976513847687,12.115222486340508
1348,2029,5,12.554840409959793,12.516458511352539,0.004663976513847687,12.521122487866387
1374,2029,5,13.05301544288996,12.942343711853027,0.022647063785686476,12.964990775638714
1382,2029,5,12.377927112974284,12.282960891723633,0.029236945690180934,12.312197837413814
1386,2029,5,11.74006900564972,11.593063354492188,0.004663976513847687,11.597727331006036
1387,2029,5,12.429220196836383,12.574442863464355,0.004663976513847687,12.579106839978204
1392,2029,5,11.728044909070785,11.672589302062988,0.002302069527994636,11.674891371590983
1393,2029,5,11.719947764402807,11.796860694885254,0.004663976513847687,11.801524671399102
1395,2029,5,12.415437707935368,12.335481643676758,0.004663976513847687,12.340145620190606
1407,2029,5,11.798111925972618,11.755107879638672,0.004663976513847687,11.75977185615252
1408,2029,5,11.626263078808801,11.672791481018066,0.004663976513847687,11.677455457531915
1410,2029,5,12.278397958261774,12.269452095031738,0.08706316511599234,12.35651526014773
1413,2029,5,11.407576060361786,11.43043041229248,0.026875038704327885,11.457305450996808
1415,2029,5,12.240478903153711,12.202707290649414,0.004663976513847687,12.207371267163262
1418,2029,5,12.73670383776449,12.70287036895752,0.009473039281695298,12.712343408239215
1420,2029,5,12.314931534737134,12.336969375610352,0.016318713317161553,12.353288088927513
1443,2029,5,12.644330802262578,12.789807319641113,0.01044661730887589,12.80025393694999
1447,2029,5,11.969723533345908,11.901127815246582,0.004663976513847687,11.90579179176043
1452,2029,5,12.567554517655415,12.412127494812012,0.01044661730887589,12.422574112120888
1454,2029,5,11.344518647594766,11.75286865234375,0.004663976513847687,11.757532628857598
1455,2029,5,12.128116509451258,12.136899948120117,0.005637554541028278,12.142537502661146
10,2030,1,11.678448377988165,11.710479736328125,-0.004651259137263689,11.705828477190861
11,2030,1,11.771443882099637,11.773513793945312,0.00568748688430592,11.779201280829618
22,2030,1,11.845109950883979,11.705544471740723,0.005129297157968688,11.710673768898692
25,2030,1,11.944714374881176,11.908846855163574,0.013360679785144344,11.922207534948718
31,2030,1,10.596659732783579,11.403616905212402,-0.003478357290370982,11.400138547922031
32,2030,1,11.914054519303125,11.871922492980957,0.005129297157968688,11.877051790138927
47,2030,1,12.387089184491993,12.569663047790527,0.008279367940630417,12.577942415731158
57,2030,1,12.058158312538197,12.247922897338867,0.005129297157968688,12.253052194496837
63,2030,1,12.218500103788143,12.235958099365234,0.005129297157968688,12.241087396523204
69,2030,1,11.289794413577894,11.213582038879395,-0.00520944886360092,11.208372590015793
77,2030,1,11.818577604251555,11.681578636169434,0.005129297157968688,11.686707933327403
100,2030,1,11.767187766223199,11.76638126373291,0.005129297157968688,11.77151056089088
107,2030,1,11.51293546492023,11.39227294921875,-0.0013757263665755183,11.390897222852175
109,2030,1,11.652696102959753,11.730013847351074,-0.00520944886360092,11.724804398487473
114,2030,1,12.28765724080691,12.415251731872559,0.02022236462725913,12.435474096499817
127,2030,1,11.759793355371237,11.8495512008667,0.005129297157968688,11.854680498024669
131,2030,1,12.328294703023396,12.352434158325195,0.005129297157968688,12.357563455483165
134,2030,1,12.301387370778713,12.29299545288086,0.005129297157968688,12.298124750038829
138,2030,1,12.049424683420915,12.259578704833984,0.005129297157968688,12.264708001991954
139,2030,1,12.345838935721968,12.498207092285156,0.005129297157968688,12.503336389443126
140,2030,1,12.352339472153524,12.211482048034668,0.00568748688430592,12.217169534918973
145,2030,1,11.736077016252437,11.812150955200195,0.005129297157968688,11.817280252358165
152,2030,1,12.827731880206521,12.66036605834961,0.005129297157968688,12.665495355507579
157,2030,1,11.603688960617083,11.49199104309082,0.00568748688430592,11.497678529975126
167,2030,1,12.154784614286667,12.111122131347656,0.007721178214293184,12.11884330956195
169,2030,1,12.119975396053194,12.196486473083496,0.005129297157968688,12.201615770241466
175,2030,1,12.122696471358964,12.117897033691406,0.00568748688430592,12.123584520575712
176,2030,1,12.400820837540556,12.273114204406738,0.005129297157968688,12.278243501564708
177,2030,1,12.259618151783465,12.210314750671387,0.007721178214293184,12.21803592888568
180,2030,1,11.51293546492023,11.645596504211426,0.005129297157968688,11.650725801369395
188,2030,1,11.813037464800539,11.786490440368652,0.005129297157968688,11.791619737526622
192,2030,1,12.122696471358964,12.072613716125488,0.00568748688430592,12.078301203009794
196,2030,1,11.908346971208951,11.912683486938477,0.005129297157968688,11.917812784096446
204,2030,1,11.91170829631447,11.873504638671875,0.005129297157968688,11.878633935829845
214,2030,1,11.957617696467539,11.90024185180664,0.005129297157968688,11.90537114896461
220,2030,1,12.027191164883384,12.081480979919434,-0.005796001694947664,12.075684978224485
223,2030,1,12.100161978566867,12.066356658935547,0.00568748688430592,12.072044145819852
225,2030,1,12.864242696187505,12.853729248046875,0.047954493262854114,12.901683741309729
232,2030,1,12.90669432231532,12.761104583740234,0.007042709663064944,12.768147293403299
233,2030,1,11.456365695436427,11.489341735839844,0.005129297157968688,11.494471032997813
242,2030,1,11.612779849672751,11.50165843963623,0.005129297157968688,11.5067877367942
245,2030,1,12.230770136157428,12.407252311706543,0.005129297157968688,12.412381608864512
249,2030,1,12.100717685412471,12.167317390441895,0.005129297157968688,12.172446687599864
270,2030,1,11.904974309480181,11.964746475219727,0.005129297157968688,11.969875772377696
272,2030,1,12.394628892852941,12.320198059082031,0.020499228533931557,12.340697287615964
273,2030,1,12.577639650232573,12.55666732788086,0.005129297157968688,12.561796625038829
288,2030,1,11.385103457032141,11.593551635742188,-0.014064044487473153,11.579487591254715
293,2030,1,11.782960235741939,11.916028022766113,-0.011472163431148655,11.904555859334964
296,2030,1,11.86710429621008,11.923834800720215,0.005129297157968688,11.928964097878184
300,2030,1,11.973516181427835,12.006998062133789,0.02548853111993635,12.032486593253726
307,2030,1,12.323860125621126,12.32859992980957,0.00568748688430592,12.334287416693876
308,2030,1,11.402005077384885,11.572823524475098,-0.00520944886360092,11.567614075611496
313,2030,1,11.694421681264394,11.761205673217773,-0.002617567807276423,11.758588105410498
314,2030,1,12.834683971615659,12.45287036895752,0.047144878031710954,12.50001524698923
318,2030,1,12.506180941677357,12.477216720581055,0.005129297157968688,12.482346017739024
321,2030,1,12.74444728628135,12.80264949798584,0.005129297157968688,12.80777879514381
324,2030,1,11.745433036677353,11.667502403259277,0.013360679785144344,11.680863083044422
332,2030,1,11.842236406331555,11.818951606750488,0.005129297157968688,11.824080903908458
336,2030,1,12.34126328584159,12.298054695129395,0.03655919083460878,12.334613885964004
341,2030,1,12.220473454337986,12.352699279785156,0.005129297157968688,12.357828576943126
344,2030,1,12.491255347155265,12.549375534057617,0.007042709663064944,12.556418243720682
349,2030,1,11.944714374881176,12.12149715423584,-0.005796001694947664,12.115701152540892
350,2030,1,12.988043102265232,13.104669570922852,0.05091970939735253,13.155589280320203
356,2030,1,12.086731521684555,12.075837135314941,0.005129297157968688,12.080966432472911
357,2030,1,12.06105265381003,12.05225944519043,0.005129297157968688,12.0573887423484
362,2030,1,11.884495917930655,11.822959899902344,0.005129297157968688,11.828089197060313
372,2030,1,11.808821212646512,11.662741661071777,-0.013505854761135921,11.649235806310642
373,2030,1,11.736077016252437,11.71119213104248,0.00568748688430592,11.716879617926786
376,2030,1,11.0186455364637,11.29449462890625,0.005129297157968688,11.29962392606422
380,2030,1,12.095146671399466,12.046066284179688,0.005129297157968688,12.051195581337657
381,2030,1,11.751950239425476,11.903961181640625,0.01571498435507086,11.919676165995696
393,2030,1,11.575909653758895,11.50047779083252,0.00568748688430592,11.506165277716825
400,2030,1,12.392556361841777,12.242598533630371,0.005129297157968688,12.24772783078834
405,2030,1,12.031725210748633,12.091740608215332,0.005129297157968688,12.096869905373302
406,2030,1,11.918397239722838,11.95121955871582,-0.013505854761135921,11.937713703954685
408,2030,1,12.083910661257521,12.0609712600708,0.017257148492760718,12.078228408563561
414,2030,1,11.652696102959753,11.62376594543457,-0.00520944886360092,11.61855649657097
419,2030,1,11.744045122410057,11.58808422088623,0.005129297157968688,11.5932135180442
421,2030,1,12.237091546357338,12.158754348754883,0.021747449184983166,12.180501797939867
424,2030,1,12.660331092405906,12.711577415466309,0.005129297157968688,12.716706712624278
426,2030,1,11.813037464800539,11.809821128845215,0.002435380932227988,11.812256509777443
427,2030,1,12.524530013005734,12.390682220458984,0.008279367940630417,12.398961588399615
432,2030,1,11.288543647320601,11.594857215881348,0.005129297157968688,11.599986513039317
433,2030,1,11.715874472198905,11.764057159423828,0.005129297157968688,11.769186456581798
435,2030,1,11.302216779257382,11.348542213439941,-0.018653056104251744,11.329889157335689
440,2030,1,11.608244735642321,11.778111457824707,0.013360679785144344,11.791472137609851
443,2030,1,12.000897933306716,11.884033203125,0.005129297157968688,11.88916250028297
444,2030,1,12.058158312538197,12.132123947143555,-0.005796001694947664,12.126327945448606
449,2030,1,11.691080018519527,11.707472801208496,0.005129297157968688,11.712602098366466
461,2030,1,12.481565733211923,12.402310371398926,0.014002515131828507,12.416312886530754
465,2030,1,11.728044909070785,11.688299179077148,0.005129297157968688,11.693428476235118
470,2030,1,12.138869243416009,12.097249984741211,0.005129297157968688,12.10237928189918
471,2030,1,12.264346270624157,12.335850715637207,0.008279367940630417,12.344130083577838
475,2030,1,12.433212202169729,12.419951438903809,0.007042709663064944,12.426994148566873
486,2030,1,11.898194668458823,11.836241722106934,0.005129297157968688,11.841371019264903
494,2030,1,11.951186847493476,11.909520149230957,0.01571498435507086,11.925235133586028
496,2030,1,10.460270761075149,11.132702827453613,0.005129297157968688,11.137832124611583
497,2030,1,12.971542813248437,12.7661714553833,0.05662676795486002,12.822798223338161
498,2030,1,12.122696471358964,12.060725212097168,0.005129297157968688,12.065854509255137
504,2030,1,12.574185427296195,12.553587913513184,0.03866609937336303,12.592254012886547
512,2030,1,12.2193145828011,12.134506225585938,0.005129297157968688,12.139635522743907
513,2030,1,11.774527900858468,11.721735954284668,0.005129297157968688,11.726865251442637
517,2030,1,11.970356641102999,12.02287483215332,0.005129297157968688,12.02800412931129
519,2030,1,12.259618151783465,12.1664400100708,0.00568748688430592,12.172127496955106
536,2030,1,11.58525542883217,11.810397148132324,0.00326344810449165,11.813660596236815
546,2030,1,12.34148164933907,12.398598670959473,0.00568748688430592,12.404286157843778
547,2030,1,12.25486757159303,12.079411506652832,0.01571498435507086,12.095126491007903
548,2030,1,11.771443882099637,11.764946937561035,0.00568748688430592,11.77063442444534
549,2030,1,11.736077016252437,11.728221893310547,0.00568748688430592,11.733909380194852
561,2030,1,11.707677772181546,12.052093505859375,0.00568748688430592,12.05778099274368
563,2030,1,11.58989576532275,11.661959648132324,0.005129297157968688,11.667088945290294
574,2030,1,12.04355959836804,12.046795845031738,0.005129297157968688,12.051925142189708
583,2030,1,11.682676678340282,11.67016887664795,0.00568748688430592,11.675856363532255
586,2030,1,12.820990681250251,12.875361442565918,0.005129297157968688,12.880490739723887
588,2030,1,11.827743504053695,11.842124938964844,0.005129297157968688,11.847254236122813
589,2030,1,11.870606902224587,12.343721389770508,0.036405570284707305,12.380126960055215
592,2030,1,13.02132904585825,13.055464744567871,0.015915927636924763,13.071380672204796
596,2030,1,12.672949516558306,12.570043563842773,0.005129297157968688,12.575172861000743
607,2030,1,11.931642378754141,11.906953811645508,0.005129297157968688,11.912083108803477
609,2030,1,12.791358964949923,12.578499794006348,0.027842835689862865,12.606342629696211
610,2030,1,11.682676678340282,11.713918685913086,0.00568748688430592,11.719606172797391
613,2030,1,12.474193386571581,12.454835891723633,0.007042709663064944,12.461878601386697
615,2030,1,11.231901180182515,11.341772079467773,-0.029578354957168117,11.312193724510605
620,2030,1,12.628070334272698,12.74703598022461,0.005129297157968688,12.752165277382579
629,2030,1,11.813037464800539,12.109587669372559,0.005129297157968688,12.114716966530528
631,2030,1,11.728044909070785,11.63321304321289,-0.009801059883048873,11.623411983329841
632,2030,1,12.252483791602627,12.345121383666992,0.005129297157968688,12.350250680824962
638,2030,1,11.440365524765756,11.633103370666504,-0.014064044487473153,11.619039326179031
643,2030,1,12.75130259456002,12.631290435791016,0.007042709663064944,12.63833314545408
648,2030,1,11.951186847493476,11.871055603027344,0.007721178214293184,11.878776781241637
653,2030,1,12.160033942617156,12.184761047363281,0.005129297157968688,12.18989034452125
656,2030,1,11.385103457032141,11.433693885803223,0.005129297157968688,11.438823182961192
660,2030,1,12.025755079404917,11.976143836975098,0.005129297157968688,11.981273134133067
661,2030,1,12.19552218463499,12.188584327697754,0.005129297157968688,12.193713624855723
665,2030,1,12.955129822091815,12.766925811767578,0.010007925797563369,12.776933737565141
667,2030,1,11.767575435251748,12.201166152954102,0.00568748688430592,12.206853639838407
669,2030,1,12.031725210748633,12.033498764038086,0.005129297157968688,12.038628061196055
688,2030,1,11.910365121788654,11.942744255065918,0.005129297157968688,11.947873552223887
694,2030,1,11.59433032142082,11.556130409240723,0.005129297157968688,11.561259706398692
705,2030,1,12.269052139516223,12.290703773498535,0.005129297157968688,12.295833070656505
706,2030,1,10.915106645867503,11.035268783569336,0.00568748688430592,11.040956270453641
713,2030,1,12.149507585033072,12.163714408874512,0.005129297157968688,12.168843706032481
717,2030,1,11.979805470779858,12.228574752807617,0.006855656260600139,12.235430409068217
718,2030,1,11.964007453736912,11.9667387008667,0.00568748688430592,11.972426187751005
721,2030,1,12.524530013005734,12.438027381896973,0.005129297157968688,12.443156679054942
723,2030,1,11.732069026983156,11.697541236877441,0.005129297157968688,11.702670534035411
726,2030,1,11.699413330633599,11.637090682983398,0.005129297157968688,11.642219980141368
728,2030,1,12.178192583415596,12.219676971435547,0.005129297157968688,12.224806268593516
732,2030,1,12.141539457711714,12.115325927734375,0.00568748688430592,12.12101341461868
735,2030,1,11.58989576532275,11.649290084838867,0.005129297157968688,11.654419381996837
743,2030,1,12.095146671399466,12.060873031616211,0.005129297157968688,12.06600232877418
747,2030,1,12.371591321286905,12.410257339477539,0.005129297157968688,12.415386636635509
754,2030,1,12.526346537332584,12.471207618713379,0.007042709663064944,12.478250328376443
759,2030,1,12.097378802727306,12.044589042663574,0.005129297157968688,12.049718339821544
760,2030,1,12.577639650232573,12.676679611206055,0.005129297157968688,12.681808908364024
765,2030,1,12.506180941677357,12.42314624786377,0.020778467642828848,12.443924715506599
767,2030,1,12.188422799337028,12.12397289276123,0.005129297157968688,12.1291021899192
770,2030,1,13.195615697878253,12.980972290039062,0.02444633236901507,13.005418622408078
773,2030,1,11.580593459194764,11.843155860900879,0.005129297157968688,11.848285158058848
776,2030,1,11.995357787034976,11.998610496520996,0.005129297157968688,12.003739793678966
781,2030,1,12.07824495582233,12.059225082397461,0.005129297157968688,12.06435437955543
788,2030,1,12.358798024384122,12.380175590515137,0.005129297157968688,12.385304887673106
791,2030,1,11.984184555794167,11.987207412719727,-0.005796001694947664,11.981411411024778
798,2030,1,11.608244735642321,11.503658294677734,0.005129297157968688,11.508787591835704
803,2030,1,12.149507585033072,12.137507438659668,0.00568748688430592,12.143194925543973
811,2030,1,12.10625783509458,12.055545806884766,0.00568748688430592,12.061233293769071
826,2030,1,12.861001210669146,12.984968185424805,0.047954493262854114,13.032922678687658
833,2030,1,12.37581963951765,12.329038619995117,0.005129297157968688,12.334167917153087
834,2030,1,12.025755079404917,11.924293518066406,0.007721178214293184,11.9320146962807
841,2030,1,11.849404844423074,11.797687530517578,0.013360679785144344,11.811048210302722
842,2030,1,11.967187086434018,11.930041313171387,0.006855656260600139,11.936896969431986
844,2030,1,11.856522261533737,11.85333251953125,-0.01381710331194059,11.83951541621931
847,2030,1,12.269052139516223,12.22205638885498,0.005129297157968688,12.22718568601295
850,2030,1,12.138869243416009,12.086106300354004,0.005129297157968688,12.091235597511973
855,2030,1,12.04355959836804,12.050097465515137,-0.011472163431148655,12.038625302083988
859,2030,1,11.931642378754141,11.933002471923828,0.005129297157968688,11.938131769081798
860,2030,1,12.429220196836383,12.391776084899902,0.007721178214293184,12.399497263114196
861,2030,1,12.154521423145216,12.0224609375,0.02548853111993635,12.047949468619937
874,2030,1,11.798111925972618,11.72313117980957,0.005129297157968688,11.72826047696754
875,2030,1,11.104972264124868,11.458908081054688,-0.00520944886360092,11.453698632191086
876,2030,1,12.623064399210183,12.700511932373047,0.007042709663064944,12.707554642036111
884,2030,1,11.682676678340282,11.668163299560547,0.0027052583781544183,11.670868557938702
893,2030,1,11.947955847790901,11.902994155883789,0.013360679785144344,11.916354835668933
896,2030,1,11.849404844423074,12.040579795837402,0.005129297157968688,12.045709092995372
901,2030,1,11.608244735642321,11.624862670898438,0.005129297157968688,11.629991968056407
908,2030,1,12.429220196836383,12.408801078796387,0.030434716746187362,12.439235795542574
911,2030,1,11.946660519211651,11.914949417114258,0.005129297157968688,11.920078714272227
912,2030,1,11.874097282798648,11.90591812133789,0.005129297157968688,11.91104741849586
914,2030,1,11.884495917930655,11.849817276000977,0.006331849639844362,11.85614912564082
938,2030,1,12.441148720271016,12.3264741897583,0.005129297157968688,12.33160348691627
954,2030,1,12.055255569732177,12.0911226272583,-0.013505854761135921,12.077616772497166
957,2030,1,11.728044909070785,11.77354621887207,-0.005796001694947664,11.767750217177122
960,2030,1,11.951186847493476,12.071907997131348,0.00568748688430592,12.077595484015653
972,2030,1,12.06105265381003,12.06290054321289,-0.005796001694947664,12.057104541517942
975,2030,1,12.02874460037869,12.097063064575195,0.006855656260600139,12.103918720835795
976,2030,1,12.013706813470414,12.092235565185547,0.00568748688430592,12.097923052069852
977,2030,1,11.356283350762888,11.249570846557617,0.005129297157968688,11.254700143715587
985,2030,1,11.744045122410057,11.734607696533203,0.00568748688430592,11.740295183417508
988,2030,1,12.887129532148373,12.877704620361328,0.015915927636924763,12.893620547998253
992,2030,1,12.031725210748633,12.122153282165527,-0.01171447238814513,12.110438809777381
995,2030,1,12.729323752253295,12.774296760559082,0.015915927636924763,12.790212688196007
1001,2030,1,11.314486721293981,11.12118911743164,0.001008503759010318,11.12219762119065
1010,2030,1,11.532737896139919,11.62012767791748,0.005129297157968688,11.62525697507545
1012,2030,1,11.51293546492023,11.537897109985352,0.00568748688430592,11.543584596869657
1014,2030,1,11.350418300109132,11.556717872619629,-0.020569068012017355,11.536148804607611
1015,2030,1,11.688566422839942,11.737724304199219,-0.00520944886360092,11.732514855335618
1019,2030,1,11.982935344196433,12.040369987487793,0.005129297157968688,12.045499284645762
1022,2030,1,12.175618592671356,12.241423606872559,0.005129297157968688,12.246552904030528
1023,2030,1,11.373674891823535,11.60439682006836,0.005129297157968688,11.609526117226329
1025,2030,1,12.567240979056246,12.615151405334473,0.00568748688430592,12.620838892218778
1032,2030,1,12.190964083849375,12.324568748474121,0.00045031403267308575,12.325019062506794
1038,2030,1,12.567240979056246,12.499673843383789,0.007721178214293184,12.507395021598082
1043,2030,1,12.185875040240456,12.154151916503906,0.005129297157968688,12.159281213661876
1061,2030,1,12.271396795480596,12.261768341064453,0.005129297157968688,12.266897638222423
1070,2030,1,11.813037464800539,11.780404090881348,0.005129297157968688,11.785533388039317
1072,2030,1,11.944714374881176,11.98897647857666,0.005129297157968688,11.99410577573463
1080,2030,1,11.744045122410057,11.756519317626953,0.005129297157968688,11.761648614784923
1085,2030,1,12.141539457711714,12.107270240783691,0.00568748688430592,12.112957727667997
1088,2030,1,12.437188334739655,12.472297668457031,0.005129297157968688,12.477426965615
1093,2030,1,11.824087219587643,11.952522277832031,0.005129297157968688,11.95765157499
1094,2030,1,11.891368749982085,12.000238418579102,0.013360679785144344,12.013599098364246
1099,2030,1,11.759793355371237,11.611227035522461,0.00568748688430592,11.616914522406766
1106,2030,1,12.691583538230217,12.82133674621582,0.005129297157968688,12.82646604337379
1112,2030,1,12.230770136157428,12.130924224853516,0.005129297157968688,12.136053522011485
1118,2030,1,11.775297421715827,11.847147941589355,0.005129297157968688,11.852277238747325
1132,2030,1,11.44572741040675,11.580829620361328,0.005129297157968688,11.585958917519298
1141,2030,1,11.842236406331555,11.693827629089355,0.00568748688430592,11.69951511597366
1146,2030,1,11.91170829631447,11.73597240447998,0.005129297157968688,11.74110170163795
1151,2030,1,11.728044909070785,11.73929214477539,0.01571498435507086,11.755007129130462
1153,2030,1,12.345838935721968,12.158965110778809,0.019170560997856967,12.178135671776666
1155,2030,1,12.215037342290755,12.357576370239258,0.007721178214293184,12.365297548453551
1157,2030,1,12.100161978566867,12.131722450256348,0.0239463669822465,12.155668817238594
1163,2030,1,11.767575435251748,11.743247032165527,0.005129297157968688,11.748376329323497
1194,2030,1,12.013706813470414,12.02864933013916,0.005129297157968688,12.03377862729713
1197,2030,1,12.29779001527865,12.347648620605469,0.005129297157968688,12.352777917763438
1203,2030,1,11.669937760751914,11.805938720703125,0.013360679785144344,11.81929940048827
1205,2030,1,11.941462360646149,11.921186447143555,0.005129297157968688,11.926315744301524
1207,2030,1,11.580593459194764,11.71110725402832,-0.013505854761135921,11.697601399267185
1211,2030,1,12.149507585033072,12.183391571044922,0.005129297157968688,12.188520868202891
1219,2030,1,11.296024885689746,11.100963592529297,0.00568748688430592,11.106651079413602
1223,2030,1,11.870606902224587,11.94655990600586,-0.00520944886360092,11.941350457142258
1225,2030,1,12.122696471358964,12.120759010314941,0.00568748688430592,12.126446497199247
1238,2030,1,12.180759965737863,12.265191078186035,0.005129297157968688,12.270320375344005
1243,2030,1,12.04355959836804,12.082038879394531,0.00568748688430592,12.087726366278837
1246,2030,1,12.08954444723597,12.13945484161377,0.007721178214293184,12.147176019828063
1248,2030,1,12.042971193457888,11.855463981628418,0.005129297157968688,11.860593278786387
1254,2030,1,12.591338447675579,12.578917503356934,0.00568748688430592,12.584604990241239
1262,2030,1,11.766799946849087,11.715377807617188,0.005129297157968688,11.720507104775157
1274,2030,1,12.083910661257521,12.056533813476562,0.00963459071938944,12.066168404195952
1279,2030,1,12.37581963951765,12.494478225708008,0.005129297157968688,12.499607522865977
1287,2030,1,11.870606902224587,11.965197563171387,0.005129297157968688,11.970326860329356
1289,2030,1,12.535379989788607,12.41629409790039,0.007042709663064944,12.423336807563455
1290,2030,1,12.546113507028412,12.50308895111084,0.007042709663064944,12.510131660773904
1291,2030,1,12.103491596905931,12.011720657348633,0.00568748688430592,12.017408144232938
1292,2030,1,11.691080018519527,11.691582679748535,0.005129297157968688,11.696711976906505
1293,2030,1,11.58525542883217,11.626404762268066,-0.020569068012017355,11.605835694256049
1296,2030,1,11.83863282480007,11.815032958984375,0.00568748688430592,11.82072044586868
1298,2030,1,11.849404844423074,11.884446144104004,0.00568748688430592,11.89013363098831
1299,2030,1,11.982935344196433,12.883271217346191,0.08769941518701675,12.970970632533207
1301,2030,1,12.323860125621126,12.34395980834961,0.005129297157968688,12.349089105507579
1307,2030,1,12.218500103788143,12.140402793884277,0.005129297157968688,12.145532091042247
1313,2030,1,12.618185607609803,12.656487464904785,0.005129297157968688,12.661616762062755
1315,2030,1,11.686887175419702,11.70334529876709,0.005129297157968688,11.70847459592506
1319,2030,1,12.524530013005734,12.427520751953125,0.005129297157968688,12.432650049111095
1320,2030,1,11.6172944892629,11.648865699768066,0.005129297157968688,11.653994996926036
1321,2030,1,11.960817678718287,11.905632972717285,0.013627882286099752,11.919260855003385
1324,2030,1,11.320565693461432,11.150580406188965,-0.03879525951012092,11.111785146678844
1326,2030,1,10.915106645867503,11.169283866882324,-0.014064044487473153,11.155219822394852
1330,2030,1,12.081081821061819,12.111393928527832,0.005129297157968688,12.116523225685802
1345,2030,1,11.95655945119582,12.09284496307373,0.005129297157968688,12.0979742602317
1350,2030,1,11.711784520403112,11.997865676879883,-0.0013757263665755183,11.996489950513308
1354,2030,1,12.923914877701906,12.987407684326172,0.046041080757757855,13.03344876508393
1361,2030,1,12.149507585033072,12.130488395690918,0.005129297157968688,12.135617692848887
1362,2030,1,12.468440756144114,12.406143188476562,0.005129297157968688,12.411272485634532
1363,2030,1,11.560772327227417,11.80249309539795,-0.014064044487473153,11.788429050910477
1371,2030,1,11.561725152903833,11.633102416992188,-0.01613474771651727,11.61696766927567
1379,2030,1,11.326607934898927,11.510509490966797,0.005129297157968688,11.515638788124766
1381,2030,1,10.97679912709094,11.16948127746582,-0.001973724747141182,11.167507552718678
1388,2030,1,11.820417517632333,11.87673568725586,-0.004651259137263689,11.872084428118596
1394,2030,1,12.001511614739405,11.964820861816406,-0.0013757263665755183,11.963445135449831
1396,2030,1,12.546871224308068,12.566399574279785,0.005129297157968688,12.571528871437755
1406,2030,1,12.524530013005734,12.598407745361328,0.019849029549085212,12.618256774910414
1407,2030,1,11.798111925972618,11.783629417419434,0.00568748688430592,11.789316904303739
1408,2030,1,11.626263078808801,11.694506645202637,0.005129297157968688,11.699635942360606
1409,2030,1,11.74006900564972,11.570985794067383,0.0012161546897489792,11.572201948757131
1413,2030,1,11.407576060361786,11.416037559509277,0.01627317408140809,11.432310733590686
1416,2030,1,12.077676615757813,12.294354438781738,-0.005796001694947664,12.28855843708679
1418,2030,1,12.73670383776449,12.696243286132812,0.005129297157968688,12.701372583290782
1426,2030,1,11.863589378812122,11.852812767028809,0.005129297157968688,11.857942064186778
1443,2030,1,12.644330802262578,12.82753849029541,0.015915927636924763,12.843454417932335
1448,2030,1,12.388398368982115,12.495519638061523,0.00568748688430592,12.501207124945829
1459,2030,1,11.864469267087891,11.82157039642334,0.00568748688430592,11.827257883307645
15,2030,2,11.964007453736912,11.961718559265137,0.005320170073191679,11.967038729338329
17,2030,2,11.91170829631447,11.958389282226562,0.005320170073191679,11.963709452299755
21,2030,2,12.692506186542177,12.655908584594727,0.004868893500413191,12.66077747809514
29,2030,2,12.242891437918386,12.200437545776367,0.005320170073191679,12.20575771584956
30,2030,2,11.134603622683905,11.159839630126953,-0.03867095172178084,11.121168678405173
42,2030,2,12.04355959836804,12.028424263000488,0.005320170073191679,12.03374443307368
44,2030,2,11.777218637129327,11.766908645629883,0.005320170073191679,11.772228815703075
50,2030,2,11.751950239425476,11.75511360168457,0.005320170073191679,11.760433771757762
61,2030,2,11.970356641102999,12.028133392333984,0.005320170073191679,12.033453562407177
64,2030,2,11.849404844423074,11.781856536865234,0.004868893500413191,11.786725430365648
67,2030,2,12.100717685412471,12.488057136535645,0.005320170073191679,12.493377306608837
68,2030,2,12.328294703023396,12.271979331970215,0.005320170073191679,12.277299502043407
71,2030,2,12.404927602627597,12.636592864990234,0.004868893500413191,12.641461758490648
73,2030,2,12.128116509451258,12.190218925476074,0.006588472986727744,12.196807398462802
82,2030,2,11.941462360646149,12.07179069519043,0.004868893500413191,12.076659588690843
84,2030,2,11.748005492256807,11.777857780456543,0.005320170073191679,11.783177950529735
85,2030,2,12.034696963475044,12.022086143493652,0.004868893500413191,12.026955036994066
99,2030,2,11.326607934898927,11.279207229614258,0.005320170073191679,11.28452739968745
102,2030,2,12.08954444723597,11.997383117675781,0.004868893500413191,12.002252011176195
106,2030,2,12.429220196836383,12.414167404174805,0.004868893500413191,12.419036297675218
117,2030,2,11.842236406331555,11.738287925720215,0.005320170073191679,11.743608095793407
135,2030,2,12.100717685412471,12.042120933532715,0.004868893500413191,12.046989827033128
142,2030,2,12.468440756144114,12.456599235534668,0.005320170073191679,12.46191940560786
146,2030,2,11.775297421715827,11.817486763000488,0.004868893500413191,11.822355656500902
149,2030,2,11.856522261533737,11.978564262390137,0.005320170073191679,11.983884432463329
150,2030,2,11.652696102959753,11.656094551086426,-0.018523911143729466,11.637570639942696
155,2030,2,11.736077016252437,11.592264175415039,0.005320170073191679,11.597584345488231
159,2030,2,12.448630513463613,12.358497619628906,0.004868893500413191,12.36336651312932
162,2030,2,12.929993908996359,12.894078254699707,0.004868893500413191,12.89894714820012
173,2030,2,12.384223015005313,12.199987411499023,0.004868893500413191,12.204856304999437
178,2030,2,12.058158312538197,12.03452205657959,0.005320170073191679,12.039842226652782
181,2030,2,12.083910661257521,12.047961235046387,0.004868893500413191,12.0528301285468
185,2030,2,11.751950239425476,11.67741584777832,0.007905216320199877,11.68532106409852
199,2030,2,11.552155793461898,11.68089771270752,0.004868893500413191,11.685766606207933
200,2030,2,12.524166311833152,12.598732948303223,0.006588472986727744,12.60532142128995
201,2030,2,11.849404844423074,11.808832168579102,0.005320170073191679,11.814152338652294
202,2030,2,12.052344376474922,12.028387069702148,0.005320170073191679,12.03370723977534
203,2030,2,11.626263078808801,11.759933471679688,0.004868893500413191,11.7648023651801
205,2030,2,11.608244735642321,11.561565399169922,0.004868893500413191,11.566434292670335
206,2030,2,12.103491596905931,12.12039852142334,0.005320170073191679,12.125718691496532
207,2030,2,11.87688084212164,11.807899475097656,0.005320170073191679,11.813219645170848
211,2030,2,11.49273296168228,11.361530303955078,0.004868893500413191,11.366399197455491
213,2030,2,12.439875187430008,12.434234619140625,0.004868893500413191,12.439103512641038
222,2030,2,12.206077645517674,12.256897926330566,0.004868893500413191,12.26176681983098
224,2030,2,11.48247656671073,11.663875579833984,0.005320170073191679,11.669195749907177
235,2030,2,12.285350445351659,12.261521339416504,0.004868893500413191,12.266390232916917
236,2030,2,11.402005077384885,11.349843978881836,-0.066935841284174,11.282908137597662
246,2030,2,12.394628892852941,12.37830924987793,0.004868893500413191,12.383178143378343
259,2030,2,12.352339472153524,12.284891128540039,0.005320170073191679,12.290211298613231
260,2030,2,11.48247656671073,11.53265380859375,0.023633972228577358,11.556287780822327
263,2030,2,11.92504173829169,11.96285343170166,0.005320170073191679,11.968173601774852
268,2030,2,12.097936057925594,12.025906562805176,0.007905216320199877,12.033811779125376
275,2030,2,11.732069026983156,11.803420066833496,0.005320170073191679,11.808740236906688
281,2030,2,12.339295865674435,12.277884483337402,0.004868893500413191,12.282753376837816
284,2030,2,12.407383590534293,12.36005687713623,0.004868893500413191,12.364925770636644
291,2030,2,12.359784657728284,12.469341278076172,0.005320170073191679,12.474661448149364
297,2030,2,11.931642378754141,11.812867164611816,0.005320170073191679,11.818187334685009
302,2030,2,12.495007682693725,12.536726951599121,0.004868893500413191,12.541595845099534
310,2030,2,12.793862088206213,12.783515930175781,0.004868893500413191,12.788384823676195
312,2030,2,11.790564777297387,11.813560485839844,0.005320170073191679,11.818880655913036
319,2030,2,12.468440756144114,12.672849655151367,0.004868893500413191,12.67771854865178
322,2030,2,12.777055016970678,12.685528755187988,0.004868893500413191,12.690397648688402
325,2030,2,12.396697137361691,12.435253143310547,0.004868893500413191,12.44012203681096
326,2030,2,11.373674891823535,11.319178581237793,0.004868893500413191,11.324047474738206
328,2030,2,11.886218559372042,11.874603271484375,0.005320170073191679,11.879923441557567
329,2030,2,12.276069679344003,12.117441177368164,0.004868893500413191,12.122310070868577
346,2030,2,11.850832386224807,11.784768104553223,0.004868893500413191,11.789636998053636
365,2030,2,12.154784614286667,12.141127586364746,0.005320170073191679,12.146447756437938
375,2030,2,12.299112067295642,12.267387390136719,0.004868893500413191,12.272256283637132
384,2030,2,11.23850177707664,11.235892295837402,-0.04076697839409697,11.195125317443305
390,2030,2,12.962196972666593,13.045010566711426,0.03841154319864224,13.083422109910067
392,2030,2,12.278397958261774,12.289302825927734,0.004868893500413191,12.294171719428148
395,2030,2,11.599112335481124,11.580388069152832,0.005320170073191679,11.585708239226024
397,2030,2,11.719947764402807,11.745173454284668,-0.00016316152082149047,11.745010292763846
402,2030,2,12.013646205940514,12.150336265563965,0.005320170073191679,12.155656435637157
404,2030,2,12.460718739865236,12.441210746765137,0.004868893500413191,12.44607964026555
407,2030,2,11.652696102959753,11.671545028686523,0.004868893500413191,11.676413922186937
412,2030,2,11.884495917930655,11.844433784484863,0.04148404558485823,11.885917830069722
423,2030,2,11.635151947212842,11.705362319946289,0.024755122625380162,11.73011744257167
431,2030,2,11.355113089309977,11.496088027954102,-0.020848692816885315,11.475239335137216
434,2030,2,12.10625783509458,12.110391616821289,0.005320170073191679,12.115711786894481
436,2030,2,12.264346270624157,12.199454307556152,0.004868893500413191,12.204323201056566
441,2030,2,13.22672519452875,13.004776000976562,0.04013112268495679,13.044907123661519
442,2030,2,11.678448377988165,11.665769577026367,-0.019198607823037207,11.64657096920333
451,2030,2,11.608244735642321,11.548758506774902,0.008356492892978363,11.557114999667881
455,2030,2,12.144202560946876,11.880940437316895,0.003742920248326958,11.88468335756522
457,2030,2,11.49273296168228,11.277023315429688,0.004868893500413191,11.2818922089301
462,2030,2,11.951186847493476,11.860252380371094,0.004868893500413191,11.865121273871507
469,2030,2,12.429220196836383,12.472121238708496,0.005320170073191679,12.477441408781688
472,2030,2,12.154784614286667,12.129518508911133,0.006588472986727744,12.13610698189786
474,2030,2,12.994532278619134,12.723248481750488,0.005320170073191679,12.72856865182368
478,2030,2,12.847929163278053,12.946222305297852,0.03841154319864224,12.984633848496493
483,2030,2,11.951186847493476,11.958901405334473,0.007905216320199877,11.966806621654673
484,2030,2,12.00762780434872,12.017279624938965,0.004868893500413191,12.022148518439378
490,2030,2,11.362114203075018,11.504961967468262,0.007905216320199877,11.512867183788462
495,2030,2,11.421917019425596,11.463448524475098,0.007905216320199877,11.471353740795298
499,2030,2,11.775297421715827,11.757490158081055,0.005320170073191679,11.762810328154247
506,2030,2,11.732069026983156,11.739375114440918,0.003742920248326958,11.743118034689244
514,2030,2,11.80560254159177,11.917876243591309,0.005320170073191679,11.9231964136645
532,2030,2,11.759793355371237,11.79496955871582,0.007905216320199877,11.80287477503602
533,2030,2,11.58525542883217,11.57536792755127,-0.007470033810469167,11.5678978937408
542,2030,2,12.421188057397055,12.468177795410156,0.004868893500413191,12.47304668891057
551,2030,2,11.849404844423074,11.815138816833496,0.006588472986727744,11.821727289820224
556,2030,2,11.635151947212842,11.636719703674316,0.004868893500413191,11.64158859717473
558,2030,2,11.58989576532275,11.518170356750488,0.005320170073191679,11.52349052682368
570,2030,2,11.820123358887447,11.859281539916992,0.005320170073191679,11.864601709990184
575,2030,2,11.842236406331555,11.743364334106445,0.005320170073191679,11.748684504179637
578,2030,2,12.010671928196443,11.947473526000977,0.005320170073191679,11.952793696074169
579,2030,2,11.891368749982085,11.963468551635742,0.004868893500413191,11.968337445136155
584,2030,2,12.691583538230217,12.686424255371094,0.03841154319864224,12.724835798569735
585,2030,2,11.798111925972618,11.794021606445312,0.004868893500413191,11.798890499945726
587,2030,2,11.775297421715827,11.687384605407715,0.005320170073191679,11.692704775480907
590,2030,2,11.283524879179666,11.542267799377441,0.005320170073191679,11.547587969450634
595,2030,2,11.608244735642321,11.611546516418457,0.005320170073191679,11.61686668649165
599,2030,2,12.289958727201455,12.123598098754883,0.024049897720766555,12.14764799647565
604,2030,2,11.92504173829169,11.94114875793457,0.004868893500413191,11.946017651434984
611,2030,2,12.653961664405365,12.677809715270996,0.004868893500413191,12.68267860877141
622,2030,2,12.388398368982115,12.433996200561523,0.004868893500413191,12.438865094061937
623,2030,2,11.813037464800539,11.728562355041504,0.005320170073191679,11.733882525114696
626,2030,2,11.982935344196433,11.903563499450684,0.007039749559506233,11.91060324901019
628,2030,2,11.938199736300925,12.02225112915039,0.004868893500413191,12.027120022650804
634,2030,2,11.845109950883979,11.86959171295166,0.005320170073191679,11.874911883024852
636,2030,2,12.206077645517674,12.144082069396973,0.003742920248326958,12.147824989645299
640,2030,2,12.485830907348902,12.53280258178711,0.004868893500413191,12.537671475287523
645,2030,2,12.823631142839984,12.775940895080566,0.004868893500413191,12.78080978858098
650,2030,2,11.344518647594766,11.236026763916016,0.004868893500413191,11.240895657416429
652,2030,2,11.58989576532275,11.586309432983398,0.004868893500413191,11.591178326483812
655,2030,2,12.765691290604371,12.819754600524902,0.004868893500413191,12.824623494025316
657,2030,2,11.8879382384223,11.886857032775879,0.005320170073191679,11.892177202849071
666,2030,2,12.348010479804223,12.430769920349121,0.004868893500413191,12.435638813849534
671,2030,2,12.063938642041201,12.070646286010742,0.004868893500413191,12.075515179511155
674,2030,2,12.458778882573533,12.437423706054688,0.025769477207081108,12.463193183261769
675,2030,2,11.849404844423074,11.921941757202148,0.005320170073191679,11.92726192727534
679,2030,2,12.827995001361906,12.6123685836792,0.004868893500413191,12.617237477179613
681,2030,2,11.870606902224587,11.747653007507324,0.005320170073191679,11.752973177580516
682,2030,2,11.979391594635791,11.587801933288574,0.004868893500413191,11.592670826788988
685,2030,2,12.30592250537653,12.246856689453125,0.005320170073191679,12.252176859526317
689,2030,2,12.879019669789754,12.320080757141113,0.004868893500413191,12.324949650641527
691,2030,2,11.856522261533737,11.886795043945312,0.004868893500413191,11.891663937445726
692,2030,2,13.534474352733596,13.04792594909668,0.03841154319864224,13.086337492295321
696,2030,2,12.07824495582233,12.033611297607422,0.005320170073191679,12.038931467680614
698,2030,2,11.724004532183379,11.77249526977539,0.004868893500413191,11.777364163275804
702,2030,2,11.849404844423074,11.907270431518555,0.005320170073191679,11.912590601591747
703,2030,2,12.799178471909892,12.737178802490234,0.004868893500413191,12.742047695990648
704,2030,2,11.849404844423074,11.84859848022461,0.003742920248326958,11.852341400472936
707,2030,2,12.618185607609803,12.63668155670166,0.04148404558485823,12.67816560228652
708,2030,2,12.445093483000798,12.256142616271973,0.004868893500413191,12.261011509772386
714,2030,2,11.767575435251748,11.580618858337402,0.005320170073191679,11.585939028410595
725,2030,2,12.676079399771027,12.58620834350586,0.005320170073191679,12.591528513579052
727,2030,2,12.310437165348775,12.308302879333496,0.024049897720766555,12.332352777054263
730,2030,2,11.542493975902508,11.392627716064453,0.004868893500413191,11.397496609564866
739,2030,2,12.095146671399466,11.814422607421875,0.005320170073191679,11.819742777495067
742,2030,2,11.863589378812122,11.834927558898926,0.008356492892978363,11.843284051791905
744,2030,2,12.07254696717504,11.960416793823242,0.005320170073191679,11.965736963896434
748,2030,2,12.491176396967154,12.448566436767578,0.004868893500413191,12.453435330267991
757,2030,2,12.264346270624157,12.234904289245605,0.004868893500413191,12.239773182746019
758,2030,2,11.97603664577121,11.91627311706543,0.005320170073191679,11.921593287138622
761,2030,2,11.755879486687116,11.70556640625,0.005320170073191679,11.710886576323192
768,2030,2,11.982935344196433,12.100452423095703,0.005320170073191679,12.105772593168895
771,2030,2,11.812296455066814,11.804957389831543,0.005320170073191679,11.810277559904735
772,2030,2,11.532737896139919,11.661520957946777,0.005320170073191679,11.66684112801997
779,2030,2,11.87757552297847,11.790253639221191,0.003742920248326958,11.793996559469518
782,2030,2,12.077676615757813,12.11167049407959,0.004868893500413191,12.116539387580003
785,2030,2,11.759793355371237,11.801600456237793,0.004868893500413191,11.806469349738206
786,2030,2,11.992266613576142,12.02935791015625,0.02535355171489191,12.054711461871142
795,2030,2,12.178192583415596,12.203542709350586,0.004868893500413191,12.208411602851
800,2030,2,12.07254696717504,11.873244285583496,0.004868893500413191,11.87811317908391
805,2030,2,11.678448377988165,11.629016876220703,0.005320170073191679,11.634337046293895
807,2030,2,11.816734299348461,11.79764175415039,0.005320170073191679,11.802961924223583
808,2030,2,12.317171167298682,12.17729663848877,0.005320170073191679,12.182616808561962
818,2030,2,12.509877789891931,12.65216064453125,0.005320170073191679,12.657480814604442
819,2030,2,11.951186847493476,11.93514347076416,0.005320170073191679,11.940463640837352
823,2030,2,12.323860125621126,12.153460502624512,0.005320170073191679,12.158780672697704
824,2030,2,11.845827048676645,11.878368377685547,0.004868893500413191,11.88323727118596
825,2030,2,12.357079818283598,12.348434448242188,0.005320170073191679,12.35375461831538
837,2030,2,11.941462360646149,11.831820487976074,0.004868893500413191,11.836689381476488
849,2030,2,12.388398368982115,12.255328178405762,0.06369916041948417,12.319027338825245
857,2030,2,11.898194668458823,11.930462837219238,0.005320170073191679,11.93578300729243
862,2030,2,11.78676973513378,11.779052734375,-0.018072634570950978,11.76098009980405
864,2030,2,11.794345471549745,11.874899864196777,0.023633972228577358,11.898533836425354
866,2030,2,11.908346971208951,11.777162551879883,0.005320170073191679,11.782482721953075
868,2030,2,11.767575435251748,11.777597427368164,0.004868893500413191,11.782466320868577
880,2030,2,11.824087219587643,11.79102897644043,0.002873161298965195,11.793902137739394
889,2030,2,12.498745990829315,12.691529273986816,0.007039749559506233,12.698569023546323
897,2030,2,11.575909653758895,11.340740203857422,0.005320170073191679,11.346060373930614
898,2030,2,11.870278179170796,11.830239295959473,0.003742920248326958,11.833982216207799
900,2030,2,11.813037464800539,11.803823471069336,0.004868893500413191,11.80869236456975
905,2030,2,11.74006900564972,11.685931205749512,0.005320170073191679,11.691251375822704
906,2030,2,11.759793355371237,11.777471542358398,0.005320170073191679,11.78279171243159
907,2030,2,12.449022745701502,12.5613431930542,0.005320170073191679,12.566663363127391
913,2030,2,11.385103457032141,11.4202241897583,0.004868893500413191,11.425093083258714
919,2030,2,12.380030154325457,12.478649139404297,0.004868893500413191,12.48351803290471
925,2030,2,12.242891437918386,12.152802467346191,0.004868893500413191,12.157671360846605
927,2030,2,12.560247968016562,12.598793983459473,0.004868893500413191,12.603662876959886
941,2030,2,11.924379271639218,12.105178833007812,0.004194196821105446,12.109373029828918
958,2030,2,11.790564777297387,11.761771202087402,0.005320170073191679,11.767091372160595
969,2030,2,10.542732775946709,10.980124473571777,0.004868893500413191,10.98499336707219
984,2030,2,12.45254592991672,12.493963241577148,0.004868893500413191,12.498832135077562
991,2030,2,12.759960632315702,12.66958999633789,0.004868893500413191,12.674458889838304
998,2030,2,12.128116509451258,11.938597679138184,0.005320170073191679,11.943917849211376
999,2030,2,11.418625774449598,11.307500839233398,-0.018072634570950978,11.289428204662448
1002,2030,2,11.362114203075018,11.344938278198242,0.005320170073191679,11.350258448271434
1008,2030,2,11.385103457032141,11.4029541015625,-0.04424149746102797,11.358712604101472
1009,2030,2,12.388398368982115,12.434127807617188,0.007039749559506233,12.441167557176694
1018,2030,2,12.141539457711714,12.085343360900879,0.004868893500413191,12.090212254401292
1020,2030,2,12.271349956195543,12.179105758666992,0.004868893500413191,12.183974652167405
1033,2030,2,12.644330802262578,12.703109741210938,0.004868893500413191,12.70797863471135
1035,2030,2,11.693169865968983,11.733753204345703,0.023598621147988066,11.757351825493691
1040,2030,2,11.289794413577894,11.358532905578613,-0.018523911143729466,11.340008994434884
1045,2030,2,12.535379989788607,12.65025520324707,0.05672534535402791,12.706980548601098
1053,2030,2,12.013706813470414,11.99802017211914,0.004868893500413191,12.002889065619554
1060,2030,2,12.301387370778713,12.148673057556152,0.023598621147988066,12.17227167870414
1065,2030,2,11.944714374881176,11.91986083984375,0.005320170073191679,11.925181009916942
1074,2030,2,11.979805470779858,11.904385566711426,0.004868893500413191,11.909254460211839
1078,2030,2,11.840796531639839,11.784348487854004,0.005320170073191679,11.789668657927196
1079,2030,2,11.956976469393481,11.866203308105469,0.004868893500413191,11.871072201605882
1081,2030,2,11.884495917930655,12.035534858703613,0.005320170073191679,12.040855028776805
1083,2030,2,12.165255859329688,12.149091720581055,0.004868893500413191,12.153960614081468
1086,2030,2,11.898194668458823,11.985735893249512,0.005320170073191679,11.991056063322704
1087,2030,2,11.332613886815139,11.4725341796875,-0.020848692816885315,11.451685486870614
1092,2030,2,11.982935344196433,11.938158988952637,0.004868893500413191,11.94302788245305
1096,2030,2,12.080696479888445,12.113507270812988,0.005320170073191679,12.11882744088618
1103,2030,2,11.813037464800539,11.757895469665527,0.004868893500413191,11.76276436316594
1107,2030,2,12.100161978566867,12.144718170166016,0.005320170073191679,12.150038340239208
1114,2030,2,11.80932691294063,11.795977592468262,0.005320170073191679,11.801297762541454
1120,2030,2,11.803361242493628,11.756816864013672,0.023633972228577358,11.780450836242249
1123,2030,2,11.626263078808801,11.353999137878418,-0.03904739890778242,11.314951738970635
1124,2030,2,11.678448377988165,11.505587577819824,0.005320170073191679,11.510907747893016
1125,2030,2,12.007017865994577,11.981040954589844,0.004868893500413191,11.985909848090257
1128,2030,2,12.464587201678082,12.338107109069824,0.005320170073191679,12.343427279143016
1131,2030,2,11.813037464800539,11.791172981262207,-0.041218254966875464,11.749954726295332
1139,2030,2,12.185875040240456,12.225179672241211,0.004868893500413191,12.230048565741624
1145,2030,2,11.289794413577894,11.359829902648926,-0.018072634570950978,11.341757268077975
1147,2030,2,12.100717685412471,12.064385414123535,0.005320170073191679,12.069705584196727
1154,2030,2,11.699413330633599,11.692770957946777,0.008356492892978363,11.701127450839756
1158,2030,2,12.345838935721968,12.251128196716309,0.004868893500413191,12.255997090216722
1159,2030,2,12.367889578686164,12.41103744506836,0.005320170073191679,12.416357615141552
1164,2030,2,11.59873612138334,11.757075309753418,-0.019198607823037207,11.73787670193038
1165,2030,2,12.175618592671356,12.165731430053711,0.005320170073191679,12.171051600126903
1170,2030,2,13.345508528717259,13.086644172668457,0.03886281977142073,13.125506992439878
1172,2030,2,12.001511614739405,12.035016059875488,0.007039749559506233,12.042055809434995
1174,2030,2,12.208574513247495,12.238640785217285,0.004868893500413191,12.243509678717698
1175,2030,2,12.384223015005313,12.265216827392578,0.027086220540553242,12.292303047933132
1180,2030,2,11.440365524765756,11.419808387756348,0.005320170073191679,11.42512855782954
1186,2030,2,11.560772327227417,11.744318962097168,0.005320170073191679,11.74963913217036
1189,2030,2,12.180759965737863,12.138689041137695,0.004868893500413191,12.143557934638109
1190,2030,2,12.149507585033072,12.195743560791016,0.004868893500413191,12.200612454291429
1192,2030,2,12.066816325306588,12.060038566589355,0.004868893500413191,12.064907460089769
1199,2030,2,12.08954444723597,12.08675765991211,0.005320170073191679,12.092077829985302
1206,2030,2,12.513193308436527,12.625636100769043,0.005320170073191679,12.630956270842235
1208,2030,2,12.206077645517674,12.264477729797363,0.004868893500413191,12.269346623297777
1218,2030,2,12.343470927093518,12.36465835571289,0.004868893500413191,12.369527249213304
1224,2030,2,11.834291315386718,11.888362884521484,-0.041218254966875464,11.84714462955461
1227,2030,2,12.273735966890268,12.211282730102539,0.005320170073191679,12.216602900175731
1230,2030,2,11.751950239425476,11.901570320129395,0.02318269565579887,11.924753015785193
1232,2030,2,11.794345471549745,11.89564037322998,0.004868893500413191,11.900509266730394
1236,2030,2,11.841423131921784,11.925843238830566,0.024049897720766555,11.949893136551333
1242,2030,2,12.42250975887691,12.420201301574707,0.004868893500413191,12.42507019507512
1249,2030,2,11.771443882099637,11.877367973327637,0.004868893500413191,11.88223686682805
1255,2030,2,12.016128107502665,12.13904094696045,0.004868893500413191,12.143909840460863
1259,2030,2,12.154784614286667,12.136226654052734,0.005320170073191679,12.141546824125927
1261,2030,2,12.10625783509458,12.152234077453613,0.005320170073191679,12.157554247526805
1265,2030,2,12.10625783509458,12.023102760314941,0.004868893500413191,12.027971653815355
1273,2030,2,11.827743504053695,11.797043800354004,0.005320170073191679,11.802363970427196
1277,2030,2,11.995357787034976,12.017053604125977,0.005320170073191679,12.022373774199169
1285,2030,2,12.037659911047468,12.0794677734375,0.004868893500413191,12.084336666937913
1286,2030,2,11.794345471549745,11.749896049499512,0.004868893500413191,11.754764942999925
1309,2030,2,11.898194668458823,11.870115280151367,0.005320170073191679,11.87543545022456
1317,2030,2,12.596403811053621,12.58061695098877,0.004868893500413191,12.585485844489183
1328,2030,2,11.779136168550774,11.767597198486328,0.005320170073191679,11.77291736855952
1334,2030,2,11.74006900564972,11.769481658935547,0.004868893500413191,11.77435055243596
1338,2030,2,10.868587496017359,11.002113342285156,-0.018523911143729466,10.983589431141427
1339,2030,2,12.206077645517674,12.296209335327148,0.005320170073191679,12.30152950540034
1357,2030,2,11.608244735642321,11.65774154663086,0.005320170073191679,11.663061716704052
1368,2030,2,11.751950239425476,11.784674644470215,0.004868893500413191,11.789543537970628
1374,2030,2,13.05301544288996,12.960986137390137,0.03841154319864224,12.999397680588778
1376,2030,2,12.384223015005313,12.468130111694336,0.005320170073191679,12.473450281767528
1384,2030,2,11.626263078808801,11.918838500976562,0.005320170073191679,11.924158671049755
1387,2030,2,12.429220196836383,12.533101081848145,0.006588472986727744,12.539689554834872
1397,2030,2,11.982935344196433,11.991780281066895,0.04148404558485823,12.033264326651754
1402,2030,2,12.170450649220749,12.161478042602539,0.004868893500413191,12.166346936102952
1403,2030,2,12.174994689959313,12.210326194763184,0.004868893500413191,12.215195088263597
1404,2030,2,12.552930054797935,12.414209365844727,0.005320170073191679,12.419529535917919
1405,2030,2,11.561725152903833,11.453784942626953,-0.018072634570950978,11.435712308056003
1411,2030,2,12.345838935721968,12.284018516540527,0.005320170073191679,12.28933868661372
1412,2030,2,11.849404844423074,11.920166015625,0.007905216320199877,11.9280712319452
1435,2030,2,11.982935344196433,12.035721778869629,0.023633972228577358,12.059355751098206
1440,2030,2,12.190964083849375,12.06118392944336,0.005320170073191679,12.066504099516552
1442,2030,2,11.913719681428494,11.86941909790039,0.004868893500413191,11.874287991400804
1446,2030,2,11.767575435251748,11.728238105773926,0.005320170073191679,11.733558275847118
1449,2030,2,11.626263078808801,11.601666450500488,0.005320170073191679,11.60698662057368
1451,2030,2,11.820417517632333,11.81594181060791,0.003742920248326958,11.819684730856236
2,2030,3,12.109016442313738,12.098970413208008,0.010281003626235147,12.109251416834242
3,2030,3,12.317171167298682,12.287779808044434,0.003849251679719748,12.291629059724153
5,2030,3,12.429220196836383,12.610639572143555,0.003849251679719748,12.614488823823274
9,2030,3,11.774527900858468,11.79097843170166,0.008287650622479444,11.79926608232414
19,2030,3,11.976665770490767,11.945961952209473,0.003849251679719748,11.949811203889192
27,2030,3,11.811554895830454,11.83726692199707,0.003849251679719748,11.84111617367679
28,2030,3,12.631343648903034,12.594253540039062,0.003849251679719748,12.598102791718782
36,2030,3,12.6410997921206,12.60899829864502,0.003849251679719748,12.612847550324739
38,2030,3,11.938199736300925,11.931669235229492,0.003849251679719748,11.935518486909212
39,2030,3,11.599112335481124,11.78343677520752,0.003849251679719748,11.787286026887239
43,2030,3,11.87757552297847,11.837591171264648,0.003849251679719748,11.841440422944368
45,2030,3,11.856522261533737,11.833377838134766,0.012762657214547673,11.846140495349314
46,2030,3,12.675766851909591,12.646064758300781,0.003849251679719748,12.6499140099805
48,2030,3,12.428019481065613,12.38941764831543,0.003849251679719748,12.39326689999515
51,2030,3,12.083910661257521,12.108048439025879,0.003849251679719748,12.111897690705598
53,2030,3,11.608244735642321,11.608892440795898,0.003849251679719748,11.612741692475618
59,2030,3,12.991755706536901,12.949392318725586,0.04206126564283703,12.991453584368424
60,2030,3,11.735276702486741,11.70733642578125,0.003849251679719748,11.71118567746097
62,2030,3,11.522885696764481,11.460408210754395,0.005526733563671189,11.465934944318066
65,2030,3,12.299112067295642,12.374794006347656,0.003849251679719748,12.378643258027376
72,2030,3,11.771443882099637,11.707140922546387,0.00038382708163538313,11.707524749628021
76,2030,3,11.418625774449598,11.357747077941895,0.0018963545052963137,11.359643432447191
79,2030,3,11.824087219587643,11.68114185333252,-0.0016945934002066888,11.679447259932314
86,2030,3,12.468440756144114,12.503128051757812,0.003849251679719748,12.506977303437532
87,2030,3,12.066816325306588,12.09887981414795,0.004457895075812981,12.103337709223762
90,2030,3,11.724813914587886,11.658395767211914,0.003849251679719748,11.662245018891634
91,2030,3,11.60733523953139,11.545745849609375,0.013371300610640909,11.559117150220017
92,2030,3,11.498836682527127,11.632234573364258,-0.0021562391000106147,11.630078334264248
93,2030,3,12.004574385508691,11.794671058654785,0.024947712646008792,11.819618771300794
95,2030,3,12.229549885708273,12.221636772155762,0.004379560529480316,12.226016332685242
101,2030,3,12.230770136157428,12.292567253112793,0.003849251679719748,12.296416504792512
104,2030,3,12.200562492481511,12.133559226989746,0.005240452014217744,12.138799679003963
105,2030,3,12.040614105490253,11.950313568115234,-0.013565816368711493,11.936747751746523
120,2030,3,12.0075668272517,12.044744491577148,0.003849251679719748,12.048593743256868
137,2030,3,11.870606902224587,11.883637428283691,0.003849251679719748,11.887486679963411
141,2030,3,11.652696102959753,11.576794624328613,0.003849251679719748,11.580643876008333
144,2030,3,12.225880174775122,12.249166488647461,0.003849251679719748,12.25301574032718
148,2030,3,12.312686874960354,12.278840065002441,0.003849251679719748,12.282689316682161
166,2030,3,11.755879486687116,11.766022682189941,-0.0010859500041134544,11.764936732185827
172,2030,3,12.278397958261774,12.140202522277832,0.012762657214547673,12.15296517949238
179,2030,3,13.126032637428713,12.931781768798828,0.008484863071188963,12.940266631870017
184,2030,3,12.206077645517674,12.397614479064941,0.0066625909747966465,12.404277070039738
191,2030,3,12.660331092405906,12.460136413574219,0.04029287012735214,12.500429283701571
195,2030,3,11.751950239425476,11.686439514160156,0.003849251679719748,11.690288765839876
198,2030,3,12.367345048436391,12.49776554107666,-0.011282785923395166,12.486482755153265
208,2030,3,11.856522261533737,11.811769485473633,0.003849251679719748,11.815618737153352
215,2030,3,11.993813394724253,11.945767402648926,0.004457895075812981,11.950225297724739
219,2030,3,12.649157827477366,12.345600128173828,0.026016551133867003,12.371616679307696
230,2030,3,12.167856627501678,12.179780006408691,0.0002188726213448705,12.179998879030036
231,2030,3,11.904974309480181,11.828836441040039,0.003849251679719748,11.832685692719759
238,2030,3,12.178192583415596,12.333187103271484,0.004918090167577955,12.338105193439063
239,2030,3,12.669809806411457,12.456555366516113,0.004379560529480316,12.460934927045594
240,2030,3,11.635151947212842,11.777918815612793,-0.013565816368711493,11.764352999244082
241,2030,3,12.47801017053037,12.540018081665039,0.005240452014217744,12.545258533679256
243,2030,3,11.277215789596893,11.459486961364746,-0.013487481822378827,11.445999479542367
250,2030,3,12.531776395271262,12.515192031860352,0.05115181738475598,12.566343849245108
252,2030,3,12.367345048436391,12.542104721069336,0.02306183439485261,12.565166555464188
265,2030,3,11.19822841866684,11.392936706542969,0.004457895075812981,11.397394601618782
274,2030,3,11.842236406331555,11.9727783203125,0.003849251679719748,11.97662757199222
280,2030,3,12.165255859329688,12.234753608703613,0.020233591651334423,12.254987200354948
283,2030,3,12.242891437918386,12.301704406738281,0.003849251679719748,12.305553658418
285,2030,3,12.09626335986454,12.1815824508667,0.005593752486938438,12.187176203353637
287,2030,3,11.976665770490767,12.115118026733398,0.003849251679719748,12.118967278413118
289,2030,3,11.711784520403112,11.653579711914062,0.003849251679719748,11.657428963593782
292,2030,3,11.819681958463892,11.781464576721191,0.004918090167577955,11.78638266688877
304,2030,3,11.917730355182513,11.689390182495117,0.003849251679719748,11.693239434174837
305,2030,3,12.59473402514672,12.773402214050293,0.014221680005626552,12.787623894055919
309,2030,3,11.320565693461432,11.571642875671387,0.003849251679719748,11.575492127351106
311,2030,3,12.017336559562407,12.10949993133545,0.004457895075812981,12.113957826411262
315,2030,3,12.08954444723597,12.023885726928711,0.004918090167577955,12.02880381709629
317,2030,3,12.468440756144114,12.452627182006836,0.004379560529480316,12.457006742536317
320,2030,3,12.141539457711714,12.209343910217285,0.003849251679719748,12.213193161897005
323,2030,3,12.614868865984631,12.55253791809082,0.005593752486938438,12.558131670577758
327,2030,3,12.688501881189456,12.564146041870117,0.012762657214547673,12.576908699084665
331,2030,3,11.686887175419702,11.862748146057129,-0.01963997029839851,11.843108175758731
339,2030,3,12.218500103788143,12.281825065612793,0.003849251679719748,12.285674317292512
342,2030,3,11.314486721293981,11.363849639892578,-0.014096125218472063,11.349753514674106
343,2030,3,11.37940550085183,11.442838668823242,-0.019031326902305277,11.423807341920936
351,2030,3,12.670001611311875,12.638334274291992,0.005593752486938438,12.64392802677893
352,2030,3,12.154784614286667,12.244414329528809,0.021302430139192634,12.265716759668
354,2030,3,11.570259974415547,11.507161140441895,0.010889647022328383,11.518050787464222
358,2030,3,11.80560254159177,11.830883026123047,0.003849251679719748,11.834732277802766
359,2030,3,11.775297421715827,11.797101020812988,0.0033570532410008265,11.800458074053989
361,2030,3,11.957617696467539,11.933158874511719,0.0014526655694935906,11.934611540081212
374,2030,3,11.719947764402807,11.748175621032715,0.004457895075812981,11.752633516108528
377,2030,3,11.904974309480181,11.772905349731445,0.003849251679719748,11.776754601411165
382,2030,3,12.142871895843887,12.265458106994629,0.003849251679719748,12.269307358674348
383,2030,3,12.271396795480596,12.26087760925293,0.003849251679719748,12.26472686093265
391,2030,3,11.686887175419702,11.669648170471191,0.011349842114093355,11.680998012585285
394,2030,3,11.51293546492023,11.294454574584961,0.007324590750297566,11.301779165335258
398,2030,3,12.040614105490253,11.917190551757812,0.004379560529480316,11.921570112287293
399,2030,3,11.112462823634855,11.41900634765625,0.003849251679719748,11.42285559933597
403,2030,3,11.58989576532275,11.494214057922363,0.010889647022328383,11.505103704944691
410,2030,3,12.73596827534975,12.658942222595215,0.003849251679719748,12.662791474274934
425,2030,3,11.842236406331555,11.871801376342773,0.003849251679719748,11.875650628022493
448,2030,3,12.20557752297723,12.194801330566406,0.003849251679719748,12.198650582246126
453,2030,3,12.225880174775122,12.172924995422363,0.003849251679719748,12.176774247102083
456,2030,3,12.075400019877522,11.991316795349121,0.003849251679719748,11.99516604702884
459,2030,3,11.989165855127435,11.908102035522461,0.004457895075812981,11.912559930598274
466,2030,3,12.093693109638318,11.997264862060547,0.0002188726213448705,11.997483734681891
477,2030,3,12.249615734512616,12.259657859802246,0.003849251679719748,12.263507111481966
482,2030,3,12.832013750189885,12.784582138061523,0.003849251679719748,12.788431389741243
487,2030,3,11.957617696467539,11.908354759216309,0.003849251679719748,11.912204010896028
491,2030,3,11.652696102959753,11.608150482177734,0.002572016824656797,11.61072249900239
500,2030,3,11.695255355062795,11.759819030761719,0.004918090167577955,11.764737120929297
501,2030,3,11.635151947212842,11.598747253417969,0.0008275160174381049,11.599574769435407
503,2030,3,11.849404844423074,11.85977840423584,0.004918090167577955,11.864696494403418
505,2030,3,11.898194668458823,11.837876319885254,0.0002188726213448705,11.838095192506598
507,2030,3,12.278397958261774,12.342923164367676,0.003849251679719748,12.346772416047395
509,2030,3,11.989165855127435,11.907110214233398,0.004457895075812981,11.911568109309211
510,2030,3,11.732069026983156,11.874554634094238,0.003849251679719748,11.878403885773958
520,2030,3,12.36308066783498,12.357205390930176,0.024947712646008792,12.382153103576185
521,2030,3,11.573559498507079,11.302268981933594,-1.7111516255245563e-05,11.302251870417338
522,2030,3,11.918397239722838,11.893510818481445,0.003849251679719748,11.897360070161165
528,2030,3,13.008661502470739,12.925447463989258,0.005240452014217744,12.930687916003475
530,2030,3,12.209192772866418,12.360584259033203,0.02469950911563045,12.385283768148833
531,2030,3,12.07254696717504,12.126337051391602,0.005593752486938438,12.13193080387854
540,2030,3,12.513561021741964,12.462688446044922,0.003849251679719748,12.466537697724641
544,2030,3,11.798111925972618,11.823081970214844,0.003849251679719748,11.826931221894563
552,2030,3,11.630717389475995,11.629024505615234,0.012762657214547673,11.641787162829782
553,2030,3,12.450981602512561,12.42660903930664,0.003849251679719748,12.43045829098636
555,2030,3,12.556733038263905,12.436064720153809,0.003849251679719748,12.439913971833528
557,2030,3,11.856522261533737,11.929121971130371,0.003849251679719748,11.93297122281009
565,2030,3,12.498745990829315,12.492876052856445,0.003849251679719748,12.496725304536165
566,2030,3,11.759793355371237,11.812809944152832,-0.013027286730613855,11.799782657422218
568,2030,3,12.273735966890268,12.128143310546875,0.003849251679719748,12.131992562226595
576,2030,3,11.682676678340282,11.681553840637207,0.003849251679719748,11.685403092316927
580,2030,3,11.78676973513378,11.75439739227295,0.003849251679719748,11.758246643952669
582,2030,3,12.442306148381938,12.768308639526367,0.005240452014217744,12.773549091540584
593,2030,3,11.835016210489899,11.834245681762695,0.0088439066322631,11.843089588394959
597,2030,3,11.648373769145277,11.649127006530762,-0.015383267747480204,11.63374373878328
600,2030,3,11.92504173829169,11.925646781921387,0.0002188726213448705,11.925865654542731
606,2030,3,12.230770136157428,12.203899383544922,0.004918090167577955,12.2088174737125
612,2030,3,11.904974309480181,12.002878189086914,0.003849251679719748,12.006727440766634
614,2030,3,11.898194668458823,11.660601615905762,0.00038382708163538313,11.660985442987396
619,2030,3,12.659737267217572,12.709306716918945,0.004918090167577955,12.714224807086524
630,2030,3,12.034696963475044,11.9583101272583,0.003849251679719748,11.96215937893802
635,2030,3,11.87757552297847,11.882965087890625,-0.0016945934002066888,11.881270494490419
637,2030,3,11.002116507732017,10.963521957397461,0.0019277433666604385,10.965449700764122
639,2030,3,11.350418300109132,11.46644115447998,0.004918090167577955,11.471359244647559
641,2030,3,12.520887034998584,12.522564888000488,0.003849251679719748,12.526414139680208
642,2030,3,12.328294703023396,12.35932445526123,0.004918090167577955,12.364242545428809
651,2030,3,12.235393555399902,12.195490837097168,0.003849251679719748,12.199340088776887
658,2030,3,11.91170829631447,12.008742332458496,0.024947712646008792,12.033690045104505
663,2030,3,11.608244735642321,11.932205200195312,-0.001087400612152406,11.93111779958316
672,2030,3,11.548302261270587,11.7056245803833,0.004457895075812981,11.710082475459114
676,2030,3,11.908346971208951,11.904298782348633,0.0002188726213448705,11.904517654969977
677,2030,3,11.373674891823535,11.72203254699707,-0.0016945934002066888,11.720337953596864
680,2030,3,11.763691965388299,11.766740798950195,0.003849251679719748,11.770590050629915
683,2030,3,12.06105265381003,12.080333709716797,0.016603212592959556,12.096936922309757
687,2030,3,12.336556900342153,12.308235168457031,0.003849251679719748,12.31208442013675
710,2030,3,11.60733523953139,11.617149353027344,0.003849251679719748,11.620998604707063
716,2030,3,12.013706813470414,11.896639823913574,0.003849251679719748,11.900489075593294
720,2030,3,11.763691965388299,11.782902717590332,0.003849251679719748,11.786751969270052
738,2030,3,12.3879816172226,12.383199691772461,0.003849251679719748,12.38704894345218
741,2030,3,11.790564777297387,11.672798156738281,0.00498820392557355,11.677786360663855
755,2030,3,11.957617696467539,11.932488441467285,0.010281003626235147,11.94276944509352
762,2030,3,11.51293546492023,11.64344596862793,0.007324590750297566,11.650770559378227
763,2030,3,12.279327754099118,12.175293922424316,0.005240452014217744,12.180534374438533
766,2030,3,12.484208043148733,12.505104064941406,0.005240452014217744,12.510344516955623
769,2030,3,12.28690580994122,12.338868141174316,0.003849251679719748,12.342717392854036
774,2030,3,11.648338835562747,11.696354866027832,0.003849251679719748,11.700204117707552
775,2030,3,12.886643575525625,12.623041152954102,0.003849251679719748,12.626890404633821
777,2030,3,12.308182383129823,12.296189308166504,0.003849251679719748,12.300038559846223
778,2030,3,11.86710429621008,11.821859359741211,0.003849251679719748,11.82570861142093
780,2030,3,11.813037464800539,11.920828819274902,0.00038382708163538313,11.921212646356537
789,2030,3,11.588969419043874,11.666238784790039,0.003849251679719748,11.670088036469759
790,2030,3,12.141539457711714,12.247312545776367,0.02666534359784983,12.273977889374217
801,2030,3,12.206077645517674,12.24323558807373,0.021911073535285867,12.265146661609016
804,2030,3,13.275829251377,13.059915542602539,0.006309290502075952,13.066224833104615
812,2030,3,11.881041706925902,11.913057327270508,0.003849251679719748,11.916906578950227
813,2030,3,10.932999821119937,11.316561698913574,0.004457895075812981,11.321019593989387
814,2030,3,11.969723533345908,11.965639114379883,0.004918090167577955,11.970557204547461
829,2030,3,12.128116509451258,12.031929016113281,0.02304693094641133,12.054975947059692
830,2030,3,11.900912042974875,12.00676155090332,0.0036408553125150053,12.010402406215835
831,2030,3,12.019749091416921,11.978289604187012,0.004918090167577955,11.98320769435459
832,2030,3,11.92504173829169,11.984807014465332,0.0036408553125150053,11.988447869777847
835,2030,3,11.849047640327147,11.82850456237793,0.003849251679719748,11.83235381405765
840,2030,3,11.779136168550774,11.716697692871094,0.003849251679719748,11.720546944550813
843,2030,3,12.071975378543236,11.978574752807617,0.003849251679719748,11.982424004487337
846,2030,3,12.049424683420915,12.07271957397461,0.003849251679719748,12.076568825654329
851,2030,3,11.78676973513378,11.86923599243164,0.003849251679719748,11.87308524411136
852,2030,3,12.278397958261774,12.202091217041016,0.0002188726213448705,12.20231008966236
858,2030,3,12.066816325306588,11.965346336364746,0.003849251679719748,11.969195588044466
863,2030,3,11.931642378754141,11.855724334716797,0.003849251679719748,11.859573586396516
869,2030,3,12.037659911047468,12.033297538757324,0.006732704732792243,12.040030243490117
870,2030,3,12.371591321286905,12.307652473449707,0.003849251679719748,12.311501725129427
881,2030,3,11.964007453736912,11.963232040405273,0.003849251679719748,11.967081292084993
883,2030,3,12.08954444723597,12.055193901062012,0.003849251679719748,12.059043152741731
886,2030,3,12.70351207261035,12.599681854248047,0.005593752486938438,12.605275606734985
890,2030,3,11.915058360753719,12.02936840057373,-0.014096125218472063,12.015272275355258
892,2030,3,12.058158312538197,12.046772003173828,0.003849251679719748,12.050621254853548
904,2030,3,12.388398368982115,12.366423606872559,0.003849251679719748,12.370272858552278
909,2030,3,11.782960235741939,11.777475357055664,0.00038382708163538313,11.777859184137299
910,2030,3,12.066816325306588,12.067222595214844,0.003849251679719748,12.071071846894563
916,2030,3,11.225256725762893,11.350570678710938,0.0008275160174381049,11.351398194728375
920,2030,3,12.081081821061819,12.041885375976562,0.011349842114093355,12.053235218090656
943,2030,3,11.918397239722838,11.84766960144043,0.003601048149341404,11.851270649589772
949,2030,3,12.167856627501678,12.269515037536621,0.003849251679719748,12.27336428921634
951,2030,3,11.767575435251748,11.827653884887695,0.010281003626235147,11.83793488851393
952,2030,3,11.694421681264394,11.655791282653809,0.003849251679719748,11.659640534333528
959,2030,3,12.128116509451258,12.211785316467285,0.003849251679719748,12.215634568147005
962,2030,3,12.513561021741964,12.501629829406738,0.004379560529480316,12.506009389936219
963,2030,3,11.951186847493476,11.978409767150879,0.0002188726213448705,11.978628639772223
964,2030,3,12.384223015005313,12.596563339233398,0.003849251679719748,12.600412590913118
967,2030,3,11.982935344196433,11.911713600158691,0.024947712646008792,11.9366613128047
968,2030,3,11.813037464800539,11.82043743133545,0.003849251679719748,11.824286683015169
980,2030,3,11.842236406331555,11.81712532043457,0.003849251679719748,11.82097457211429
981,2030,3,12.091789104493502,12.04626178741455,0.003849251679719748,12.05011103909427
989,2030,3,12.180759965737863,12.184009552001953,0.004918090167577955,12.188927642169531
990,2030,3,12.190964083849375,12.133707046508789,0.003849251679719748,12.137556298188509
993,2030,3,12.138869243416009,12.180135726928711,0.010281003626235147,12.190416730554945
1003,2030,3,12.354496960983985,12.394756317138672,0.003849251679719748,12.398605568818391
1021,2030,3,12.07824495582233,11.899493217468262,0.003849251679719748,11.903342469147981
1028,2030,3,12.588194064175278,12.58047866821289,0.003849251679719748,12.58432791989261
1031,2030,3,11.982935344196433,11.802101135253906,0.006414640430260153,11.808515775684166
1039,2030,3,11.48247656671073,11.62309455871582,0.0008275160174381049,11.623922074733258
1041,2030,3,11.951186847493476,12.056251525878906,-0.014096125218472063,12.042155400660434
1049,2030,3,11.652696102959753,11.778017044067383,-0.01695290642046319,11.761064137646919
1059,2030,3,12.721888795877375,12.754833221435547,0.005240452014217744,12.760073673449764
1062,2030,3,11.302216779257382,11.368160247802734,-0.012067797614359745,11.356092450188374
1063,2030,3,11.407576060361786,11.790682792663574,-0.0010859500041134544,11.78959684265946
1090,2030,3,12.190964083849375,12.285650253295898,0.001963373428563563,12.287613626724461
1097,2030,3,11.751950239425476,11.722647666931152,0.004457895075812981,11.727105562006965
1100,2030,3,11.964007453736912,11.957146644592285,0.003849251679719748,11.960995896272005
1101,2030,3,11.002116507732017,11.09766674041748,0.004457895075812981,11.102124635493293
1108,2030,3,12.52352951631214,12.311275482177734,0.003849251679719748,12.315124733857454
1110,2030,3,12.54254845357358,12.625782012939453,0.003849251679719748,12.629631264619173
1111,2030,3,12.144202560946876,12.143594741821289,0.003849251679719748,12.147443993501009
1115,2030,3,11.669937760751914,11.72181510925293,-0.013430370573056764,11.708384738679873
1116,2030,3,12.669809806411457,12.572219848632812,0.003849251679719748,12.576069100312532
1129,2030,3,12.278397958261774,12.25883674621582,0.003849251679719748,12.26268599789554
1134,2030,3,12.386312871189734,12.40824031829834,0.003849251679719748,12.41208956997806
1137,2030,3,11.686887175419702,11.714605331420898,0.003849251679719748,11.718454583100618
1140,2030,3,11.87757552297847,11.708910942077637,0.008393429238155775,11.717304371315793
1143,2030,3,12.959540872420414,12.868188858032227,0.015150384008998208,12.883339242041226
1148,2030,3,12.069685751267224,12.129010200500488,0.024947712646008792,12.153957913146497
1167,2030,3,12.41044511731981,12.39672565460205,0.005240452014217744,12.401966106616268
1168,2030,3,12.06105265381003,12.120279312133789,0.003849251679719748,12.124128563813509
1171,2030,3,12.049424683420915,11.898228645324707,0.00038382708163538313,11.898612472406342
1176,2030,3,12.560247968016562,12.62115478515625,0.005593752486938438,12.626748537643188
1178,2030,3,11.652696102959753,11.615158081054688,0.010281003626235147,11.625439084680922
1182,2030,3,12.880294363972055,12.586355209350586,0.02861372263748605,12.614968931988072
1187,2030,3,11.461642696843066,11.622090339660645,-0.0016945934002066888,11.620395746260439
1193,2030,3,11.736077016252437,11.725945472717285,0.010281003626235147,11.73622647634352
1212,2030,3,12.00762780434872,12.219082832336426,0.004457895075812981,12.223540727412239
1222,2030,3,11.80560254159177,11.65424919128418,0.003849251679719748,11.6580984429639
1235,2030,3,11.775297421715827,11.69900894165039,0.004379560529480316,11.703388502179871
1239,2030,3,11.86710429621008,11.799763679504395,0.003849251679719748,11.803612931184114
1241,2030,3,12.323415584358154,12.262110710144043,0.003849251679719748,12.265959961823762
1247,2030,3,12.136191879981927,12.12392520904541,0.003849251679719748,12.12777446072513
1250,2030,3,11.686887175419702,11.747848510742188,0.003849251679719748,11.751697762421907
1253,2030,3,11.775297421715827,11.658256530761719,0.00038382708163538313,11.658640357843353
1256,2030,3,11.755879486687116,11.85289478302002,0.007324590750297566,11.860219373770317
1275,2030,3,11.842236406331555,11.811983108520508,0.025556356042102026,11.83753946456261
1278,2030,3,12.19552218463499,12.127264976501465,0.003849251679719748,12.131114228181184
1288,2030,3,12.154784614286667,12.078483581542969,0.049937625427297856,12.128421206970266
1302,2030,3,12.086731521684555,12.053887367248535,0.026016551133867003,12.079903918382403
1306,2030,3,12.691583538230217,12.688305854797363,0.003849251679719748,12.692155106477083
1310,2030,3,12.09626335986454,12.048779487609863,0.003849251679719748,12.052628739289583
1311,2030,3,12.721888795877375,12.604593276977539,0.041361708615210345,12.64595498559275
1322,2030,3,11.19135563385109,11.215819358825684,0.007933234146390801,11.223752592972074
1337,2030,3,11.813037464800539,11.868115425109863,-0.0011642845504461195,11.866951140559417
1341,2030,3,11.719947764402807,11.572158813476562,0.003849251679719748,11.576008065156282
1344,2030,3,12.083910661257521,12.008870124816895,0.033861118180836716,12.042731242997732
1346,2030,3,11.59451466851004,11.478097915649414,-0.013027286730613855,11.4650706289188
1351,2030,3,12.206077645517674,12.007524490356445,0.009606538929071772,12.017131029285517
1353,2030,3,11.812296455066814,11.731589317321777,0.007933234146390801,11.739522551468168
1360,2030,3,12.660331092405906,12.819744110107422,0.003849251679719748,12.823593361787141
1364,2030,3,11.963574241653713,12.03951358795166,0.004457895075812981,12.043971483027473
1365,2030,3,11.878630514504515,11.929922103881836,0.0036408553125150053,11.93356295919435
1366,2030,3,12.283038316285214,12.238640785217285,0.003849251679719748,12.242490036897005
1373,2030,3,12.521981322562505,12.46507740020752,0.003849251679719748,12.468926651887239
1386,2030,3,11.74006900564972,11.606378555297852,0.010281003626235147,11.616659558924086
1389,2030,3,12.84132849667433,12.78746509552002,0.003849251679719748,12.791314347199739
1391,2030,3,12.367345048436391,12.295759201049805,0.003849251679719748,12.299608452729524
1393,2030,3,11.719947764402807,11.794669151306152,0.004918090167577955,11.79958724147373
1401,2030,3,11.695255355062795,11.665382385253906,0.007324590750297566,11.672706976004203
1415,2030,3,12.240478903153711,12.1736421585083,0.008393429238155775,12.182035587746457
1420,2030,3,12.314931534737134,12.326615333557129,0.026016551133867003,12.352631884690997
1425,2030,3,11.87757552297847,11.85181713104248,0.003849251679719748,11.8556663827222
1429,2030,3,11.686887175419702,11.661294937133789,0.004918090167577955,11.666213027301367
1430,2030,3,12.116700301832573,12.148736000061035,0.003849251679719748,12.152585251740755
1431,2030,3,12.165984756488543,12.033330917358398,0.003849251679719748,12.037180169038118
1432,2030,3,11.87583791515714,11.819103240966797,0.003849251679719748,11.822952492646516
1437,2030,3,11.699413330633599,11.62197494506836,0.003849251679719748,11.625824196748079
1441,2030,3,12.160033942617156,12.109108924865723,0.025556356042102026,12.134665280907825
1445,2030,3,12.098493002763465,12.169520378112793,0.003849251679719748,12.173369629792512
1447,2030,3,11.969723533345908,11.915104866027832,0.00038382708163538313,11.915488693109467
1452,2030,3,12.567554517655415,12.407986640930176,0.005240452014217744,12.413227092944393
1453,2030,3,11.884495917930655,11.815875053405762,0.004457895075812981,11.820332948481575
1460,2030,3,11.901590234400047,11.878477096557617,0.003849251679719748,11.882326348237337
1,2030,4,12.24769911637256,12.249040603637695,0.0027253196236184055,12.251765923261313
6,2030,4,11.870606902224587,11.972270011901855,0.0027253196236184055,11.974995331525474
7,2030,4,12.634606283893019,12.500350952148438,0.0027253196236184055,12.503076271772056
13,2030,4,11.87757552297847,11.803959846496582,0.006661002383419689,11.810620848880001
16,2030,4,11.790564777297387,11.793828964233398,0.0017356265133890714,11.795564590746787
18,2030,4,11.407576060361786,11.59475326538086,0.00011818096645038195,11.59487144634731
23,2030,4,12.345838935721968,12.402191162109375,0.0017356265133890714,12.403926788622764
34,2030,4,12.016732516077072,11.960657119750977,0.0027253196236184055,11.963382439374595
40,2030,4,11.314486721293981,11.272029876708984,0.00011818096645038195,11.272148057675436
49,2030,4,11.635151947212842,11.513470649719238,-0.0008715121437789524,11.51259913757546
52,2030,4,11.648338835562747,11.640976905822754,0.0017356265133890714,11.642712532336143
54,2030,4,12.861001210669146,12.798944473266602,0.08762069585992069,12.886565169126522
56,2030,4,12.103491596905931,12.003229141235352,0.0017356265133890714,12.00496476774874
74,2030,4,11.88380602959621,11.851388931274414,0.0027253196236184055,11.854114250898032
75,2030,4,11.58432477200052,11.453486442565918,-0.0008715121437789524,11.45261493042214
78,2030,4,11.751950239425476,11.654892921447754,0.0027253196236184055,11.657618241071372
83,2030,4,12.409017571151187,12.379233360290527,0.0017356265133890714,12.380968986803916
88,2030,4,12.010671928196443,11.952980995178223,0.013352139203371534,11.966333134381594
89,2030,4,11.350418300109132,10.920451164245605,-0.024005135194126906,10.896446029051479
97,2030,4,12.273735966890268,12.256196975708008,0.0027253196236184055,12.258922295331626
110,2030,4,12.154784614286667,12.19090747833252,0.0017356265133890714,12.192643104845908
111,2030,4,11.827013315851762,11.827018737792969,-0.03200075104924025,11.795017986743728
115,2030,4,12.466515835145202,12.35568618774414,0.017865781839983212,12.373551969584124
116,2030,4,12.07824495582233,12.009417533874512,-0.0010863672299137575,12.008331166644599
118,2030,4,11.951186847493476,11.883275032043457,0.0017356265133890714,11.885010658556846
122,2030,4,11.51293546492023,11.552891731262207,0.0017356265133890714,11.554627357775596
123,2030,4,11.820417517632333,11.888394355773926,0.0027253196236184055,11.891119675397544
126,2030,4,11.344518647594766,11.196208000183105,-0.004974786146464929,11.191233214036641
130,2030,4,11.918397239722838,11.79283332824707,0.0027253196236184055,11.795558647870688
132,2030,4,12.404927602627597,12.287434577941895,0.0027253196236184055,12.290159897565513
136,2030,4,12.066816325306588,12.0374116897583,0.0017356265133890714,12.03914731627169
143,2030,4,12.019749091416921,11.744743347167969,-0.025619714745350127,11.719123632422619
153,2030,4,12.154784614286667,12.112883567810059,0.0027253196236184055,12.115608887433677
158,2030,4,12.504327379899443,12.496431350708008,0.0123624460931422,12.50879379680115
160,2030,4,12.676079399771027,12.579487800598145,0.0017356265133890714,12.581223427111533
161,2030,4,11.998439434579149,11.958974838256836,0.0027253196236184055,11.961700157880454
163,2030,4,12.301387370778713,12.366656303405762,0.0027253196236184055,12.36938162302938
165,2030,4,11.931642378754141,11.96003532409668,0.0017356265133890714,11.961770950610068
168,2030,4,12.693501691489768,12.768670082092285,0.0027253196236184055,12.771395401715903
170,2030,4,12.337105293891872,12.389838218688965,0.0017356265133890714,12.391573845202354
183,2030,4,11.695255355062795,11.653122901916504,-0.0046934500411079235,11.648429451875396
187,2030,4,12.06105265381003,12.0944242477417,0.0027253196236184055,12.097149567365317
189,2030,4,11.940399914116648,11.920482635498047,0.00011818096645038195,11.920600816464498
212,2030,4,12.133507329024972,12.01992416381836,0.0123624460931422,12.032286609911502
217,2030,4,12.25486757159303,12.26488971710205,0.0027253196236184055,12.267615036725669
218,2030,4,11.580593459194764,11.370524406433105,-0.012230467211174033,11.358293939221932
227,2030,4,12.577639650232573,12.472306251525879,0.0027253196236184055,12.475031571149497
228,2030,4,11.571203807011969,11.433002471923828,-0.00281599513054733,11.430186476793281
229,2030,4,11.736077016252437,11.740898132324219,0.0027253196236184055,11.743623451947837
234,2030,4,11.761354623750297,11.786981582641602,0.0027253196236184055,11.78970690226522
255,2030,4,11.884495917930655,11.87039566040039,0.0027253196236184055,11.873120980024009
256,2030,4,12.345838935721968,12.330025672912598,0.0017356265133890714,12.331761299425986
262,2030,4,12.52815976788113,12.756022453308105,0.0017356265133890714,12.757758079821494
269,2030,4,11.699413330633599,11.66943645477295,0.0027253196236184055,11.672161774396567
276,2030,4,12.230770136157428,12.092069625854492,0.005671309273190355,12.097740935127682
290,2030,4,11.941950837487406,11.863064765930176,0.006661002383419689,11.869725768313595
299,2030,4,12.07254696717504,12.057498931884766,0.0027253196236184055,12.060224251508384
303,2030,4,12.230770136157428,12.359746932983398,0.0017356265133890714,12.361482559496787
306,2030,4,12.631016799175821,12.617554664611816,0.0027253196236184055,12.620279984235435
316,2030,4,12.146858590895919,12.128317832946777,0.0027253196236184055,12.131043152570395
333,2030,4,12.556733038263905,12.763557434082031,0.012607903591278913,12.77616533767331
340,2030,4,11.951186847493476,11.907855033874512,-0.013109281454646517,11.894745752419865
348,2030,4,11.967187086434018,12.051759719848633,0.0027253196236184055,12.054485039472251
353,2030,4,11.461642696843066,11.346639633178711,-0.024463733879174145,11.322175899299538
360,2030,4,12.54254845357358,12.503485679626465,0.006661002383419689,12.510146682009884
364,2030,4,11.678448377988165,11.542433738708496,-0.00281599513054733,11.53961774357795
366,2030,4,11.898194668458823,11.750760078430176,-0.017044964214447806,11.733715114215729
369,2030,4,11.790564777297387,11.866241455078125,0.0017356265133890714,11.867977081591514
370,2030,4,11.995357787034976,11.969990730285645,0.005671309273190355,11.975662039558834
379,2030,4,12.885204569609956,12.828865051269531,0.018385357572765076,12.847250408842296
387,2030,4,11.302216779257382,11.388670921325684,-0.03301847314999672,11.355652448175688
388,2030,4,11.736077016252437,11.823230743408203,0.0027253196236184055,11.825956063031821
389,2030,4,12.160033942617156,12.169404983520508,0.0017356265133890714,12.171140610033897
396,2030,4,11.767575435251748,11.754294395446777,0.0027253196236184055,11.757019715070395
401,2030,4,12.411056299528171,12.314510345458984,0.04664018403587093,12.361150529494855
411,2030,4,11.002116507732017,11.471452713012695,-0.053778450098292255,11.417674262914403
413,2030,4,12.310437165348775,12.408980369567871,0.0123624460931422,12.421342815661014
415,2030,4,12.337105293891872,12.389522552490234,0.0027253196236184055,12.392247872113852
416,2030,4,12.106997888588934,12.193442344665527,0.0017356265133890714,12.195177971178916
418,2030,4,12.384223015005313,12.4509916305542,0.017865781839983212,12.468857412394183
422,2030,4,12.278397958261774,12.322532653808594,0.0027253196236184055,12.325257973432212
430,2030,4,12.07254696717504,12.100281715393066,0.0027253196236184055,12.103007035016685
437,2030,4,11.661354090741,11.50561237335205,0.0027253196236184055,11.508337692975669
438,2030,4,11.686887175419702,11.70832633972168,0.0017356265133890714,11.710061966235068
439,2030,4,11.411457364027745,11.352581977844238,0.017865781839983212,11.370447759684222
446,2030,4,11.755879486687116,11.874931335449219,0.0017356265133890714,11.876666961962608
447,2030,4,12.154784614286667,12.19918441772461,0.0027253196236184055,12.201909737348227
450,2030,4,11.695255355062795,11.56218147277832,0.0027253196236184055,11.564906792401938
458,2030,4,12.45293662970407,12.133049964904785,0.04764151420746946,12.180691479112255
463,2030,4,11.04106411122238,11.753174781799316,0.0027253196236184055,11.755900101422935
464,2030,4,12.147919030759663,12.120926856994629,0.017865781839983212,12.138792638834612
467,2030,4,12.025755079404917,11.972123146057129,0.006661002383419689,11.978784148440548
468,2030,4,11.89478753335453,11.936506271362305,-0.0046934500411079235,11.931812821321197
481,2030,4,12.694655727828803,12.824007987976074,0.0027253196236184055,12.826733307599692
488,2030,4,12.07254696717504,12.044095993041992,0.006661002383419689,12.050756995425411
489,2030,4,11.982935344196433,11.730910301208496,-0.04057836757585803,11.690331933632638
493,2030,4,12.059809113551397,12.00702953338623,0.0017356265133890714,12.00876515989962
523,2030,4,11.976665770490767,11.865742683410645,0.0027253196236184055,11.868468003034263
524,2030,4,12.126764251515691,12.865325927734375,0.07755394280107333,12.942879870535448
525,2030,4,12.662709207270272,12.530974388122559,0.0027253196236184055,12.533699707746177
526,2030,4,12.07824495582233,12.127751350402832,0.0017356265133890714,12.12948697691622
527,2030,4,11.790564777297387,11.813118934631348,0.0027253196236184055,11.815844254254966
538,2030,4,11.619544188752133,11.754162788391113,0.0027253196236184055,11.756888108014731
539,2030,4,11.970356641102999,11.85550594329834,0.0027253196236184055,11.858231262921958
541,2030,4,12.660331092405906,12.783451080322266,0.0027253196236184055,12.786176399945884
559,2030,4,12.07254696717504,12.22142219543457,0.04270450127606965,12.26412669671064
562,2030,4,12.04355959836804,12.011845588684082,0.0027253196236184055,12.0145709083077
564,2030,4,12.128116509451258,12.076004981994629,0.04565049092564159,12.12165547292027
571,2030,4,11.867805799560465,11.877269744873047,-0.0008715121437789524,11.876398232729269
572,2030,4,11.695255355062795,11.772746086120605,0.0027253196236184055,11.775471405744224
573,2030,4,12.32163544049751,12.243654251098633,0.0123624460931422,12.256016697191775
601,2030,4,12.524530013005734,12.467647552490234,0.0027253196236184055,12.470372872113852
602,2030,4,11.856522261533737,11.70247745513916,0.0017356265133890714,11.704213081652549
605,2030,4,12.30592250537653,12.285384178161621,0.0027253196236184055,12.28810949778524
608,2030,4,12.323860125621126,12.078044891357422,0.0027253196236184055,12.08077021098104
616,2030,4,11.83138646878959,11.881864547729492,0.0027253196236184055,11.88458986735311
618,2030,4,11.566475710526321,11.622544288635254,-0.005683143151337258,11.616861145483917
621,2030,4,11.112462823634855,11.020662307739258,-0.028037688390776295,10.992624619348481
625,2030,4,12.014615485902027,11.968683242797852,0.006661002383419689,11.97534424518127
644,2030,4,11.931642378754141,11.925091743469238,0.0027253196236184055,11.927817063092856
646,2030,4,11.872353615355413,11.826605796813965,0.0027253196236184055,11.829331116437583
662,2030,4,12.904209855160254,12.884079933166504,0.05125743772315405,12.935337370889657
664,2030,4,11.83138646878959,11.809369087219238,0.0027253196236184055,11.812094406842856
678,2030,4,11.603688960617083,11.674583435058594,0.0017356265133890714,11.676319061571983
684,2030,4,12.560247968016562,12.571240425109863,0.0027253196236184055,12.573965744733481
690,2030,4,12.179220327453933,12.142026901245117,0.0017356265133890714,12.143762527758506
693,2030,4,12.721888795877375,12.577392578125,0.05125743772315405,12.628650015848153
695,2030,4,11.860062063178267,11.67774772644043,-0.004234851356060691,11.673512875084368
697,2030,4,11.39640288460621,11.441215515136719,0.0027253196236184055,11.443940834760337
709,2030,4,12.09815887308463,12.08350658416748,0.0017356265133890714,12.08524221068087
711,2030,4,10.859018228147887,11.329894065856934,0.0027253196236184055,11.332619385480552
715,2030,4,11.779136168550774,12.11236572265625,0.0027253196236184055,12.115091042279868
719,2030,4,12.739640688812674,12.595597267150879,0.0027253196236184055,12.598322586774497
722,2030,4,11.870606902224587,11.874283790588379,0.0027253196236184055,11.877009110211997
729,2030,4,11.608244735642321,11.819843292236328,-0.0008715121437789524,11.81897178009255
734,2030,4,11.786008995353765,11.810881614685059,0.0027253196236184055,11.813606934308677
737,2030,4,11.44572741040675,11.392980575561523,-0.014837605868342056,11.378142969693181
740,2030,4,12.154784614286667,12.184980392456055,0.0017356265133890714,12.186716018969443
746,2030,4,12.61087420020211,12.726486206054688,0.0027253196236184055,12.729211525678306
749,2030,4,12.469978029554953,12.40030288696289,0.0017356265133890714,12.40203851347628
751,2030,4,11.477308649967686,11.447137832641602,-0.017044964214447806,11.430092868427154
752,2030,4,11.995357787034976,12.021136283874512,0.0027253196236184055,12.02386160349813
756,2030,4,12.058158312538197,11.983121871948242,-0.0010863672299137575,11.98203550471833
764,2030,4,12.727841176689147,12.652423858642578,0.006661002383419689,12.659084861025997
787,2030,4,11.842236406331555,11.764820098876953,-0.0046934500411079235,11.760126648835845
792,2030,4,11.896833207128452,11.919954299926758,0.0027253196236184055,11.922679619550376
793,2030,4,12.505402864156405,12.36504077911377,0.0027253196236184055,12.367766098737388
794,2030,4,12.323860125621126,12.38301944732666,0.0017356265133890714,12.384755073840049
796,2030,4,12.049424683420915,12.037857055664062,0.006661002383419689,12.044518058047482
809,2030,4,11.982622797311857,11.909245491027832,0.0027253196236184055,11.91197081065145
815,2030,4,11.661354090741,11.615788459777832,0.0027253196236184055,11.61851377940145
820,2030,4,12.319405795112926,12.291426658630371,0.013352139203371534,12.304778797833743
822,2030,4,11.440365524765756,11.382139205932617,-0.013220160321403367,11.368919045611214
827,2030,4,11.603688960617083,11.478096008300781,0.0027253196236184055,11.4808213279244
828,2030,4,12.149507585033072,12.161857604980469,0.0017356265133890714,12.163593231493858
836,2030,4,11.759793355371237,11.738619804382324,0.0027253196236184055,11.741345124005942
838,2030,4,11.51293546492023,11.494145393371582,-0.00281599513054733,11.491329398241035
848,2030,4,11.80186424743109,11.821982383728027,0.04270450127606965,11.864686885004097
853,2030,4,12.00762780434872,12.053705215454102,0.017865781839983212,12.071570997294085
865,2030,4,12.43153750053306,12.240266799926758,0.0123624460931422,12.2526292460199
871,2030,4,11.603688960617083,11.458142280578613,0.0017356265133890714,11.459877907092002
872,2030,4,12.208574513247495,12.12297534942627,0.0027253196236184055,12.125700669049888
877,2030,4,11.792456911128632,11.83434772491455,0.03908857776038507,11.873436302674936
878,2030,4,12.765691290604371,12.728515625,0.0027253196236184055,12.731240944623618
879,2030,4,11.904974309480181,11.89172649383545,0.0027253196236184055,11.894451813459067
882,2030,4,12.141539457711714,12.331573486328125,0.04270450127606965,12.374277987604195
885,2030,4,11.51293546492023,11.709924697875977,0.0027253196236184055,11.712650017499595
887,2030,4,11.884495917930655,12.03322982788086,-0.0008715121437789524,12.032358315737081
888,2030,4,11.816734299348461,11.788755416870117,0.005671309273190355,11.794426726143307
891,2030,4,11.719134432217524,11.659456253051758,-0.0046934500411079235,11.65476280301065
894,2030,4,12.013706813470414,11.903457641601562,0.0027253196236184055,11.90618296122518
915,2030,4,12.065280672855897,11.963814735412598,0.009540452349839369,11.973355187762436
921,2030,4,12.211065162153215,12.166701316833496,0.0027253196236184055,12.169426636457114
922,2030,4,11.890683588496984,12.021159172058105,0.00011818096645038195,12.021277353024557
923,2030,4,12.043500773454495,12.02130126953125,0.0017356265133890714,12.023036896044639
926,2030,4,12.07254696717504,11.913324356079102,0.0027253196236184055,11.91604967570272
929,2030,4,12.373707715234994,12.42278003692627,0.0017356265133890714,12.424515663439658
932,2030,4,11.674202123168433,11.765251159667969,0.0027253196236184055,11.767976479291587
933,2030,4,12.676079399771027,12.61795711517334,0.0017356265133890714,12.619692741686729
935,2030,4,12.396697137361691,12.285743713378906,0.011278256070702795,12.29702196944961
939,2030,4,12.387560521575551,12.415026664733887,0.0017356265133890714,12.416762291247275
940,2030,4,12.406565597924235,12.36366081237793,0.0017356265133890714,12.365396438891318
942,2030,4,12.273735966890268,12.349157333374023,0.0027253196236184055,12.351882652997642
946,2030,4,11.735276702486741,11.883840560913086,0.0027253196236184055,11.886565880536704
947,2030,4,11.870606902224587,11.864770889282227,0.0027253196236184055,11.867496208905845
950,2030,4,12.193498926601634,12.098352432250977,0.0027253196236184055,12.101077751874595
956,2030,4,11.884495917930655,12.01539134979248,0.015258643182815187,12.030649992975295
966,2030,4,12.094587859196112,12.02608585357666,0.0017356265133890714,12.027821480090049
970,2030,4,11.849404844423074,11.709908485412598,-0.0032451582458313563,11.706663327166765
971,2030,4,11.813037464800539,11.259082794189453,-0.013220160321403367,11.24586263386805
974,2030,4,12.111767460549332,12.239669799804688,0.0017356265133890714,12.241405426318076
978,2030,4,12.20557752297723,12.199532508850098,0.0027253196236184055,12.202257828473716
986,2030,4,11.736077016252437,11.725679397583008,0.0027253196236184055,11.728404717206626
987,2030,4,11.669937760751914,11.671475410461426,-0.017044964214447806,11.654430446246979
996,2030,4,11.7085004721646,11.618486404418945,0.0027253196236184055,11.621211724042563
997,2030,4,11.824087219587643,11.782238960266113,0.0027253196236184055,11.784964279889731
1007,2030,4,12.004574385508691,11.979856491088867,-0.023112312520745665,11.95674417856812
1011,2030,4,11.813037464800539,11.740283966064453,0.0017356265133890714,11.742019592577842
1013,2030,4,12.013706813470414,11.988100051879883,-0.001904501998083012,11.9861955498818
1017,2030,4,12.220966184120165,12.286931991577148,0.0017356265133890714,12.288667618090537
1030,2030,4,11.678448377988165,11.663664817810059,-0.0010863672299137575,11.662578450580146
1037,2030,4,12.66191713053049,12.685493469238281,0.013352139203371534,12.698845608441653
1046,2030,4,11.846543632608535,11.696069717407227,0.0027253196236184055,11.698795037030845
1047,2030,4,13.229569788348705,12.987715721130371,0.031573988137761085,13.019289709268133
1050,2030,4,11.349241150793087,11.554291725158691,0.0027253196236184055,11.55701704478231
1052,2030,4,12.206782393599413,12.184371948242188,0.0017356265133890714,12.186107574755576
1064,2030,4,11.612779849672751,11.820318222045898,-0.005683143151337258,11.814635078894561
1066,2030,4,12.700771936142122,12.510041236877441,0.0027253196236184055,12.51276655650106
1067,2030,4,12.08954444723597,12.048224449157715,0.0017356265133890714,12.049960075671104
1077,2030,4,12.04355959836804,11.880903244018555,0.0027253196236184055,11.883628563642173
1082,2030,4,11.798111925972618,11.789542198181152,0.0027253196236184055,11.79226751780477
1084,2030,4,11.982935344196433,11.913050651550293,0.0027253196236184055,11.915775971173911
1102,2030,4,11.691080018519527,11.704660415649414,0.0027253196236184055,11.707385735273032
1104,2030,4,11.979805470779858,11.955365180969238,0.0027253196236184055,11.958090500592856
1105,2030,4,11.571203807011969,11.609395980834961,-0.0010863672299137575,11.608309613605048
1113,2030,4,11.774527900858468,11.688475608825684,0.0027253196236184055,11.691200928449302
1117,2030,4,12.123239799036943,12.117039680480957,0.0027253196236184055,12.119765000104575
1119,2030,4,11.849404844423074,11.8003511428833,0.0027253196236184055,11.803076462506919
1121,2030,4,11.681832447342321,11.696160316467285,0.0017356265133890714,11.697895942980674
1122,2030,4,12.268582547911404,12.295960426330566,0.0017356265133890714,12.297696052843955
1126,2030,4,11.652696102959753,11.61237907409668,0.0017356265133890714,11.614114700610068
1135,2030,4,12.037659911047468,12.02211856842041,0.0017356265133890714,12.023854194933799
1150,2030,4,11.870606902224587,11.800336837768555,-0.0046934500411079235,11.795643387727447
1152,2030,4,11.917730355182513,11.946126937866211,-0.013220160321403367,11.932906777544808
1156,2030,4,12.292254928916668,12.141802787780762,0.006661002383419689,12.14846379016418
1162,2030,4,12.319405795112926,12.279593467712402,0.017865781839983212,12.297459249552386
1177,2030,4,11.691080018519527,11.77284049987793,0.0027253196236184055,11.775565819501548
1181,2030,4,12.429220196836383,12.395246505737305,0.0027253196236184055,12.397971825360923
1183,2030,4,13.521140839642674,12.951090812683105,0.03001151781176704,12.981102330494872
1184,2030,4,11.695255355062795,11.805891990661621,0.0027253196236184055,11.80861731028524
1185,2030,4,12.137263685701864,12.137402534484863,0.07660059178492949,12.214003126269793
1198,2030,4,11.87757552297847,11.95424747467041,0.0017356265133890714,11.955983101183799
1200,2030,4,11.904974309480181,11.796730041503906,0.0027253196236184055,11.799455361127524
1202,2030,4,12.19552218463499,12.198205947875977,0.0017356265133890714,12.199941574389365
1213,2030,4,11.635151947212842,11.357114791870117,0.0027253196236184055,11.359840111493735
1217,2030,4,11.626263078808801,11.821929931640625,0.00011818096645038195,11.822048112607076
1220,2030,4,11.424105180165641,11.459667205810547,-0.0010863672299137575,11.458580838580634
1221,2030,4,11.652696102959753,11.661450386047363,0.0027253196236184055,11.664175705670981
1229,2030,4,12.813920618864572,12.77798843383789,0.017287821963172818,12.795276255801063
1231,2030,4,12.154784614286667,12.171618461608887,0.00011818096645038195,12.171736642575338
1240,2030,4,12.490879338036375,12.3418550491333,0.0017356265133890714,12.34359067564669
1245,2030,4,12.345838935721968,12.155234336853027,0.016876088729753873,12.172110425582781
1251,2030,4,12.404927602627597,12.36376953125,0.0017356265133890714,12.365505157763389
1252,2030,4,12.053801032483948,12.152312278747559,-0.0020760603401430923,12.150236218407416
1258,2030,4,11.511934974596555,11.390789031982422,-0.004840877657772356,11.38594815432465
1263,2030,4,11.992266613576142,11.796786308288574,0.0017356265133890714,11.798521934801963
1264,2030,4,12.103491596905931,12.005831718444824,0.0017356265133890714,12.007567344958213
1267,2030,4,11.711784520403112,11.837388038635254,-0.01582729897857139,11.821560739656682
1270,2030,4,11.87757552297847,11.842830657958984,0.0027253196236184055,11.845555977582602
1271,2030,4,12.468440756144114,12.351733207702637,0.0027253196236184055,12.354458527326255
1272,2030,4,12.132162346145595,11.98348617553711,0.0017356265133890714,11.985221802050498
1280,2030,4,11.133142723386813,11.290074348449707,-0.012230467211174033,11.277843881238534
1281,2030,4,12.33270970174018,12.265378952026367,0.0017356265133890714,12.267114578539756
1282,2030,4,12.100717685412471,12.127385139465332,0.0027253196236184055,12.13011045908895
1283,2030,4,11.921725007667265,11.877161026000977,0.006661002383419689,11.883822028384396
1294,2030,4,12.000897933306716,12.080953598022461,0.006661002383419689,12.08761460040588
1300,2030,4,11.944714374881176,12.015840530395508,0.0027253196236184055,12.018565850019126
1304,2030,4,12.354496960983985,12.282510757446289,0.0017356265133890714,12.284246383959678
1308,2030,4,11.835016210489899,11.817972183227539,0.0027253196236184055,11.820697502851157
1316,2030,4,12.239995696974733,12.065826416015625,0.0027253196236184055,12.068551735639243
1323,2030,4,12.154784614286667,12.227317810058594,0.0027253196236184055,12.230043129682212
1329,2030,4,12.45293662970407,12.22524356842041,0.005671309273190355,12.2309148776936
1331,2030,4,12.33270970174018,12.394174575805664,0.0017356265133890714,12.395910202319053
1335,2030,4,11.736077016252437,11.686450958251953,-0.0010863672299137575,11.68536459102204
1340,2030,4,11.763691965388299,11.76338005065918,0.0027253196236184055,11.766105370282798
1342,2030,4,11.951186847493476,12.022499084472656,0.0027253196236184055,12.025224404096274
1343,2030,4,12.339295865674435,12.48855972290039,0.0017356265133890714,12.49029534941378
1348,2030,4,12.554840409959793,12.57103157043457,0.0017356265133890714,12.572767196947959
1356,2030,4,12.04355959836804,12.131172180175781,0.0027253196236184055,12.1338974997994
1358,2030,4,11.917730355182513,11.954482078552246,0.0027253196236184055,11.957207398175864
1359,2030,4,12.086731521684555,12.051711082458496,-0.0010863672299137575,12.050624715228583
1369,2030,4,11.87757552297847,11.854616165161133,0.0027253196236184055,11.857341484784751
1375,2030,4,12.429220196836383,12.399356842041016,0.0017356265133890714,12.401092468554404
1377,2030,4,11.418625774449598,11.37002944946289,0.0027253196236184055,11.372754769086509
1378,2030,4,11.669937760751914,11.787562370300293,0.0027253196236184055,11.790287689923911
1380,2030,4,12.02874460037869,11.867535591125488,0.0027253196236184055,11.870260910749106
1382,2030,4,12.377927112974284,12.231422424316406,0.0027253196236184055,12.234147743940024
1383,2030,4,11.964007453736912,11.92150592803955,0.0027253196236184055,11.924231247663169
1385,2030,4,11.561725152903833,11.631695747375488,0.0027253196236184055,11.634421066999106
1400,2030,4,11.831022768939789,12.002878189086914,0.0017356265133890714,12.004613815600303
1410,2030,4,12.278397958261774,12.304951667785645,0.04171480816584031,12.346666475951485
1417,2030,4,11.715874472198905,11.723435401916504,-0.0008715121437789524,11.722563889772726
1419,2030,4,11.728044909070785,11.81207275390625,0.0027253196236184055,11.814798073529868
1422,2030,4,11.755879486687116,11.856430053710938,0.005671309273190355,11.862101362984127
1424,2030,4,12.524420916542532,12.0689058303833,0.0027253196236184055,12.071631150006919
1428,2030,4,11.849404844423074,11.817055702209473,-0.0046934500411079235,11.812362252168365
1433,2030,4,11.07443600653965,11.55172061920166,0.0027253196236184055,11.554445938825278
1436,2030,4,12.066816325306588,12.012751579284668,0.0017356265133890714,12.014487205798057
1454,2030,4,11.344518647594766,11.723908424377441,0.0017356265133890714,11.72564405089083
1455,2030,4,12.128116509451258,12.136960983276367,0.0017356265133890714,12.138696609789756
1456,2030,4,12.07254696717504,12.066997528076172,0.0017356265133890714,12.06873315458956
1458,2030,4,12.493133274926212,12.483968734741211,0.016876088729753873,12.500844823470965
4,2030,5,11.849404844423074,12.074319839477539,0.01864832973070458,12.092968169208243
8,2030,5,12.206077645517674,12.291210174560547,0.008646197989709377,12.299856372550256
12,2030,5,12.75130259456002,12.81461238861084,0.004505507963556892,12.819117896574397
14,2030,5,12.540761149388421,12.268631935119629,0.004505507963556892,12.273137443083186
20,2030,5,11.842236406331555,11.61133861541748,0.016460881205261964,11.627799496622742
24,2030,5,11.774527900858468,11.850372314453125,0.0057588654365658765,11.85613117988969
26,2030,5,12.454107814022272,12.409079551696777,0.004505507963556892,12.413585059660335
33,2030,5,12.100161978566867,12.205060005187988,0.004505507963556892,12.209565513151546
35,2030,5,12.533579815765737,12.576905250549316,0.004505507963556892,12.581410758512874
37,2030,5,11.884495917930655,11.889419555664062,0.004505507963556892,11.89392506362762
41,2030,5,11.982935344196433,11.855669021606445,0.004505507963556892,11.860174529570003
55,2030,5,11.775297421715827,11.677013397216797,0.004505507963556892,11.681518905180354
58,2030,5,12.188422799337028,12.165889739990234,0.004505507963556892,12.170395247953792
66,2030,5,12.666660207428574,12.601512908935547,0.004505507963556892,12.606018416899104
70,2030,5,12.323860125621126,12.383583068847656,0.008939924844330713,12.392522993691987
80,2030,5,11.608244735642321,11.696134567260742,0.007006452069950495,11.703141019330692
81,2030,5,12.173037959397275,12.235616683959961,0.008646197989709377,12.24426288194967
94,2030,5,11.804855999911272,12.009353637695312,-0.005639041119164459,12.003714596576149
96,2030,5,12.128116509451258,12.045564651489258,0.004505507963556892,12.050070159452815
98,2030,5,11.459007676978688,11.751871109008789,0.004505507963556892,11.756376616972346
103,2030,5,11.68658461118553,11.667513847351074,-0.005639041119164459,11.66187480623191
108,2030,5,11.652696102959753,11.485803604125977,0.004505507963556892,11.490309112089534
112,2030,5,12.100717685412471,12.041189193725586,0.004505507963556892,12.045694701689143
113,2030,5,12.85832230788469,12.741410255432129,0.007006452069950495,12.748416707502079
119,2030,5,12.676079399771027,12.91339111328125,0.004505507963556892,12.917896621244807
121,2030,5,12.100717685412471,12.053962707519531,0.029273795474252674,12.083236502993785
124,2030,5,11.944064817531656,11.99810791015625,0.004505507963556892,12.002613418119807
125,2030,5,12.10625783509458,12.056207656860352,0.008084496898466137,12.064292153758817
128,2030,5,11.373674891823535,11.342784881591797,0.0057588654365658765,11.348543747028362
129,2030,5,11.951186847493476,11.88733959197998,0.004505507963556892,11.891845099943538
133,2030,5,11.923384748066601,11.948456764221191,0.004505507963556892,11.952962272184749
147,2030,5,11.561725152903833,11.607488632202148,0.01320288383076101,11.62069151603291
151,2030,5,11.711784520403112,11.811317443847656,0.004505507963556892,11.815822951811214
154,2030,5,12.367345048436391,12.210700035095215,0.017714238678270947,12.228414273773486
156,2030,5,11.277215789596893,11.27005672454834,0.007006452069950495,11.27706317661829
164,2030,5,11.544433821905134,11.506071090698242,0.004505507963556892,11.5105765986618
171,2030,5,11.763691965388299,11.686559677124023,0.004505507963556892,11.69106518508758
174,2030,5,12.001511614739405,11.954415321350098,0.004505507963556892,11.958920829313655
182,2030,5,12.206577518060588,12.05136775970459,0.014507639704552083,12.065875399409142
186,2030,5,13.07107218827772,12.716543197631836,-0.0140406445750827,12.702502553056753
190,2030,5,12.563750586299374,12.509340286254883,0.03023299282379547,12.53957327907868
193,2030,5,12.165255859329688,12.243415832519531,0.004505507963556892,12.247921340483089
194,2030,5,11.775297421715827,11.890936851501465,0.00043750788416967054,11.891374359385635
197,2030,5,12.650351332641707,12.601274490356445,0.008646197989709377,12.609920688346154
209,2030,5,12.531776395271262,12.385951042175293,0.007006452069950495,12.392957494245243
210,2030,5,11.884495917930655,11.929984092712402,0.0057588654365658765,11.935742958148968
216,2030,5,11.808955099378537,11.826774597167969,0.004505507963556892,11.831280105131526
221,2030,5,12.230282214644559,12.251208305358887,0.004505507963556892,12.255713813322444
226,2030,5,11.626263078808801,11.45960807800293,0.00043750788416967054,11.4600455858871
237,2030,5,12.130815551850676,12.134441375732422,0.0019402364002456668,12.136381612132668
244,2030,5,11.695255355062795,11.849620819091797,0.004505507963556892,11.854126327055354
247,2030,5,11.827743504053695,11.76613712310791,-0.005639041119164459,11.760498081988747
248,2030,5,11.849404844423074,11.882880210876465,0.004505507963556892,11.887385718840022
251,2030,5,11.245059091624615,11.408231735229492,0.011949526357752026,11.420181261587244
253,2030,5,12.06105265381003,12.08434772491455,0.004505507963556892,12.088853232878108
254,2030,5,11.970356641102999,12.006351470947266,0.0057588654365658765,12.01211033638383
257,2030,5,12.242891437918386,12.1531343460083,0.004505507963556892,12.157639853971858
258,2030,5,12.301387370778713,12.355587005615234,0.004505507963556892,12.360092513578792
261,2030,5,12.07824495582233,12.021188735961914,0.007006452069950495,12.028195188031864
264,2030,5,11.775297421715827,11.721959114074707,0.0057588654365658765,11.727717979511272
266,2030,5,12.075400019877522,12.123356819152832,0.004505507963556892,12.12786232711639
267,2030,5,12.128116509451258,12.133140563964844,0.0019402364002456668,12.13508080036509
271,2030,5,12.491255347155265,12.488166809082031,0.011036668620021676,12.499203477702054
277,2030,5,12.211065162153215,12.188237190246582,0.004505507963556892,12.19274269821014
278,2030,5,11.856522261533737,11.586812019348145,0.025133105448100188,11.611945124796245
279,2030,5,12.936754021718041,12.77651596069336,0.004505507963556892,12.781021468656917
282,2030,5,12.128116509451258,12.128469467163086,0.004505507963556892,12.132974975126643
286,2030,5,12.011886987792716,12.00847053527832,0.004505507963556892,12.012976043241878
294,2030,5,12.367345048436391,12.435811996459961,0.00825980954295948,12.44407180600292
295,2030,5,12.025755079404917,12.086552619934082,0.004505507963556892,12.09105812789764
298,2030,5,12.384223015005313,12.283373832702637,0.007006452069950495,12.290380284772587
301,2030,5,11.964007453736912,12.007866859436035,0.014507639704552083,12.022374499140588
330,2030,5,11.264476926102367,11.225379943847656,0.007006452069950495,11.232386395917606
334,2030,5,12.240478903153711,12.209573745727539,0.004505507963556892,12.214079253691096
335,2030,5,12.165255859329688,12.193207740783691,0.004505507963556892,12.197713248747249
337,2030,5,12.841132451487937,12.793233871459961,0.026092302797642984,12.819326174257604
338,2030,5,12.273735966890268,12.314491271972656,0.004505507963556892,12.318996779936214
345,2030,5,11.350418300109132,11.512548446655273,-0.04460524365817666,11.467943202997096
347,2030,5,11.928347504569842,11.86457633972168,0.004505507963556892,11.869081847685237
355,2030,5,11.849404844423074,11.970601081848145,0.004505507963556892,11.975106589811702
363,2030,5,12.198549416880068,12.088050842285156,0.007006452069950495,12.095057294355106
367,2030,5,11.976665770490767,11.990460395812988,0.007006452069950495,11.997466847882938
368,2030,5,12.013706813470414,11.959810256958008,0.004505507963556892,11.964315764921565
371,2030,5,12.057578437658945,12.064414978027344,0.004505507963556892,12.068920485990901
378,2030,5,12.73670383776449,12.526273727416992,0.004505507963556892,12.53077923538055
385,2030,5,12.388398368982115,12.407425880432129,0.027634049554493792,12.435059929986624
386,2030,5,12.165255859329688,12.138534545898438,0.002938451990563277,12.141472997889
409,2030,5,12.54254845357358,12.474371910095215,0.011036668620021676,12.485408578715237
417,2030,5,11.915058360753719,11.971922874450684,0.0057588654365658765,11.977681739887249
420,2030,5,11.863589378812122,11.819707870483398,0.008646197989709377,11.828354068473107
428,2030,5,11.599185726610004,11.692998886108398,0.004505507963556892,11.697504394071956
429,2030,5,12.182809136284991,12.20906925201416,0.004505507963556892,12.213574759977718
445,2030,5,12.25486757159303,12.329488754272461,0.004505507963556892,12.333994262236018
452,2030,5,12.54254845357358,12.320944786071777,0.07543517434055477,12.396379960412332
454,2030,5,12.25486757159303,12.301874160766602,0.004505507963556892,12.306379668730159
460,2030,5,11.608244735642321,11.69388484954834,0.00856926002297327,11.702454109571313
473,2030,5,11.904974309480181,11.812686920166016,0.004505507963556892,11.817192428129573
476,2030,5,11.794345471549745,11.824496269226074,0.008646197989709377,11.833142467215783
479,2030,5,12.601490784782536,12.65841007232666,0.004505507963556892,12.662915580290218
480,2030,5,11.401681006153428,11.722099304199219,0.0057588654365658765,11.727858169635784
485,2030,5,11.794345471549745,11.84968090057373,0.00825980954295948,11.85794071011669
492,2030,5,11.798111925972618,11.96840763092041,0.0057588654365658765,11.974166496356975
502,2030,5,12.331387247601905,12.269370079040527,0.004505507963556892,12.273875587004085
508,2030,5,12.246739428005663,12.116122245788574,0.012129836462287666,12.128252082250862
511,2030,5,12.013100572810686,11.990853309631348,0.00825980954295948,11.999113119174307
515,2030,5,11.477308649967686,11.378195762634277,0.017008583810945693,11.395204346445222
516,2030,5,12.90634935052389,12.913684844970703,0.02935814850293927,12.943042993473643
518,2030,5,12.487488878546145,12.452052116394043,0.004505507963556892,12.4565576243576
529,2030,5,11.362114203075018,11.414692878723145,0.009899555462718361,11.424592434185863
534,2030,5,10.579005242826247,11.145263671875,-0.0330932251845943,11.112170446690406
535,2030,5,12.08954444723597,12.139521598815918,0.004505507963556892,12.144027106779475
537,2030,5,12.144202560946876,12.229177474975586,0.004505507963556892,12.233682982939143
543,2030,5,12.270225154674701,12.362142562866211,0.004505507963556892,12.366648070829768
545,2030,5,12.098854850641,12.191594123840332,0.004505507963556892,12.19609963180389
550,2030,5,12.479913113434042,12.302522659301758,0.007006452069950495,12.309529111371708
554,2030,5,11.58989576532275,11.671738624572754,0.007006452069950495,11.678745076642704
560,2030,5,12.36308066783498,12.155299186706543,0.00043750788416967054,12.155736694590713
567,2030,5,12.691583538230217,12.658397674560547,0.026092302797642984,12.68448997735819
569,2030,5,12.665397584983758,12.57050895690918,0.014807618757742627,12.585316575666923
577,2030,5,11.884495917930655,11.8917236328125,0.0057588654365658765,11.897482498249065
581,2030,5,12.111217862017215,12.140190124511719,0.004505507963556892,12.144695632475276
591,2030,5,12.132969552931216,12.128962516784668,0.004505507963556892,12.133468024748225
594,2030,5,11.849404844423074,11.859859466552734,0.004505507963556892,11.864364974516292
598,2030,5,12.176654133447505,12.156991958618164,0.00043750788416967054,12.157429466502334
603,2030,5,12.301387370778713,12.37173843383789,0.004505507963556892,12.376243941801448
617,2030,5,12.118339189722553,12.13320255279541,0.004505507963556892,12.137708060758968
624,2030,5,12.034696963475044,12.06042194366455,0.00043750788416967054,12.06085945154872
627,2030,5,11.848690308590857,11.711966514587402,0.004505507963556892,11.71647202255096
633,2030,5,11.320565693461432,12.096619606018066,0.004505507963556892,12.101125113981624
647,2030,5,11.495789479023493,11.41491413116455,0.004505507963556892,11.419419639128108
649,2030,5,11.951186847493476,11.991560935974121,0.008646197989709377,12.00020713396383
654,2030,5,11.813037464800539,11.835406303405762,0.009899555462718361,11.84530585886848
659,2030,5,11.487617913343598,11.807133674621582,0.004505507963556892,11.81163918258514
668,2030,5,12.173037959397275,12.26732349395752,0.004505507963556892,12.271829001921077
670,2030,5,11.83138646878959,11.690461158752441,0.014507639704552083,11.704968798456994
673,2030,5,12.013706813470414,12.0689697265625,0.004505507963556892,12.073475234526057
686,2030,5,12.242891437918386,12.261387825012207,0.022024302718255756,12.283412127730463
699,2030,5,11.83863282480007,11.816816329956055,0.014630780568681268,11.831447110524737
700,2030,5,12.185875040240456,12.117289543151855,0.004505507963556892,12.121795051115413
701,2030,5,12.652362948153474,12.635977745056152,0.004505507963556892,12.64048325301971
712,2030,5,11.54031687156214,11.27414321899414,0.0057588654365658765,11.279902084430706
724,2030,5,11.813037464800539,11.73447322845459,0.007006452069950495,11.74147968052454
731,2030,5,12.373707715234994,12.452786445617676,0.026092302797642984,12.478878748415319
733,2030,5,12.312686874960354,12.349406242370605,0.004505507963556892,12.353911750334163
736,2030,5,12.001511614739405,12.064576148986816,0.009899555462718361,12.074475704449535
745,2030,5,12.100717685412471,12.289188385009766,0.028593246904036588,12.317781631913801
750,2030,5,11.49273296168228,11.28298568725586,-0.03639655355263694,11.246589133703223
753,2030,5,12.28765724080691,12.21746826171875,0.004505507963556892,12.221973769682307
783,2030,5,12.139403856983334,12.141053199768066,0.004505507963556892,12.145558707731624
784,2030,5,12.016732516077072,11.977546691894531,0.004505507963556892,11.982052199858089
797,2030,5,11.874097282798648,11.893950462341309,0.004505507963556892,11.898455970304866
799,2030,5,13.091906231773164,13.140589714050293,0.022826987846474477,13.163416701896768
802,2030,5,11.60733523953139,11.653756141662598,0.0057588654365658765,11.659515007099163
806,2030,5,12.335700805443338,12.218533515930176,0.0019402364002456668,12.220473752330422
810,2030,5,11.571203807011969,11.778160095214844,0.004505507963556892,11.782665603178401
816,2030,5,12.323415584358154,12.25329875946045,0.004505507963556892,12.257804267424007
817,2030,5,11.827743504053695,11.811774253845215,0.016460881205261964,11.828235135050477
821,2030,5,12.117246896289503,12.148984909057617,0.004505507963556892,12.153490417021175
839,2030,5,11.87757552297847,11.87321662902832,0.004505507963556892,11.877722136991878
845,2030,5,11.944064817531656,11.839966773986816,0.007006452069950495,11.846973226056766
854,2030,5,11.970356641102999,12.052109718322754,0.004505507963556892,12.056615226286311
856,2030,5,11.751950239425476,11.8909912109375,0.012129836462287666,11.903121047399788
867,2030,5,12.424810506025395,12.450770378112793,0.004505507963556892,12.45527588607635
873,2030,5,11.661354090741,11.674896240234375,0.009899555462718361,11.684795795697093
895,2030,5,11.685693195625964,11.680027961730957,-0.005639041119164459,11.674388920611793
899,2030,5,13.323928581764989,13.059247016906738,0.022826987846474477,13.082074004753213
902,2030,5,11.938199736300925,11.88658332824707,0.0057588654365658765,11.892342193683636
903,2030,5,12.100717685412471,12.106472969055176,0.004505507963556892,12.110978477018733
917,2030,5,10.471978128496518,11.080596923828125,-0.040537243578789434,11.040059680249335
918,2030,5,11.813037464800539,11.779666900634766,0.004505507963556892,11.784172408598323
924,2030,5,12.170450649220749,12.245343208312988,0.004505507963556892,12.249848716276546
928,2030,5,12.07824495582233,12.094890594482422,0.004505507963556892,12.09939610244598
930,2030,5,12.310437165348775,12.331924438476562,0.004505507963556892,12.33642994644012
931,2030,5,12.211065162153215,12.31712818145752,0.004505507963556892,12.321633689421077
934,2030,5,12.154784614286667,12.157358169555664,0.0019402364002456668,12.15929840595591
936,2030,5,11.288543647320601,11.414641380310059,0.011949526357752026,11.42659090666781
937,2030,5,12.127575825689417,12.123302459716797,0.004505507963556892,12.127807967680354
944,2030,5,11.870606902224587,11.8656587600708,-0.013159997480095706,11.852498762590706
945,2030,5,11.83138646878959,11.927339553833008,0.008646197989709377,11.935985751822717
948,2030,5,12.506180941677357,12.551959991455078,0.007006452069950495,12.558966443525028
953,2030,5,11.804855999911272,11.766193389892578,0.004505507963556892,11.770698897856136
955,2030,5,11.755879486687116,11.803820610046387,0.004505507963556892,11.808326118009944
961,2030,5,11.665655135642039,11.748897552490234,0.01320288383076101,11.762100436320996
965,2030,5,12.277932735946903,12.296626091003418,0.004505507963556892,12.301131598966975
973,2030,5,11.507922973347437,11.756500244140625,0.004505507963556892,11.761005752104182
979,2030,5,11.608244735642321,11.542288780212402,0.004505507963556892,11.54679428817596
982,2030,5,12.724869415131389,12.730082511901855,0.004505507963556892,12.734588019865413
983,2030,5,11.982278882874377,12.083632469177246,0.00043750788416967054,12.084069977061416
994,2030,5,12.066241450757124,12.077038764953613,0.004505507963556892,12.08154427291717
1000,2030,5,12.235636302128867,12.14914608001709,0.004505507963556892,12.153651587980647
1004,2030,5,11.827049837927534,11.86282730102539,-0.005639041119164459,11.857188259906227
1005,2030,5,12.10625783509458,12.119059562683105,0.00043750788416967054,12.119497070567276
1006,2030,5,11.917730355182513,11.809178352355957,0.004505507963556892,11.813683860319514
1016,2030,5,12.33270970174018,12.332600593566895,0.004505507963556892,12.337106101530452
1024,2030,5,12.160033942617156,12.140381813049316,0.00043750788416967054,12.140819320933486
1026,2030,5,11.630717389475995,11.739420890808105,0.004505507963556892,11.743926398771663
1027,2030,5,12.02874460037869,11.86552906036377,0.004505507963556892,11.870034568327327
1029,2030,5,11.561725152903833,11.784537315368652,0.004505507963556892,11.78904282333221
1034,2030,5,12.345838935721968,12.392502784729004,0.011036668620021676,12.403539453349026
1036,2030,5,11.338583982516495,11.421109199523926,-0.040537243578789434,11.380571955945136
1042,2030,5,12.06105265381003,12.012502670288086,0.004505507963556892,12.017008178251643
1044,2030,5,12.47717172708952,12.462750434875488,0.004505507963556892,12.467255942839046
1048,2030,5,11.884495917930655,11.847146987915039,0.004505507963556892,11.851652495878596
1051,2030,5,12.080996832096167,12.184709548950195,0.004505507963556892,12.189215056913753
1054,2030,5,11.881041706925902,11.860442161560059,0.004505507963556892,11.864947669523616
1055,2030,5,12.449022745701502,12.520756721496582,0.004505507963556892,12.52526222946014
1056,2030,5,12.100717685412471,11.985023498535156,0.007006452069950495,11.992029950605106
1057,2030,5,12.13270055639427,12.279497146606445,0.004505507963556892,12.284002654570003
1058,2030,5,12.421188057397055,12.353034973144531,0.0019402364002456668,12.354975209544778
1068,2030,5,12.031129798974042,12.102041244506836,0.008646197989709377,12.110687442496545
1069,2030,5,11.927687224983487,12.02769947052002,-0.007083448476761571,12.020616022043258
1071,2030,5,11.813037464800539,11.815094947814941,0.008646197989709377,11.82374114580465
1073,2030,5,11.424105180165641,11.670634269714355,-0.040537243578789434,11.630097026135566
1075,2030,5,12.175618592671356,12.141641616821289,0.004505507963556892,12.146147124784846
1076,2030,5,12.299112067295642,12.180601119995117,0.014507639704552083,12.19510875969967
1089,2030,5,11.83138646878959,11.887558937072754,0.00043750788416967054,11.887996444956924
1091,2030,5,11.439289689006644,11.392570495605469,-0.0012046242383906387,11.391365871367078
1095,2030,5,11.767575435251748,11.788819313049316,0.009899555462718361,11.798718868512035
1098,2030,5,12.04355959836804,11.9365816116333,0.03023299282379547,11.966814604457097
1109,2030,5,12.10625783509458,12.005791664123535,0.004505507963556892,12.010297172087093
1127,2030,5,12.066816325306588,12.178605079650879,0.00043750788416967054,12.179042587535049
1130,2030,5,11.849404844423074,11.742147445678711,0.004505507963556892,11.746652953642268
1133,2030,5,11.674202123168433,11.790678024291992,-0.03639944234635324,11.75427858194564
1136,2030,5,11.532737896139919,11.632946014404297,0.014450470464145626,11.647396484868443
1138,2030,5,11.451060699493427,11.365865707397461,-0.024737795959269497,11.34112791143819
1142,2030,5,12.193498926601634,12.119599342346191,0.0057588654365658765,12.125358207782757
1144,2030,5,11.289794413577894,11.559396743774414,-0.040537243578789434,11.518859500195624
1149,2030,5,11.669082701743504,11.694863319396973,0.009899555462718361,11.704762874859691
1160,2030,5,12.128116509451258,12.091424942016602,0.007183290259011852,12.098608232275613
1161,2030,5,11.891368749982085,11.91347885131836,0.00043750788416967054,11.91391635920253
1166,2030,5,12.359527368950229,12.245794296264648,0.012129836462287666,12.257924132726936
1169,2030,5,12.367345048436391,12.209705352783203,0.0057588654365658765,12.215464218219768
1173,2030,5,12.05467400868968,11.983332633972168,0.004505507963556892,11.987838141935725
1179,2030,5,11.950541482162043,11.77767562866211,0.01194236814124086,11.78961799680335
1188,2030,5,12.476103599529843,12.553760528564453,0.007006452069950495,12.560766980634403
1191,2030,5,12.031725210748633,12.074226379394531,0.02414330974363373,12.098369689138165
1195,2030,5,11.970356641102999,11.905572891235352,0.0057588654365658765,11.911331756671917
1196,2030,5,12.07824495582233,12.023112297058105,0.004505507963556892,12.027617805021663
1201,2030,5,11.6617850286409,11.512219429016113,0.004505507963556892,11.51672493697967
1204,2030,5,12.269052139516223,12.262560844421387,0.007006452069950495,12.269567296491337
1209,2030,5,11.849404844423074,11.908177375793457,0.0057588654365658765,11.913936241230022
1210,2030,5,12.577639650232573,12.55966567993164,0.004505507963556892,12.564171187895198
1214,2030,5,11.884495917930655,11.640254020690918,0.004505507963556892,11.644759528654475
1215,2030,5,11.80932691294063,11.767151832580566,0.004505507963556892,11.771657340544124
1216,2030,5,11.736077016252437,11.643674850463867,0.004505507963556892,11.648180358427425
1226,2030,5,11.884495917930655,11.811351776123047,0.004505507963556892,11.815857284086604
1228,2030,5,11.898194668458823,11.875249862670898,0.008646197989709377,11.883896060660607
1233,2030,5,11.530775206233024,11.51269245147705,-0.008204312682475685,11.504488138794574
1234,2030,5,11.863589378812122,11.792582511901855,0.004505507963556892,11.797088019865413
1237,2030,5,12.075400019877522,11.987228393554688,0.00043750788416967054,11.987665901438858
1244,2030,5,13.049794835104816,12.988667488098145,0.015202659347743694,13.003870147445888
1257,2030,5,12.616528611893463,12.699515342712402,0.004505507963556892,12.70402085067596
1260,2030,5,11.92504173829169,11.883513450622559,0.0019402364002456668,11.885453687022805
1266,2030,5,12.12215284831553,12.065937995910645,0.00043750788416967054,12.066375503794815
1268,2030,5,12.843973993864076,12.708064079284668,0.012129836462287666,12.720193915746956
1269,2030,5,12.850557278777309,12.885068893432617,0.021038800361016886,12.906107693793635
1276,2030,5,11.827743504053695,11.893489837646484,-0.005639041119164459,11.88785079652732
1284,2030,5,11.842236406331555,11.904851913452148,-0.005639041119164459,11.899212872332985
1295,2030,5,11.652696102959753,11.752644538879395,0.0057588654365658765,11.75840340431596
1297,2030,5,11.951186847493476,11.920614242553711,0.007006452069950495,11.927620694623661
1303,2030,5,12.577639650232573,12.653919219970703,0.004505507963556892,12.65842472793426
1305,2030,5,11.775297421715827,11.890803337097168,0.00043750788416967054,11.891240844981338
1312,2030,5,12.220966184120165,12.19159984588623,0.004505507963556892,12.196105353849788
1314,2030,5,12.716405147731708,12.691193580627441,0.004505507963556892,12.695699088590999
1318,2030,5,12.249615734512616,12.164609909057617,0.007006452069950495,12.171616361127567
1325,2030,5,11.898194668458823,12.569854736328125,0.011036668620021676,12.580891404948147
1327,2030,5,11.277215789596893,11.348949432373047,0.008646197989709377,11.357595630362756
1332,2030,5,11.794345471549745,11.742039680480957,0.004505507963556892,11.746545188444514
1333,2030,5,11.51293546492023,11.542222023010254,0.004505507963556892,11.546727530973811
1336,2030,5,12.031129798974042,12.028368949890137,0.004505507963556892,12.032874457853694
1347,2030,5,12.47801017053037,12.465019226074219,0.0245327109998784,12.489551937074097
1349,2030,5,12.278397958261774,12.403535842895508,0.004505507963556892,12.408041350859065
1352,2030,5,12.049424683420915,12.049027442932129,0.007006452069950495,12.056033895002079
1355,2030,5,12.367345048436391,12.387385368347168,0.007006452069950495,12.394391820417118
1367,2030,5,12.170450649220749,12.22375774383545,0.004505507963556892,12.228263251799007
1370,2030,5,12.354496960983985,12.48672866821289,0.004441180506639271,12.49116984871953
1372,2030,5,12.016732516077072,12.08791446685791,0.007006452069950495,12.09492091892786
1390,2030,5,11.782960235741939,11.85269832611084,0.011949526357752026,11.864647852468591
1392,2030,5,11.728044909070785,11.707037925720215,-0.005639041119164459,11.701398884601051
1395,2030,5,12.415437707935368,12.331270217895508,0.00043750788416967054,12.331707725779678
1398,2030,5,11.83138646878959,11.754142761230469,0.014450470464145626,11.768593231694615
1399,2030,5,11.835016210489899,11.780434608459473,-0.0030154483973743543,11.777419160062099
1414,2030,5,12.456835254920371,12.473783493041992,0.004505507963556892,12.47828900100555
1421,2030,5,12.100161978566867,12.022490501403809,0.008646197989709377,12.031136699393517
1423,2030,5,11.824087219587643,11.851346969604492,0.004505507963556892,11.85585247756805
1427,2030,5,12.509877789891931,12.480656623840332,0.004505507963556892,12.48516213180389
1434,2030,5,12.136191879981927,12.116128921508789,0.004505507963556892,12.120634429472346
1438,2030,5,12.885673487343764,12.824240684509277,0.004441180506639271,12.828681865015916
1439,2030,5,11.916395250412128,11.925110816955566,0.016430716119183154,11.94154153307475
1444,2030,5,11.703554089007538,11.557312965393066,0.014450470464145626,11.571763435857212
1450,2030,5,11.429554725537322,11.309782981872559,0.0016908653571786549,11.311473847229736
1457,2030,5,12.25486757159303,12.156000137329102,0.004505507963556892,12.160505645292659
