Id,stage,seed,fold,y_log,champion_oof_log,residual_correction,candidate_log
1,discovery,29,1,12.24769911637256,12.1683185261395,0.009975070974465617,12.178293597113965
11,discovery,29,1,11.771443882099637,11.750930052667842,0.009385959339936422,11.76031601200778
13,discovery,29,1,11.87757552297847,11.804864837543873,0.0020984857699536904,11.806963323313827
15,discovery,29,1,11.964007453736912,11.946191646184804,0.0007545094345422609,11.946946155619347
20,discovery,29,1,11.842236406331555,11.662788324734231,0.005063116624684888,11.667851441358916
31,discovery,29,1,10.596659732783579,11.461287266598177,0.0012138149078287429,11.462501081506005
49,discovery,29,1,11.635151947212842,11.46086729336004,0.012662284170449059,11.47352957753049
50,discovery,29,1,11.751950239425476,11.74994482120014,-0.003337652323699013,11.74660716887644
60,discovery,29,1,11.735276702486741,11.721363238390982,0.011273700971911658,11.732636939362893
64,discovery,29,1,11.849404844423074,11.807027139006776,0.0019284494886605656,11.808955588495436
70,discovery,29,1,12.323860125621126,12.28313003724875,0.015368511794642197,12.298498549043392
73,discovery,29,1,12.128116509451258,12.160296676635554,0.003619463762763198,12.163916140398317
75,discovery,29,1,11.58432477200052,11.611055738660385,0.02014299752616889,11.631198736186553
87,discovery,29,1,12.066816325306588,12.075571553297,0.0015622234405652266,12.077133776737565
96,discovery,29,1,12.128116509451258,12.137546055678497,0.008698713451828119,12.146244769130325
110,discovery,29,1,12.154784614286667,12.248621648414073,-0.006110565096225263,12.242511083317847
118,discovery,29,1,11.951186847493476,11.884327473097688,0.02199680456327169,11.90632427766096
128,discovery,29,1,11.373674891823535,11.449128346344995,-0.019009442560891248,11.430118903784104
134,discovery,29,1,12.301387370778713,12.210836667715084,0.017231114930947665,12.228067782646031
136,discovery,29,1,12.066816325306588,12.058150167273425,-0.004603157393326737,12.053547009880099
138,discovery,29,1,12.049424683420915,12.188670707558318,-0.008127074783997554,12.18054363277432
141,discovery,29,1,11.652696102959753,11.594779898894732,-0.0005404072983783543,11.594239491596353
143,discovery,29,1,12.019749091416921,11.740058231174922,0.002888767991336877,11.742946999166259
145,discovery,29,1,11.736077016252437,11.829810090838588,-0.0016976510603317577,11.828112439778257
156,discovery,29,1,11.277215789596893,11.278599588244694,-0.035247500054950046,11.243352088189743
169,discovery,29,1,12.119975396053194,12.15149944424824,-0.001718652257474613,12.149780791990764
170,discovery,29,1,12.337105293891872,12.383800818885655,0.005136010207691385,12.388936829093346
174,discovery,29,1,12.001511614739405,11.924714738950398,0.00802381582836895,11.932738554778766
180,discovery,29,1,11.51293546492023,11.638620259953775,0.0018118996613431023,11.640432159615118
188,discovery,29,1,11.813037464800539,11.801923424578607,0.010669736366089146,11.812593160944697
190,discovery,29,1,12.563750586299374,12.494145533842074,-0.014770426079750818,12.479375107762323
195,discovery,29,1,11.751950239425476,11.743481115517596,-0.0010887913189529814,11.742392324198644
196,discovery,29,1,11.908346971208951,11.898666573468416,-0.00808451701984345,11.890582056448572
198,discovery,29,1,12.367345048436391,12.435167196720382,0.027814565744387367,12.46298176246477
200,discovery,29,1,12.524166311833152,12.635169350068889,-0.003588109425343882,12.631581240643545
204,discovery,29,1,11.91170829631447,11.851083482583052,0.0045728438897679295,11.85565632647282
205,discovery,29,1,11.608244735642321,11.611359485537475,-0.013683422656876785,11.597676062880598
206,discovery,29,1,12.103491596905931,12.097351884714037,-0.015454125058300558,12.081897759655737
229,discovery,29,1,11.736077016252437,11.705428476970331,-0.013341349714880046,11.692087127255451
243,discovery,29,1,11.277215789596893,11.454283716501555,0.010959112916171035,11.465242829417726
245,discovery,29,1,12.230770136157428,12.357095021151704,-0.012139960747287584,12.344955060404416
246,discovery,29,1,12.394628892852941,12.281707849130475,-0.005691579676431964,12.276016269454043
248,discovery,29,1,11.849404844423074,11.854113040669978,-0.009714459806375586,11.844398580863603
264,discovery,29,1,11.775297421715827,11.720909049409904,-0.0013291417648599712,11.719579907645045
269,discovery,29,1,11.699413330633599,11.640040822030196,0.0036762277265160155,11.643717049756711
270,discovery,29,1,11.904974309480181,11.92583205533494,0.007289421512571812,11.933121476847512
281,discovery,29,1,12.339295865674435,12.299495662933024,0.02515382294738439,12.324649485880409
282,discovery,29,1,12.128116509451258,12.12913214121356,0.002507088134145428,12.131639229347705
285,discovery,29,1,12.09626335986454,12.164906234972207,0.006128963989650978,12.171035198961858
289,discovery,29,1,11.711784520403112,11.638250122019752,-0.007495608809910851,11.63075451320984
297,discovery,29,1,11.931642378754141,11.754144515903723,0.00894045999191517,11.763084975895639
298,discovery,29,1,12.384223015005313,12.321326576932664,0.008762576754833586,12.330089153687497
300,discovery,29,1,11.973516181427835,11.872673070407762,-0.02753493902453357,11.845138131383228
304,discovery,29,1,11.917730355182513,11.75215984316569,0.007209152244441567,11.759368995410133
305,discovery,29,1,12.59473402514672,12.539919534626168,-0.0185827198842363,12.521336814741932
306,discovery,29,1,12.631016799175821,12.5880044627941,-0.01714218976691502,12.570862273027185
324,discovery,29,1,11.745433036677353,11.678328192812716,0.011621479886036477,11.689949672698752
327,discovery,29,1,12.688501881189456,12.540544232124445,0.020948488008275208,12.56149272013272
331,discovery,29,1,11.686887175419702,11.82212811581822,-0.003810858244119306,11.818317257574101
344,discovery,29,1,12.491255347155265,12.537574814405684,-0.013085826751078245,12.524488987654605
349,discovery,29,1,11.944714374881176,12.167376790188902,0.013201769108076558,12.180578559296979
352,discovery,29,1,12.154784614286667,12.231664876488534,0.005552429259007149,12.23721730574754
355,discovery,29,1,11.849404844423074,11.980467607516331,0.00985833869857283,11.990325946214904
356,discovery,29,1,12.086731521684555,12.056229072606838,0.007414709922289606,12.063643782529127
358,discovery,29,1,11.80560254159177,11.847519648093456,-0.011702051379284387,11.835817596714172
359,discovery,29,1,11.775297421715827,11.795826419949684,0.002378897689887962,11.798205317639571
373,discovery,29,1,11.736077016252437,11.625164186407588,0.008298635841329128,11.633462822248918
380,discovery,29,1,12.095146671399466,12.079082674008207,-0.0047813237459286015,12.074301350262278
381,discovery,29,1,11.751950239425476,11.9792817669892,-0.010528090473596305,11.968753676515604
385,discovery,29,1,12.388398368982115,12.530269894322863,0.007699849837892904,12.537969744160756
391,discovery,29,1,11.686887175419702,11.76899133277763,-0.023385937049014472,11.745605395728616
394,discovery,29,1,11.51293546492023,11.43293921923716,0.00288756193984397,11.435826781177003
395,discovery,29,1,11.599112335481124,11.592527308347488,-0.00033399231159407636,11.592193316035894
400,discovery,29,1,12.392556361841777,12.274621698122685,-0.003201916999751418,12.271419781122933
401,discovery,29,1,12.411056299528171,12.312702456233271,0.00010712140432561156,12.312809577637598
404,discovery,29,1,12.460718739865236,12.407127813679756,-0.009997383847705826,12.39713042983205
415,discovery,29,1,12.337105293891872,12.372859475396458,-0.00019153292842381573,12.372667942468034
417,discovery,29,1,11.915058360753719,11.95543463682584,0.003020550675360808,11.958455187501201
419,discovery,29,1,11.744045122410057,11.570493668394729,0.0040816179238053665,11.574575286318534
437,discovery,29,1,11.661354090741,11.531983851117117,-0.01878768905652475,11.513196162060591
438,discovery,29,1,11.686887175419702,11.669765019335236,-0.0005661378638704655,11.669198881471365
442,discovery,29,1,11.678448377988165,11.673383500374332,0.036894418796339555,11.710277919170672
443,discovery,29,1,12.000897933306716,11.955202648912069,-0.003991320490222014,11.951211328421847
451,discovery,29,1,11.608244735642321,11.517642196646834,0.006176941945432057,11.523819138592266
452,discovery,29,1,12.54254845357358,12.329102221173995,-0.015881200939144097,12.31322102023485
453,discovery,29,1,12.225880174775122,12.24753504798842,0.004116123678721008,12.25165117166714
454,discovery,29,1,12.25486757159303,12.324616262109275,-0.00047914092041176034,12.324137121188864
462,discovery,29,1,11.951186847493476,11.9319411654747,-0.006421038865088919,11.925520126609612
464,discovery,29,1,12.147919030759663,12.161002856331972,0.011681714375899608,12.172684570707872
469,discovery,29,1,12.429220196836383,12.410684339698738,-0.018295165849021862,12.392389173849716
476,discovery,29,1,11.794345471549745,11.831091950012096,0.01853408656132232,11.849626036573419
478,discovery,29,1,12.847929163278053,12.919343120202162,0.02289990826529502,12.942243028467457
482,discovery,29,1,12.832013750189885,12.786550943043675,-0.01230538181530465,12.774245561228371
499,discovery,29,1,11.775297421715827,11.800589271604192,0.00877724398343599,11.809366515587628
512,discovery,29,1,12.2193145828011,12.155497460256116,-0.0023507900618364133,12.15314667019428
519,discovery,29,1,12.259618151783465,12.159531498299874,0.005420840076344266,12.164952338376217
522,discovery,29,1,11.918397239722838,11.942667552269894,0.003677127284642741,11.946344679554537
534,discovery,29,1,10.579005242826247,10.887517052761911,0.0009308298758403326,10.88844788263775
542,discovery,29,1,12.421188057397055,12.47655610225395,-0.018863702401744314,12.457692399852206
543,discovery,29,1,12.270225154674701,12.247830926244818,-0.008454838444556842,12.239376087800261
546,discovery,29,1,12.34148164933907,12.337574736503916,-0.00203849966720674,12.33553623683671
547,discovery,29,1,12.25486757159303,12.068441502879669,0.009058861008355215,12.077500363888024
548,discovery,29,1,11.771443882099637,11.759297248268622,0.012762905132781176,11.772060153401403
551,discovery,29,1,11.849404844423074,11.697133554934048,-0.01266689221045318,11.684466662723596
558,discovery,29,1,11.58989576532275,11.555305198993103,0.013879444667588175,11.56918464366069
567,discovery,29,1,12.691583538230217,12.688157317071154,0.005951330266690428,12.694108647337844
570,discovery,29,1,11.820123358887447,11.878442193431187,-0.00043384400852665233,11.878008349422661
573,discovery,29,1,12.32163544049751,12.249604378030488,-0.0016456417459520289,12.247958736284536
574,discovery,29,1,12.04355959836804,12.023538346808904,0.013824554930127474,12.037362901739032
576,discovery,29,1,11.682676678340282,11.633578363444276,0.010249810249682769,11.643828173693958
580,discovery,29,1,11.78676973513378,11.764676546811558,0.00047567116847870017,11.765152217980036
589,discovery,29,1,11.870606902224587,12.382708191676564,0.02887158664793499,12.411579778324498
594,discovery,29,1,11.849404844423074,11.850556926872374,-0.002160734062945526,11.848396192809428
601,discovery,29,1,12.524530013005734,12.4801567029598,-0.0216946836833772,12.458462019276423
603,discovery,29,1,12.301387370778713,12.271918670857657,0.0025233245007080353,12.274441995358364
606,discovery,29,1,12.230770136157428,12.153046064109873,0.006386682510149266,12.159432746620022
611,discovery,29,1,12.653961664405365,12.658496030448251,-0.00933024702213357,12.649165783426119
613,discovery,29,1,12.474193386571581,12.445042814007076,-0.003906994158059942,12.441135819849016
638,discovery,29,1,11.440365524765756,11.55147201725796,-0.02990413570166488,11.521567881556296
639,discovery,29,1,11.350418300109132,11.388867325305682,0.028944833144832916,11.417812158450515
642,discovery,29,1,12.328294703023396,12.41843167221159,0.014801739306726527,12.433233411518316
647,discovery,29,1,11.495789479023493,11.51687077073497,0.017737212160205143,11.534607982895174
649,discovery,29,1,11.951186847493476,11.952332994911757,0.0048792498512952275,11.957212244763053
651,discovery,29,1,12.235393555399902,12.24776248102149,-0.002586581158535144,12.245175899862954
654,discovery,29,1,11.813037464800539,11.795449601548665,0.005319466142530569,11.800769067691196
665,discovery,29,1,12.955129822091815,12.746045033305004,0.030170183320895702,12.7762152166259
667,discovery,29,1,11.767575435251748,12.036243602589266,-0.002229301064709198,12.034014301524557
670,discovery,29,1,11.83138646878959,11.697108601903864,0.008321744197173093,11.705430346101037
678,discovery,29,1,11.603688960617083,11.583594652573383,0.04487690769859396,11.628471560271977
679,discovery,29,1,12.827995001361906,12.807679292925943,-0.03316411753820019,12.774515175387743
685,discovery,29,1,12.30592250537653,12.284924510204178,-0.0024853810963792306,12.282439129107798
687,discovery,29,1,12.336556900342153,12.389876135244272,0.003643467320459642,12.393519602564732
699,discovery,29,1,11.83863282480007,11.80833146383202,0.002687045198974373,11.811018509030996
704,discovery,29,1,11.849404844423074,11.834108120344226,0.009001896833738754,11.843110017177965
705,discovery,29,1,12.269052139516223,12.278214634378584,-0.011564563122231612,12.266650071256352
713,discovery,29,1,12.149507585033072,12.166688232321542,0.006030157934246192,12.172718390255788
714,discovery,29,1,11.767575435251748,11.67521334346702,-0.006647072602530558,11.668566270864488
725,discovery,29,1,12.676079399771027,12.63848533952175,-0.027384115668128352,12.611101223853622
727,discovery,29,1,12.310437165348775,12.330028974602326,0.016125359135326197,12.346154333737653
730,discovery,29,1,11.542493975902508,11.383536138426772,-0.007688475841203817,11.375847662585567
736,discovery,29,1,12.001511614739405,12.028649009913496,-0.0016335914875006813,12.027015418425995
737,discovery,29,1,11.44572741040675,11.345562001394692,-0.016665993348872803,11.328896008045819
739,discovery,29,1,12.095146671399466,11.801750098652402,0.01825535576958035,11.820005454421983
745,discovery,29,1,12.100717685412471,12.291940796780242,0.01215526920090696,12.304096065981149
746,discovery,29,1,12.61087420020211,12.731850980781816,0.0035524342043100864,12.735403414986127
753,discovery,29,1,12.28765724080691,12.249959648802964,0.0009387414731328235,12.250898390276097
755,discovery,29,1,11.957617696467539,11.872681331654558,6.874293003718912e-05,11.872750074584594
757,discovery,29,1,12.264346270624157,12.234297466855658,-0.005130978250503939,12.229166488605154
770,discovery,29,1,13.195615697878253,13.060222703655718,0.030323422943773142,13.090546126599492
773,discovery,29,1,11.580593459194764,11.808793430641828,0.0005334104013533765,11.80932684104318
774,discovery,29,1,11.648338835562747,11.709441727106626,0.000929801506285252,11.71037152861291
776,discovery,29,1,11.995357787034976,11.971128068932313,-0.005666300765582195,11.96546176816673
777,discovery,29,1,12.308182383129823,12.32122405542372,0.009374549905363613,12.330598605329083
778,discovery,29,1,11.86710429621008,11.81373218053666,-0.014672674566486011,11.799059505970174
791,discovery,29,1,11.984184555794167,11.991773570455743,-0.016069368128062877,11.97570420232768
796,discovery,29,1,12.049424683420915,12.013233854408227,0.0015049027612867392,12.014738757169514
797,discovery,29,1,11.874097282798648,11.814006058360404,0.003956083452772539,11.817962141813176
802,discovery,29,1,11.60733523953139,11.708646762286682,0.006586642048719914,11.715233404335402
805,discovery,29,1,11.678448377988165,11.621852839320008,0.00694310764654614,11.628795946966553
813,discovery,29,1,10.932999821119937,11.466823294313702,0.01148845629026838,11.47831175060397
819,discovery,29,1,11.951186847493476,11.926563965093225,0.00512414776624978,11.931688112859474
821,discovery,29,1,12.117246896289503,12.130019986486998,0.0010421582000633694,12.13106214468706
822,discovery,29,1,11.440365524765756,11.355961438623126,-0.004926397374495914,11.35103504124863
831,discovery,29,1,12.019749091416921,12.077841850329737,-0.010059738745697475,12.06778211158404
833,discovery,29,1,12.37581963951765,12.318669736012312,0.00894603102443698,12.327615767036749
839,discovery,29,1,11.87757552297847,11.944287748738349,0.01734821279702996,11.961635961535379
850,discovery,29,1,12.138869243416009,12.07973255543937,-0.004972978218914806,12.074759577220457
862,discovery,29,1,11.78676973513378,11.80315815870206,0.011198934111061725,11.814357092813122
867,discovery,29,1,12.424810506025395,12.430588458728112,-0.008050603221613889,12.422537855506498
869,discovery,29,1,12.037659911047468,12.035648978947185,0.019644095443147255,12.055293074390333
873,discovery,29,1,11.661354090741,11.683361528150666,0.010013767493289517,11.693375295643955
879,discovery,29,1,11.904974309480181,11.921368432104012,-0.005534736398985398,11.915833695705027
884,discovery,29,1,11.682676678340282,11.748231771709923,-0.01113918324038602,11.737092588469537
893,discovery,29,1,11.947955847790901,11.86738337318685,-0.023912412603101656,11.84347096058375
897,discovery,29,1,11.575909653758895,11.31105562700475,0.014330268912633667,11.325385895917384
905,discovery,29,1,11.74006900564972,11.705736925471308,-0.008952187917322945,11.696784737553985
915,discovery,29,1,12.065280672855897,12.014487207114833,0.0018388632823510384,12.016326070397184
916,discovery,29,1,11.225256725762893,11.348316265136283,-0.01976491595591113,11.328551349180373
917,discovery,29,1,10.471978128496518,11.107378379582569,-0.007558592455290383,11.099819787127279
926,discovery,29,1,12.07254696717504,11.966255471015764,-0.012200798769271494,11.954054672246492
937,discovery,29,1,12.127575825689417,12.121611033949083,-0.002903598262185962,12.118707435686897
940,discovery,29,1,12.406565597924235,12.352053452567416,0.05255204355568315,12.4046054961231
943,discovery,29,1,11.918397239722838,11.767418489123711,0.009964523649879957,11.77738301277359
944,discovery,29,1,11.870606902224587,11.80752171320015,-0.023502938543492186,11.784018774656658
945,discovery,29,1,11.83138646878959,12.012620443737235,0.002796021936072358,12.015416465673308
946,discovery,29,1,11.735276702486741,11.837019465222278,-0.004996716598603684,11.832022748623675
960,discovery,29,1,11.951186847493476,12.090364113882284,0.01355812310210539,12.10392223698439
964,discovery,29,1,12.384223015005313,12.47633101934952,-0.007653277239920912,12.468677742109598
965,discovery,29,1,12.277932735946903,12.303641048756925,0.0017259567797006637,12.305367005536626
970,discovery,29,1,11.849404844423074,11.69714601225015,0.011991046335452909,11.709137058585602
973,discovery,29,1,11.507922973347437,11.733416648721017,-0.006085581784185321,11.72733106693683
978,discovery,29,1,12.20557752297723,12.20146214059968,-9.196205422084992e-06,12.201452944394259
979,discovery,29,1,11.608244735642321,11.552710989976578,-0.013667134196511204,11.539043855780067
980,discovery,29,1,11.842236406331555,11.787895591576042,0.02618063648013898,11.814076228056182
982,discovery,29,1,12.724869415131389,12.681453646053756,-0.014619256674319719,12.666834389379437
994,discovery,29,1,12.066241450757124,12.039427701094422,-0.01042681959023405,12.029000881504187
995,discovery,29,1,12.729323752253295,12.721603943057463,-0.00538923452954795,12.716214708527914
996,discovery,29,1,11.7085004721646,11.607879274571372,0.0193832596465023,11.627262534217875
999,discovery,29,1,11.418625774449598,11.461321092951264,0.015668903451122724,11.476989996402388
1004,discovery,29,1,11.827049837927534,11.92146164268571,-0.001712277591690628,11.919749365094019
1007,discovery,29,1,12.004574385508691,11.961541710344818,-0.0008236603583174594,11.9607180499865
1011,discovery,29,1,11.813037464800539,11.762192333207407,0.008676741142806737,11.770869074350214
1022,discovery,29,1,12.175618592671356,12.22637559506862,-0.0006046781944592204,12.22577091687416
1029,discovery,29,1,11.561725152903833,11.76497566430714,-0.003359236541695623,11.761616427765444
1030,discovery,29,1,11.678448377988165,11.693022453618807,0.00027114506869251536,11.6932935986875
1031,discovery,29,1,11.982935344196433,11.781356720445592,0.030454715871571867,11.811811436317164
1034,discovery,29,1,12.345838935721968,12.391746807614744,-0.0031647287344167556,12.388582078880328
1045,discovery,29,1,12.535379989788607,12.546215932219637,-0.014419678879629473,12.531796253340007
1050,discovery,29,1,11.349241150793087,11.610830808814235,-0.008651827533931915,11.602178981280304
1051,discovery,29,1,12.080996832096167,12.110585713807623,-0.009215032958791034,12.101370680848833
1063,discovery,29,1,11.407576060361786,11.716905515390046,0.00795758046412252,11.724863095854168
1065,discovery,29,1,11.944714374881176,11.94948759924066,0.009851552258909985,11.95933915149957
1067,discovery,29,1,12.08954444723597,12.089986511187586,0.005929208800045928,12.095915719987632
1074,discovery,29,1,11.979805470779858,11.938433391000949,0.001993966081215683,11.940427357082164
1087,discovery,29,1,11.332613886815139,11.49950618668242,-0.0025329718584562724,11.496973214823965
1088,discovery,29,1,12.437188334739655,12.456989345191763,0.003911432784397143,12.46090077797616
1091,discovery,29,1,11.439289689006644,11.372415305523628,-0.002026578445698482,11.370388727077929
1100,discovery,29,1,11.964007453736912,11.876698740334906,-0.046555098986443035,11.830143641348462
1105,discovery,29,1,11.571203807011969,11.69137832438318,-0.005167150759885624,11.686211173623294
1107,discovery,29,1,12.100161978566867,12.132197529858995,0.008980214441453468,12.14117774430045
1110,discovery,29,1,12.54254845357358,12.662379989007958,-0.013214429000343354,12.649165560007614
1141,discovery,29,1,11.842236406331555,11.765441347259324,0.01108359994467351,11.776524947203997
1143,discovery,29,1,12.959540872420414,12.859658310497386,0.014094721571161562,12.873753032068548
1145,discovery,29,1,11.289794413577894,11.328960193056853,-0.01669606411258854,11.312264128944264
1146,discovery,29,1,11.91170829631447,11.799346403543597,-0.0032861336502750618,11.79606026989332
1149,discovery,29,1,11.669082701743504,11.587629642420268,0.004081769135336094,11.591711411555604
1150,discovery,29,1,11.870606902224587,11.823376696796256,-0.0010249400510699614,11.822351756745187
1161,discovery,29,1,11.891368749982085,11.860992878604495,-0.006797219513733554,11.854195659090761
1162,discovery,29,1,12.319405795112926,12.24277834746475,-0.017302414648331526,12.225475932816419
1168,discovery,29,1,12.06105265381003,12.177350372682511,-0.012059505243197773,12.165290867439314
1171,discovery,29,1,12.049424683420915,11.95702213190981,-0.00011384484187846313,11.95690828706793
1173,discovery,29,1,12.05467400868968,12.003513267716995,-0.01482218972470063,11.988691077992295
1175,discovery,29,1,12.384223015005313,12.36499996051081,0.03149861308753169,12.396498573598342
1184,discovery,29,1,11.695255355062795,11.8715360223065,0.021245002257456607,11.892781024563957
1189,discovery,29,1,12.180759965737863,12.124055518716242,-0.008258967475027487,12.115796551241214
1195,discovery,29,1,11.970356641102999,11.875804846182,0.005577375475312542,11.881382221657312
1202,discovery,29,1,12.19552218463499,12.173260096207107,-0.007836590704665573,12.165423505502442
1205,discovery,29,1,11.941462360646149,11.943807988237642,-0.007758788867303959,11.936049199370338
1213,discovery,29,1,11.635151947212842,11.386749026572597,0.020468858903712826,11.40721788547631
1216,discovery,29,1,11.736077016252437,11.585573065527882,-0.01730297197463376,11.568270093553249
1217,discovery,29,1,11.626263078808801,11.705481741786578,0.000966912690811381,11.70644865447739
1218,discovery,29,1,12.343470927093518,12.430550160055352,0.033775679774509376,12.464325839829861
1222,discovery,29,1,11.80560254159177,11.700624049032443,0.0036982616384148587,11.704322310670857
1233,discovery,29,1,11.530775206233024,11.515210359914557,-0.008848985849549585,11.506361374065007
1241,discovery,29,1,12.323415584358154,12.245861942821929,0.003969632331322512,12.249831575153252
1257,discovery,29,1,12.616528611893463,12.678020455914536,-0.004245492259839856,12.673774963654697
1261,discovery,29,1,12.10625783509458,12.159778345251452,-0.003732467147216113,12.156045878104235
1279,discovery,29,1,12.37581963951765,12.44736770686405,0.007002244204486849,12.454369951068538
1282,discovery,29,1,12.100717685412471,12.12207974456309,0.001810630733644432,12.123890375296734
1283,discovery,29,1,11.921725007667265,11.930673302901534,0.0020522913326967915,11.932725594234231
1285,discovery,29,1,12.037659911047468,12.115023304253118,0.0012108979538871354,12.116234202207005
1286,discovery,29,1,11.794345471549745,11.72640609807157,0.0021312115825866864,11.728537309654156
1291,discovery,29,1,12.103491596905931,11.99506650911312,0.004466142352183728,11.999532651465303
1292,discovery,29,1,11.691080018519527,11.661339492512544,-0.0013118276300619809,11.660027664882483
1293,discovery,29,1,11.58525542883217,11.649419530713672,-0.025576726702161944,11.62384280401151
1299,discovery,29,1,11.982935344196433,13.111252212944576,-0.0844642098671493,13.026788003077426
1315,discovery,29,1,11.686887175419702,11.680857781066328,-0.004721967058531405,11.676135814007797
1318,discovery,29,1,12.249615734512616,12.171632239096205,-0.003879168411419474,12.167753070684785
1325,discovery,29,1,11.898194668458823,12.602502907233868,-0.010901828008573354,12.591601079225294
1326,discovery,29,1,10.915106645867503,11.133308991992246,0.0025841857751315736,11.135893177767377
1328,discovery,29,1,11.779136168550774,11.79291346164348,0.013428196452912003,11.806341658096391
1329,discovery,29,1,12.45293662970407,12.15250123670656,-0.0249005858562096,12.127600650850349
1335,discovery,29,1,11.736077016252437,11.66080791154104,-0.010453591776974299,11.650354319764066
1344,discovery,29,1,12.083910661257521,12.034720131184985,0.019189835075119874,12.053909966260104
1345,discovery,29,1,11.95655945119582,12.04466819042896,0.0015468452177332434,12.046215035646693
1348,discovery,29,1,12.554840409959793,12.613213525121289,-0.0030952832082557576,12.610118241913034
1350,discovery,29,1,11.711784520403112,11.723976117757896,-0.03955741400125496,11.684418703756641
1351,discovery,29,1,12.206077645517674,12.04831402122307,-0.009874195509967675,12.038439825713104
1353,discovery,29,1,11.812296455066814,11.758395084438735,0.00389223614789991,11.762287320586635
1355,discovery,29,1,12.367345048436391,12.36521162741914,0.001207989345023257,12.366419616764162
1362,discovery,29,1,12.468440756144114,12.472124174141353,-0.0048949890666314345,12.467229185074721
1371,discovery,29,1,11.561725152903833,11.600047100640795,0.028276580230366426,11.628323680871162
1374,discovery,29,1,13.05301544288996,13.035820835102369,0.0006424201590160749,13.036463255261385
1376,discovery,29,1,12.384223015005313,12.461711331559492,0.023991119477929517,12.485702451037422
1379,discovery,29,1,11.326607934898927,11.526435380336553,-0.005872255226479701,11.520563125110073
1381,discovery,29,1,10.97679912709094,11.201901440755195,-0.027403637245970232,11.174497803509226
1384,discovery,29,1,11.626263078808801,11.940898233523068,-0.008884211380515938,11.932014022142551
1385,discovery,29,1,11.561725152903833,11.568694138702684,0.0015655577126856752,11.57025969641537
1397,discovery,29,1,11.982935344196433,12.039890623779687,0.00996298874716846,12.049853612526856
1401,discovery,29,1,11.695255355062795,11.69141761691936,-0.009771323278846568,11.681646293640513
1408,discovery,29,1,11.626263078808801,11.6548519588412,0.004995372228179591,11.659847331069379
1415,discovery,29,1,12.240478903153711,12.21362202727834,0.03974016557275494,12.253362192851096
1418,discovery,29,1,12.73670383776449,12.733348752206403,-0.011524575611999687,12.721824176594403
1426,discovery,29,1,11.863589378812122,11.870424279457254,0.016741893396352712,11.887166172853606
1431,discovery,29,1,12.165984756488543,12.165193068694112,-0.011488649617829182,12.153704419076282
1439,discovery,29,1,11.916395250412128,11.865367346938,-0.017095320623060874,11.848272026314937
1441,discovery,29,1,12.160033942617156,12.161746455600785,0.0032190030465011187,12.164965458647286
1448,discovery,29,1,12.388398368982115,12.45084687625602,0.0009896394555153547,12.451836515711534
1449,discovery,29,1,11.626263078808801,11.649759879092578,0.01370562032699411,11.663465499419573
1451,discovery,29,1,11.820417517632333,11.785348114213855,0.014479608474335371,11.79982772268819
1456,discovery,29,1,12.07254696717504,12.09647897093478,-0.0022042533960127298,12.094274717538768
1458,discovery,29,1,12.493133274926212,12.490130444657456,0.004352433285080793,12.494482877942538
3,discovery,29,2,12.317171167298682,12.231716328135038,0.00020780181442915375,12.231924129949467
7,discovery,29,2,12.634606283893019,12.496009509965416,0.00785188419312633,12.503861394158543
10,discovery,29,2,11.678448377988165,11.709053495217685,-0.015691629696495957,11.693361865521188
12,discovery,29,2,12.75130259456002,12.905158977657306,-0.013031760976152313,12.892127216681153
28,discovery,29,2,12.631343648903034,12.59502461048726,-0.015115977899389068,12.57990863258787
32,discovery,29,2,11.914054519303125,11.876759553846304,-0.012030057999942589,11.864729495846362
37,discovery,29,2,11.884495917930655,11.924563467733998,0.011650616590920138,11.936214084324918
40,discovery,29,2,11.314486721293981,11.354085898105277,0.006087386147901557,11.360173284253179
42,discovery,29,2,12.04355959836804,12.070551023364414,-0.011537746084377031,12.059013277280037
43,discovery,29,2,11.87757552297847,11.930567898954871,0.0010770800718906761,11.931644979026762
57,discovery,29,2,12.058158312538197,12.18290124426013,0.007054515875032586,12.189955760135163
62,discovery,29,2,11.522885696764481,11.448086272471969,0.015100259816701949,11.46318653228867
63,discovery,29,2,12.218500103788143,12.23810683534964,0.00018886950580172996,12.238295704855442
65,discovery,29,2,12.299112067295642,12.285094551129172,0.004786875115928202,12.289881426245099
72,discovery,29,2,11.771443882099637,11.78742997697674,-0.003997785429407411,11.783432191547334
74,discovery,29,2,11.88380602959621,11.898058254349149,0.008702087085628273,11.906760341434778
86,discovery,29,2,12.468440756144114,12.48604050736041,-0.010474820264194948,12.475565687096216
88,discovery,29,2,12.010671928196443,12.020164924346544,0.0030400622088422634,12.023204986555386
99,discovery,29,2,11.326607934898927,11.347931179955152,0.013709781837749551,11.3616409617929
105,discovery,29,2,12.040614105490253,11.950000996552266,0.001568137497577687,11.951569134049844
108,discovery,29,2,11.652696102959753,11.49501230456066,0.011283576183905339,11.506295880744565
109,discovery,29,2,11.652696102959753,11.69993506877218,0.02436620210239935,11.72430127087458
114,discovery,29,2,12.28765724080691,12.298347166146636,-0.05692178144994418,12.241425384696692
116,discovery,29,2,12.07824495582233,12.028569939108763,0.02498026006640184,12.053550199175165
117,discovery,29,2,11.842236406331555,11.74006465266705,0.0009827100776749664,11.741047362744725
127,discovery,29,2,11.759793355371237,11.84706370770519,-0.0014778268768922565,11.845585880828299
129,discovery,29,2,11.951186847493476,11.884771529327574,0.017480468538290137,11.902251997865864
148,discovery,29,2,12.312686874960354,12.315146218191586,-0.011295854682481255,12.303850363509104
159,discovery,29,2,12.448630513463613,12.38050390973648,0.01325199868949446,12.393755908425975
161,discovery,29,2,11.998439434579149,11.971805433438035,-0.00083523093631323,11.970970202501722
164,discovery,29,2,11.544433821905134,11.385286471998285,0.007490020078732552,11.392776492077017
168,discovery,29,2,12.693501691489768,12.839582246270654,0.007400768569189332,12.846983014839843
177,discovery,29,2,12.259618151783465,12.287852807061531,0.015033163280080331,12.302885970341611
179,discovery,29,2,13.126032637428713,12.98786653029325,0.013011750727494492,13.000878281020745
181,discovery,29,2,12.083910661257521,12.064823698509937,0.02012445098079704,12.084948149490733
182,discovery,29,2,12.206577518060588,12.10157782437104,0.01830102398815788,12.119878848359198
186,discovery,29,2,13.07107218827772,12.608447134416048,0.007541979084709464,12.615989113500758
192,discovery,29,2,12.122696471358964,12.025989476100476,-0.01988300046209031,12.006106475638385
208,discovery,29,2,11.856522261533737,11.863961294699472,0.0017065795601998073,11.865667874259671
211,discovery,29,2,11.49273296168228,11.440880608324964,0.02425422101545645,11.46513482934042
212,discovery,29,2,12.133507329024972,12.051381294728673,-0.00787601396206334,12.04350528076661
215,discovery,29,2,11.993813394724253,11.914919243080204,0.0002870049596636541,11.915206248039867
220,discovery,29,2,12.027191164883384,12.043384271653986,0.001110324000900721,12.044494595654887
225,discovery,29,2,12.864242696187505,12.892996194600366,0.022726589775454407,12.91572278437582
226,discovery,29,2,11.626263078808801,11.5298980106953,-0.013616136888686908,11.516281873806612
227,discovery,29,2,12.577639650232573,12.517587177193011,0.0002565117631905223,12.517843688956201
230,discovery,29,2,12.167856627501678,12.183594992155406,0.008369819020561746,12.191964811175968
233,discovery,29,2,11.456365695436427,11.48269791546986,-0.02319774376713796,11.459500171702722
238,discovery,29,2,12.178192583415596,12.305019161891988,0.009175351044164969,12.314194512936153
240,discovery,29,2,11.635151947212842,11.706042504150538,0.024366989359923076,11.73040949351046
252,discovery,29,2,12.367345048436391,12.387665246701888,0.01553862818174597,12.403203874883634
254,discovery,29,2,11.970356641102999,11.984607347739676,-0.006633722498048886,11.977973625241626
257,discovery,29,2,12.242891437918386,12.232463291796806,0.00424212037768443,12.23670541217449
258,discovery,29,2,12.301387370778713,12.345885521411171,0.009547683578707906,12.355433204989879
265,discovery,29,2,11.19822841866684,11.3297269472657,-0.05769009286114889,11.27203685440455
272,discovery,29,2,12.394628892852941,12.314010364254525,0.0018117487081800146,12.315822112962705
279,discovery,29,2,12.936754021718041,12.874472657883173,-0.00478388389961768,12.869688773983555
287,discovery,29,2,11.976665770490767,12.15318582268108,-0.0033869330558247944,12.149798889625254
288,discovery,29,2,11.385103457032141,11.514803547897632,-0.001916019997804992,11.512887527899826
293,discovery,29,2,11.782960235741939,11.88371954494609,0.0025888679149606414,11.88630841286105
294,discovery,29,2,12.367345048436391,12.354318565975976,-0.0035627601199152295,12.35075580585606
299,discovery,29,2,12.07254696717504,12.113380465064186,0.019261858387557056,12.132642323451742
302,discovery,29,2,12.495007682693725,12.494765995653973,-0.009619872199816389,12.485146123454156
311,discovery,29,2,12.017336559562407,12.081517738803312,-0.0014733885760410867,12.08004435022727
316,discovery,29,2,12.146858590895919,12.12657338192135,-0.007256319999740034,12.11931706192161
317,discovery,29,2,12.468440756144114,12.3883265347123,-0.004422447341264205,12.383904087371036
323,discovery,29,2,12.614868865984631,12.553495960388137,-0.003979323028987116,12.54951663735915
339,discovery,29,2,12.218500103788143,12.232204458239313,2.1501405223529993e-05,12.232225959644536
353,discovery,29,2,11.461642696843066,11.454097270052904,-0.001173936526910679,11.452923333525993
360,discovery,29,2,12.54254845357358,12.53241665048612,-0.02441406263734494,12.508002587848775
361,discovery,29,2,11.957617696467539,11.907504522096971,0.001102674702891588,11.908607196799863
365,discovery,29,2,12.154784614286667,12.130751702324488,0.01396706771941709,12.144718770043905
372,discovery,29,2,11.808821212646512,11.708592686617404,-0.00014219442136502377,11.70845049219604
376,discovery,29,2,11.0186455364637,11.238687677674372,-0.022955416820517646,11.215732260853855
382,discovery,29,2,12.142871895843887,12.28732410431692,-0.0034266851406239934,12.283897419176295
388,discovery,29,2,11.736077016252437,11.736184879868912,0.006842757752779984,11.743027637621692
390,discovery,29,2,12.962196972666593,12.936735051544478,0.0100583645285476,12.946793416073024
393,discovery,29,2,11.575909653758895,11.61260863204118,0.011107090929683408,11.623715722970864
399,discovery,29,2,11.112462823634855,11.264961456934929,0.020085682436620123,11.28504713937155
405,discovery,29,2,12.031725210748633,12.058244570828442,0.0023594089524539737,12.060603979780897
414,discovery,29,2,11.652696102959753,11.582014820483716,-0.019221790394552685,11.562793030089162
421,discovery,29,2,12.237091546357338,12.124096295637267,0.0017937326217892437,12.125890028259057
431,discovery,29,2,11.355113089309977,11.453617735222588,-0.023564398568750113,11.430053336653838
435,discovery,29,2,11.302216779257382,11.339432365117649,0.02141613453435226,11.360848499652
444,discovery,29,2,12.058158312538197,12.13515043719543,-0.015131637843050586,12.12001879935238
448,discovery,29,2,12.20557752297723,12.23821259136094,-0.005786103031177141,12.232426488329763
455,discovery,29,2,12.144202560946876,11.877653232169438,-0.020614084726310527,11.857039147443128
456,discovery,29,2,12.075400019877522,11.986336746730691,-0.009203469515516025,11.977133277215176
467,discovery,29,2,12.025755079404917,11.980525657330004,-0.005941541889630585,11.974584115440374
468,discovery,29,2,11.89478753335453,11.974193612254508,-0.01789970869152371,11.956293903562985
481,discovery,29,2,12.694655727828803,12.772174615626662,0.001967334642652809,12.774141950269316
485,discovery,29,2,11.794345471549745,11.787239237775635,-0.020979973267612823,11.766259264508022
486,discovery,29,2,11.898194668458823,11.934486580115513,-0.012506883405585647,11.921979696709927
489,discovery,29,2,11.982935344196433,11.739135132252454,-0.029075769942983085,11.71005936230947
494,discovery,29,2,11.951186847493476,11.904977070251087,0.013642104212119794,11.918619174463208
495,discovery,29,2,11.421917019425596,11.514151435816247,0.01611615610143556,11.530267591917683
498,discovery,29,2,12.122696471358964,11.97120284456949,0.0027673251670751052,11.973970169736566
502,discovery,29,2,12.331387247601905,12.296555538079392,0.009221935039517267,12.30577747311891
507,discovery,29,2,12.278397958261774,12.27080389251311,-0.019628039748212322,12.251175852764897
515,discovery,29,2,11.477308649967686,11.433161048297588,0.009387914748288111,11.442548963045876
517,discovery,29,2,11.970356641102999,12.01685183356337,0.013168078335741623,12.030019911899112
521,discovery,29,2,11.573559498507079,11.38734148371025,0.04306120219822712,11.430402685908478
523,discovery,29,2,11.976665770490767,11.956540274056572,0.01982716741172231,11.976367441468295
529,discovery,29,2,11.362114203075018,11.376578676055347,0.06370450485819346,11.440283180913541
533,discovery,29,2,11.58525542883217,11.539765968901357,0.0018020576983583676,11.541568026599714
539,discovery,29,2,11.970356641102999,11.84439168293434,0.008016821525981141,11.852408504460321
553,discovery,29,2,12.450981602512561,12.494112035099976,-0.017523568445520565,12.476588466654455
554,discovery,29,2,11.58989576532275,11.656202384464306,0.008412364814045099,11.664614749278352
564,discovery,29,2,12.128116509451258,12.100464988106292,0.00579953671456147,12.106264524820855
566,discovery,29,2,11.759793355371237,11.74520777140192,-0.0014103873410705485,11.74379738406085
577,discovery,29,2,11.884495917930655,11.933034126259896,0.003220330355621943,11.936254456615519
588,discovery,29,2,11.827743504053695,11.809078155894912,0.0037589009803259714,11.812837056875239
596,discovery,29,2,12.672949516558306,12.727147133294268,0.0007568062067406653,12.72790393950101
599,discovery,29,2,12.289958727201455,12.254312704441926,-0.0019897153202936358,12.252322989121632
600,discovery,29,2,11.92504173829169,11.948985399063808,-0.013094641256096523,11.935890757807712
609,discovery,29,2,12.791358964949923,12.522576286210152,0.03504863667083151,12.557624922880983
614,discovery,29,2,11.898194668458823,11.605632349604011,-0.04241266016119886,11.563219689442812
615,discovery,29,2,11.231901180182515,11.271925662541223,0.010043622400671207,11.281969284941894
621,discovery,29,2,11.112462823634855,10.985267821578708,-0.04584468831517324,10.939423133263535
622,discovery,29,2,12.388398368982115,12.37457913524394,-0.016460125137228065,12.35811901010671
624,discovery,29,2,12.034696963475044,12.116639573708037,0.023551748269483933,12.14019132197752
627,discovery,29,2,11.848690308590857,11.739462552584596,0.024414930733552644,11.763877483318149
630,discovery,29,2,12.034696963475044,11.970208568129925,0.005365615465390981,11.975574183595317
632,discovery,29,2,12.252483791602627,12.344221221101863,0.003335083154263076,12.347556304256127
637,discovery,29,2,11.002116507732017,10.864165342146244,-0.08045658660788174,10.783708755538362
644,discovery,29,2,11.931642378754141,11.934723372170048,0.010430777992815003,11.945154150162862
655,discovery,29,2,12.765691290604371,12.832817322531092,-0.008587850256789799,12.824229472274302
657,discovery,29,2,11.8879382384223,11.877194739954437,-0.0072906587303794845,11.869904081224057
659,discovery,29,2,11.487617913343598,11.741270976193425,0.009796672040421237,11.751067648233846
666,discovery,29,2,12.348010479804223,12.3820934477803,-0.005392356746026409,12.376701091034272
671,discovery,29,2,12.063938642041201,12.072369558502425,-0.0027868350917417475,12.069582723410683
682,discovery,29,2,11.979391594635791,11.572031491521493,0.00014946588414004792,11.572180957405633
689,discovery,29,2,12.879019669789754,12.346630938447277,0.0352138017859787,12.381844740233255
693,discovery,29,2,12.721888795877375,12.644788529364384,-0.03164626610954548,12.613142263254838
694,discovery,29,2,11.59433032142082,11.577040245471228,-0.002266048430379396,11.574774197040847
698,discovery,29,2,11.724004532183379,11.795986124710092,0.009435215968296825,11.80542134067839
701,discovery,29,2,12.652362948153474,12.628498530162917,-0.009780097937701916,12.618718432225215
702,discovery,29,2,11.849404844423074,11.888010076911256,-0.0008027820434045635,11.887207294867851
709,discovery,29,2,12.09815887308463,12.079144843318522,-0.028312718558988183,12.050832124759534
712,discovery,29,2,11.54031687156214,11.454074793729836,0.02604276724673456,11.48011756097657
716,discovery,29,2,12.013706813470414,11.917327512379886,0.01087735917762643,11.928204871557513
720,discovery,29,2,11.763691965388299,11.857971434696749,0.011251779915156742,11.869223214611905
735,discovery,29,2,11.58989576532275,11.589203190034445,0.0060253826346016014,11.595228572669047
749,discovery,29,2,12.469978029554953,12.452255687874196,-0.014836599584138433,12.437419088290058
752,discovery,29,2,11.995357787034976,11.980933910944046,-0.0030063971590074835,11.977927513785039
758,discovery,29,2,11.97603664577121,11.82336962306403,0.01263653708165957,11.83600616014569
762,discovery,29,2,11.51293546492023,11.602013100995112,0.009487405538859666,11.611500506533972
786,discovery,29,2,11.992266613576142,12.011512615666014,0.004468257536840403,12.015980873202855
788,discovery,29,2,12.358798024384122,12.341451653625116,0.020721367739299095,12.362173021364415
789,discovery,29,2,11.588969419043874,11.575910856766257,-0.003442413424533117,11.572468443341723
794,discovery,29,2,12.323860125621126,12.3879176982012,-0.0013481759082073978,12.386569522292993
800,discovery,29,2,12.07254696717504,12.043032768167246,0.0053640294690130335,12.048396797636258
804,discovery,29,2,13.275829251377,12.985806468464414,-0.010905676407271352,12.974900792057143
810,discovery,29,2,11.571203807011969,11.6911605823692,-0.04366364306108897,11.64749693930811
812,discovery,29,2,11.881041706925902,11.8988505043602,0.005616264856100332,11.904466769216299
815,discovery,29,2,11.661354090741,11.686534854017555,0.007545069418282368,11.694079923435838
817,discovery,29,2,11.827743504053695,11.84299895929759,0.012672337543589192,11.85567129684118
825,discovery,29,2,12.357079818283598,12.324141486310642,0.0004884155013144323,12.324629901811957
836,discovery,29,2,11.759793355371237,11.80462008994322,-0.0017238474268077937,11.802896242516413
849,discovery,29,2,12.388398368982115,12.411560442812442,0.008194666859758249,12.4197551096722
863,discovery,29,2,11.931642378754141,11.863859221850795,-0.003236541092836983,11.860622680757958
866,discovery,29,2,11.908346971208951,11.826860333369533,-0.0027730772804854904,11.824087256089047
868,discovery,29,2,11.767575435251748,11.847744971013714,0.008418921576413836,11.856163892590128
874,discovery,29,2,11.798111925972618,11.78509441005542,0.008559787031368542,11.793654197086788
875,discovery,29,2,11.104972264124868,11.458790358763244,-0.010372928060060068,11.448417430703184
878,discovery,29,2,12.765691290604371,12.76353852205244,-0.006360979715897865,12.757177542336542
880,discovery,29,2,11.824087219587643,11.828803441649471,0.003071068120580125,11.831874509770051
881,discovery,29,2,11.964007453736912,11.980328818715064,0.02366014343973134,12.003988962154795
886,discovery,29,2,12.70351207261035,12.47777986601688,0.004845639388620085,12.4826255054055
888,discovery,29,2,11.816734299348461,11.809029747775751,0.007200772811772353,11.816230520587524
889,discovery,29,2,12.498745990829315,12.600927970471291,-0.03136777385271442,12.569560196618577
890,discovery,29,2,11.915058360753719,11.89300872935903,-0.00878547655916242,11.884223252799867
896,discovery,29,2,11.849404844423074,12.009161736740516,0.006878291091397358,12.016040027831913
900,discovery,29,2,11.813037464800539,11.820464393340783,0.0011815717302446768,11.821645965071028
907,discovery,29,2,12.449022745701502,12.461089556575931,-0.017480995819910684,12.44360856075602
911,discovery,29,2,11.946660519211651,11.859865483043844,0.01886233473199331,11.878727817775838
914,discovery,29,2,11.884495917930655,11.884659636976105,-0.0056255705691464035,11.879034066406959
923,discovery,29,2,12.043500773454495,12.054386450202966,-0.012265681119411218,12.042120769083555
930,discovery,29,2,12.310437165348775,12.293778594685284,-0.003080797851841526,12.290697796833442
947,discovery,29,2,11.870606902224587,11.909614840072958,0.005461157015174677,11.915075997088133
962,discovery,29,2,12.513561021741964,12.453999225542676,-0.007238025815351295,12.446761199727325
963,discovery,29,2,11.951186847493476,11.945509522014405,0.0022036955970390956,11.947713217611444
966,discovery,29,2,12.094587859196112,12.0173217715282,-0.0160936966915802,12.00122807483662
967,discovery,29,2,11.982935344196433,11.876194004111865,-0.010198862040491316,11.865995142071373
977,discovery,29,2,11.356283350762888,11.32707508033629,-0.02201904370152897,11.30505603663476
981,discovery,29,2,12.091789104493502,12.000007969253923,-0.008768615399756421,11.991239353854168
993,discovery,29,2,12.138869243416009,12.201302358154567,-0.009991940188684007,12.191310417965884
997,discovery,29,2,11.824087219587643,11.803871089127473,0.015322689584912088,11.819193778712384
998,discovery,29,2,12.128116509451258,11.986975856917091,0.012613215278345753,11.999589072195437
1001,discovery,29,2,11.314486721293981,11.168162378775936,0.022643016111700186,11.190805394887636
1012,discovery,29,2,11.51293546492023,11.516176318169668,-0.018150324413602714,11.498025993756066
1013,discovery,29,2,12.013706813470414,12.043465083169451,0.010839239632615173,12.054304322802066
1014,discovery,29,2,11.350418300109132,11.500657228824224,-0.03282731722322597,11.467829911600997
1027,discovery,29,2,12.02874460037869,11.883231416855354,-0.005894093362150334,11.877337323493204
1033,discovery,29,2,12.644330802262578,12.76471091551927,-0.007379990560556746,12.757330924958714
1035,discovery,29,2,11.693169865968983,11.754954411240666,0.019892184940266764,11.774846596180932
1039,discovery,29,2,11.48247656671073,11.544989758553324,0.000328386445495788,11.54531814499882
1040,discovery,29,2,11.289794413577894,11.327347890367273,0.007313929099574033,11.334661819466847
1041,discovery,29,2,11.951186847493476,11.968889461012978,-0.002816527507909526,11.966072933505068
1042,discovery,29,2,12.06105265381003,12.000867080639445,-0.01821112594085979,11.982655954698584
1046,discovery,29,2,11.846543632608535,11.718790588351332,-0.0016174621955420123,11.71717312615579
1054,discovery,29,2,11.881041706925902,11.894536503969864,0.00490087166104715,11.89943737563091
1058,discovery,29,2,12.421188057397055,12.34747657464038,0.01109904609643355,12.358575620736813
1060,discovery,29,2,12.301387370778713,12.160921558293872,0.018955791359599187,12.17987734965347
1066,discovery,29,2,12.700771936142122,12.500783012477878,0.016836587425771026,12.51761959990365
1071,discovery,29,2,11.813037464800539,11.785886416537094,0.0038930900531056497,11.7897795065902
1072,discovery,29,2,11.944714374881176,11.961024024757158,0.009529135510881243,11.97055316026804
1078,discovery,29,2,11.840796531639839,11.765356400230988,0.01830906505076689,11.783665465281755
1079,discovery,29,2,11.956976469393481,11.857221498040944,0.0003346435048114072,11.857556141545755
1084,discovery,29,2,11.982935344196433,11.971124434576598,0.00397195200490377,11.975096386581502
1086,discovery,29,2,11.898194668458823,11.977526504967305,-0.005630573708577274,11.971895931258727
1092,discovery,29,2,11.982935344196433,11.977782588322308,-0.0010666644951993413,11.976715923827108
1093,discovery,29,2,11.824087219587643,12.012121877987743,-0.02625589759279124,11.985865980394951
1095,discovery,29,2,11.767575435251748,11.810080117969925,0.001954475995944864,11.812034593965869
1104,discovery,29,2,11.979805470779858,11.88761918652357,0.007611022433958662,11.89523020895753
1108,discovery,29,2,12.52352951631214,12.332328827351551,-0.006205344389695973,12.326123482961854
1116,discovery,29,2,12.669809806411457,12.60556450178532,-0.032980376851843456,12.572584124933476
1118,discovery,29,2,11.775297421715827,11.844329995276992,0.0071968944796629,11.851526889756654
1121,discovery,29,2,11.681832447342321,11.6477989207478,0.02142278010691264,11.669221700854711
1125,discovery,29,2,12.007017865994577,12.014518565498369,0.008741581830768777,12.023260147329138
1126,discovery,29,2,11.652696102959753,11.610708728476911,0.004264209754588715,11.6149729382315
1131,discovery,29,2,11.813037464800539,11.979026375879911,-0.028952733587672138,11.950073642292239
1132,discovery,29,2,11.44572741040675,11.57477874949936,-0.023071856156043666,11.551706893343317
1134,discovery,29,2,12.386312871189734,12.376948378573603,-0.03440491236543427,12.342543466208168
1135,discovery,29,2,12.037659911047468,12.103377371626,-0.005793652079446348,12.097583719546552
1139,discovery,29,2,12.185875040240456,12.222767310745626,0.013650567499142294,12.236417878244769
1144,discovery,29,2,11.289794413577894,11.486005689122544,-0.006991483594240532,11.479014205528303
1148,discovery,29,2,12.069685751267224,12.177069625653328,0.03092490638526808,12.207994532038596
1154,discovery,29,2,11.699413330633599,11.640054610502409,-0.006186029045243895,11.633868581457165
1155,discovery,29,2,12.215037342290755,12.234646291861363,0.00933098245449942,12.243977274315863
1156,discovery,29,2,12.292254928916668,12.274365497755134,0.0033009540136457035,12.27766645176878
1159,discovery,29,2,12.367889578686164,12.362894460859897,-0.009028145017270684,12.353866315842627
1160,discovery,29,2,12.128116509451258,12.184148080187065,0.01200442051229786,12.196152500699363
1163,discovery,29,2,11.767575435251748,11.739476380610515,-0.0010519538599578003,11.738424426750557
1164,discovery,29,2,11.59873612138334,11.84530402610832,0.01317679068957786,11.858480816797897
1176,discovery,29,2,12.560247968016562,12.587836442965804,-0.013084992232801424,12.574751450733002
1177,discovery,29,2,11.691080018519527,11.784650456563522,0.012016656710048033,11.79666711327357
1194,discovery,29,2,12.013706813470414,11.99705701365648,-0.004804733318088091,11.992252280338391
1196,discovery,29,2,12.07824495582233,11.989742239237168,-0.011782605288478538,11.97795963394869
1197,discovery,29,2,12.29779001527865,12.310899431284708,-7.184874128646284e-05,12.310827582543421
1199,discovery,29,2,12.08954444723597,12.037246189543298,-0.0037954826607435035,12.033450706882554
1206,discovery,29,2,12.513193308436527,12.517298880880212,-0.012792412581642373,12.504506468298569
1207,discovery,29,2,11.580593459194764,11.640944133816165,0.0005100348564436457,11.641454168672608
1214,discovery,29,2,11.884495917930655,11.700502838395796,-0.0016016013247558132,11.69890123707104
1221,discovery,29,2,11.652696102959753,11.62254980487674,-0.0025715958798965604,11.619978208996844
1224,discovery,29,2,11.834291315386718,11.81802539494212,-0.004556405524813321,11.813468989417307
1226,discovery,29,2,11.884495917930655,11.843593808774283,0.030450735145268866,11.874044543919553
1227,discovery,29,2,12.273735966890268,12.304719090545223,-0.010656884381731357,12.294062206163492
1228,discovery,29,2,11.898194668458823,11.85302279028741,-0.005814010235140543,11.84720878005227
1232,discovery,29,2,11.794345471549745,11.879720894131516,0.005857846652863321,11.88557874078438
1235,discovery,29,2,11.775297421715827,11.617242105580363,0.0007464651293904279,11.617988570709754
1242,discovery,29,2,12.42250975887691,12.436230245983642,-0.04962614313171388,12.386604102851928
1243,discovery,29,2,12.04355959836804,11.966872518790932,0.016471108544265277,11.983343627335199
1246,discovery,29,2,12.08954444723597,12.18682909139564,0.0033965465088645484,12.190225637904506
1248,discovery,29,2,12.042971193457888,11.833830983126134,-0.013914996499126888,11.819915986627008
1249,discovery,29,2,11.771443882099637,11.81174364786401,0.002464029505206731,11.814207677369216
1250,discovery,29,2,11.686887175419702,11.735330234565623,0.010003410282227974,11.745333644847852
1251,discovery,29,2,12.404927602627597,12.390118440189475,0.006824959112708695,12.396943399302184
1260,discovery,29,2,11.92504173829169,11.894204072932377,0.002186389732260239,11.896390462664638
1276,discovery,29,2,11.827743504053695,11.879523426240226,0.009999293962412387,11.889522720202638
1280,discovery,29,2,11.133142723386813,11.498709161331714,0.03077855198310674,11.52948771331482
1289,discovery,29,2,12.535379989788607,12.494414538159656,0.005963251289488135,12.500377789449145
1296,discovery,29,2,11.83863282480007,11.833020729554482,0.00611549118547022,11.839136220739952
1298,discovery,29,2,11.849404844423074,11.936529801250463,0.014858927126498944,11.951388728376962
1303,discovery,29,2,12.577639650232573,12.665562135531813,0.023963198147370104,12.689525333679184
1304,discovery,29,2,12.354496960983985,12.317128690869,-0.010598709053242342,12.306529981815757
1306,discovery,29,2,12.691583538230217,12.654015965776717,0.008078477144036977,12.662094442920754
1309,discovery,29,2,11.898194668458823,11.878896206534538,-0.0016294570257271612,11.877266749508811
1311,discovery,29,2,12.721888795877375,12.622018551041055,0.007893958112664572,12.62991250915372
1322,discovery,29,2,11.19135563385109,11.23178544842469,0.007773657002775182,11.239559105427466
1324,discovery,29,2,11.320565693461432,11.308756329601918,-0.08119578584026665,11.227560543761651
1332,discovery,29,2,11.794345471549745,11.79089199803784,0.02039206917908257,11.811284067216922
1333,discovery,29,2,11.51293546492023,11.652651017614376,-0.007491986116170626,11.645159031498206
1337,discovery,29,2,11.813037464800539,11.858326288470863,-0.0042225530303098315,11.854103735440553
1338,discovery,29,2,10.868587496017359,11.016698950093652,-0.059579578119489905,10.957119371974162
1356,discovery,29,2,12.04355959836804,12.142554093546092,0.008691324770293945,12.151245418316385
1363,discovery,29,2,11.560772327227417,11.827817265680586,-0.018316104658008477,11.809501161022578
1366,discovery,29,2,12.283038316285214,12.261698870663036,0.012060286919484776,12.273759157582521
1367,discovery,29,2,12.170450649220749,12.205321560851498,0.01212188194697247,12.217443442798471
1375,discovery,29,2,12.429220196836383,12.46923165235624,0.0052387592602524315,12.474470411616494
1377,discovery,29,2,11.418625774449598,11.435355471944792,-0.011158526888428692,11.424196945056364
1387,discovery,29,2,12.429220196836383,12.62282794488432,0.03077894279188157,12.653606887676201
1388,discovery,29,2,11.820417517632333,11.905554088273837,-0.011270725815999036,11.894283362457838
1389,discovery,29,2,12.84132849667433,12.785744187256586,0.004473245612482721,12.790217432869069
1398,discovery,29,2,11.83138646878959,11.845829393582234,0.012436835212007355,11.85826622879424
1399,discovery,29,2,11.835016210489899,11.808027304270192,-0.03375020280159338,11.774277101468599
1420,discovery,29,2,12.314931534737134,12.4150833590257,0.018710703217802365,12.433794062243503
1424,discovery,29,2,12.524420916542532,12.095916542566147,-0.0027789174261059276,12.093137625140042
1429,discovery,29,2,11.686887175419702,11.62264411012219,-0.030503097879038883,11.59214101224315
1437,discovery,29,2,11.699413330633599,11.68295591912686,-0.02523110411297193,11.657724815013887
1444,discovery,29,2,11.703554089007538,11.581215701649972,0.007582639941667636,11.58879834159164
1446,discovery,29,2,11.767575435251748,11.73859165245254,0.011740828068568073,11.750332480521108
6,discovery,29,3,11.870606902224587,11.983887222015191,0.010100562746372044,11.993987784761563
14,discovery,29,3,12.540761149388421,12.30858635307733,-0.010631392090094305,12.297954960987235
23,discovery,29,3,12.345838935721968,12.35097154724442,-0.020841377554599194,12.33013016968982
29,discovery,29,3,12.242891437918386,12.217939432371828,-0.0009753298559649381,12.216964102515863
33,discovery,29,3,12.100161978566867,12.139427103033094,0.0018820301688352672,12.14130913320193
34,discovery,29,3,12.016732516077072,12.06931111749884,-0.010035481384390376,12.05927563611445
38,discovery,29,3,11.938199736300925,11.965884567671443,-0.023083756520651023,11.942800811150793
39,discovery,29,3,11.599112335481124,11.748380209494202,0.00726181742552938,11.755642026919732
47,discovery,29,3,12.387089184491993,12.55401980589721,0.008847842020681665,12.562867647917892
51,discovery,29,3,12.083910661257521,12.102243435473516,0.015311419187241987,12.117554854660758
53,discovery,29,3,11.608244735642321,11.490368650088934,0.0047172940891527715,11.495085944178086
54,discovery,29,3,12.861001210669146,12.770930421063182,0.02397402068081795,12.794904441744
59,discovery,29,3,12.991755706536901,12.907565273521756,0.019326095329061002,12.926891368850818
69,discovery,29,3,11.289794413577894,11.344450828896896,-0.007204620092690956,11.337246208804205
71,discovery,29,3,12.404927602627597,12.411511630649962,-0.030463306146926446,12.381048324503036
76,discovery,29,3,11.418625774449598,11.421128640314612,-0.04268767433576076,11.37844096597885
79,discovery,29,3,11.824087219587643,11.800277940813292,-0.013177673368794546,11.787100267444497
81,discovery,29,3,12.173037959397275,12.277068381492724,0.007819343708134226,12.284887725200857
98,discovery,29,3,11.459007676978688,11.724073503269668,0.004298416191065314,11.728371919460734
102,discovery,29,3,12.08954444723597,12.053793813904608,0.0052519464102942755,12.059045760314902
103,discovery,29,3,11.68658461118553,11.676943784358338,-0.00016994065565806095,11.67677384370268
107,discovery,29,3,11.51293546492023,11.366999849551323,-0.03609886483618899,11.330900984715134
111,discovery,29,3,11.827013315851762,11.86515714553739,-0.02461525051565845,11.840541895021731
120,discovery,29,3,12.0075668272517,12.04242655774896,-0.011140405956286067,12.031286151792674
121,discovery,29,3,12.100717685412471,12.01059723877706,0.006026421076564824,12.016623659853623
122,discovery,29,3,11.51293546492023,11.484507401735794,0.027180813666727758,11.511688215402522
130,discovery,29,3,11.918397239722838,11.869840145808006,-0.006026256977820213,11.863813888830185
132,discovery,29,3,12.404927602627597,12.316911140027836,-0.006697662701920573,12.310213477325915
137,discovery,29,3,11.870606902224587,11.87054563715311,-0.0017620134708858455,11.868783623682225
146,discovery,29,3,11.775297421715827,11.803232944067748,-0.01266349596193777,11.79056944810581
149,discovery,29,3,11.856522261533737,11.91263901683676,-0.009928063589700165,11.902710953247059
153,discovery,29,3,12.154784614286667,12.145045998849204,0.005473552344129565,12.150519551193334
162,discovery,29,3,12.929993908996359,12.944682392321624,-0.022005223937289424,12.922677168384334
166,discovery,29,3,11.755879486687116,11.757161691069472,0.019534033849324985,11.776695724918797
173,discovery,29,3,12.384223015005313,12.268340939128766,-0.0017327950668089322,12.266608144061957
176,discovery,29,3,12.400820837540556,12.310429421313028,-0.010750547497345782,12.299678873815683
187,discovery,29,3,12.06105265381003,12.063635638285309,-0.0036196965252406135,12.060015941760069
197,discovery,29,3,12.650351332641707,12.633756566625436,-0.0016722649735041398,12.632084301651933
201,discovery,29,3,11.849404844423074,11.874798441549808,-0.003077307632751108,11.871721133917058
202,discovery,29,3,12.052344376474922,12.009134751702002,0.015335964520981002,12.024470716222982
216,discovery,29,3,11.808955099378537,11.852041785472398,0.00029731543406691596,11.852339100906464
217,discovery,29,3,12.25486757159303,12.225323799990743,-0.0028711644593279457,12.222452635531415
222,discovery,29,3,12.206077645517674,12.32908652266877,0.0002514358110783559,12.329337958479849
223,discovery,29,3,12.100161978566867,12.081476564800392,0.008275029585750656,12.089751594386142
224,discovery,29,3,11.48247656671073,11.691527349209563,0.013383607056104476,11.704910956265667
239,discovery,29,3,12.669809806411457,12.470584543777704,-0.003960542574722678,12.466624001202982
256,discovery,29,3,12.345838935721968,12.30521603785807,0.004325871093811355,12.309541908951882
259,discovery,29,3,12.352339472153524,12.277211488176782,0.0026959009392204638,12.279907389116003
262,discovery,29,3,12.52815976788113,12.770554129185117,-0.0011193857978740122,12.769434743387242
263,discovery,29,3,11.92504173829169,11.891678001221097,-0.012481218249852556,11.879196782971244
266,discovery,29,3,12.075400019877522,12.11191007239207,0.01539559131636561,12.127305663708436
277,discovery,29,3,12.211065162153215,12.175360158792358,-0.021516591179587402,12.153843567612771
296,discovery,29,3,11.86710429621008,11.875653725183756,-0.011951540347827217,11.86370218483593
301,discovery,29,3,11.964007453736912,12.009808347026109,0.007658449854081246,12.01746679688019
308,discovery,29,3,11.402005077384885,11.45606999158342,-0.029012294199683267,11.427057697383736
310,discovery,29,3,12.793862088206213,12.835366024617752,-0.021681639484558462,12.813684385133193
312,discovery,29,3,11.790564777297387,11.82063563296264,0.0020238108276392653,11.822659443790279
320,discovery,29,3,12.141539457711714,12.155314357653666,-0.005992363663909936,12.149321993989755
322,discovery,29,3,12.777055016970678,12.739779368299704,-0.01275561751784472,12.727023750781859
325,discovery,29,3,12.396697137361691,12.47052220297056,0.0034853839712150093,12.474007586941775
328,discovery,29,3,11.886218559372042,11.87795452509988,-0.00405514721414956,11.873899377885731
329,discovery,29,3,12.276069679344003,12.071569616027809,0.004454761670752883,12.07602437769856
334,discovery,29,3,12.240478903153711,12.150799798932423,-0.019666727914651034,12.131133071017773
338,discovery,29,3,12.273735966890268,12.300032338774995,0.0011930252530503685,12.301225364028046
340,discovery,29,3,11.951186847493476,11.848658845495924,-0.008041819617901238,11.840617025878023
341,discovery,29,3,12.220473454337986,12.248805730147978,-0.008826669287839624,12.239979060860138
346,discovery,29,3,11.850832386224807,11.83866643025144,0.019083046694086687,11.857749476945527
348,discovery,29,3,11.967187086434018,12.07379660616498,-0.002940162763717448,12.070856443401262
351,discovery,29,3,12.670001611311875,12.643769949216612,-0.02053045854958355,12.623239490667029
366,discovery,29,3,11.898194668458823,11.711559010002066,0.003229115691464152,11.71478812569353
367,discovery,29,3,11.976665770490767,12.011878955001862,0.0009313013799142439,12.012810256381776
368,discovery,29,3,12.013706813470414,11.951468843474954,0.005453484806223392,11.956922328281177
378,discovery,29,3,12.73670383776449,12.581836775644414,-0.008047625988419672,12.573789149655994
383,discovery,29,3,12.271396795480596,12.2313811301514,0.0024528678930255763,12.233833998044425
387,discovery,29,3,11.302216779257382,11.439266297488118,0.004853729687063203,11.444120027175181
389,discovery,29,3,12.160033942617156,12.1861513964523,0.006873557621859131,12.193024954074158
396,discovery,29,3,11.767575435251748,11.755494517096263,-0.003160471671894681,11.75233404542437
398,discovery,29,3,12.040614105490253,11.930418649323318,-0.009222122512332327,11.921196526810986
408,discovery,29,3,12.083910661257521,11.981744646422516,0.010320282948062877,11.99206492937058
416,discovery,29,3,12.106997888588934,12.14485806765602,-0.015516873542948274,12.129341194113072
418,discovery,29,3,12.384223015005313,12.232109643876443,0.0008875028065702546,12.232997146683013
427,discovery,29,3,12.524530013005734,12.38153505141266,0.002428357630868085,12.383963409043528
447,discovery,29,3,12.154784614286667,12.296838348820382,-0.03211416286088851,12.264724185959492
458,discovery,29,3,12.45293662970407,12.395310438773908,0.016834214845702584,12.412144653619611
461,discovery,29,3,12.481565733211923,12.35509374881294,0.017950668233594213,12.373044417046534
463,discovery,29,3,11.04106411122238,11.721324644923424,-0.001362126082042426,11.719962518841381
483,discovery,29,3,11.951186847493476,12.036923413097751,-0.010790300272697746,12.026133112825054
490,discovery,29,3,11.362114203075018,11.532365321879825,-0.00630771894736356,11.526057602932461
492,discovery,29,3,11.798111925972618,11.900797430585389,-0.030904863916526228,11.869892566668863
496,discovery,29,3,10.460270761075149,11.150218665520208,0.04594697306531542,11.196165638585525
503,discovery,29,3,11.849404844423074,11.78100631720669,0.015088360320210572,11.796094677526902
504,discovery,29,3,12.574185427296195,12.408294470305664,0.007790111500668816,12.416084581806333
505,discovery,29,3,11.898194668458823,11.859341528952768,-0.0013724827696800672,11.857969046183088
506,discovery,29,3,11.732069026983156,11.717631194155793,-0.01602633905658791,11.701604855099205
509,discovery,29,3,11.989165855127435,11.903341739658842,-0.0008851590618644178,11.902456580596978
514,discovery,29,3,11.80560254159177,11.85231307260127,0.0011699126875639573,11.853482985288833
526,discovery,29,3,12.07824495582233,12.111027197255495,-0.004034061150670962,12.106993136104824
535,discovery,29,3,12.08954444723597,12.093131147985751,-0.0035014557969108378,12.08962969218884
538,discovery,29,3,11.619544188752133,11.707686679292337,0.0063192404808953846,11.714005919773232
540,discovery,29,3,12.513561021741964,12.412759907630042,0.011148306823454421,12.423908214453496
549,discovery,29,3,11.736077016252437,11.696538652847938,-0.006749303827045595,11.689789349020892
550,discovery,29,3,12.479913113434042,12.369687701465509,0.016572456983692148,12.3862601584492
559,discovery,29,3,12.07254696717504,12.183453679491423,-0.0028569601167362005,12.180596719374687
560,discovery,29,3,12.36308066783498,12.150308133714752,0.007877958270092394,12.158186091984845
562,discovery,29,3,12.04355959836804,12.040524299446863,0.023370424648308786,12.063894724095173
563,discovery,29,3,11.58989576532275,11.66978659957847,0.0034191296135682287,11.67320572919204
579,discovery,29,3,11.891368749982085,11.988309482903851,0.001330406087225745,11.989639888991077
581,discovery,29,3,12.111217862017215,12.112138611601155,0.01580400143882458,12.12794261303998
582,discovery,29,3,12.442306148381938,12.871629227051091,0.007021628599388955,12.87865085565048
583,discovery,29,3,11.682676678340282,11.63504099409011,-0.010153840504516055,11.624887153585593
585,discovery,29,3,11.798111925972618,11.874336187606914,0.0008210596385590985,11.875157247245474
587,discovery,29,3,11.775297421715827,11.685433048269974,-0.007491436747196948,11.677941611522778
591,discovery,29,3,12.132969552931216,12.153287149536707,0.014610593415139409,12.167897742951846
592,discovery,29,3,13.02132904585825,12.995793598917157,0.010254882571376805,13.006048481488534
595,discovery,29,3,11.608244735642321,11.676296673540993,0.002351829667238409,11.678648503208231
598,discovery,29,3,12.176654133447505,12.129789420386462,-0.023674703108610768,12.106114717277851
604,discovery,29,3,11.92504173829169,11.968949153950977,-0.009985846852878469,11.958963307098099
605,discovery,29,3,12.30592250537653,12.292308720970048,0.002579832460006571,12.294888553430054
607,discovery,29,3,11.931642378754141,11.990394740561069,-0.0009230052288899282,11.98947173533218
612,discovery,29,3,11.904974309480181,11.985652160381187,0.009462020473768571,11.995114180854957
623,discovery,29,3,11.813037464800539,11.739728839970844,0.003778077668921486,11.743506917639765
628,discovery,29,3,11.938199736300925,12.000107188703218,0.009040810771374513,12.009147999474592
643,discovery,29,3,12.75130259456002,12.71190722771788,0.0053269721119931345,12.717234199829873
646,discovery,29,3,11.872353615355413,11.822965265182436,0.0016851469636279637,11.824650412146063
650,discovery,29,3,11.344518647594766,11.212359568267384,-0.024165886658632375,11.188193681608752
652,discovery,29,3,11.58989576532275,11.626360189174846,-0.04929323688543998,11.577066952289407
660,discovery,29,3,12.025755079404917,11.985366918380324,-0.0001370412250065486,11.985229877155318
662,discovery,29,3,12.904209855160254,12.84281765686326,0.015774028970335613,12.858591685833597
664,discovery,29,3,11.83138646878959,11.86330778725389,-0.005769642940330201,11.85753814431356
669,discovery,29,3,12.031725210748633,12.000575070853818,-0.014383433970629984,11.986191636883188
673,discovery,29,3,12.013706813470414,12.067057879192925,0.0065223979501475154,12.073580277143073
677,discovery,29,3,11.373674891823535,11.671212938551031,-0.008194085518971814,11.66301885303206
680,discovery,29,3,11.763691965388299,11.749725743376183,0.009026321558153513,11.758752064934336
691,discovery,29,3,11.856522261533737,11.90881395162039,-0.0014216729423711116,11.907392278678019
695,discovery,29,3,11.860062063178267,11.725541609342253,0.0019051241949874897,11.72744673353724
697,discovery,29,3,11.39640288460621,11.46576933085418,0.004072676187133257,11.469842007041313
706,discovery,29,3,10.915106645867503,11.061247567155728,-0.054455537401867295,11.00679202975386
723,discovery,29,3,11.732069026983156,11.679394274106487,0.01690921819695803,11.696303492303445
728,discovery,29,3,12.178192583415596,12.193830422776598,-0.012799338512084415,12.181031084264513
729,discovery,29,3,11.608244735642321,11.799762672179812,-0.04540186093044406,11.754360811249368
750,discovery,29,3,11.49273296168228,11.24847873753421,0.019515254821832497,11.267993992356043
759,discovery,29,3,12.097378802727306,12.04123750424606,0.0071047953243679905,12.048342299570429
760,discovery,29,3,12.577639650232573,12.618794327691974,-0.008917857069359441,12.609876470622615
761,discovery,29,3,11.755879486687116,11.647632847117835,9.040567978040936e-05,11.647723252797615
769,discovery,29,3,12.28690580994122,12.3514042966649,1.9468106278417342e-05,12.351423764771178
781,discovery,29,3,12.07824495582233,12.03346738422226,-0.00208870304370648,12.031378681178552
782,discovery,29,3,12.077676615757813,12.101711730767622,0.007665079104020854,12.109376809871643
787,discovery,29,3,11.842236406331555,11.718152078435445,0.0068995909795747,11.72505166941502
792,discovery,29,3,11.896833207128452,11.895661924320615,0.008617648277031894,11.904279572597646
798,discovery,29,3,11.608244735642321,11.494764098723522,0.0031846525108726776,11.497948751234395
803,discovery,29,3,12.149507585033072,12.134513602326598,-0.005414280382338478,12.12909932194426
807,discovery,29,3,11.816734299348461,11.7900493876865,0.012025646625263847,11.802075034311763
811,discovery,29,3,12.10625783509458,12.14106999857628,0.0001957160529362859,12.141265714629215
818,discovery,29,3,12.509877789891931,12.550180475758626,0.011397138800135667,12.561577614558763
829,discovery,29,3,12.128116509451258,12.099091915457784,-0.035845034781009144,12.063246880676775
830,discovery,29,3,11.900912042974875,11.966920465817113,-0.0024822750810814813,11.96443819073603
835,discovery,29,3,11.849047640327147,11.831669144243811,-0.010994155014976607,11.820674989228834
842,discovery,29,3,11.967187086434018,11.926361159981,0.023491055032778672,11.94985221501378
843,discovery,29,3,12.071975378543236,11.964608950906277,-0.002072814666058258,11.962536136240217
848,discovery,29,3,11.80186424743109,11.804330000336178,0.003925522432511726,11.80825552276869
852,discovery,29,3,12.278397958261774,12.119678480896429,0.007886814304145779,12.127565295200574
854,discovery,29,3,11.970356641102999,12.038836916891228,0.01805899049161412,12.056895907382842
856,discovery,29,3,11.751950239425476,11.863247209274578,0.01042187971534919,11.873669088989926
859,discovery,29,3,11.931642378754141,11.804748446137602,-0.02756646652109532,11.777181979616506
864,discovery,29,3,11.794345471549745,11.846994230617703,-0.005527881901128469,11.841466348716574
871,discovery,29,3,11.603688960617083,11.51989822905528,-0.0038163955419951386,11.516081833513285
876,discovery,29,3,12.623064399210183,12.67917525537588,0.007871693771855138,12.687046949147735
882,discovery,29,3,12.141539457711714,12.262179598331118,0.0005302633215434707,12.262709861652661
883,discovery,29,3,12.08954444723597,12.059638267787676,0.012568675235448898,12.072206943023126
891,discovery,29,3,11.719134432217524,11.706925612069291,0.008399324690731243,11.715324936760023
899,discovery,29,3,13.323928581764989,13.081263300557143,0.024761638270810384,13.106024938827954
901,discovery,29,3,11.608244735642321,11.653409742429778,0.019599794566910484,11.67300953699669
904,discovery,29,3,12.388398368982115,12.415039782009371,-0.0004932567824317215,12.414546525226939
906,discovery,29,3,11.759793355371237,11.750927815718514,0.0014728288941348482,11.75240064461265
908,discovery,29,3,12.429220196836383,12.378433236890867,0.033314003832782366,12.411747240723649
910,discovery,29,3,12.066816325306588,12.056300382951653,-0.006026357045806421,12.050274025905846
918,discovery,29,3,11.813037464800539,11.810193424248649,-0.020949804563645105,11.789243619685003
920,discovery,29,3,12.081081821061819,12.05806399991199,-0.010627635943870251,12.04743636396812
922,discovery,29,3,11.890683588496984,11.987613437277671,-0.03146507333831865,11.956148363939352
925,discovery,29,3,12.242891437918386,12.236527496983028,-0.012330954737950404,12.224196542245078
932,discovery,29,3,11.674202123168433,11.758416934952043,0.009546882710190675,11.767963817662235
936,discovery,29,3,11.288543647320601,11.49313582311681,0.0018093104929112456,11.494945133609722
939,discovery,29,3,12.387560521575551,12.393471909687376,0.011943675355833664,12.40541558504321
942,discovery,29,3,12.273735966890268,12.337876455644873,-0.011095171696551344,12.326781283948321
948,discovery,29,3,12.506180941677357,12.539527329589584,-0.017935183414175635,12.521592146175408
949,discovery,29,3,12.167856627501678,12.19863951384686,-0.00927891792955716,12.189360595917304
950,discovery,29,3,12.193498926601634,12.088730101645057,0.012743772449138394,12.101473874094195
953,discovery,29,3,11.804855999911272,11.774999947200518,0.004364911091623019,11.77936485829214
955,discovery,29,3,11.755879486687116,11.735082596269466,0.012089620569404678,11.747172216838871
968,discovery,29,3,11.813037464800539,11.835771428660331,0.0031469000364600214,11.838918328696792
971,discovery,29,3,11.813037464800539,11.26668054819109,0.003113253619659429,11.26979380181075
974,discovery,29,3,12.111767460549332,12.311990856812344,0.01414740511702555,12.32613826192937
1000,discovery,29,3,12.235636302128867,12.153171661159138,-0.01231414729520908,12.14085751386393
1002,discovery,29,3,11.362114203075018,11.349326527447705,0.009542847746134208,11.358869375193839
1003,discovery,29,3,12.354496960983985,12.391218601994026,-0.00418861236708262,12.387029989626944
1009,discovery,29,3,12.388398368982115,12.39802031787656,7.123512388950662e-05,12.39809155300045
1015,discovery,29,3,11.688566422839942,11.718449319940431,-0.02104082895918623,11.697408490981244
1017,discovery,29,3,12.220966184120165,12.355421084070576,-0.0010447319227214677,12.354376352147854
1020,discovery,29,3,12.271349956195543,12.218568097161148,-0.007945113442646382,12.210622983718501
1026,discovery,29,3,11.630717389475995,11.734098761077464,0.016313038990328755,11.750411800067793
1037,discovery,29,3,12.66191713053049,12.771703488176588,-0.009442519384563777,12.762260968792024
1059,discovery,29,3,12.721888795877375,12.806168806757576,0.01393181153526556,12.820100618292841
1061,discovery,29,3,12.271396795480596,12.243995473782809,-0.003941904059916012,12.240053569722892
1062,discovery,29,3,11.302216779257382,11.56344165131675,0.0038813392805804574,11.567322990597331
1064,discovery,29,3,11.612779849672751,11.76391982012558,-0.011605510563749435,11.75231430956183
1076,discovery,29,3,12.299112067295642,12.188487002755272,0.027675506715288997,12.21616250947056
1081,discovery,29,3,11.884495917930655,12.008296923506014,0.01681807137856772,12.025114994884582
1085,discovery,29,3,12.141539457711714,12.126310262757416,0.0003400535555955348,12.126650316313011
1097,discovery,29,3,11.751950239425476,11.628418009773023,0.003993634026809544,11.632411643799832
1098,discovery,29,3,12.04355959836804,11.952582844338524,-0.006184387850283682,11.94639845648824
1101,discovery,29,3,11.002116507732017,10.943437273291352,-0.0041463413366516245,10.9392909319547
1102,discovery,29,3,11.691080018519527,11.663224710170706,-0.011882668790353858,11.651342041380351
1106,discovery,29,3,12.691583538230217,12.730342535200837,-0.017451048106926687,12.712891487093911
1122,discovery,29,3,12.268582547911404,12.274897586566222,-0.01404858151867007,12.260849005047552
1123,discovery,29,3,11.626263078808801,11.295364178030471,0.03302175400677266,11.328385932037245
1127,discovery,29,3,12.066816325306588,12.16393490766396,-0.007448597486657462,12.156486310177302
1128,discovery,29,3,12.464587201678082,12.386701931627735,-0.0019376859211076012,12.384764245706627
1136,discovery,29,3,11.532737896139919,11.578850107859006,-0.0042507210030667385,11.57459938685594
1137,discovery,29,3,11.686887175419702,11.674790979388108,-0.005456273630241016,11.669334705757867
1138,discovery,29,3,11.451060699493427,11.412094484081914,-0.027411444455443187,11.38468303962647
1147,discovery,29,3,12.100717685412471,12.097544820623895,-0.003068296291233863,12.094476524332661
1151,discovery,29,3,11.728044909070785,11.737314660867952,-0.010033578190050465,11.727281082677901
1152,discovery,29,3,11.917730355182513,11.965643317670436,-0.0038983307625643517,11.961744986907872
1153,discovery,29,3,12.345838935721968,12.191012145010388,-0.003279454873831447,12.187732690136556
1166,discovery,29,3,12.359527368950229,12.385379994112634,0.01798329192613485,12.403363286038768
1167,discovery,29,3,12.41044511731981,12.386017302749856,-0.008030041459653353,12.377987261290203
1183,discovery,29,3,13.521140839642674,13.07592289734247,0.09420631511904726,13.170129212461518
1186,discovery,29,3,11.560772327227417,11.7517798979084,0.02072691564630501,11.772506813554704
1187,discovery,29,3,11.461642696843066,11.730040017083349,-0.014027843096990728,11.716012173986359
1190,discovery,29,3,12.149507585033072,12.166093690355645,-0.0026595970815686833,12.163434093274075
1191,discovery,29,3,12.031725210748633,12.077073099453449,0.0060228982807649205,12.083095997734214
1200,discovery,29,3,11.904974309480181,11.864367347964256,-0.007457043858869286,11.856910304105387
1201,discovery,29,3,11.6617850286409,11.561681356293272,0.002069438991131214,11.563750795284404
1208,discovery,29,3,12.206077645517674,12.322576049291696,-0.010289255211472224,12.312286794080224
1219,discovery,29,3,11.296024885689746,11.157749652329654,-0.008185379921248518,11.149564272408405
1220,discovery,29,3,11.424105180165641,11.447759007715534,-0.0013960679286358698,11.446362939786898
1229,discovery,29,3,12.813920618864572,12.82117661559731,-0.004128989186199877,12.81704762641111
1247,discovery,29,3,12.136191879981927,12.175927990697163,0.008285131470469826,12.184213122167632
1267,discovery,29,3,11.711784520403112,11.737839024084252,-0.021535175290198307,11.716303848794054
1268,discovery,29,3,12.843973993864076,12.779172525259195,-0.005098487101450195,12.774074038157744
1270,discovery,29,3,11.87757552297847,11.813294348961334,-0.00753190602456893,11.805762442936764
1271,discovery,29,3,12.468440756144114,12.360870082738154,0.01893116448859459,12.37980124722675
1274,discovery,29,3,12.083910661257521,12.014644821845332,-0.008438504377090279,12.00620631746824
1275,discovery,29,3,11.842236406331555,11.876190573514863,0.008070421731164457,11.884260995246027
1281,discovery,29,3,12.33270970174018,12.232201968358822,-0.0026549741741357744,12.229546994184686
1284,discovery,29,3,11.842236406331555,11.833082648752445,0.009345697410912323,11.842428346163357
1290,discovery,29,3,12.546113507028412,12.56032827418055,0.0033741412091558495,12.563702415389706
1297,discovery,29,3,11.951186847493476,11.935882174085243,-0.0027538584640356694,11.933128315621207
1301,discovery,29,3,12.323860125621126,12.314059468926583,0.0019577757041205806,12.316017244630704
1307,discovery,29,3,12.218500103788143,12.146263472911048,0.005151095738688105,12.151414568649736
1308,discovery,29,3,11.835016210489899,11.882587254660825,-0.003975653163891147,11.878611601496933
1310,discovery,29,3,12.09626335986454,12.081575616036403,-0.001130540563300061,12.080445075473103
1313,discovery,29,3,12.618185607609803,12.524090478045894,-0.01729742318107337,12.50679305486482
1319,discovery,29,3,12.524530013005734,12.488918598721876,-0.022187702269334503,12.46673089645254
1321,discovery,29,3,11.960817678718287,11.923779308926564,0.008621461305722508,11.932400770232286
1340,discovery,29,3,11.763691965388299,11.767412863533607,-0.006958599003697998,11.76045426452991
1342,discovery,29,3,11.951186847493476,11.931438903045295,-0.010438599208868691,11.921000303836427
1343,discovery,29,3,12.339295865674435,12.4068052590848,-0.003060328870416673,12.403744930214383
1352,discovery,29,3,12.049424683420915,11.986067920784146,0.0065307870276468056,11.992598707811792
1357,discovery,29,3,11.608244735642321,11.65126584705828,-0.014130874184095577,11.637134972874184
1358,discovery,29,3,11.917730355182513,11.985648143701916,0.008933731379683639,11.994581875081598
1359,discovery,29,3,12.086731521684555,12.052240626052178,0.010824660071645838,12.063065286123825
1364,discovery,29,3,11.963574241653713,12.031715620615705,0.00021558771636551315,12.03193120833207
1365,discovery,29,3,11.878630514504515,11.899915367316847,-0.0025180877774125393,11.897397279539435
1368,discovery,29,3,11.751950239425476,11.778014983996515,-0.005490291626201819,11.772524692370313
1369,discovery,29,3,11.87757552297847,11.848492142344655,-0.008964575282198545,11.839527567062456
1372,discovery,29,3,12.016732516077072,12.066887255019305,0.003939639224477378,12.070826894243782
1382,discovery,29,3,12.377927112974284,12.225450879488712,0.020022668332438147,12.245473547821149
1383,discovery,29,3,11.964007453736912,11.893246328625878,0.00014178541080094988,11.893388114036679
1386,discovery,29,3,11.74006900564972,11.645506452759566,0.028768109760271384,11.674274562519837
1390,discovery,29,3,11.782960235741939,11.822402272585297,-0.004967599703053955,11.817434672882243
1392,discovery,29,3,11.728044909070785,11.713764468227696,-0.027028216693155048,11.68673625153454
1393,discovery,29,3,11.719947764402807,11.750484621583723,-0.0019010108711698297,11.748583610712554
1395,discovery,29,3,12.415437707935368,12.30277759093949,-0.007621296674962042,12.295156294264528
1402,discovery,29,3,12.170450649220749,12.119578581859242,0.002364791988361239,12.121943373847603
1403,discovery,29,3,12.174994689959313,12.141158330539527,-0.018717124350094472,12.122441206189432
1409,discovery,29,3,11.74006900564972,11.54940666149682,0.013221960701939772,11.562628622198758
1411,discovery,29,3,12.345838935721968,12.249177910741954,-0.007206470341372981,12.241971440400581
1412,discovery,29,3,11.849404844423074,11.90600851650584,-0.004677812164333496,11.901330704341508
1414,discovery,29,3,12.456835254920371,12.47150197140324,-0.016610713521561862,12.454891257881679
1422,discovery,29,3,11.755879486687116,11.838684666939034,-0.013278224375503488,11.825406442563532
1423,discovery,29,3,11.824087219587643,11.88701061768589,-0.005932322980373531,11.881078294705517
1428,discovery,29,3,11.849404844423074,11.867940477310608,-0.0121685520299392,11.855771925280669
1430,discovery,29,3,12.116700301832573,12.19477476154213,0.002892864642262245,12.197667626184392
1435,discovery,29,3,11.982935344196433,12.026940201214446,0.000619249164751735,12.027559450379197
1440,discovery,29,3,12.190964083849375,12.058141985298947,0.023794776331475836,12.081936761630423
1443,discovery,29,3,12.644330802262578,12.672147290744688,0.006118583991859108,12.678265874736546
1450,discovery,29,3,11.429554725537322,11.41860595621502,-0.008997165751671515,11.409608790463349
1452,discovery,29,3,12.567554517655415,12.426781866639253,-0.010152525391453887,12.416629341247798
1454,discovery,29,3,11.344518647594766,11.79142411987248,0.0077204706407572096,11.799144590513237
1457,discovery,29,3,12.25486757159303,12.182981474409484,-0.031960796696577407,12.151020677712907
1459,discovery,29,3,11.864469267087891,11.79626949274716,-0.00335839679631426,11.792911095950846
2,discovery,29,4,12.109016442313738,12.097164483743432,0.00416174149289812,12.101326225236331
8,discovery,29,4,12.206077645517674,12.264869472915496,0.017665802161636098,12.282535275077132
17,discovery,29,4,11.91170829631447,11.917352291915906,0.00011121524351542625,11.917463507159422
22,discovery,29,4,11.845109950883979,11.757570079116748,0.012980637776210545,11.77055071689296
24,discovery,29,4,11.774527900858468,11.837528430286676,-0.0062508796865172,11.83127755060016
26,discovery,29,4,12.454107814022272,12.461114461298536,-0.010029474721755447,12.451084986576781
27,discovery,29,4,11.811554895830454,11.837248936474635,-0.004852217593362169,11.832396718881274
30,discovery,29,4,11.134603622683905,11.163917685398012,0.00015908112875303904,11.164076766526765
35,discovery,29,4,12.533579815765737,12.589922976819434,0.024106999047692007,12.614029975867126
44,discovery,29,4,11.777218637129327,11.81790278412741,-0.005389210616811495,11.812513573510598
45,discovery,29,4,11.856522261533737,11.899952275664498,-0.00017420073967158714,11.899778074924827
48,discovery,29,4,12.428019481065613,12.37454164495904,0.004142356258034253,12.378684001217074
52,discovery,29,4,11.648338835562747,11.716086469368316,0.015101931999884412,11.7311884013682
55,discovery,29,4,11.775297421715827,11.722513709067336,-0.00011416406104243283,11.722399545006294
61,discovery,29,4,11.970356641102999,12.028321766825105,-0.006450834636635388,12.02187093218847
77,discovery,29,4,11.818577604251555,11.66743524596519,-0.01063276141928589,11.656802484545905
83,discovery,29,4,12.409017571151187,12.30806635359866,-0.01499251681032936,12.29307383678833
90,discovery,29,4,11.724813914587886,11.68494090465078,-0.016813678296743226,11.668127226354036
91,discovery,29,4,11.60733523953139,11.52419104127669,0.013359223658215598,11.537550264934906
92,discovery,29,4,11.498836682527127,11.650605226476015,-0.00444755383970093,11.646157672636315
94,discovery,29,4,11.804855999911272,12.0553978427734,-0.024499196215485335,12.030898646557915
97,discovery,29,4,12.273735966890268,12.27777326767813,0.005661857624219495,12.283435125302349
100,discovery,29,4,11.767187766223199,11.710044161746206,0.010929447881646827,11.720973609627853
101,discovery,29,4,12.230770136157428,12.301624929944472,-0.007415882107317154,12.294209047837155
104,discovery,29,4,12.200562492481511,12.129362559315927,0.0034890382697547236,12.132851597585683
112,discovery,29,4,12.100717685412471,12.039120084093817,0.011723073024050226,12.050843157117868
113,discovery,29,4,12.85832230788469,12.756168506961783,0.023619232165050633,12.779787739126833
115,discovery,29,4,12.466515835145202,12.387906004335765,-0.006292995387896733,12.381613008947868
123,discovery,29,4,11.820417517632333,11.846703967959051,0.0010370352369885177,11.84774100319604
124,discovery,29,4,11.944064817531656,11.983430462970796,0.012745069146509332,11.996175532117306
135,discovery,29,4,12.100717685412471,12.058112708359086,0.005835411468339564,12.063948119827426
139,discovery,29,4,12.345838935721968,12.412621360869634,-0.020007455088802046,12.392613905780832
142,discovery,29,4,12.468440756144114,12.39176638962168,0.00026912892693030735,12.39203551854861
144,discovery,29,4,12.225880174775122,12.307380291484575,-0.0018640551604883178,12.305516236324086
152,discovery,29,4,12.827731880206521,12.7267447628709,0.020675705780290803,12.74742046865119
157,discovery,29,4,11.603688960617083,11.64498132377736,0.020692121267475785,11.665673445044836
158,discovery,29,4,12.504327379899443,12.525676068387162,0.005393261290972692,12.531069329678134
167,discovery,29,4,12.154784614286667,12.284102016492191,-0.01245795427281912,12.271644062219373
172,discovery,29,4,12.278397958261774,12.099958698216607,-0.00911883007023741,12.09083986814637
184,discovery,29,4,12.206077645517674,12.09626506653764,-0.012093408882205241,12.084171657655435
189,discovery,29,4,11.940399914116648,11.87454443057178,-4.5595431181166475e-06,11.874539871028661
191,discovery,29,4,12.660331092405906,12.566509496342444,0.031051360960851492,12.597560857303296
193,discovery,29,4,12.165255859329688,12.19309024773294,0.0019348511757710804,12.195025098908712
199,discovery,29,4,11.552155793461898,11.588950494620958,0.017163776654806177,11.606114271275764
203,discovery,29,4,11.626263078808801,11.597414159207938,-0.017126329689466833,11.580287829518472
214,discovery,29,4,11.957617696467539,11.961777566995355,0.012504261698387725,11.974281828693742
219,discovery,29,4,12.649157827477366,12.361387521055676,-0.01062210810769335,12.350765412947982
228,discovery,29,4,11.571203807011969,11.490272345658914,-0.02331243216102989,11.466959913497885
231,discovery,29,4,11.904974309480181,11.842552097389945,0.003817896576317212,11.846369993966261
234,discovery,29,4,11.761354623750297,11.79963722108587,0.022729378806233172,11.822366599892103
236,discovery,29,4,11.402005077384885,11.345830097168816,-0.0212220098015435,11.324608087367272
247,discovery,29,4,11.827743504053695,11.790884664805906,-0.03161643047911559,11.759268234326791
249,discovery,29,4,12.100717685412471,12.119465509154054,-0.015882351223989347,12.103583157930064
253,discovery,29,4,12.06105265381003,12.059809773535749,-0.0032978357678346906,12.056511937767914
255,discovery,29,4,11.884495917930655,11.86172587362279,0.010991148192293429,11.872717021815083
260,discovery,29,4,11.48247656671073,11.532820861609546,0.023979003530058985,11.556799865139604
261,discovery,29,4,12.07824495582233,12.051544956423491,0.007574656951853909,12.059119613375346
268,discovery,29,4,12.097936057925594,12.12745126170478,-0.01085393595112408,12.116597325753656
273,discovery,29,4,12.577639650232573,12.625084218005744,0.005968160298312599,12.631052378304057
274,discovery,29,4,11.842236406331555,12.007449867792133,-0.001386157823940417,12.006063709968192
275,discovery,29,4,11.732069026983156,11.780233674693346,0.01346991642106767,11.793703591114413
284,discovery,29,4,12.407383590534293,12.403734432611492,0.006392425784409652,12.410126858395902
295,discovery,29,4,12.025755079404917,11.93704537243794,-0.01946784927403253,11.917577523163907
309,discovery,29,4,11.320565693461432,11.636089066488868,0.01604681111687036,11.652135877605739
313,discovery,29,4,11.694421681264394,11.786557409975911,-0.0008038113874939775,11.785753598588418
314,discovery,29,4,12.834683971615659,12.42864757150181,0.00032196032528667595,12.428969531827097
318,discovery,29,4,12.506180941677357,12.470705835466283,0.011047919382788225,12.481753754849072
326,discovery,29,4,11.373674891823535,11.358024506247022,0.01320741339065742,11.37123191963768
336,discovery,29,4,12.34126328584159,12.24503852117548,0.018562485135227277,12.263601006310708
342,discovery,29,4,11.314486721293981,11.221568535577298,-0.0014204653643860967,11.220148070212911
350,discovery,29,4,12.988043102265232,13.108529956563752,0.03499531104600072,13.143525267609752
354,discovery,29,4,11.570259974415547,11.46083093746929,-0.01585049894760734,11.444980438521682
364,discovery,29,4,11.678448377988165,11.55865068275377,-0.007979875720923449,11.550670807032846
369,discovery,29,4,11.790564777297387,11.897361238540512,0.01965248697551279,11.917013725516025
374,discovery,29,4,11.719947764402807,11.695270578264234,0.0043202335272603375,11.699590811791493
375,discovery,29,4,12.299112067295642,12.222620517364096,-0.022346783996630655,12.200273733367466
386,discovery,29,4,12.165255859329688,12.070190423238731,-0.025881009728122906,12.044309413510609
392,discovery,29,4,12.278397958261774,12.299093318859924,0.010170306635680734,12.309263625495605
397,discovery,29,4,11.719947764402807,11.7447191748148,0.0013787641286334084,11.746097938943434
402,discovery,29,4,12.013646205940514,12.115408491776794,-0.00852955499511859,12.106878936781674
407,discovery,29,4,11.652696102959753,11.655600098379225,0.021746180569465003,11.67734627894869
409,discovery,29,4,12.54254845357358,12.542409204186187,0.0062276140208312805,12.548636818207019
410,discovery,29,4,12.73596827534975,12.62280837390962,-0.00969853651259855,12.613109837397023
413,discovery,29,4,12.310437165348775,12.422782834301664,0.026443301446703846,12.449226135748368
420,discovery,29,4,11.863589378812122,11.786383185683164,-0.0002984318803793102,11.786084753802784
422,discovery,29,4,12.278397958261774,12.320756328016376,-0.013998763569344421,12.306757564447032
423,discovery,29,4,11.635151947212842,11.664121289245452,0.02936526144683532,11.693486550692288
424,discovery,29,4,12.660331092405906,12.723951861849388,-0.00402693789832308,12.719924923951066
425,discovery,29,4,11.842236406331555,11.870523495825749,0.0036593661850034737,11.874182862010752
430,discovery,29,4,12.07254696717504,12.07352295500991,0.006840674638848671,12.080363629648758
433,discovery,29,4,11.715874472198905,11.737732953068464,0.0054288662827214965,11.743161819351187
439,discovery,29,4,11.411457364027745,11.619719193561398,0.013322219009781876,11.63304141257118
440,discovery,29,4,11.608244735642321,11.842629324086827,-0.01057799359401263,11.832051330492815
441,discovery,29,4,13.22672519452875,13.087993340980818,0.06111005541440853,13.149103396395226
445,discovery,29,4,12.25486757159303,12.293583916418076,-0.0019058574340422268,12.291678058984033
450,discovery,29,4,11.695255355062795,11.656981186690548,-0.01433092310476374,11.642650263585784
457,discovery,29,4,11.49273296168228,11.26548530471421,0.029667789150798273,11.295153093865007
459,discovery,29,4,11.989165855127435,11.917705469562362,-0.018036292180515754,11.899669177381845
460,discovery,29,4,11.608244735642321,11.664855500221806,-0.0079713650163448,11.65688413520546
465,discovery,29,4,11.728044909070785,11.634647374730582,-0.00240414358724439,11.632243231143338
471,discovery,29,4,12.264346270624157,12.237207137907816,-0.002170995285879738,12.235036142621937
473,discovery,29,4,11.904974309480181,11.824789394046448,0.0027134351236436003,11.827502829170092
474,discovery,29,4,12.994532278619134,12.816635999404202,0.011706827082091972,12.828342826486294
477,discovery,29,4,12.249615734512616,12.296306980872776,-0.009000431502363036,12.287306549370413
484,discovery,29,4,12.00762780434872,11.9234740487888,-0.007260444879427721,11.916213603909371
500,discovery,29,4,11.695255355062795,11.769586313855305,-0.003743540918962308,11.765842772936342
501,discovery,29,4,11.635151947212842,11.624203937599704,-0.00866795556487535,11.615535982034828
508,discovery,29,4,12.246739428005663,12.055124892297226,0.017753730557217382,12.072878622854443
511,discovery,29,4,12.013100572810686,12.02534468521269,-0.011836364131311389,12.01350832108138
513,discovery,29,4,11.774527900858468,11.71645075226209,-0.013293825328391365,11.7031569269337
518,discovery,29,4,12.487488878546145,12.58967189949666,-0.00016868924261922947,12.58950321025404
520,discovery,29,4,12.36308066783498,12.470774301680173,0.004415515827957422,12.47518981750813
525,discovery,29,4,12.662709207270272,12.664992902425116,0.013614508259901618,12.678607410685018
528,discovery,29,4,13.008661502470739,12.974216861349772,0.01427037255488842,12.98848723390466
530,discovery,29,4,12.209192772866418,12.333871560661382,-0.01595533679295469,12.317916223868428
532,discovery,29,4,11.759793355371237,11.800791643201569,0.023027148398780783,11.823818791600349
536,discovery,29,4,11.58525542883217,11.763281764583208,0.007498497530452518,11.77078026211366
541,discovery,29,4,12.660331092405906,12.83265798713967,-0.008497982750727518,12.824160004388943
544,discovery,29,4,11.798111925972618,11.77515341632818,0.006036713756621882,11.781190130084802
545,discovery,29,4,12.098854850641,12.194065797484368,-0.014578677296093587,12.179487120188275
555,discovery,29,4,12.556733038263905,12.504005907328716,0.003992645823769349,12.507998553152486
556,discovery,29,4,11.635151947212842,11.65457842119219,0.016043123982583285,11.670621545174773
557,discovery,29,4,11.856522261533737,11.907659738024696,0.021551435371486505,11.929211173396183
565,discovery,29,4,12.498745990829315,12.479774257865255,-0.009600522371191623,12.470173735494063
568,discovery,29,4,12.273735966890268,12.209170982853092,-0.004147847870477376,12.205023134982614
569,discovery,29,4,12.665397584983758,12.589599397283289,-0.007963275130890131,12.581636122152398
571,discovery,29,4,11.867805799560465,11.81254133940133,-0.014773896852590064,11.79776744254874
575,discovery,29,4,11.842236406331555,11.716544292711331,0.009879902136705095,11.726424194848036
578,discovery,29,4,12.010671928196443,11.93068210659459,0.011249155959973965,11.941931262554563
586,discovery,29,4,12.820990681250251,12.875230027745442,0.015374445405494205,12.890604473150935
602,discovery,29,4,11.856522261533737,11.74911428283267,-0.02484950590233092,11.724264776930339
608,discovery,29,4,12.323860125621126,12.116749651280562,-0.030116582056839463,12.086633069223723
610,discovery,29,4,11.682676678340282,11.659132433063006,-0.009412473163295902,11.64971995989971
616,discovery,29,4,11.83138646878959,11.795070203193395,0.0048541404846063115,11.799924343678002
618,discovery,29,4,11.566475710526321,11.679099056864064,0.00880356240396114,11.687902619268026
619,discovery,29,4,12.659737267217572,12.677298139018276,0.03792264542046806,12.715220784438744
625,discovery,29,4,12.014615485902027,11.946698867687736,-0.0026606524241176975,11.94403821526362
629,discovery,29,4,11.813037464800539,12.123436675209565,0.009241104611436679,12.132677779821002
631,discovery,29,4,11.728044909070785,11.572198918379442,0.006705905031969912,11.578904823411412
633,discovery,29,4,11.320565693461432,12.013585623316702,-0.01667199307452598,11.996913630242176
635,discovery,29,4,11.87757552297847,11.789221952946878,0.012095345041531555,11.80131729798841
640,discovery,29,4,12.485830907348902,12.474140985868098,0.03987894229433323,12.514019928162432
641,discovery,29,4,12.520887034998584,12.526702665580956,0.019153861212218726,12.545856526793175
645,discovery,29,4,12.823631142839984,12.774699750428477,0.003390414812665164,12.778090165241142
648,discovery,29,4,11.951186847493476,11.863611146848031,0.012868443328479287,11.87647959017651
653,discovery,29,4,12.160033942617156,12.18091986282248,-0.008610773869793953,12.172309088952685
668,discovery,29,4,12.173037959397275,12.24962402920154,0.011493492328324693,12.261117521529865
674,discovery,29,4,12.458778882573533,12.423593925833146,0.04274860167308991,12.466342527506235
675,discovery,29,4,11.849404844423074,11.893713986744435,0.010473948103357549,11.904187934847792
676,discovery,29,4,11.908346971208951,11.885673313663524,-0.007754995845348675,11.877918317818175
681,discovery,29,4,11.870606902224587,11.678658416689046,-0.02416566109635076,11.654492755592695
686,discovery,29,4,12.242891437918386,12.339871955827094,-0.006594144366901179,12.333277811460194
688,discovery,29,4,11.910365121788654,11.945255132059671,-0.0074994261060624375,11.93775570595361
692,discovery,29,4,13.534474352733596,13.20749510349555,0.047682925973584145,13.255178029469134
696,discovery,29,4,12.07824495582233,12.08202429618491,-0.035634940697260684,12.04638935548765
700,discovery,29,4,12.185875040240456,12.136035406554022,-0.011124443595990807,12.124910962958031
703,discovery,29,4,12.799178471909892,12.837348260472847,0.004886173333068708,12.842234433805915
707,discovery,29,4,12.618185607609803,12.47898969598767,0.03431773317149338,12.513307429159163
715,discovery,29,4,11.779136168550774,12.095497346943892,0.01579384394197945,12.111291190885872
721,discovery,29,4,12.524530013005734,12.529069836345302,-0.0016163715959045739,12.527453464749398
726,discovery,29,4,11.699413330633599,11.657471889226988,0.00842081548984509,11.665892704716834
732,discovery,29,4,12.141539457711714,12.141375778359963,0.010401278676480512,12.151777057036444
738,discovery,29,4,12.3879816172226,12.347521106583748,-0.01149692132586493,12.336024185257884
742,discovery,29,4,11.863589378812122,11.81736555445256,0.01233119446179976,11.82969674891436
744,discovery,29,4,12.07254696717504,11.937657465906486,0.004268213114889936,11.941925679021377
748,discovery,29,4,12.491176396967154,12.39185342336626,-0.01600131258670245,12.375852110779558
756,discovery,29,4,12.058158312538197,12.033692477774146,0.015730573797215666,12.049423051571361
763,discovery,29,4,12.279327754099118,12.2567594006507,-0.0008801208597447941,12.255879279790957
772,discovery,29,4,11.532737896139919,11.715471834590865,-0.02213952858990299,11.693332306000961
779,discovery,29,4,11.87757552297847,11.7960151719092,-0.026264934497517347,11.769750237411683
783,discovery,29,4,12.139403856983334,12.14959821050767,-0.0029404468062325527,12.146657763701437
784,discovery,29,4,12.016732516077072,12.003735348568336,-0.0015255754312911336,12.002209773137045
785,discovery,29,4,11.759793355371237,11.785378504372984,0.002272723096544472,11.787651227469528
790,discovery,29,4,12.141539457711714,12.245028995235376,-0.005977750127941069,12.239051245107435
793,discovery,29,4,12.505402864156405,12.39098152450562,0.000538067313405209,12.391519591819025
799,discovery,29,4,13.091906231773164,13.178103535968807,0.02004763671563458,13.198151172684442
806,discovery,29,4,12.335700805443338,12.251325378355238,0.016699325778694967,12.268024704133934
814,discovery,29,4,11.969723533345908,11.937573919598316,-0.001371025632887672,11.936202893965428
816,discovery,29,4,12.323415584358154,12.199274162361531,0.00719118981950776,12.20646535218104
824,discovery,29,4,11.845827048676645,11.853716886417498,-0.011955773486778681,11.841761112930719
826,discovery,29,4,12.861001210669146,12.944911116868262,0.007449593932310035,12.952360710800573
832,discovery,29,4,11.92504173829169,11.947569929586091,-0.002558552967839195,11.945011376618252
834,discovery,29,4,12.025755079404917,11.948720953899764,-0.0027630462494762126,11.945957907650287
837,discovery,29,4,11.941462360646149,11.77696755423987,-0.04058882289572965,11.736378731344141
838,discovery,29,4,11.51293546492023,11.456485203053894,-0.023396035410540153,11.433089167643354
840,discovery,29,4,11.779136168550774,11.798103400903496,0.014388747389643727,11.81249214829314
841,discovery,29,4,11.849404844423074,11.707036031577406,-0.028034465379404225,11.679001566198002
845,discovery,29,4,11.944064817531656,11.844517529174784,0.03706729698640321,11.881584826161188
851,discovery,29,4,11.78676973513378,11.861408047160936,0.010026536666147286,11.871434583827083
853,discovery,29,4,12.00762780434872,12.025720475998492,0.002601120635045274,12.028321596633537
858,discovery,29,4,12.066816325306588,11.98495735707557,-0.0036122500122603026,11.98134510706331
861,discovery,29,4,12.154521423145216,12.099041645177683,0.0012657705332566973,12.10030741571094
885,discovery,29,4,11.51293546492023,11.702539862358757,0.005467007277412117,11.708006869636169
895,discovery,29,4,11.685693195625964,11.715782926154349,-0.01879431724558596,11.696988608908763
898,discovery,29,4,11.870278179170796,11.8198521114912,-0.0108493055320226,11.809002805959176
912,discovery,29,4,11.874097282798648,11.957171233470657,0.017852150318648886,11.975023383789306
924,discovery,29,4,12.170450649220749,12.185663143350286,-0.006125236426418475,12.179537906923867
928,discovery,29,4,12.07824495582233,12.069598150710313,-0.007783865883717056,12.061814284826596
931,discovery,29,4,12.211065162153215,12.299627393574584,-0.0295714470602525,12.270055946514331
933,discovery,29,4,12.676079399771027,12.59563186004966,-0.016662387427742134,12.57896947262192
941,discovery,29,4,11.924379271639218,12.04441262698404,0.0008739954445768389,12.045286622428616
952,discovery,29,4,11.694421681264394,11.649766773870024,-0.009653040103702113,11.640113733766322
956,discovery,29,4,11.884495917930655,11.890484379465862,0.017764730164835724,11.908249109630697
959,discovery,29,4,12.128116509451258,12.173552484740828,0.0010960101557151098,12.174648494896543
961,discovery,29,4,11.665655135642039,11.68445118757255,0.011674502546848584,11.696125690119398
972,discovery,29,4,12.06105265381003,12.003461841202563,-0.0031677985766779175,12.000294042625885
975,discovery,29,4,12.02874460037869,12.029756260804154,-0.005495215388617674,12.024261045415537
983,discovery,29,4,11.982278882874377,12.078238251821777,-0.0186847286824223,12.059553523139355
986,discovery,29,4,11.736077016252437,11.64543962467766,0.01549026512132202,11.660929889798982
987,discovery,29,4,11.669937760751914,11.733950865040203,0.010455922827887225,11.74440678786809
989,discovery,29,4,12.180759965737863,12.190642565560411,-0.006483457473289265,12.184159108087123
992,discovery,29,4,12.031725210748633,12.034529247557732,0.03177825422180489,12.066307501779537
1006,discovery,29,4,11.917730355182513,11.85084439607912,0.024799109637061962,11.875643505716182
1008,discovery,29,4,11.385103457032141,11.352443221768748,-0.02865434651423411,11.323788875254515
1016,discovery,29,4,12.33270970174018,12.242218373265043,0.006185694652368481,12.248404067917411
1019,discovery,29,4,11.982935344196433,12.034816938799432,0.003499670985040487,12.038316609784472
1021,discovery,29,4,12.07824495582233,12.038172050114648,0.025719602947653013,12.063891653062301
1024,discovery,29,4,12.160033942617156,12.160479965896076,-0.022029485541727865,12.138450480354349
1044,discovery,29,4,12.47717172708952,12.423576361197306,-0.016595738177984945,12.40698062301932
1047,discovery,29,4,13.229569788348705,13.011033187764886,0.022978522298117605,13.034011710063004
1048,discovery,29,4,11.884495917930655,11.892653713714283,0.023853342685499254,11.916507056399782
1052,discovery,29,4,12.206782393599413,12.13988101011754,-0.023223341674284626,12.116657668443255
1053,discovery,29,4,12.013706813470414,11.991236566721293,-0.023160127505606736,11.968076439215686
1055,discovery,29,4,12.449022745701502,12.45775712195191,0.0006823047293756958,12.458439426681286
1056,discovery,29,4,12.100717685412471,11.950243202273416,0.014945627672145578,11.965188829945562
1057,discovery,29,4,12.13270055639427,12.312862907006362,0.01446930631592625,12.327332213322288
1068,discovery,29,4,12.031129798974042,12.081593460570463,0.005763439876591648,12.087356900447055
1069,discovery,29,4,11.927687224983487,12.026690741174486,-0.011242603282469881,12.015448137892015
1070,discovery,29,4,11.813037464800539,11.77619463120522,0.002075412515551123,11.778270043720772
1075,discovery,29,4,12.175618592671356,12.098812838708415,-0.007718270264765136,12.09109456844365
1080,discovery,29,4,11.744045122410057,11.801984263529151,0.014249750932448249,11.8162340144616
1082,discovery,29,4,11.798111925972618,11.77405646616989,0.0049040951837334605,11.778960561353623
1089,discovery,29,4,11.83138646878959,11.76404064282143,-0.01091594377391926,11.75312469904751
1090,discovery,29,4,12.190964083849375,12.239396164252506,0.009094874305092187,12.248491038557598
1103,discovery,29,4,11.813037464800539,11.816271416532866,-0.006466269713866937,11.809805146818999
1111,discovery,29,4,12.144202560946876,12.115208346418733,-0.0006566058533380427,12.114551740565394
1112,discovery,29,4,12.230770136157428,12.124545005682638,0.0005691612543707508,12.125114166937008
1113,discovery,29,4,11.774527900858468,11.709811991766028,-0.006070574803939148,11.703741416962089
1114,discovery,29,4,11.80932691294063,11.81838508677356,-0.004456055730732111,11.813929031042829
1115,discovery,29,4,11.669937760751914,11.662825589321711,-0.0022739603473597,11.660551628974352
1119,discovery,29,4,11.849404844423074,11.793756566323484,-0.01034460450295481,11.78341196182053
1120,discovery,29,4,11.803361242493628,11.699953541049569,-0.003650931002806368,11.696302610046763
1129,discovery,29,4,12.278397958261774,12.22779835553326,-0.010206656726155311,12.217591698807105
1133,discovery,29,4,11.674202123168433,11.714138558238965,-0.023811609987516743,11.690326948251448
1142,discovery,29,4,12.193498926601634,12.179111935316604,0.015448520503291933,12.194560455819895
1178,discovery,29,4,11.652696102959753,11.601513936593523,0.008790759642181494,11.610304696235705
1179,discovery,29,4,11.950541482162043,11.81165058748435,0.0032262611795715306,11.814876848663921
1181,discovery,29,4,12.429220196836383,12.351799130074411,-0.005950824539688252,12.345848305534723
1182,discovery,29,4,12.880294363972055,12.568990028682784,-0.005637241041413643,12.563352787641369
1185,discovery,29,4,12.137263685701864,12.229974838202416,0.011895805118857045,12.241870643321274
1193,discovery,29,4,11.736077016252437,11.726003604929057,0.0010431434331971763,11.727046748362254
1203,discovery,29,4,11.669937760751914,11.807655931716669,-0.0026307950256522824,11.805025136691016
1210,discovery,29,4,12.577639650232573,12.50896732431261,0.006620901426624428,12.515588225739235
1223,discovery,29,4,11.870606902224587,11.949485448602696,-0.005048899343087654,11.944436549259608
1231,discovery,29,4,12.154784614286667,12.18910234271514,-0.003925514755929292,12.18517682795921
1240,discovery,29,4,12.490879338036375,12.307557994243709,0.004258267234114953,12.311816261477825
1244,discovery,29,4,13.049794835104816,12.94210651562197,0.04500538769818218,12.987111903320153
1252,discovery,29,4,12.053801032483948,12.212756309357712,-0.003811913066039807,12.208944396291672
1255,discovery,29,4,12.016128107502665,12.131342426949873,-0.003152340159327298,12.128190086790546
1256,discovery,29,4,11.755879486687116,11.75503125204029,0.012559082115186849,11.767590334155477
1263,discovery,29,4,11.992266613576142,11.907409124186064,0.024250866829519227,11.931659991015582
1265,discovery,29,4,12.10625783509458,11.989547493386976,-0.013732629863205913,11.97581486352377
1269,discovery,29,4,12.850557278777309,12.734451754026228,-0.006879969631269375,12.727571784394959
1272,discovery,29,4,12.132162346145595,12.10215138531474,0.011109055933808964,12.11326044124855
1273,discovery,29,4,11.827743504053695,11.805593791694356,0.00650673203082372,11.81210052372518
1278,discovery,29,4,12.19552218463499,12.174980355863823,-0.027664503854097078,12.147315852009726
1302,discovery,29,4,12.086731521684555,12.07892815062214,0.007997793248375452,12.086925943870515
1312,discovery,29,4,12.220966184120165,12.199786334432067,0.0002081558422132172,12.19999449027428
1316,discovery,29,4,12.239995696974733,12.11655826401283,-0.008790575766192852,12.107767688246637
1317,discovery,29,4,12.596403811053621,12.477060349405845,-0.005129980879677491,12.471930368526166
1323,discovery,29,4,12.154784614286667,12.344308431410823,-0.0012418230944031233,12.34306660831642
1334,discovery,29,4,11.74006900564972,11.78145054985004,-0.0016987168443049466,11.779751833005736
1336,discovery,29,4,12.031129798974042,11.982738224190362,0.0037431736304386204,11.9864813978208
1339,discovery,29,4,12.206077645517674,12.299142496905448,0.0022367830446439986,12.301379279950092
1347,discovery,29,4,12.47801017053037,12.40393727207801,0.021455290987441842,12.425392563065452
1349,discovery,29,4,12.278397958261774,12.412931399833198,0.022125917413787874,12.435057317246986
1370,discovery,29,4,12.354496960983985,12.417783837915806,0.00501262632795899,12.422796464243765
1380,discovery,29,4,12.02874460037869,12.003263255081182,0.011748915675436455,12.015012170756618
1391,discovery,29,4,12.367345048436391,12.33783842820091,0.004168076404479191,12.34200650460539
1405,discovery,29,4,11.561725152903833,11.502164417917832,0.01653878830755433,11.518703206225387
1406,discovery,29,4,12.524530013005734,12.552697014441971,-0.0026799920454916143,12.55001702239648
1407,discovery,29,4,11.798111925972618,11.818966385051969,0.008002957431996341,11.826969342483965
1416,discovery,29,4,12.077676615757813,12.307739841704729,-0.012441303844139759,12.295298537860589
1419,discovery,29,4,11.728044909070785,11.821344178647832,0.0035597747504104603,11.824903953398243
1425,discovery,29,4,11.87757552297847,11.828021544968106,-0.0016040398210517518,11.826417505147054
1427,discovery,29,4,12.509877789891931,12.495884362343896,-0.02063525197938389,12.475249110364512
1436,discovery,29,4,12.066816325306588,12.042951903885276,0.003113344342001172,12.046065248227277
1438,discovery,29,4,12.885673487343764,12.837178954722162,-0.019846303906688408,12.817332650815475
1442,discovery,29,4,11.913719681428494,11.906629786804809,0.005672284027336563,11.912302070832146
1445,discovery,29,4,12.098493002763465,12.179085415994953,-0.006319871808677983,12.172765544186275
1453,discovery,29,4,11.884495917930655,11.805599702555892,0.00823305137003806,11.81383275392593
1455,discovery,29,4,12.128116509451258,12.153439247608148,0.008419728154553325,12.161858975762701
4,discovery,29,5,11.849404844423074,12.066492882574876,-0.006020340755604747,12.060472541819271
5,discovery,29,5,12.429220196836383,12.649885972497648,0.015414038911221787,12.66530001140887
9,discovery,29,5,11.774527900858468,11.778748410321178,-0.0009434044317470538,11.777805005889432
16,discovery,29,5,11.790564777297387,11.76840878372164,0.013017239322135247,11.781426023043775
18,discovery,29,5,11.407576060361786,11.602800977423282,-0.002492751731855994,11.600308225691427
19,discovery,29,5,11.976665770490767,12.008449030077786,0.006993067249319965,12.015442097327107
21,discovery,29,5,12.692506186542177,12.76911177994184,0.007432287936051012,12.776544067877891
25,discovery,29,5,11.944714374881176,11.902979014856683,0.0015483619135016019,11.904527376770185
36,discovery,29,5,12.6410997921206,12.648032345591549,-0.0021375590391539082,12.645894786552395
41,discovery,29,5,11.982935344196433,11.82900283860672,0.007857538743220791,11.83686037734994
46,discovery,29,5,12.675766851909591,12.575523901698508,-0.011617955340147276,12.56390594635836
56,discovery,29,5,12.103491596905931,12.007035110940414,0.01761681997010878,12.024651930910522
58,discovery,29,5,12.188422799337028,12.188007986634789,0.0034096452597787244,12.191417631894568
66,discovery,29,5,12.666660207428574,12.652956762114124,-0.010359718607070526,12.642597043507054
67,discovery,29,5,12.100717685412471,12.400506975930805,-0.00882291631445694,12.391684059616347
68,discovery,29,5,12.328294703023396,12.29262046746008,-0.006823881381982678,12.285796586078098
78,discovery,29,5,11.751950239425476,11.68113747850725,-0.01286948058927373,11.668267997917976
80,discovery,29,5,11.608244735642321,11.645834249939767,0.038859759184821166,11.684694009124588
82,discovery,29,5,11.941462360646149,12.046308916405795,0.006110376137832169,12.052419292543627
84,discovery,29,5,11.748005492256807,11.799162407269694,0.0035886385712281853,11.802751045840923
85,discovery,29,5,12.034696963475044,12.032811297331444,-0.005054155094570634,12.027757142236872
89,discovery,29,5,11.350418300109132,11.164870396101785,-0.03392354490613976,11.130946851195645
93,discovery,29,5,12.004574385508691,11.873653097862436,0.0005412193474708091,11.874194317209906
95,discovery,29,5,12.229549885708273,12.23372506322,0.010786412659517979,12.244511475879518
106,discovery,29,5,12.429220196836383,12.421798277473425,-0.013143605707331574,12.408654671766094
119,discovery,29,5,12.676079399771027,12.725452490044814,0.014923458676680839,12.740375948721494
125,discovery,29,5,12.10625783509458,12.054236052811406,-0.007568068039526081,12.04666798477188
126,discovery,29,5,11.344518647594766,11.328309707313895,-0.016004998967574513,11.312304708346321
131,discovery,29,5,12.328294703023396,12.249882602813049,-0.005220757017507608,12.244661845795541
133,discovery,29,5,11.923384748066601,11.94084281334836,-0.003243130133653277,11.937599683214707
140,discovery,29,5,12.352339472153524,12.246152412456482,-0.015690690822607926,12.230461721633874
147,discovery,29,5,11.561725152903833,11.553704189639143,0.0004045169564783264,11.554108706595622
150,discovery,29,5,11.652696102959753,11.580327877074842,-0.0034389272889738167,11.576888949785868
151,discovery,29,5,11.711784520403112,11.82929246582387,-0.005170283666740697,11.82412218215713
154,discovery,29,5,12.367345048436391,12.180802895033686,0.012619335154255236,12.193422230187942
155,discovery,29,5,11.736077016252437,11.499790139122618,0.002512194935026921,11.502302334057646
160,discovery,29,5,12.676079399771027,12.639273804270085,0.030908998203404803,12.670182802473489
163,discovery,29,5,12.301387370778713,12.376652868060136,0.004681877732542625,12.381334745792678
165,discovery,29,5,11.931642378754141,11.869329851759147,-0.015042812376675156,11.854287039382472
171,discovery,29,5,11.763691965388299,11.683506325219184,0.015124671975339699,11.698630997194524
175,discovery,29,5,12.122696471358964,12.197180672645596,-0.030494903990520655,12.166685768655075
178,discovery,29,5,12.058158312538197,12.121520257400196,0.018698746574143006,12.14021900397434
183,discovery,29,5,11.695255355062795,11.68196004693713,0.011857745121916455,11.693817792059047
185,discovery,29,5,11.751950239425476,11.72022517464567,0.014655658506498356,11.734880833152168
194,discovery,29,5,11.775297421715827,11.843732551951035,-0.02707330937264343,11.816659242578393
207,discovery,29,5,11.87688084212164,11.808799965837537,0.010880135740967302,11.819680101578504
209,discovery,29,5,12.531776395271262,12.42109493815172,0.006717247168717351,12.427812185320438
210,discovery,29,5,11.884495917930655,11.90403940508955,0.009386306880974523,11.913425711970525
213,discovery,29,5,12.439875187430008,12.3960068397694,0.012335135079795249,12.408341974849195
218,discovery,29,5,11.580593459194764,11.324568887828995,-0.010389523099380677,11.314179364729615
221,discovery,29,5,12.230282214644559,12.301050436820256,0.009697129185081773,12.310747566005338
232,discovery,29,5,12.90669432231532,12.814283038082143,0.0009812681607427214,12.815264306242886
235,discovery,29,5,12.285350445351659,12.285987393447284,-0.008444435304535468,12.277542958142748
237,discovery,29,5,12.130815551850676,12.124919294552464,-0.0038135303561354413,12.12110576419633
241,discovery,29,5,12.47801017053037,12.539407831447056,0.010474163448685514,12.549881994895742
242,discovery,29,5,11.612779849672751,11.41430255112119,-0.008024759082903322,11.406277792038287
244,discovery,29,5,11.695255355062795,11.807908143260592,-0.00566628800800128,11.802241855252591
250,discovery,29,5,12.531776395271262,12.534531230320582,0.005363898837624488,12.539895129158205
251,discovery,29,5,11.245059091624615,11.408778193915298,0.0038472256378172167,11.412625419553114
267,discovery,29,5,12.128116509451258,12.104647691212726,-0.005022562736930951,12.099625128475795
271,discovery,29,5,12.491255347155265,12.476842771800328,-0.0032339134487452395,12.473608858351582
276,discovery,29,5,12.230770136157428,12.05855100892815,0.012792051895431356,12.071343060823581
278,discovery,29,5,11.856522261533737,11.570573364522172,-0.0018477129601706418,11.568725651562001
280,discovery,29,5,12.165255859329688,12.196800734542649,-0.0002566567095878793,12.19654407783306
283,discovery,29,5,12.242891437918386,12.319658526182792,0.0013953340705101216,12.321053860253302
286,discovery,29,5,12.011886987792716,12.014147143055208,-0.00045923955928647457,12.01368790349592
290,discovery,29,5,11.941950837487406,11.86376950525072,0.026949866392581717,11.890719371643302
291,discovery,29,5,12.359784657728284,12.410748224251142,-0.0008941955709110407,12.40985402868023
292,discovery,29,5,11.819681958463892,11.799135021774577,0.008293342039372709,11.80742836381395
303,discovery,29,5,12.230770136157428,12.333218757069584,-0.010345378616818657,12.322873378452766
307,discovery,29,5,12.323860125621126,12.308379074008243,0.0017196815381757017,12.31009875554642
315,discovery,29,5,12.08954444723597,11.989220422723276,0.0032740456435439436,11.99249446836682
319,discovery,29,5,12.468440756144114,12.774237911772977,0.0017909547106321607,12.776028866483609
321,discovery,29,5,12.74444728628135,12.695274845148264,0.016702598711793214,12.711977443860057
330,discovery,29,5,11.264476926102367,11.265452217196328,0.008885490848299685,11.274337708044628
332,discovery,29,5,11.842236406331555,11.79599498432857,0.005082903252701572,11.80107788758127
333,discovery,29,5,12.556733038263905,12.666984246004118,-0.011882958610713921,12.655101287393403
335,discovery,29,5,12.165255859329688,12.196424393859305,0.007805849495238631,12.204230243354543
337,discovery,29,5,12.841132451487937,12.82857131465572,-0.02365201990581066,12.80491929474991
343,discovery,29,5,11.37940550085183,11.454657634077495,0.004719276905629848,11.459376910983126
345,discovery,29,5,11.350418300109132,11.387733770700637,-0.012321354479551492,11.375412416221085
347,discovery,29,5,11.928347504569842,11.832296309298394,0.008210950657636619,11.84050725995603
357,discovery,29,5,12.06105265381003,12.030039196599846,-0.008319826886970047,12.021719369712876
362,discovery,29,5,11.884495917930655,11.856071881851737,-0.016191959535718194,11.839879922316019
363,discovery,29,5,12.198549416880068,12.088393313499823,-0.0025142218116602235,12.085879091688163
370,discovery,29,5,11.995357787034976,12.02087609607682,-0.02184576811556541,11.999030327961256
371,discovery,29,5,12.057578437658945,12.127916039403733,0.005334473216596666,12.133250512620329
377,discovery,29,5,11.904974309480181,11.841876261434782,0.010902222109959062,11.852778483544741
379,discovery,29,5,12.885204569609956,12.879759812246215,-0.004169218352492386,12.875590593893723
384,discovery,29,5,11.23850177707664,11.258807440171656,-0.015572522617085666,11.24323491755457
403,discovery,29,5,11.58989576532275,11.525451413323792,0.004044627189847047,11.529496040513639
406,discovery,29,5,11.918397239722838,11.973482670473144,0.012981986240449009,11.986464656713594
411,discovery,29,5,11.002116507732017,11.50534893763326,-0.04145639564974985,11.46389254198351
412,discovery,29,5,11.884495917930655,11.865718343530038,0.008303063981860542,11.874021407511899
426,discovery,29,5,11.813037464800539,11.770049083809017,0.01003822564196224,11.780087309450979
428,discovery,29,5,11.599185726610004,11.636890736926928,0.0015065161601135095,11.63839725308704
429,discovery,29,5,12.182809136284991,12.181047841399138,0.005649478405700039,12.18669731980484
432,discovery,29,5,11.288543647320601,11.540295579746422,-0.006111140968515972,11.534184438777906
434,discovery,29,5,12.10625783509458,12.089970643492444,0.003235267173270458,12.093205910665715
436,discovery,29,5,12.264346270624157,12.280252179644332,0.011696558231711575,12.291948737876044
446,discovery,29,5,11.755879486687116,11.910473201709587,0.003664204265827867,11.914137405975415
449,discovery,29,5,11.691080018519527,11.740737743539698,0.008560279295410011,11.749298022835108
466,discovery,29,5,12.093693109638318,12.152105448984925,0.01055940755429519,12.16266485653922
470,discovery,29,5,12.138869243416009,12.120329939810292,-0.0040081794256081405,12.116321760384684
472,discovery,29,5,12.154784614286667,12.172093576281908,0.006535605789718202,12.178629182071626
475,discovery,29,5,12.433212202169729,12.440727244733326,0.013044228787951067,12.453771473521277
479,discovery,29,5,12.601490784782536,12.601114195687693,0.00817718409226061,12.609291379779954
480,discovery,29,5,11.401681006153428,11.646132856786652,0.01075736369926018,11.656890220485913
487,discovery,29,5,11.957617696467539,11.922166025614333,-0.005583905479692339,11.91658212013464
488,discovery,29,5,12.07254696717504,12.09172610185676,0.0024864467546108497,12.094212548611372
491,discovery,29,5,11.652696102959753,11.606866287931725,-0.02887217455959175,11.577994113372133
493,discovery,29,5,12.059809113551397,12.046256364391605,-0.0071570121208722704,12.039099352270732
497,discovery,29,5,12.971542813248437,12.66785825345264,0.011259149182113548,12.679117402634752
510,discovery,29,5,11.732069026983156,11.863536293213851,0.011067429076234786,11.874603722290086
516,discovery,29,5,12.90634935052389,12.84364709317424,-0.0004726240458739888,12.843174469128366
524,discovery,29,5,12.126764251515691,13.296223894693709,-0.09286723315507402,13.203356661538635
527,discovery,29,5,11.790564777297387,11.82632039687589,0.011165946622142443,11.837486343498032
531,discovery,29,5,12.07254696717504,12.123176271271848,-0.011208827003963865,12.111967444267885
537,discovery,29,5,12.144202560946876,12.181474705064844,-0.012341044938234621,12.16913366012661
552,discovery,29,5,11.630717389475995,11.61332490719452,0.0018344448622533759,11.615159352056775
561,discovery,29,5,11.707677772181546,11.999238486054503,-0.01012406629370814,11.989114419760796
572,discovery,29,5,11.695255355062795,11.686123226405844,-0.003769593565006199,11.682353632840837
584,discovery,29,5,12.691583538230217,12.590089363002438,0.016458647522774827,12.606548010525213
590,discovery,29,5,11.283524879179666,11.525976622830337,0.0022208632103041357,11.528197486040641
593,discovery,29,5,11.835016210489899,11.903301787699286,0.010497295733793823,11.91379908343308
597,discovery,29,5,11.648373769145277,11.571276323892985,0.0089697769287713,11.580246100821755
617,discovery,29,5,12.118339189722553,12.117641361911906,0.009911297830926266,12.127552659742832
620,discovery,29,5,12.628070334272698,12.6952810939634,-0.003900146769205885,12.691380947194194
626,discovery,29,5,11.982935344196433,11.86802016358048,0.004984170925639296,11.873004334506119
634,discovery,29,5,11.845109950883979,11.851031866884393,0.0027439636514809376,11.853775830535874
636,discovery,29,5,12.206077645517674,12.069180293418544,-0.010377264577184625,12.058803028841359
656,discovery,29,5,11.385103457032141,11.316839522238062,-0.02785250935092142,11.28898701288714
658,discovery,29,5,11.91170829631447,12.01052449509943,0.0005494049051582573,12.011073900004588
661,discovery,29,5,12.19552218463499,12.182847150937985,0.001737430253034788,12.18458458119102
663,discovery,29,5,11.608244735642321,11.797409567182632,-0.0023074331821485556,11.795102134000484
672,discovery,29,5,11.548302261270587,11.575661239840963,-0.0029191085325892463,11.572742131308374
683,discovery,29,5,12.06105265381003,12.206727110268968,0.0042841235939035304,12.211011233862871
684,discovery,29,5,12.560247968016562,12.553687628215735,-0.00904345335028942,12.544644174865446
690,discovery,29,5,12.179220327453933,12.156858480837736,-0.006741179060444918,12.150117301777291
708,discovery,29,5,12.445093483000798,12.282038119428105,-0.005706698150703153,12.276331421277401
710,discovery,29,5,11.60733523953139,11.557482520316348,-0.0052521844305600755,11.552230335885788
711,discovery,29,5,10.859018228147887,11.338355480405612,0.010933478968528632,11.34928895937414
717,discovery,29,5,11.979805470779858,12.145149722616782,-0.002869662348112782,12.14228006026867
718,discovery,29,5,11.964007453736912,12.000444481809692,-0.008573326308423048,11.99187115550127
719,discovery,29,5,12.739640688812674,12.683678185238524,0.013235965506168838,12.696914150744693
722,discovery,29,5,11.870606902224587,11.881470411470374,-0.0032333425660383496,11.878237068904337
724,discovery,29,5,11.813037464800539,11.81833025290312,-0.01923762260577282,11.799092630297347
731,discovery,29,5,12.373707715234994,12.469023720259448,-0.0041418044222646215,12.464881915837184
733,discovery,29,5,12.312686874960354,12.373335315123414,0.00648959513128434,12.3798249102547
734,discovery,29,5,11.786008995353765,11.806327638688748,0.006650561873968686,11.812978200562716
740,discovery,29,5,12.154784614286667,12.179607847219838,-0.006976405116999509,12.172631442102839
741,discovery,29,5,11.790564777297387,11.675278415303708,0.04190115741283024,11.717179572716539
743,discovery,29,5,12.095146671399466,12.003591999903938,-0.017409696449379043,11.986182303454559
747,discovery,29,5,12.371591321286905,12.356434210328835,0.0047225019861812535,12.361156712315017
751,discovery,29,5,11.477308649967686,11.443967365114652,-0.030501851813039223,11.413465513301613
754,discovery,29,5,12.526346537332584,12.52513352901268,-0.0014535977298513942,12.523679931282828
764,discovery,29,5,12.727841176689147,12.694159981829833,-0.009294129902146434,12.684865851927686
765,discovery,29,5,12.506180941677357,12.430423062203989,0.0197090417821097,12.450132103986098
766,discovery,29,5,12.484208043148733,12.577356495413223,0.017428771740849613,12.594785267154073
767,discovery,29,5,12.188422799337028,12.114875842299476,-0.005793526476809722,12.109082315822667
768,discovery,29,5,11.982935344196433,12.065103908767837,-0.017886100119579675,12.047217808648258
771,discovery,29,5,11.812296455066814,11.796976570554378,-0.008855484063293702,11.788121086491085
775,discovery,29,5,12.886643575525625,12.601452283994378,0.007548334562020462,12.609000618556399
780,discovery,29,5,11.813037464800539,11.895315630908735,0.00851733581540421,11.903832966724138
795,discovery,29,5,12.178192583415596,12.198693112829218,-0.012306054646700397,12.186387058182518
801,discovery,29,5,12.206077645517674,12.224877276503609,0.00745153968321298,12.232328816186822
808,discovery,29,5,12.317171167298682,12.248346170674289,0.009578406058929179,12.257924576733219
809,discovery,29,5,11.982622797311857,11.891039562082234,0.011847922951327106,11.902887485033562
820,discovery,29,5,12.319405795112926,12.302321573136998,0.009854855504398102,12.312176428641397
823,discovery,29,5,12.323860125621126,12.112340079745588,-0.012379122228948146,12.09996095751664
827,discovery,29,5,11.603688960617083,11.479562130679865,-0.0033598430518515707,11.476202287628013
828,discovery,29,5,12.149507585033072,12.169757911885192,-0.010985602271650219,12.158772309613541
844,discovery,29,5,11.856522261533737,11.724519910673791,0.002963401498696753,11.727483312172488
846,discovery,29,5,12.049424683420915,12.102065603313624,-0.0026606116247327584,12.09940499168889
847,discovery,29,5,12.269052139516223,12.173350722094384,-0.01866007443954495,12.154690647654839
855,discovery,29,5,12.04355959836804,12.006783986626996,0.005982269775087219,12.012766256402083
857,discovery,29,5,11.898194668458823,11.909653316918464,-0.017939024672633103,11.89171429224583
860,discovery,29,5,12.429220196836383,12.468984336281178,-0.014145052967831553,12.454839283313346
865,discovery,29,5,12.43153750053306,12.190244401962053,-0.020540290941076903,12.169704111020977
870,discovery,29,5,12.371591321286905,12.324337100247712,-0.01707957493456906,12.307257525313144
872,discovery,29,5,12.208574513247495,12.134713565313373,0.007627649362567222,12.14234121467594
877,discovery,29,5,11.792456911128632,11.812722701582013,-0.015731308075268745,11.796991393506744
887,discovery,29,5,11.884495917930655,11.958690921719908,-0.011385399757315229,11.947305521962592
892,discovery,29,5,12.058158312538197,12.051448233549747,0.010269615352732442,12.06171784890248
894,discovery,29,5,12.013706813470414,11.959226383677002,0.008278036519895997,11.967504420196898
902,discovery,29,5,11.938199736300925,11.868367658130484,-0.0016560024998620937,11.866711655630622
903,discovery,29,5,12.100717685412471,12.095978379592324,-0.011044023486946412,12.084934356105379
909,discovery,29,5,11.782960235741939,11.792393154906373,0.0028047719294214324,11.795197926835794
913,discovery,29,5,11.385103457032141,11.46498465593384,-8.140424949907617e-05,11.46490325168434
919,discovery,29,5,12.380030154325457,12.460766828388516,0.009087168400633231,12.46985399678915
921,discovery,29,5,12.211065162153215,12.214640974819453,-0.002228828219417615,12.212412146600036
927,discovery,29,5,12.560247968016562,12.59790624296393,-0.0088175885655914,12.589088654398338
929,discovery,29,5,12.373707715234994,12.379012604556896,-0.023084683590055038,12.355927920966842
934,discovery,29,5,12.154784614286667,12.20096160319477,-0.008902049042249999,12.19205955415252
935,discovery,29,5,12.396697137361691,12.304707648817445,0.007107602973269788,12.311815251790714
938,discovery,29,5,12.441148720271016,12.365266899553015,0.012968782018750336,12.378235681571766
951,discovery,29,5,11.767575435251748,11.858646417172029,-0.0012290668367541575,11.857417350335275
954,discovery,29,5,12.055255569732177,11.96600087807837,0.008455818926579576,11.97445669700495
957,discovery,29,5,11.728044909070785,11.713848965048674,-0.01116112779657545,11.7026878372521
958,discovery,29,5,11.790564777297387,11.747266174476788,-0.012393894624808053,11.734872279851981
969,discovery,29,5,10.542732775946709,11.092887900130629,-0.03581605705415342,11.057071843076475
976,discovery,29,5,12.013706813470414,12.122375424672253,0.004693143374822531,12.127068568047076
984,discovery,29,5,12.45254592991672,12.401648698564651,-0.019746291933057117,12.381902406631594
985,discovery,29,5,11.744045122410057,11.740111190920382,-0.02268406392201453,11.717427126998368
988,discovery,29,5,12.887129532148373,12.987107354600038,0.021439057601903986,13.008546412201943
990,discovery,29,5,12.190964083849375,12.179570727875548,0.005038139927239188,12.184608867802787
991,discovery,29,5,12.759960632315702,12.67786123733226,-0.005840515968928573,12.672020721363332
1005,discovery,29,5,12.10625783509458,12.140552582632212,0.00968353048750575,12.150236113119718
1010,discovery,29,5,11.532737896139919,11.615962405001875,0.009387981392374272,11.62535038639425
1018,discovery,29,5,12.141539457711714,12.132543659022469,-0.011766249469481559,12.120777409552987
1023,discovery,29,5,11.373674891823535,11.562470618742887,-0.001981785100366022,11.560488833642522
1025,discovery,29,5,12.567240979056246,12.60269837173588,-0.016863854547158802,12.58583451718872
1028,discovery,29,5,12.588194064175278,12.721038700891045,0.012984974477573769,12.734023675368618
1032,discovery,29,5,12.190964083849375,12.173898632741611,0.010848938538583165,12.184747571280194
1036,discovery,29,5,11.338583982516495,11.3317763136328,-0.0203869204933127,11.311389393139487
1038,discovery,29,5,12.567240979056246,12.410366984370333,-0.021032374992188067,12.389334609378144
1043,discovery,29,5,12.185875040240456,12.19397250289869,0.009547294708842045,12.203519797607532
1049,discovery,29,5,11.652696102959753,11.795087237275164,0.0022390981344478002,11.797326335409611
1073,discovery,29,5,11.424105180165641,11.598119041393794,-0.03197878066873588,11.566140260725058
1077,discovery,29,5,12.04355959836804,11.953735910063584,-0.008730638475832653,11.945005271587751
1083,discovery,29,5,12.165255859329688,12.17691747533216,-0.01838393574137047,12.15853353959079
1094,discovery,29,5,11.891368749982085,12.00250527632806,0.00038667611675426334,12.002891952444815
1096,discovery,29,5,12.080696479888445,12.119447627579854,0.004135355358142192,12.123582982937997
1099,discovery,29,5,11.759793355371237,11.604178569671422,0.017097302055226204,11.621275871726649
1109,discovery,29,5,12.10625783509458,12.02012855326758,0.0077229975663967295,12.027851550833978
1117,discovery,29,5,12.123239799036943,12.100954132646258,0.01061424058745678,12.111568373233714
1124,discovery,29,5,11.678448377988165,11.488274023295414,0.010090251307738647,11.498364274603153
1130,discovery,29,5,11.849404844423074,11.805052418453297,-0.008030407181304867,11.797022011271991
1140,discovery,29,5,11.87757552297847,11.71389693236912,0.023000310608859015,11.73689724297798
1157,discovery,29,5,12.100161978566867,12.12283885170438,0.030494144246571805,12.15333299595095
1158,discovery,29,5,12.345838935721968,12.28602757290222,0.00869331216684486,12.294720885069065
1165,discovery,29,5,12.175618592671356,12.2125118444909,0.006623797761326992,12.219135642252226
1169,discovery,29,5,12.367345048436391,12.210466673299496,0.009874217456211053,12.220340890755708
1170,discovery,29,5,13.345508528717259,13.292274542609324,0.1261401164442291,13.418414659053553
1172,discovery,29,5,12.001511614739405,11.987895345967924,0.002176589993673573,11.990071935961598
1174,discovery,29,5,12.208574513247495,12.270935267397526,-0.0028750997351107074,12.268060167662416
1180,discovery,29,5,11.440365524765756,11.481309101272718,0.011488316522795331,11.492797417795513
1188,discovery,29,5,12.476103599529843,12.55034065541383,0.0013824219477735834,12.551723077361604
1192,discovery,29,5,12.066816325306588,12.01900595417084,0.005245912169569912,12.02425186634041
1198,discovery,29,5,11.87757552297847,11.963548531122278,-0.01682016117622644,11.946728369946051
1204,discovery,29,5,12.269052139516223,12.27102678352878,-0.022234595248577852,12.248792188280202
1209,discovery,29,5,11.849404844423074,11.857379230870086,0.007025383988413839,11.864404614858499
1211,discovery,29,5,12.149507585033072,12.195161768835488,-0.004441747016975967,12.190720021818512
1212,discovery,29,5,12.00762780434872,12.24833454910814,-0.0018219176208301138,12.24651263148731
1215,discovery,29,5,11.80932691294063,11.763390944830377,0.009189373302168636,11.772580318132546
1225,discovery,29,5,12.122696471358964,12.182282040919349,-0.011296420180665798,12.170985620738684
1230,discovery,29,5,11.751950239425476,11.84367645327459,0.005442668275164847,11.849119121549755
1234,discovery,29,5,11.863589378812122,11.813345428491424,-0.006859478179072167,11.806485950312352
1236,discovery,29,5,11.841423131921784,11.912527912478316,0.02907629090732521,11.94160420338564
1237,discovery,29,5,12.075400019877522,11.999722752402388,-0.004688855450854486,11.995033896951533
1238,discovery,29,5,12.180759965737863,12.270186709724577,-0.006965749663146891,12.26322096006143
1239,discovery,29,5,11.86710429621008,11.775656195990123,-0.03798831846520029,11.737667877524924
1245,discovery,29,5,12.345838935721968,12.14343910656128,0.03433352748544123,12.17777263404672
1253,discovery,29,5,11.775297421715827,11.680320192304778,-0.003363799598326756,11.676956392706451
1254,discovery,29,5,12.591338447675579,12.58743650735701,0.011541319306043638,12.598977826663054
1258,discovery,29,5,11.511934974596555,11.362992550257264,0.001772341305548103,11.364764891562812
1259,discovery,29,5,12.154784614286667,12.079648211136004,0.003068068402350359,12.082716279538355
1262,discovery,29,5,11.766799946849087,11.754025511242908,-0.017649689924503463,11.736375821318404
1264,discovery,29,5,12.103491596905931,12.01915658045344,0.02171207221799665,12.040868652671437
1266,discovery,29,5,12.12215284831553,12.046253914616246,0.012067478162614631,12.058321392778861
1277,discovery,29,5,11.995357787034976,12.027735515316849,0.002080934755419427,12.029816450072268
1287,discovery,29,5,11.870606902224587,11.993081222913956,0.020368744017573336,12.01344996693153
1288,discovery,29,5,12.154784614286667,12.065906190176712,-0.00899450738057025,12.056911682796141
1294,discovery,29,5,12.000897933306716,12.095220595449147,0.005047447884598482,12.100268043333745
1295,discovery,29,5,11.652696102959753,11.732242996152726,0.008918270454732185,11.741161266607458
1300,discovery,29,5,11.944714374881176,11.975168714995217,0.007535991877602679,11.98270470687282
1305,discovery,29,5,11.775297421715827,11.878021858125242,-0.027588087043442934,11.8504337710818
1314,discovery,29,5,12.716405147731708,12.73765392940488,-0.01616654190291013,12.72148738750197
1320,discovery,29,5,11.6172944892629,11.642663507123505,0.009256424855084423,11.65191993197859
1327,discovery,29,5,11.277215789596893,11.406405896218269,0.023102562957320105,11.429508459175588
1330,discovery,29,5,12.081081821061819,12.10170018980562,-0.0036970239690621745,12.098003165836557
1331,discovery,29,5,12.33270970174018,12.3550615828916,0.017245184619497766,12.372306767511098
1341,discovery,29,5,11.719947764402807,11.57321688374488,0.025413867411488805,11.598630751156369
1346,discovery,29,5,11.59451466851004,11.419437773137714,-0.01145038106583103,11.407987392071883
1354,discovery,29,5,12.923914877701906,12.887332172384056,0.0033954442924117637,12.890727616676468
1360,discovery,29,5,12.660331092405906,12.850722404492991,-0.00755657647595539,12.843165828017035
1361,discovery,29,5,12.149507585033072,12.16544881390628,0.011277467100305538,12.176726281006585
1373,discovery,29,5,12.521981322562505,12.409204925987824,-0.0005742208141680278,12.408630705173657
1378,discovery,29,5,11.669937760751914,11.813232189931762,0.019442488658951172,11.832674678590713
1394,discovery,29,5,12.001511614739405,11.809563587501902,0.014498237084892713,11.824061824586794
1396,discovery,29,5,12.546871224308068,12.498051802285577,-0.01909517470606315,12.478956627579514
1400,discovery,29,5,11.831022768939789,11.96978726917341,0.007077723910312683,11.976864993083723
1404,discovery,29,5,12.552930054797935,12.265885404889325,-0.0008084777228672253,12.265076927166458
1410,discovery,29,5,12.278397958261774,12.24089723955716,0.0036684837307704833,12.24456572328793
1413,discovery,29,5,11.407576060361786,11.466756905964605,0.012432052818981265,11.479188958783586
1417,discovery,29,5,11.715874472198905,11.779376035659247,-0.035600259010545844,11.743775776648702
1421,discovery,29,5,12.100161978566867,12.051448621458755,0.007481801059462087,12.058930422518218
1432,discovery,29,5,11.87583791515714,11.798469937591715,-0.0041538268188310344,11.794316110772884
1433,discovery,29,5,11.07443600653965,11.532326201043734,0.005740013236149222,11.538066214279883
1434,discovery,29,5,12.136191879981927,12.139551019277858,0.004221325916477738,12.143772345194336
1447,discovery,29,5,11.969723533345908,11.868881232908086,0.01675249583353947,11.885633728741626
1460,discovery,29,5,11.901590234400047,11.912195088004813,-0.003234987057221707,11.90896010094759
1,discovery,59,1,12.24769911637256,12.1683185261395,0.012420429102528874,12.180738955242028
7,discovery,59,1,12.634606283893019,12.496009509965416,0.005855267850591004,12.501864777816008
8,discovery,59,1,12.206077645517674,12.264869472915496,0.015419727349621267,12.280289200265118
10,discovery,59,1,11.678448377988165,11.709053495217685,0.009311113368408652,11.718364608586093
13,discovery,59,1,11.87757552297847,11.804864837543873,-0.007861404172368075,11.797003433371504
21,discovery,59,1,12.692506186542177,12.76911177994184,0.006868442226897949,12.775980222168737
35,discovery,59,1,12.533579815765737,12.589922976819434,0.007664819961850336,12.597587796781283
37,discovery,59,1,11.884495917930655,11.924563467733998,0.010559304461225553,11.935122772195223
39,discovery,59,1,11.599112335481124,11.748380209494202,0.0006994889269495316,11.749079698421152
50,discovery,59,1,11.751950239425476,11.74994482120014,0.00795074056557204,11.757895561765713
53,discovery,59,1,11.608244735642321,11.490368650088934,0.0030339840039055395,11.49340263409284
62,discovery,59,1,11.522885696764481,11.448086272471969,0.02363903323550904,11.471725305707478
63,discovery,59,1,12.218500103788143,12.23810683534964,0.004388476730504711,12.242495312080145
67,discovery,59,1,12.100717685412471,12.400506975930805,0.025565524644969816,12.426072500575774
78,discovery,59,1,11.751950239425476,11.68113747850725,-0.02018333197384241,11.660954146533408
80,discovery,59,1,11.608244735642321,11.645834249939767,0.02506187355136326,11.670896123491131
86,discovery,59,1,12.468440756144114,12.48604050736041,-0.01228443918844215,12.47375606817197
93,discovery,59,1,12.004574385508691,11.873653097862436,-0.02991060777310171,11.843742490089333
95,discovery,59,1,12.229549885708273,12.23372506322,0.014136291951572426,12.247861355171572
103,discovery,59,1,11.68658461118553,11.676943784358338,0.005498505814128145,11.682442290172466
105,discovery,59,1,12.040614105490253,11.950000996552266,-0.0012139570569862426,11.94878703949528
110,discovery,59,1,12.154784614286667,12.248621648414073,-0.012615492315987856,12.236006156098085
114,discovery,59,1,12.28765724080691,12.298347166146636,-0.028315322828216874,12.270031843318419
119,discovery,59,1,12.676079399771027,12.725452490044814,0.006546023417110904,12.731998513461924
125,discovery,59,1,12.10625783509458,12.054236052811406,0.01247178007164043,12.066707832883047
134,discovery,59,1,12.301387370778713,12.210836667715084,0.0027942740266505154,12.213630941741734
140,discovery,59,1,12.352339472153524,12.246152412456482,-0.005519499870963348,12.240632912585518
144,discovery,59,1,12.225880174775122,12.307380291484575,-0.004010262144636287,12.30337002933994
149,discovery,59,1,11.856522261533737,11.91263901683676,0.0035683480128257043,11.916207364849585
153,discovery,59,1,12.154784614286667,12.145045998849204,0.00612906758633118,12.151175066435535
154,discovery,59,1,12.367345048436391,12.180802895033686,0.009553746800580378,12.190356641834267
156,discovery,59,1,11.277215789596893,11.278599588244694,0.005461653604874432,11.284061241849567
174,discovery,59,1,12.001511614739405,11.924714738950398,0.027601981828403607,11.952316720778802
177,discovery,59,1,12.259618151783465,12.287852807061531,-0.0037170248480681845,12.284135782213463
179,discovery,59,1,13.126032637428713,12.98786653029325,0.04721735731083876,13.035083887604088
184,discovery,59,1,12.206077645517674,12.09626506653764,0.0013310660145778308,12.097596132552217
190,discovery,59,1,12.563750586299374,12.494145533842074,-0.018566675705794063,12.47557885813628
193,discovery,59,1,12.165255859329688,12.19309024773294,-0.008837508239667126,12.184252739493273
194,discovery,59,1,11.775297421715827,11.843732551951035,-0.013201545625851734,11.830531006325183
199,discovery,59,1,11.552155793461898,11.588950494620958,0.009373643956614459,11.598324138577572
201,discovery,59,1,11.849404844423074,11.874798441549808,0.005419310484623725,11.880217752034433
209,discovery,59,1,12.531776395271262,12.42109493815172,-0.015134920488416673,12.405960017663304
219,discovery,59,1,12.649157827477366,12.361387521055676,0.005964079021233145,12.367351600076908
220,discovery,59,1,12.027191164883384,12.043384271653986,-0.008068608294152058,12.035315663359833
221,discovery,59,1,12.230282214644559,12.301050436820256,0.007276439314936976,12.308326876135194
227,discovery,59,1,12.577639650232573,12.517587177193011,-0.015057019308530047,12.50253015788448
231,discovery,59,1,11.904974309480181,11.842552097389945,-0.006521374022079052,11.836030723367866
233,discovery,59,1,11.456365695436427,11.48269791546986,-0.011157712528519376,11.471540202941341
234,discovery,59,1,11.761354623750297,11.79963722108587,0.008211474687552367,11.807848695773423
236,discovery,59,1,11.402005077384885,11.345830097168816,-0.004909743114322682,11.340920354054493
252,discovery,59,1,12.367345048436391,12.387665246701888,0.029214388640873692,12.416879635342761
257,discovery,59,1,12.242891437918386,12.232463291796806,-0.001276608670266394,12.23118668312654
260,discovery,59,1,11.48247656671073,11.532820861609546,0.010940393866208055,11.543761255475754
267,discovery,59,1,12.128116509451258,12.104647691212726,-0.005707456755542912,12.098940234457183
269,discovery,59,1,11.699413330633599,11.640040822030196,-0.0045089055505786015,11.635531916479618
274,discovery,59,1,11.842236406331555,12.007449867792133,-0.0027772350916433933,12.004672632700489
276,discovery,59,1,12.230770136157428,12.05855100892815,0.01441719572313401,12.072968204651284
277,discovery,59,1,12.211065162153215,12.175360158792358,-0.0020452478969503196,12.173314910895408
284,discovery,59,1,12.407383590534293,12.403734432611492,0.0025208295321539186,12.406255262143645
287,discovery,59,1,11.976665770490767,12.15318582268108,-0.0005305700454086834,12.15265525263567
294,discovery,59,1,12.367345048436391,12.354318565975976,-0.009813864109286332,12.34450470186669
296,discovery,59,1,11.86710429621008,11.875653725183756,-0.019469840301985772,11.856183884881771
312,discovery,59,1,11.790564777297387,11.82063563296264,0.009099799771121898,11.829735432733761
316,discovery,59,1,12.146858590895919,12.12657338192135,0.002579650854098366,12.129153032775449
323,discovery,59,1,12.614868865984631,12.553495960388137,-0.008418486943966894,12.54507747344417
326,discovery,59,1,11.373674891823535,11.358024506247022,0.029238716921928608,11.38726322316895
328,discovery,59,1,11.886218559372042,11.87795452509988,-0.005255929828695937,11.872698595271185
333,discovery,59,1,12.556733038263905,12.666984246004118,-0.0015734534742650494,12.665410792529853
336,discovery,59,1,12.34126328584159,12.24503852117548,0.020042219734392058,12.265080740909873
343,discovery,59,1,11.37940550085183,11.454657634077495,0.006418904698552226,11.461076538776048
354,discovery,59,1,11.570259974415547,11.46083093746929,0.019919696638111113,11.4807506341074
356,discovery,59,1,12.086731521684555,12.056229072606838,0.00926054742435214,12.06548962003119
361,discovery,59,1,11.957617696467539,11.907504522096971,-0.004872309332098292,11.902632212764873
365,discovery,59,1,12.154784614286667,12.130751702324488,-0.003670997584917539,12.127080704739571
369,discovery,59,1,11.790564777297387,11.897361238540512,0.009456787940047857,11.90681802648056
371,discovery,59,1,12.057578437658945,12.127916039403733,0.006857614826334182,12.134773654230067
374,discovery,59,1,11.719947764402807,11.695270578264234,0.00455080392883177,11.699821382193065
375,discovery,59,1,12.299112067295642,12.222620517364096,-0.004659254622524657,12.217961262741571
377,discovery,59,1,11.904974309480181,11.841876261434782,0.020672325710402548,11.862548587145184
380,discovery,59,1,12.095146671399466,12.079082674008207,0.006376321804363589,12.085458995812571
382,discovery,59,1,12.142871895843887,12.28732410431692,0.012199633560368565,12.299523737877289
392,discovery,59,1,12.278397958261774,12.299093318859924,0.0030318390025422877,12.302125157862466
395,discovery,59,1,11.599112335481124,11.592527308347488,0.001688583493270628,11.59421589184076
397,discovery,59,1,11.719947764402807,11.7447191748148,-0.00931815082890625,11.735401023985894
398,discovery,59,1,12.040614105490253,11.930418649323318,0.006916243728004488,11.937334893051323
408,discovery,59,1,12.083910661257521,11.981744646422516,-0.006412624034465574,11.97533202238805
419,discovery,59,1,11.744045122410057,11.570493668394729,0.007929717838899362,11.578423386233629
423,discovery,59,1,11.635151947212842,11.664121289245452,0.02488147701828938,11.68900276626374
427,discovery,59,1,12.524530013005734,12.38153505141266,-0.006152194837376014,12.375382856575284
429,discovery,59,1,12.182809136284991,12.181047841399138,-0.006170192902270191,12.174877648496867
431,discovery,59,1,11.355113089309977,11.453617735222588,0.01265795423229727,11.466275689454886
439,discovery,59,1,11.411457364027745,11.619719193561398,0.023931489342934046,11.643650682904331
446,discovery,59,1,11.755879486687116,11.910473201709587,-0.0012176460060145233,11.909255555703572
447,discovery,59,1,12.154784614286667,12.296838348820382,0.015861290179352096,12.312699638999733
453,discovery,59,1,12.225880174775122,12.24753504798842,0.005964141916475731,12.253499189904895
455,discovery,59,1,12.144202560946876,11.877653232169438,-0.023065770186918032,11.85458746198252
460,discovery,59,1,11.608244735642321,11.664855500221806,-0.01604476848527956,11.648810731736527
468,discovery,59,1,11.89478753335453,11.974193612254508,0.0005826233193932072,11.974776235573902
474,discovery,59,1,12.994532278619134,12.816635999404202,0.011977888046928157,12.82861388745113
477,discovery,59,1,12.249615734512616,12.296306980872776,-0.008252473424224844,12.288054507448551
481,discovery,59,1,12.694655727828803,12.772174615626662,-0.00396350474121834,12.768211110885444
482,discovery,59,1,12.832013750189885,12.786550943043675,-0.00979384625498536,12.77675709678869
485,discovery,59,1,11.794345471549745,11.787239237775635,-0.0008715200036672423,11.786367717771968
487,discovery,59,1,11.957617696467539,11.922166025614333,-0.004053185027801308,11.91811284058653
493,discovery,59,1,12.059809113551397,12.046256364391605,-0.00688762996803519,12.039368734423569
497,discovery,59,1,12.971542813248437,12.66785825345264,0.004311266592545473,12.672169520045184
500,discovery,59,1,11.695255355062795,11.769586313855305,-0.012184175242615055,11.75740213861269
502,discovery,59,1,12.331387247601905,12.296555538079392,0.007249745915914915,12.303805283995308
507,discovery,59,1,12.278397958261774,12.27080389251311,-0.02109438050959688,12.249709512003513
508,discovery,59,1,12.246739428005663,12.055124892297226,0.014232708920181601,12.069357601217407
512,discovery,59,1,12.2193145828011,12.155497460256116,0.0014673780267232053,12.156964838282839
518,discovery,59,1,12.487488878546145,12.58967189949666,-0.013086070143358927,12.5765858293533
520,discovery,59,1,12.36308066783498,12.470774301680173,-0.00172859502018446,12.469045706659989
523,discovery,59,1,11.976665770490767,11.956540274056572,0.016603916885440582,11.973144190942012
524,discovery,59,1,12.126764251515691,13.296223894693709,-0.050634664180465125,13.245589230513243
525,discovery,59,1,12.662709207270272,12.664992902425116,-0.016898330458782362,12.648094571966334
529,discovery,59,1,11.362114203075018,11.376578676055347,0.01795572877739014,11.394534404832736
531,discovery,59,1,12.07254696717504,12.123176271271848,-0.000339625133972224,12.122836646137877
539,discovery,59,1,11.970356641102999,11.84439168293434,0.009789551628180404,11.854181234562521
556,discovery,59,1,11.635151947212842,11.65457842119219,0.013630881512224285,11.668209302704414
557,discovery,59,1,11.856522261533737,11.907659738024696,0.009508486556582775,11.917168224581278
563,discovery,59,1,11.58989576532275,11.66978659957847,0.012336723098111473,11.682123322676581
574,discovery,59,1,12.04355959836804,12.023538346808904,0.018410622922731185,12.041948969731635
577,discovery,59,1,11.884495917930655,11.933034126259896,0.0008710542832458591,11.933905180543142
583,discovery,59,1,11.682676678340282,11.63504099409011,-0.018112433127839174,11.61692856096227
607,discovery,59,1,11.931642378754141,11.990394740561069,-0.00013641148490107333,11.990258329076168
620,discovery,59,1,12.628070334272698,12.6952810939634,-0.0032728390097620246,12.692008254953638
623,discovery,59,1,11.813037464800539,11.739728839970844,0.013734849680901157,11.753463689651745
630,discovery,59,1,12.034696963475044,11.970208568129925,0.011809937519101667,11.982018505649027
631,discovery,59,1,11.728044909070785,11.572198918379442,-0.0022545714772448993,11.569944346902197
640,discovery,59,1,12.485830907348902,12.474140985868098,0.02243154567804222,12.496572531546141
642,discovery,59,1,12.328294703023396,12.41843167221159,-0.014802956907122859,12.403628715304466
648,discovery,59,1,11.951186847493476,11.863611146848031,0.005539360309248641,11.86915050715728
651,discovery,59,1,12.235393555399902,12.24776248102149,-0.0028510884522718674,12.244911392569218
652,discovery,59,1,11.58989576532275,11.626360189174846,-0.04033284260683457,11.586027346568011
656,discovery,59,1,11.385103457032141,11.316839522238062,-0.011054018046696984,11.305785504191366
660,discovery,59,1,12.025755079404917,11.985366918380324,0.0016774495578981141,11.987044367938221
661,discovery,59,1,12.19552218463499,12.182847150937985,0.01726830484429623,12.200115455782282
662,discovery,59,1,12.904209855160254,12.84281765686326,0.018594355230442703,12.861412012093703
663,discovery,59,1,11.608244735642321,11.797409567182632,-0.008627678894702926,11.788781888287929
678,discovery,59,1,11.603688960617083,11.583594652573383,0.012049890743081586,11.595644543316466
679,discovery,59,1,12.827995001361906,12.807679292925943,-0.07281615394185137,12.734863138984093
695,discovery,59,1,11.860062063178267,11.725541609342253,-0.0023695939634477813,11.723172015378806
697,discovery,59,1,11.39640288460621,11.46576933085418,0.03479357180323461,11.500562902657414
698,discovery,59,1,11.724004532183379,11.795986124710092,-0.011553924290715908,11.784432200419376
707,discovery,59,1,12.618185607609803,12.47898969598767,0.017507702742351,12.496497398730021
710,discovery,59,1,11.60733523953139,11.557482520316348,0.009009982217229574,11.566492502533578
711,discovery,59,1,10.859018228147887,11.338355480405612,0.001650488524474685,11.340005968930086
717,discovery,59,1,11.979805470779858,12.145149722616782,-0.012380000339289848,12.132769722277493
726,discovery,59,1,11.699413330633599,11.657471889226988,0.004603573522499673,11.662075462749488
732,discovery,59,1,12.141539457711714,12.141375778359963,0.006502482470731025,12.147878260830694
744,discovery,59,1,12.07254696717504,11.937657465906486,0.017186239069812377,11.954843704976298
751,discovery,59,1,11.477308649967686,11.443967365114652,0.02680574528072645,11.47077311039538
758,discovery,59,1,11.97603664577121,11.82336962306403,0.009271641864044038,11.832641264928075
763,discovery,59,1,12.279327754099118,12.2567594006507,0.0014813351732204875,12.258240735823922
771,discovery,59,1,11.812296455066814,11.796976570554378,-0.007846272795764317,11.789130297758614
772,discovery,59,1,11.532737896139919,11.715471834590865,0.00041615663892008783,11.715887991229785
786,discovery,59,1,11.992266613576142,12.011512615666014,0.009839862932978529,12.021352478598992
787,discovery,59,1,11.842236406331555,11.718152078435445,-0.00013607876021738978,11.718015999675227
792,discovery,59,1,11.896833207128452,11.895661924320615,0.010357027735760409,11.906018952056376
796,discovery,59,1,12.049424683420915,12.013233854408227,0.005385988938673158,12.018619843346901
800,discovery,59,1,12.07254696717504,12.043032768167246,-0.01679187311424308,12.026240895053002
805,discovery,59,1,11.678448377988165,11.621852839320008,-0.0043678736699878686,11.61748496565002
812,discovery,59,1,11.881041706925902,11.8988505043602,0.0048396816513504755,11.90369018601155
816,discovery,59,1,12.323415584358154,12.199274162361531,0.0019772816344478072,12.201251443995979
817,discovery,59,1,11.827743504053695,11.84299895929759,0.0064864560023011955,11.849485415299892
818,discovery,59,1,12.509877789891931,12.550180475758626,0.009721103538986035,12.559901579297613
835,discovery,59,1,11.849047640327147,11.831669144243811,-0.020487716598989396,11.811181427644822
836,discovery,59,1,11.759793355371237,11.80462008994322,-0.0007120741061350352,11.803908015837086
841,discovery,59,1,11.849404844423074,11.707036031577406,-0.0007541081238931979,11.706281923453513
845,discovery,59,1,11.944064817531656,11.844517529174784,0.014728636290859055,11.859246165465644
850,discovery,59,1,12.138869243416009,12.07973255543937,0.006459596309812284,12.086192151749183
856,discovery,59,1,11.751950239425476,11.863247209274578,0.0024832667479222684,11.8657304760225
863,discovery,59,1,11.931642378754141,11.863859221850795,-0.0022374586663348917,11.861621763184461
864,discovery,59,1,11.794345471549745,11.846994230617703,-0.007247432981856708,11.839746797635847
866,discovery,59,1,11.908346971208951,11.826860333369533,-0.02225852194719443,11.804601811422339
868,discovery,59,1,11.767575435251748,11.847744971013714,0.012912251105580181,11.860657222119295
873,discovery,59,1,11.661354090741,11.683361528150666,0.009717270031246996,11.693078798181913
878,discovery,59,1,12.765691290604371,12.76353852205244,0.008968769031106933,12.772507291083548
880,discovery,59,1,11.824087219587643,11.828803441649471,0.00020031293276633725,11.829003754582237
882,discovery,59,1,12.141539457711714,12.262179598331118,-0.005465246025942066,12.256714352305176
894,discovery,59,1,12.013706813470414,11.959226383677002,0.0003659900347769958,11.959592373711779
896,discovery,59,1,11.849404844423074,12.009161736740516,-0.00041706807536948023,12.008744668665146
897,discovery,59,1,11.575909653758895,11.31105562700475,0.012854853412139561,11.32391048041689
901,discovery,59,1,11.608244735642321,11.653409742429778,0.018299312637083318,11.671709055066861
902,discovery,59,1,11.938199736300925,11.868367658130484,0.008585943037153822,11.876953601167639
909,discovery,59,1,11.782960235741939,11.792393154906373,-0.012265055976970897,11.780128098929401
913,discovery,59,1,11.385103457032141,11.46498465593384,0.010383411661606804,11.475368067595447
917,discovery,59,1,10.471978128496518,11.107378379582569,0.0456424273224995,11.153020806905069
920,discovery,59,1,12.081081821061819,12.05806399991199,0.0072829017069559205,12.065346901618947
930,discovery,59,1,12.310437165348775,12.293778594685284,-0.0009505420679112903,12.292828052617372
939,discovery,59,1,12.387560521575551,12.393471909687376,0.013017566355923963,12.4064894760433
947,discovery,59,1,11.870606902224587,11.909614840072958,-0.011495993616981507,11.898118846455978
965,discovery,59,1,12.277932735946903,12.303641048756925,0.016930413033763577,12.320571461790689
983,discovery,59,1,11.982278882874377,12.078238251821777,-0.005967439080276335,12.0722708127415
984,discovery,59,1,12.45254592991672,12.401648698564651,-0.0006803605797464175,12.400968337984905
990,discovery,59,1,12.190964083849375,12.179570727875548,-0.002343071531688394,12.17722765634386
992,discovery,59,1,12.031725210748633,12.034529247557732,0.016832180668970624,12.051361428226702
1002,discovery,59,1,11.362114203075018,11.349326527447705,0.004082190547171557,11.353408717994876
1007,discovery,59,1,12.004574385508691,11.961541710344818,-0.0026232883780724554,11.958918421966745
1010,discovery,59,1,11.532737896139919,11.615962405001875,0.002113788808185533,11.618076193810062
1013,discovery,59,1,12.013706813470414,12.043465083169451,0.008443901731630652,12.051908984901083
1014,discovery,59,1,11.350418300109132,11.500657228824224,-0.010301226800255027,11.490356002023969
1018,discovery,59,1,12.141539457711714,12.132543659022469,-0.03522918464979799,12.09731447437267
1019,discovery,59,1,11.982935344196433,12.034816938799432,0.003415190213832173,12.038232129013265
1021,discovery,59,1,12.07824495582233,12.038172050114648,0.008176076769172796,12.04634812688382
1025,discovery,59,1,12.567240979056246,12.60269837173588,0.007578446705794488,12.610276818441674
1027,discovery,59,1,12.02874460037869,11.883231416855354,0.0036230805461969773,11.88685449740155
1029,discovery,59,1,11.561725152903833,11.76497566430714,-0.007366593476139641,11.757609070831
1033,discovery,59,1,12.644330802262578,12.76471091551927,-0.00016754166212466665,12.764543373857146
1039,discovery,59,1,11.48247656671073,11.544989758553324,0.006183089893097869,11.551172848446422
1043,discovery,59,1,12.185875040240456,12.19397250289869,0.015499716055512393,12.209472218954202
1048,discovery,59,1,11.884495917930655,11.892653713714283,-0.001741669106880051,11.890912044607404
1049,discovery,59,1,11.652696102959753,11.795087237275164,-0.003369186019958431,11.791718051255206
1054,discovery,59,1,11.881041706925902,11.894536503969864,-0.016120360759555575,11.878416143210307
1059,discovery,59,1,12.721888795877375,12.806168806757576,0.005528757031967193,12.811697563789544
1067,discovery,59,1,12.08954444723597,12.089986511187586,0.003228419666803792,12.09321493085439
1074,discovery,59,1,11.979805470779858,11.938433391000949,0.015192699222378633,11.953626090223327
1080,discovery,59,1,11.744045122410057,11.801984263529151,-0.0003576989071176283,11.801626564622033
1093,discovery,59,1,11.824087219587643,12.012121877987743,-0.029383982000869877,11.982737895986874
1094,discovery,59,1,11.891368749982085,12.00250527632806,0.004267196670024612,12.006772472998085
1100,discovery,59,1,11.964007453736912,11.876698740334906,-0.046914409144242636,11.829784331190663
1103,discovery,59,1,11.813037464800539,11.816271416532866,-0.0009533028050226451,11.815318113727843
1107,discovery,59,1,12.100161978566867,12.132197529858995,0.016420776325830805,12.148618306184826
1112,discovery,59,1,12.230770136157428,12.124545005682638,0.008639781548442898,12.13318478723108
1113,discovery,59,1,11.774527900858468,11.709811991766028,0.0021673840402447707,11.711979375806273
1119,discovery,59,1,11.849404844423074,11.793756566323484,0.011762822311175262,11.805519388634659
1122,discovery,59,1,12.268582547911404,12.274897586566222,0.0026143455916185316,12.277511932157841
1123,discovery,59,1,11.626263078808801,11.295364178030471,0.015369701896066656,11.310733879926538
1134,discovery,59,1,12.386312871189734,12.376948378573603,-0.00781797093162636,12.369130407641977
1144,discovery,59,1,11.289794413577894,11.486005689122544,-0.00599019128300884,11.480015497839535
1154,discovery,59,1,11.699413330633599,11.640054610502409,0.004958050185529263,11.645012660687938
1155,discovery,59,1,12.215037342290755,12.234646291861363,-0.0007127210412143779,12.233933570820149
1157,discovery,59,1,12.100161978566867,12.12283885170438,0.0259841469264915,12.148822998630871
1158,discovery,59,1,12.345838935721968,12.28602757290222,0.012125129232938731,12.298152702135159
1165,discovery,59,1,12.175618592671356,12.2125118444909,-0.0010058850067555976,12.211505959484144
1170,discovery,59,1,13.345508528717259,13.292274542609324,0.09595534124912967,13.388229883858454
1178,discovery,59,1,11.652696102959753,11.601513936593523,-0.022439675643830384,11.579074260949692
1180,discovery,59,1,11.440365524765756,11.481309101272718,0.00450606439036725,11.485815165663086
1187,discovery,59,1,11.461642696843066,11.730040017083349,0.008686552811779526,11.738726569895128
1195,discovery,59,1,11.970356641102999,11.875804846182,0.003952939030704937,11.879757785212705
1221,discovery,59,1,11.652696102959753,11.62254980487674,-0.0041984493470408266,11.6183513555297
1226,discovery,59,1,11.884495917930655,11.843593808774283,0.020684860666384263,11.864278669440667
1229,discovery,59,1,12.813920618864572,12.82117661559731,0.00845577902640802,12.829632394623717
1233,discovery,59,1,11.530775206233024,11.515210359914557,-0.00024244148270040903,11.514967918431855
1239,discovery,59,1,11.86710429621008,11.775656195990123,0.0016999587522533361,11.777356154742376
1240,discovery,59,1,12.490879338036375,12.307557994243709,0.0036713627539191945,12.311229356997629
1244,discovery,59,1,13.049794835104816,12.94210651562197,0.03690844378773247,12.979014959409703
1246,discovery,59,1,12.08954444723597,12.18682909139564,0.011852221397712784,12.198681312793353
1252,discovery,59,1,12.053801032483948,12.212756309357712,0.012129360964012405,12.224885670321724
1256,discovery,59,1,11.755879486687116,11.75503125204029,0.008499037472979979,11.76353028951327
1257,discovery,59,1,12.616528611893463,12.678020455914536,-0.006768779422113421,12.671251676492423
1258,discovery,59,1,11.511934974596555,11.362992550257264,0.021206249712725837,11.38419879996999
1266,discovery,59,1,12.12215284831553,12.046253914616246,0.014370073161425311,12.06062398777767
1269,discovery,59,1,12.850557278777309,12.734451754026228,-0.01801235582747377,12.716439398198755
1272,discovery,59,1,12.132162346145595,12.10215138531474,0.006016931635762209,12.108168316950502
1280,discovery,59,1,11.133142723386813,11.498709161331714,0.04625385218992906,11.544963013521643
1281,discovery,59,1,12.33270970174018,12.232201968358822,-0.002428658924478818,12.229773309434343
1282,discovery,59,1,12.100717685412471,12.12207974456309,-0.013707496892814466,12.108372247670275
1283,discovery,59,1,11.921725007667265,11.930673302901534,0.006480472646718505,11.937153775548252
1287,discovery,59,1,11.870606902224587,11.993081222913956,0.00784194635686459,12.00092316927082
1290,discovery,59,1,12.546113507028412,12.56032827418055,-0.0012027317018212488,12.559125542478728
1295,discovery,59,1,11.652696102959753,11.732242996152726,0.005266102858944226,11.73750909901167
1296,discovery,59,1,11.83863282480007,11.833020729554482,0.00790448577228087,11.840925215326763
1301,discovery,59,1,12.323860125621126,12.314059468926583,-0.006451582849429461,12.307607886077154
1304,discovery,59,1,12.354496960983985,12.317128690869,-0.019083009284075324,12.298045681584924
1309,discovery,59,1,11.898194668458823,11.878896206534538,-0.00981964880420471,11.869076557730333
1313,discovery,59,1,12.618185607609803,12.524090478045894,-0.01227103471207459,12.511819443333819
1322,discovery,59,1,11.19135563385109,11.23178544842469,0.007929328566050874,11.239714776990741
1324,discovery,59,1,11.320565693461432,11.308756329601918,0.01344616431766189,11.32220249391958
1330,discovery,59,1,12.081081821061819,12.10170018980562,0.00621111566531961,12.107911305470939
1339,discovery,59,1,12.206077645517674,12.299142496905448,-0.005282143780910634,12.293860353124538
1344,discovery,59,1,12.083910661257521,12.034720131184985,0.0031421869533649937,12.03786231813835
1351,discovery,59,1,12.206077645517674,12.04831402122307,0.02000783236999857,12.06832185359307
1352,discovery,59,1,12.049424683420915,11.986067920784146,-0.004149604005378958,11.981918316778767
1370,discovery,59,1,12.354496960983985,12.417783837915806,0.004872076252631498,12.422655914168438
1376,discovery,59,1,12.384223015005313,12.461711331559492,0.005912612453154128,12.467623944012646
1381,discovery,59,1,10.97679912709094,11.201901440755195,0.014634848783714915,11.21653628953891
1391,discovery,59,1,12.367345048436391,12.33783842820091,-0.006389843654250431,12.33144858454666
1394,discovery,59,1,12.001511614739405,11.809563587501902,0.0159020331007804,11.825465620602682
1404,discovery,59,1,12.552930054797935,12.265885404889325,0.008251460262538871,12.274136865151863
1406,discovery,59,1,12.524530013005734,12.552697014441971,0.0399599225784013,12.592656937020372
1407,discovery,59,1,11.798111925972618,11.818966385051969,0.014947892640471262,11.83391427769244
1415,discovery,59,1,12.240478903153711,12.21362202727834,0.013714228390540038,12.227336255668881
1417,discovery,59,1,11.715874472198905,11.779376035659247,-0.03626676455562554,11.743109271103622
1419,discovery,59,1,11.728044909070785,11.821344178647832,-0.00922669430388928,11.812117484343943
1430,discovery,59,1,12.116700301832573,12.19477476154213,0.0021832305778387464,12.196957992119968
1442,discovery,59,1,11.913719681428494,11.906629786804809,0.010603950719880005,11.917233737524688
1448,discovery,59,1,12.388398368982115,12.45084687625602,-0.007211208314680678,12.443635667941338
1452,discovery,59,1,12.567554517655415,12.426781866639253,0.008336588360928219,12.43511845500018
1454,discovery,59,1,11.344518647594766,11.79142411987248,-0.0031829012975895087,11.788241218574889
1455,discovery,59,1,12.128116509451258,12.153439247608148,-0.0015086344583772246,12.151930613149771
9,discovery,59,2,11.774527900858468,11.778748410321178,-0.021252697031195294,11.757495713289982
16,discovery,59,2,11.790564777297387,11.76840878372164,-0.02668259349751943,11.74172619022412
19,discovery,59,2,11.976665770490767,12.008449030077786,-0.003970687256178873,12.004478342821608
20,discovery,59,2,11.842236406331555,11.662788324734231,-0.0012437055388906518,11.661544619195341
27,discovery,59,2,11.811554895830454,11.837248936474635,0.008943587956246798,11.846192524430883
31,discovery,59,2,10.596659732783579,11.461287266598177,-0.0417761834887963,11.41951108310938
40,discovery,59,2,11.314486721293981,11.354085898105277,-0.001690991935309724,11.352394906169968
43,discovery,59,2,11.87757552297847,11.930567898954871,0.006333058236002802,11.936900957190874
44,discovery,59,2,11.777218637129327,11.81790278412741,0.005186401051974245,11.823089185179384
46,discovery,59,2,12.675766851909591,12.575523901698508,-0.009654547450509518,12.565869354248
47,discovery,59,2,12.387089184491993,12.55401980589721,0.0034729872097366077,12.557492793106947
48,discovery,59,2,12.428019481065613,12.37454164495904,0.0010094726904977648,12.375551117649538
64,discovery,59,2,11.849404844423074,11.807027139006776,0.0008506143062809838,11.807877753313056
66,discovery,59,2,12.666660207428574,12.652956762114124,0.015236097347058523,12.668192859461183
68,discovery,59,2,12.328294703023396,12.29262046746008,-0.00535245250082591,12.287268014959254
70,discovery,59,2,12.323860125621126,12.28313003724875,0.00915480720929562,12.292284844458045
83,discovery,59,2,12.409017571151187,12.30806635359866,0.0007853044305373183,12.308851658029198
92,discovery,59,2,11.498836682527127,11.650605226476015,0.01263249204638451,11.6632377185224
99,discovery,59,2,11.326607934898927,11.347931179955152,0.010689501401875351,11.358620681357028
100,discovery,59,2,11.767187766223199,11.710044161746206,0.014658527763376429,11.724702689509582
104,discovery,59,2,12.200562492481511,12.129362559315927,0.003102721130064153,12.132465280445992
108,discovery,59,2,11.652696102959753,11.49501230456066,0.0331139198564352,11.528126224417095
109,discovery,59,2,11.652696102959753,11.69993506877218,0.03271050293634215,11.732645571708524
112,discovery,59,2,12.100717685412471,12.039120084093817,0.0015839426839508557,12.040704026777767
117,discovery,59,2,11.842236406331555,11.74006465266705,-3.41356625756741e-05,11.740030517004474
127,discovery,59,2,11.759793355371237,11.84706370770519,-0.010079793164041919,11.836983914541149
138,discovery,59,2,12.049424683420915,12.188670707558318,-0.00964340404411266,12.179027303514205
146,discovery,59,2,11.775297421715827,11.803232944067748,-0.013172560562166842,11.790060383505581
151,discovery,59,2,11.711784520403112,11.82929246582387,0.008867296754091274,11.838159762577963
152,discovery,59,2,12.827731880206521,12.7267447628709,0.025300986195318096,12.75204574906622
159,discovery,59,2,12.448630513463613,12.38050390973648,0.024072294741055458,12.404576204477536
162,discovery,59,2,12.929993908996359,12.944682392321624,-0.021217070310182756,12.923465322011442
171,discovery,59,2,11.763691965388299,11.683506325219184,0.006806738268146953,11.69031306348733
175,discovery,59,2,12.122696471358964,12.197180672645596,-0.030224527014355195,12.166956145631241
176,discovery,59,2,12.400820837540556,12.310429421313028,0.007865924117468406,12.318295345430496
195,discovery,59,2,11.751950239425476,11.743481115517596,0.012736979648486177,11.756218095166082
198,discovery,59,2,12.367345048436391,12.435167196720382,-0.004308217517231839,12.43085897920315
202,discovery,59,2,12.052344376474922,12.009134751702002,0.014690074651999145,12.023824826354002
203,discovery,59,2,11.626263078808801,11.597414159207938,-0.015670585405404024,11.581743573802534
214,discovery,59,2,11.957617696467539,11.961777566995355,0.009998564783703024,11.971776131779059
215,discovery,59,2,11.993813394724253,11.914919243080204,-0.0018458917519474812,11.913073351328256
225,discovery,59,2,12.864242696187505,12.892996194600366,0.008060890714592069,12.901057085314958
238,discovery,59,2,12.178192583415596,12.305019161891988,0.008188551813743688,12.313207713705731
241,discovery,59,2,12.47801017053037,12.539407831447056,0.01491091537583853,12.554318746822894
243,discovery,59,2,11.277215789596893,11.454283716501555,0.0015367231994847933,11.45582043970104
247,discovery,59,2,11.827743504053695,11.790884664805906,-0.0015420686674310702,11.789342596138475
253,discovery,59,2,12.06105265381003,12.059809773535749,-0.00012554215660403012,12.059684231379144
254,discovery,59,2,11.970356641102999,11.984607347739676,-0.003912762671318216,11.980694585068358
255,discovery,59,2,11.884495917930655,11.86172587362279,0.00031894478555639477,11.862044818408346
265,discovery,59,2,11.19822841866684,11.3297269472657,-0.05581458104436331,11.273912366221337
266,discovery,59,2,12.075400019877522,12.11191007239207,0.007295429443541755,12.11920550183561
271,discovery,59,2,12.491255347155265,12.476842771800328,-0.003113012777472223,12.473729759022856
280,discovery,59,2,12.165255859329688,12.196800734542649,-0.0016181013315938707,12.195182633211054
281,discovery,59,2,12.339295865674435,12.299495662933024,-0.007916837978401781,12.291578824954623
283,discovery,59,2,12.242891437918386,12.319658526182792,0.019481183359761595,12.339139709542554
289,discovery,59,2,11.711784520403112,11.638250122019752,0.014044859222647997,11.6522949812424
292,discovery,59,2,11.819681958463892,11.799135021774577,0.0062669978377771895,11.805402019612353
297,discovery,59,2,11.931642378754141,11.754144515903723,0.010173957528297565,11.764318473432022
300,discovery,59,2,11.973516181427835,11.872673070407762,-0.0031705790419030025,11.869502491365859
310,discovery,59,2,12.793862088206213,12.835366024617752,-0.011610147025493654,12.823755877592259
315,discovery,59,2,12.08954444723597,11.989220422723276,0.023084033557596098,12.012304456280873
319,discovery,59,2,12.468440756144114,12.774237911772977,0.006683357086064973,12.780921268859041
320,discovery,59,2,12.141539457711714,12.155314357653666,0.007194767901890972,12.162509125555557
339,discovery,59,2,12.218500103788143,12.232204458239313,7.210188388038056e-06,12.2322116684277
340,discovery,59,2,11.951186847493476,11.848658845495924,0.0012700718057540709,11.849928917301678
342,discovery,59,2,11.314486721293981,11.221568535577298,0.0026011646431929156,11.224169700220491
346,discovery,59,2,11.850832386224807,11.83866643025144,0.022132843608729396,11.860799273860168
347,discovery,59,2,11.928347504569842,11.832296309298394,0.0015386856541375284,11.833834994952532
352,discovery,59,2,12.154784614286667,12.231664876488534,-0.007461517807150575,12.224203358681383
353,discovery,59,2,11.461642696843066,11.454097270052904,0.0038373612441876584,11.457934631297091
358,discovery,59,2,11.80560254159177,11.847519648093456,0.0004385755370852298,11.847958223630542
370,discovery,59,2,11.995357787034976,12.02087609607682,-0.02180360761460254,11.999072488462218
372,discovery,59,2,11.808821212646512,11.708592686617404,0.007930765068825271,11.71652345168623
373,discovery,59,2,11.736077016252437,11.625164186407588,-0.003519120470757812,11.62164506593683
383,discovery,59,2,12.271396795480596,12.2313811301514,-0.009675893707052527,12.221705236444347
384,discovery,59,2,11.23850177707664,11.258807440171656,-0.01109400583135791,11.247713434340298
393,discovery,59,2,11.575909653758895,11.61260863204118,0.018442948674091533,11.63105158071527
403,discovery,59,2,11.58989576532275,11.525451413323792,-0.006302046223627429,11.519149367100164
404,discovery,59,2,12.460718739865236,12.407127813679756,-0.015281664982787513,12.391846148696969
406,discovery,59,2,11.918397239722838,11.973482670473144,-0.005134880978805807,11.968347789494338
407,discovery,59,2,11.652696102959753,11.655600098379225,0.0007358296992170634,11.656335928078441
412,discovery,59,2,11.884495917930655,11.865718343530038,-0.007950138389770232,11.857768205140268
415,discovery,59,2,12.337105293891872,12.372859475396458,0.0005541734416423573,12.3734136488381
416,discovery,59,2,12.106997888588934,12.14485806765602,-0.022555110602225082,12.122302957053796
420,discovery,59,2,11.863589378812122,11.786383185683164,-0.016433327897749518,11.769949857785415
422,discovery,59,2,12.278397958261774,12.320756328016376,-0.00021341312022150346,12.320542914896155
424,discovery,59,2,12.660331092405906,12.723951861849388,-0.015009296384032996,12.708942565465355
428,discovery,59,2,11.599185726610004,11.636890736926928,0.014672464925131638,11.65156320185206
430,discovery,59,2,12.07254696717504,12.07352295500991,-0.0012859686480979943,12.072236986361812
438,discovery,59,2,11.686887175419702,11.669765019335236,0.01496607536596873,11.684731094701204
450,discovery,59,2,11.695255355062795,11.656981186690548,-0.004478344700094636,11.652502841990453
451,discovery,59,2,11.608244735642321,11.517642196646834,-0.011371803732197707,11.506270392914637
461,discovery,59,2,12.481565733211923,12.35509374881294,0.021738160891224087,12.376831909704165
462,discovery,59,2,11.951186847493476,11.9319411654747,-0.0030409834793995384,11.928900181995301
465,discovery,59,2,11.728044909070785,11.634647374730582,0.0014495116225434316,11.636096886353124
471,discovery,59,2,12.264346270624157,12.237207137907816,0.0286719178346515,12.265879055742468
483,discovery,59,2,11.951186847493476,12.036923413097751,-0.04566183655225575,11.991261576545496
484,discovery,59,2,12.00762780434872,11.9234740487888,-0.009971669389967889,11.913502379398832
488,discovery,59,2,12.07254696717504,12.09172610185676,0.01054889042463583,12.102274992281396
490,discovery,59,2,11.362114203075018,11.532365321879825,-0.004242217365185445,11.52812310451464
491,discovery,59,2,11.652696102959753,11.606866287931725,-0.012380992466085752,11.594485295465638
494,discovery,59,2,11.951186847493476,11.904977070251087,-0.0013774691683116115,11.903599601082776
496,discovery,59,2,10.460270761075149,11.150218665520208,0.00833957375592019,11.158558239276129
498,discovery,59,2,12.122696471358964,11.97120284456949,0.010261549045592963,11.981464393615083
499,discovery,59,2,11.775297421715827,11.800589271604192,0.012154203464103489,11.812743475068295
514,discovery,59,2,11.80560254159177,11.85231307260127,-0.007034830266582435,11.845278242334688
516,discovery,59,2,12.90634935052389,12.84364709317424,0.005904542053472565,12.849551635227714
519,discovery,59,2,12.259618151783465,12.159531498299874,0.007850342610769223,12.167381840910643
522,discovery,59,2,11.918397239722838,11.942667552269894,-0.001004893480537212,11.941662658789356
526,discovery,59,2,12.07824495582233,12.111027197255495,-0.012234898910796072,12.0987922983447
528,discovery,59,2,13.008661502470739,12.974216861349772,0.022292377566589444,12.996509238916362
542,discovery,59,2,12.421188057397055,12.47655610225395,-0.004070866710209456,12.47248523554374
543,discovery,59,2,12.270225154674701,12.247830926244818,-0.013261695313394155,12.234569230931424
544,discovery,59,2,11.798111925972618,11.77515341632818,-0.0005603940879745226,11.774593022240206
551,discovery,59,2,11.849404844423074,11.697133554934048,-0.0007439397921427525,11.696389615141905
553,discovery,59,2,12.450981602512561,12.494112035099976,0.011494651008977376,12.505606686108953
554,discovery,59,2,11.58989576532275,11.656202384464306,-0.00744500159137985,11.648757382872926
555,discovery,59,2,12.556733038263905,12.504005907328716,-0.007274024920555647,12.496731882408161
558,discovery,59,2,11.58989576532275,11.555305198993103,-0.007480012134861176,11.547825186858242
560,discovery,59,2,12.36308066783498,12.150308133714752,0.01937211620383372,12.169680249918585
562,discovery,59,2,12.04355959836804,12.040524299446863,0.0028893426740848652,12.043413642120948
572,discovery,59,2,11.695255355062795,11.686123226405844,0.007922079023302069,11.694045305429146
579,discovery,59,2,11.891368749982085,11.988309482903851,-0.002035429973185365,11.986274052930666
588,discovery,59,2,11.827743504053695,11.809078155894912,0.0031925436906633884,11.812270699585575
590,discovery,59,2,11.283524879179666,11.525976622830337,0.019061162785703294,11.54503778561604
591,discovery,59,2,12.132969552931216,12.153287149536707,0.004881363911129938,12.158168513447837
592,discovery,59,2,13.02132904585825,12.995793598917157,-0.010760240715564523,12.985033358201592
595,discovery,59,2,11.608244735642321,11.676296673540993,0.0021333514784539513,11.678430025019447
597,discovery,59,2,11.648373769145277,11.571276323892985,0.005077972536068406,11.576354296429052
609,discovery,59,2,12.791358964949923,12.522576286210152,0.03236503260291614,12.554941318813068
613,discovery,59,2,12.474193386571581,12.445042814007076,-0.022627904496964682,12.422414909510112
614,discovery,59,2,11.898194668458823,11.605632349604011,-0.02841524283773168,11.57721710676628
633,discovery,59,2,11.320565693461432,12.013585623316702,-0.020145720668378823,11.993439902648323
639,discovery,59,2,11.350418300109132,11.388867325305682,0.013070816265707304,11.401938141571389
645,discovery,59,2,12.823631142839984,12.774699750428477,0.0012866829773141256,12.77598643340579
647,discovery,59,2,11.495789479023493,11.51687077073497,0.033361358027015196,11.550232128761985
667,discovery,59,2,11.767575435251748,12.036243602589266,-0.0040822030543983525,12.032161399534868
673,discovery,59,2,12.013706813470414,12.067057879192925,0.005858450055808199,12.072916329248732
681,discovery,59,2,11.870606902224587,11.678658416689046,-0.026375708412661004,11.652282708276385
683,discovery,59,2,12.06105265381003,12.206727110268968,0.006027911382010054,12.212755021650977
686,discovery,59,2,12.242891437918386,12.339871955827094,0.004701970377082166,12.344573926204177
694,discovery,59,2,11.59433032142082,11.577040245471228,-0.004764968759337032,11.57227527671189
696,discovery,59,2,12.07824495582233,12.08202429618491,-0.00890683038455829,12.073117465800351
709,discovery,59,2,12.09815887308463,12.079144843318522,-0.004484772084040899,12.074660071234481
712,discovery,59,2,11.54031687156214,11.454074793729836,-0.043056814892886694,11.411017978836949
715,discovery,59,2,11.779136168550774,12.095497346943892,-0.00016501173712284316,12.09533233520677
716,discovery,59,2,12.013706813470414,11.917327512379886,-0.0034156966878244282,11.913911815692062
720,discovery,59,2,11.763691965388299,11.857971434696749,0.010654368095063007,11.868625802791811
728,discovery,59,2,12.178192583415596,12.193830422776598,-0.00034744436174217525,12.193482978414856
733,discovery,59,2,12.312686874960354,12.373335315123414,-0.030660433469391637,12.342674881654023
736,discovery,59,2,12.001511614739405,12.028649009913496,0.006321250893076611,12.034970260806572
742,discovery,59,2,11.863589378812122,11.81736555445256,-0.00215681237057332,11.815208742081987
746,discovery,59,2,12.61087420020211,12.731850980781816,-0.02219300857560141,12.709657972206214
749,discovery,59,2,12.469978029554953,12.452255687874196,-0.01035145028395499,12.441904237590242
750,discovery,59,2,11.49273296168228,11.24847873753421,0.008980826864657128,11.257459564398868
752,discovery,59,2,11.995357787034976,11.980933910944046,-0.0035490680295607356,11.977384842914486
755,discovery,59,2,11.957617696467539,11.872681331654558,-0.004714744712670838,11.867966586941888
759,discovery,59,2,12.097378802727306,12.04123750424606,0.0008356038967760633,12.042073108142837
760,discovery,59,2,12.577639650232573,12.618794327691974,0.0013863923252507868,12.620180720017226
768,discovery,59,2,11.982935344196433,12.065103908767837,0.006111305828335822,12.071215214596172
774,discovery,59,2,11.648338835562747,11.709441727106626,0.008578323282713591,11.71802005038934
775,discovery,59,2,12.886643575525625,12.601452283994378,-0.017402394152786955,12.584049889841591
777,discovery,59,2,12.308182383129823,12.32122405542372,0.019113754578236056,12.340337810001955
780,discovery,59,2,11.813037464800539,11.895315630908735,0.004089131163159488,11.899404762071894
784,discovery,59,2,12.016732516077072,12.003735348568336,0.013845534874202215,12.017580883442537
788,discovery,59,2,12.358798024384122,12.341451653625116,0.008677143465799007,12.350128797090916
789,discovery,59,2,11.588969419043874,11.575910856766257,0.005556862139949843,11.581467718906206
799,discovery,59,2,13.091906231773164,13.178103535968807,0.026405705695681802,13.20450924166449
809,discovery,59,2,11.982622797311857,11.891039562082234,0.0183179086604281,11.909357470742663
832,discovery,59,2,11.92504173829169,11.947569929586091,0.0024503482298524294,11.950020277815943
833,discovery,59,2,12.37581963951765,12.318669736012312,0.022756715094537514,12.34142645110685
848,discovery,59,2,11.80186424743109,11.804330000336178,0.01482703271097227,11.81915703304715
854,discovery,59,2,11.970356641102999,12.038836916891228,0.01713385836521251,12.05597077525644
857,discovery,59,2,11.898194668458823,11.909653316918464,-0.013638682985479763,11.896014633932984
859,discovery,59,2,11.931642378754141,11.804748446137602,0.0009328247056686209,11.80568127084327
861,discovery,59,2,12.154521423145216,12.099041645177683,-0.020803618880986044,12.078238026296697
865,discovery,59,2,12.43153750053306,12.190244401962053,-0.002156051898943155,12.18808835006311
872,discovery,59,2,12.208574513247495,12.134713565313373,0.011399484160928345,12.146113049474302
874,discovery,59,2,11.798111925972618,11.78509441005542,0.00675633550436814,11.791850745559788
875,discovery,59,2,11.104972264124868,11.458790358763244,-0.01884635704356222,11.439944001719681
879,discovery,59,2,11.904974309480181,11.921368432104012,0.020755706343312065,11.942124138447324
881,discovery,59,2,11.964007453736912,11.980328818715064,0.014067107579668147,11.994395926294732
884,discovery,59,2,11.682676678340282,11.748231771709923,-0.02934850495676053,11.718883266753163
885,discovery,59,2,11.51293546492023,11.702539862358757,0.01615317333787292,11.71869303569663
893,discovery,59,2,11.947955847790901,11.86738337318685,0.005036442505796185,11.872419815692647
899,discovery,59,2,13.323928581764989,13.081263300557143,0.050067554448319715,13.131330855005464
903,discovery,59,2,12.100717685412471,12.095978379592324,-0.00826894720842158,12.087709432383903
916,discovery,59,2,11.225256725762893,11.348316265136283,-0.02516100191427204,11.323155263222011
928,discovery,59,2,12.07824495582233,12.069598150710313,-0.00734022477968635,12.062257925930627
933,discovery,59,2,12.676079399771027,12.59563186004966,-0.03491708082091254,12.560714779228748
937,discovery,59,2,12.127575825689417,12.121611033949083,-0.01430233241263979,12.107308701536443
940,discovery,59,2,12.406565597924235,12.352053452567416,0.023107313125012328,12.375160765692428
953,discovery,59,2,11.804855999911272,11.774999947200518,-6.880249682617492e-05,11.774931144703691
954,discovery,59,2,12.055255569732177,11.96600087807837,0.008363447268180675,11.974364325346551
963,discovery,59,2,11.951186847493476,11.945509522014405,0.0015108946949226314,11.947020416709327
966,discovery,59,2,12.094587859196112,12.0173217715282,-0.0018149276639793596,12.015506843864221
969,discovery,59,2,10.542732775946709,11.092887900130629,-0.0034415976725849485,11.089446302458043
970,discovery,59,2,11.849404844423074,11.69714601225015,0.01743871852064346,11.714584730770794
994,discovery,59,2,12.066241450757124,12.039427701094422,-0.0016173450639183566,12.037810356030503
997,discovery,59,2,11.824087219587643,11.803871089127473,0.006988301137636414,11.81085939026511
998,discovery,59,2,12.128116509451258,11.986975856917091,0.0048123750381333435,11.991788231955224
1004,discovery,59,2,11.827049837927534,11.92146164268571,-0.02137224423292962,11.90008939845278
1006,discovery,59,2,11.917730355182513,11.85084439607912,0.018837069246823133,11.869681465325943
1008,discovery,59,2,11.385103457032141,11.352443221768748,-0.021288534096626722,11.331154687672122
1012,discovery,59,2,11.51293546492023,11.516176318169668,0.002549074138164122,11.518725392307832
1017,discovery,59,2,12.220966184120165,12.355421084070576,-0.0052499353891387575,12.350171148681437
1028,discovery,59,2,12.588194064175278,12.721038700891045,0.023104760029643477,12.744143460920688
1040,discovery,59,2,11.289794413577894,11.327347890367273,0.0031048665776780664,11.33045275694495
1052,discovery,59,2,12.206782393599413,12.13988101011754,-0.023396968995761384,12.116484041121778
1053,discovery,59,2,12.013706813470414,11.991236566721293,-0.014381425729007868,11.976855140992285
1055,discovery,59,2,12.449022745701502,12.45775712195191,-0.016737646808108495,12.441019475143802
1056,discovery,59,2,12.100717685412471,11.950243202273416,-0.001905128278701305,11.948338073994714
1057,discovery,59,2,12.13270055639427,12.312862907006362,0.01108712619918215,12.323950033205545
1060,discovery,59,2,12.301387370778713,12.160921558293872,0.036534458661350716,12.197456016955222
1065,discovery,59,2,11.944714374881176,11.94948759924066,-0.0012356379339241148,11.948251961306736
1077,discovery,59,2,12.04355959836804,11.953735910063584,0.014567972855663004,11.968303882919246
1078,discovery,59,2,11.840796531639839,11.765356400230988,0.026279936444557894,11.791636336675547
1105,discovery,59,2,11.571203807011969,11.69137832438318,-0.0010172904606176832,11.690361033922562
1108,discovery,59,2,12.52352951631214,12.332328827351551,0.004808428885730995,12.337137256237282
1109,discovery,59,2,12.10625783509458,12.02012855326758,0.006949088029721792,12.027077641297302
1114,discovery,59,2,11.80932691294063,11.81838508677356,-0.0071528725479931225,11.811232214225567
1118,discovery,59,2,11.775297421715827,11.844329995276992,0.0004792670314404998,11.844809262308432
1120,discovery,59,2,11.803361242493628,11.699953541049569,-0.0008030443024741301,11.699150496747095
1126,discovery,59,2,11.652696102959753,11.610708728476911,0.013539768851037188,11.62424849732795
1127,discovery,59,2,12.066816325306588,12.16393490766396,0.00203317614374935,12.165968083807709
1136,discovery,59,2,11.532737896139919,11.578850107859006,0.028974022777173234,11.60782413063618
1143,discovery,59,2,12.959540872420414,12.859658310497386,0.02383385455463986,12.883492165052026
1162,discovery,59,2,12.319405795112926,12.24277834746475,0.01865580484052352,12.261434152305274
1173,discovery,59,2,12.05467400868968,12.003513267716995,0.0015087711547972587,12.005022038871793
1179,discovery,59,2,11.950541482162043,11.81165058748435,-0.003651428044724265,11.807999159439625
1182,discovery,59,2,12.880294363972055,12.568990028682784,-0.012038668382076064,12.556951360300708
1184,discovery,59,2,11.695255355062795,11.8715360223065,0.011854164962163447,11.883390187268663
1186,discovery,59,2,11.560772327227417,11.7517798979084,-0.00804944640389491,11.743730451504504
1189,discovery,59,2,12.180759965737863,12.124055518716242,-0.011018691482426188,12.113036827233815
1197,discovery,59,2,12.29779001527865,12.310899431284708,0.012001609811709836,12.322901041096419
1201,discovery,59,2,11.6617850286409,11.561681356293272,-0.0044910219835179975,11.557190334309754
1205,discovery,59,2,11.941462360646149,11.943807988237642,0.003782440993911698,11.947590429231553
1206,discovery,59,2,12.513193308436527,12.517298880880212,-0.020717921125266495,12.496580959754946
1208,discovery,59,2,12.206077645517674,12.322576049291696,-0.006706790438377482,12.315869258853319
1210,discovery,59,2,12.577639650232573,12.50896732431261,0.011795379683207624,12.520762703995818
1213,discovery,59,2,11.635151947212842,11.386749026572597,-0.0005035291800825389,11.386245497392514
1220,discovery,59,2,11.424105180165641,11.447759007715534,-0.00215024819243048,11.445608759523104
1224,discovery,59,2,11.834291315386718,11.81802539494212,-0.0029802450649213104,11.815045149877198
1232,discovery,59,2,11.794345471549745,11.879720894131516,0.007920759394357614,11.887641653525874
1234,discovery,59,2,11.863589378812122,11.813345428491424,-0.005282884437130199,11.808062544054293
1238,discovery,59,2,12.180759965737863,12.270186709724577,0.011647847257976789,12.281834556982554
1245,discovery,59,2,12.345838935721968,12.14343910656128,0.02201886801381321,12.165457974575093
1251,discovery,59,2,12.404927602627597,12.390118440189475,-0.028569176327438574,12.361549263862036
1259,discovery,59,2,12.154784614286667,12.079648211136004,0.006387308779380142,12.086035519915384
1261,discovery,59,2,12.10625783509458,12.159778345251452,0.003040039650086516,12.162818384901538
1262,discovery,59,2,11.766799946849087,11.754025511242908,-0.015338199577103709,11.738687311665805
1263,discovery,59,2,11.992266613576142,11.907409124186064,0.010597949658209201,11.918007073844272
1267,discovery,59,2,11.711784520403112,11.737839024084252,-0.027822193241650594,11.710016830842601
1268,discovery,59,2,12.843973993864076,12.779172525259195,-0.007866422405581063,12.771306102853615
1273,discovery,59,2,11.827743504053695,11.805593791694356,0.008517984968801767,11.814111776663157
1276,discovery,59,2,11.827743504053695,11.879523426240226,-0.0029960217015037715,11.876527404538722
1277,discovery,59,2,11.995357787034976,12.027735515316849,0.010509486731097265,12.038245002047946
1279,discovery,59,2,12.37581963951765,12.44736770686405,-0.009149489267578149,12.438218217596472
1291,discovery,59,2,12.103491596905931,11.99506650911312,0.011244579822902341,12.006311088936021
1302,discovery,59,2,12.086731521684555,12.07892815062214,0.01719607517498181,12.096124225797121
1315,discovery,59,2,11.686887175419702,11.680857781066328,-0.01603066204746304,11.664827119018865
1318,discovery,59,2,12.249615734512616,12.171632239096205,-0.005368797134422578,12.166263441961782
1319,discovery,59,2,12.524530013005734,12.488918598721876,-0.024319023120210413,12.464599575601666
1331,discovery,59,2,12.33270970174018,12.3550615828916,0.0312626466438149,12.386324229535417
1333,discovery,59,2,11.51293546492023,11.652651017614376,0.01574546004830026,11.668396477662677
1335,discovery,59,2,11.736077016252437,11.66080791154104,-0.0001764598248285417,11.660631451716212
1337,discovery,59,2,11.813037464800539,11.858326288470863,0.0057390335503317525,11.864065322021196
1338,discovery,59,2,10.868587496017359,11.016698950093652,-0.012841767525989922,11.003857182567662
1345,discovery,59,2,11.95655945119582,12.04466819042896,-0.0035368736028095343,12.04113131682615
1347,discovery,59,2,12.47801017053037,12.40393727207801,0.012303783336986247,12.416241055414996
1349,discovery,59,2,12.278397958261774,12.412931399833198,0.017226783859157355,12.430158183692356
1356,discovery,59,2,12.04355959836804,12.142554093546092,0.012742598625964469,12.155296692172056
1357,discovery,59,2,11.608244735642321,11.65126584705828,0.01140042200073388,11.662666269059013
1360,discovery,59,2,12.660331092405906,12.850722404492991,-0.012978658682669588,12.837743745810322
1362,discovery,59,2,12.468440756144114,12.472124174141353,0.008678754154069929,12.480802928295423
1367,discovery,59,2,12.170450649220749,12.205321560851498,0.01714726901645472,12.222468829867953
1369,discovery,59,2,11.87757552297847,11.848492142344655,-0.003697544766655405,11.844794597578
1372,discovery,59,2,12.016732516077072,12.066887255019305,-0.006100561707579049,12.060786693311726
1390,discovery,59,2,11.782960235741939,11.822402272585297,0.016630306875093297,11.83903257946039
1393,discovery,59,2,11.719947764402807,11.750484621583723,0.005680071874373815,11.756164693458096
1401,discovery,59,2,11.695255355062795,11.69141761691936,0.012917257871147652,11.704334874790508
1412,discovery,59,2,11.849404844423074,11.90600851650584,-0.02553003989106015,11.88047847661478
1413,discovery,59,2,11.407576060361786,11.466756905964605,0.01996475315506258,11.486721659119667
1414,discovery,59,2,12.456835254920371,12.47150197140324,-0.026352091622081852,12.445149879781159
1418,discovery,59,2,12.73670383776449,12.733348752206403,0.001396105926024054,12.734744858132427
1422,discovery,59,2,11.755879486687116,11.838684666939034,0.006825515768530534,11.845510182707566
1423,discovery,59,2,11.824087219587643,11.88701061768589,0.008987448240438688,11.895998065926328
1432,discovery,59,2,11.87583791515714,11.798469937591715,-0.003134299553152242,11.795335638038564
1438,discovery,59,2,12.885673487343764,12.837178954722162,-0.00489879608840587,12.832280158633756
1450,discovery,59,2,11.429554725537322,11.41860595621502,0.0062188692598551054,11.424824825474875
1456,discovery,59,2,12.07254696717504,12.09647897093478,-0.0008639594937005009,12.09561501144108
1460,discovery,59,2,11.901590234400047,11.912195088004813,-0.016376118167015907,11.895818969837796
4,discovery,59,3,11.849404844423074,12.066492882574876,0.008983404345554226,12.07547628692043
6,discovery,59,3,11.870606902224587,11.983887222015191,-0.001241578858623874,11.982645643156568
15,discovery,59,3,11.964007453736912,11.946191646184804,0.0008618418334208656,11.947053488018225
17,discovery,59,3,11.91170829631447,11.917352291915906,0.007273912847560261,11.924626204763467
24,discovery,59,3,11.774527900858468,11.837528430286676,-0.008353624247932383,11.829174806038743
26,discovery,59,3,12.454107814022272,12.461114461298536,0.01437196901260766,12.475486430311143
28,discovery,59,3,12.631343648903034,12.59502461048726,0.006336601419439366,12.601361211906699
30,discovery,59,3,11.134603622683905,11.163917685398012,0.01576199131616806,11.17967967671418
32,discovery,59,3,11.914054519303125,11.876759553846304,-0.007648692425929307,11.869110861420374
38,discovery,59,3,11.938199736300925,11.965884567671443,0.013025547084804627,11.978910114756248
41,discovery,59,3,11.982935344196433,11.82900283860672,0.0352170316892661,11.864219870295985
49,discovery,59,3,11.635151947212842,11.46086729336004,-0.026294032298668116,11.434573261061372
65,discovery,59,3,12.299112067295642,12.285094551129172,0.0076867006221490765,12.29278125175132
69,discovery,59,3,11.289794413577894,11.344450828896896,0.010410208266821359,11.354861037163717
71,discovery,59,3,12.404927602627597,12.411511630649962,-0.00015308379699183235,12.41135854685297
74,discovery,59,3,11.88380602959621,11.898058254349149,0.0008047958405040824,11.898863050189652
82,discovery,59,3,11.941462360646149,12.046308916405795,0.01816473551469409,12.064473651920489
85,discovery,59,3,12.034696963475044,12.032811297331444,-0.007077225188901006,12.025734072142543
101,discovery,59,3,12.230770136157428,12.301624929944472,-0.006266950043808343,12.295357979900663
111,discovery,59,3,11.827013315851762,11.86515714553739,-0.02001747767878703,11.845139667858604
113,discovery,59,3,12.85832230788469,12.756168506961783,0.003200442677618582,12.759368949639402
118,discovery,59,3,11.951186847493476,11.884327473097688,0.024290837665636836,11.908618310763325
121,discovery,59,3,12.100717685412471,12.01059723877706,-0.016661812990016442,11.993935425787043
123,discovery,59,3,11.820417517632333,11.846703967959051,0.010996536140920807,11.857700504099972
128,discovery,59,3,11.373674891823535,11.449128346344995,-0.06198821321798265,11.387140133127012
129,discovery,59,3,11.951186847493476,11.884771529327574,-0.00465290827329813,11.880118621054276
132,discovery,59,3,12.404927602627597,12.316911140027836,0.0012646888291678437,12.318175828857003
133,discovery,59,3,11.923384748066601,11.94084281334836,-0.004974989976043116,11.935867823372316
136,discovery,59,3,12.066816325306588,12.058150167273425,-0.008614547118029114,12.049535620155396
139,discovery,59,3,12.345838935721968,12.412621360869634,0.0003816169398123503,12.413002977809446
142,discovery,59,3,12.468440756144114,12.39176638962168,0.025235005117258465,12.417001394738937
145,discovery,59,3,11.736077016252437,11.829810090838588,0.0020877096400326277,11.831897800478622
165,discovery,59,3,11.931642378754141,11.869329851759147,-0.017933633749133187,11.851396218010015
166,discovery,59,3,11.755879486687116,11.757161691069472,0.018239625851725668,11.775401316921197
168,discovery,59,3,12.693501691489768,12.839582246270654,0.0010322240464644985,12.840614470317119
182,discovery,59,3,12.206577518060588,12.10157782437104,0.015959026780821648,12.117536851151861
189,discovery,59,3,11.940399914116648,11.87454443057178,-0.003746147148642048,11.870798283423138
191,discovery,59,3,12.660331092405906,12.566509496342444,0.04330282984263104,12.609812326185075
196,discovery,59,3,11.908346971208951,11.898666573468416,0.0007390272784227784,11.899405600746839
197,discovery,59,3,12.650351332641707,12.633756566625436,-0.010739132028948524,12.623017434596488
206,discovery,59,3,12.103491596905931,12.097351884714037,-0.0007695688238831141,12.096582315890155
207,discovery,59,3,11.87688084212164,11.808799965837537,0.007006190098819404,11.815806155936356
210,discovery,59,3,11.884495917930655,11.90403940508955,0.006122454718000898,11.910161859807552
212,discovery,59,3,12.133507329024972,12.051381294728673,-0.004225852411893443,12.047155442316779
213,discovery,59,3,12.439875187430008,12.3960068397694,0.018996548738673392,12.415003388508074
216,discovery,59,3,11.808955099378537,11.852041785472398,0.006170916918750595,11.858212702391148
218,discovery,59,3,11.580593459194764,11.324568887828995,-0.04767809966813045,11.276890788160864
222,discovery,59,3,12.206077645517674,12.32908652266877,-0.0004594130217619123,12.328627109647009
224,discovery,59,3,11.48247656671073,11.691527349209563,-0.005484699038216633,11.686042650171347
226,discovery,59,3,11.626263078808801,11.5298980106953,-0.008822948291837954,11.521075062403462
228,discovery,59,3,11.571203807011969,11.490272345658914,-0.017398785552506756,11.472873560106407
235,discovery,59,3,12.285350445351659,12.285987393447284,0.0011152686890376056,12.287102662136322
237,discovery,59,3,12.130815551850676,12.124919294552464,0.004271547998678014,12.129190842551143
239,discovery,59,3,12.669809806411457,12.470584543777704,-0.005717219524258731,12.464867324253445
242,discovery,59,3,11.612779849672751,11.41430255112119,0.03206939459620965,11.4463719457174
258,discovery,59,3,12.301387370778713,12.345885521411171,0.001927783287093641,12.347813304698265
275,discovery,59,3,11.732069026983156,11.780233674693346,0.002578878754012817,11.782812553447359
278,discovery,59,3,11.856522261533737,11.570573364522172,-0.002918532984708097,11.567654831537464
279,discovery,59,3,12.936754021718041,12.874472657883173,0.012349104605535921,12.886821762488708
282,discovery,59,3,12.128116509451258,12.12913214121356,0.012741573651568137,12.141873714865127
286,discovery,59,3,12.011886987792716,12.014147143055208,-0.008283338289098807,12.00586380476611
288,discovery,59,3,11.385103457032141,11.514803547897632,-0.010945498725014283,11.503858049172617
291,discovery,59,3,12.359784657728284,12.410748224251142,-0.004784989604556052,12.405963234646586
304,discovery,59,3,11.917730355182513,11.75215984316569,-0.006653440712211123,11.74550640245348
306,discovery,59,3,12.631016799175821,12.5880044627941,-0.018430233687735515,12.569574229106363
308,discovery,59,3,11.402005077384885,11.45606999158342,0.010121227970754163,11.466191219554174
309,discovery,59,3,11.320565693461432,11.636089066488868,-0.0008792945883157003,11.635209771900552
314,discovery,59,3,12.834683971615659,12.42864757150181,0.021319978397268735,12.449967549899078
322,discovery,59,3,12.777055016970678,12.739779368299704,-0.0026916019318497394,12.737087766367853
324,discovery,59,3,11.745433036677353,11.678328192812716,0.0019430677011479693,11.680271260513864
329,discovery,59,3,12.276069679344003,12.071569616027809,0.014185172107993848,12.085754788135802
330,discovery,59,3,11.264476926102367,11.265452217196328,0.013021840418197374,11.278474057614526
334,discovery,59,3,12.240478903153711,12.150799798932423,-0.00910054850330091,12.141699250429122
335,discovery,59,3,12.165255859329688,12.196424393859305,-0.00011453037698066258,12.196309863482323
345,discovery,59,3,11.350418300109132,11.387733770700637,-0.014843665062291463,11.372890105638344
357,discovery,59,3,12.06105265381003,12.030039196599846,0.0036326799659196687,12.033671876565766
405,discovery,59,3,12.031725210748633,12.058244570828442,0.003951315929616744,12.06219588675806
410,discovery,59,3,12.73596827534975,12.62280837390962,0.0076299417985891665,12.63043831570821
417,discovery,59,3,11.915058360753719,11.95543463682584,0.01812360658882636,11.973558243414667
418,discovery,59,3,12.384223015005313,12.232109643876443,-0.01845457812785892,12.213655065748585
425,discovery,59,3,11.842236406331555,11.870523495825749,0.006040997226452495,11.876564493052202
426,discovery,59,3,11.813037464800539,11.770049083809017,-0.010343149431697757,11.759705934377319
435,discovery,59,3,11.302216779257382,11.339432365117649,0.004801656859302326,11.34423402197695
445,discovery,59,3,12.25486757159303,12.293583916418076,-0.008436056252980504,12.285147860165095
454,discovery,59,3,12.25486757159303,12.324616262109275,0.00696517433630704,12.331581436445582
457,discovery,59,3,11.49273296168228,11.26548530471421,0.00019146084331306363,11.265676765557522
459,discovery,59,3,11.989165855127435,11.917705469562362,-0.0042754200018440625,11.913430049560517
469,discovery,59,3,12.429220196836383,12.410684339698738,-0.000877505701948048,12.40980683399679
470,discovery,59,3,12.138869243416009,12.120329939810292,0.0008511972760081389,12.1211811370863
472,discovery,59,3,12.154784614286667,12.172093576281908,0.017300888662939874,12.189394464944847
476,discovery,59,3,11.794345471549745,11.831091950012096,0.019183892642219195,11.850275842654316
501,discovery,59,3,11.635151947212842,11.624203937599704,-0.021728235037688066,11.602475702562016
505,discovery,59,3,11.898194668458823,11.859341528952768,-0.012889819728897092,11.84645170922387
506,discovery,59,3,11.732069026983156,11.717631194155793,0.000670461409312337,11.718301655565105
513,discovery,59,3,11.774527900858468,11.71645075226209,-0.009317950804024245,11.707132801458066
532,discovery,59,3,11.759793355371237,11.800791643201569,0.02260634909364526,11.823397992295215
535,discovery,59,3,12.08954444723597,12.093131147985751,0.0014870075460968447,12.094618155531847
536,discovery,59,3,11.58525542883217,11.763281764583208,0.02936540762695245,11.792647172210161
538,discovery,59,3,11.619544188752133,11.707686679292337,0.007641285052255478,11.715327964344592
540,discovery,59,3,12.513561021741964,12.412759907630042,0.011466172146624659,12.424226079776666
545,discovery,59,3,12.098854850641,12.194065797484368,-0.0025199546945163962,12.191545842789852
561,discovery,59,3,11.707677772181546,11.999238486054503,0.012864580251055037,12.012103066305558
564,discovery,59,3,12.128116509451258,12.100464988106292,0.016312638691093794,12.116777626797386
565,discovery,59,3,12.498745990829315,12.479774257865255,-0.017811364447262744,12.461962893417992
569,discovery,59,3,12.665397584983758,12.589599397283289,0.024581600837097425,12.614180998120386
593,discovery,59,3,11.835016210489899,11.903301787699286,0.002990220471477571,11.906292008170764
602,discovery,59,3,11.856522261533737,11.74911428283267,-0.00490279085326315,11.744211491979407
604,discovery,59,3,11.92504173829169,11.968949153950977,-0.0026330121592071354,11.96631614179177
605,discovery,59,3,12.30592250537653,12.292308720970048,0.004755929312629237,12.297064650282678
606,discovery,59,3,12.230770136157428,12.153046064109873,-0.0005298726361164931,12.152516191473756
612,discovery,59,3,11.904974309480181,11.985652160381187,0.005896038857065118,11.991548199238252
618,discovery,59,3,11.566475710526321,11.679099056864064,0.0070916799527218745,11.686190736816787
625,discovery,59,3,12.014615485902027,11.946698867687736,-0.00841161204547287,11.938287255642264
626,discovery,59,3,11.982935344196433,11.86802016358048,0.026168358273624827,11.894188521854105
627,discovery,59,3,11.848690308590857,11.739462552584596,0.016000896666837235,11.755463449251433
628,discovery,59,3,11.938199736300925,12.000107188703218,0.005380591600169857,12.005487780303389
637,discovery,59,3,11.002116507732017,10.864165342146244,-0.12006058760056372,10.74410475454568
641,discovery,59,3,12.520887034998584,12.526702665580956,-0.0051377359062322134,12.521564929674724
649,discovery,59,3,11.951186847493476,11.952332994911757,0.002914427456226266,11.955247422367982
650,discovery,59,3,11.344518647594766,11.212359568267384,-0.01178383848292546,11.20057572978446
653,discovery,59,3,12.160033942617156,12.18091986282248,-0.0022970266269966744,12.178622836195483
654,discovery,59,3,11.813037464800539,11.795449601548665,0.021339889374960636,11.816789490923625
655,discovery,59,3,12.765691290604371,12.832817322531092,-0.005399827978819103,12.827417494552273
659,discovery,59,3,11.487617913343598,11.741270976193425,0.0016809332497636326,11.742951909443189
668,discovery,59,3,12.173037959397275,12.24962402920154,0.012431466765611104,12.26205549596715
669,discovery,59,3,12.031725210748633,12.000575070853818,0.007239810979935438,12.007814881833754
671,discovery,59,3,12.063938642041201,12.072369558502425,-0.004555045563717565,12.067814512938707
675,discovery,59,3,11.849404844423074,11.893713986744435,0.01837021892610751,11.912084205670544
676,discovery,59,3,11.908346971208951,11.885673313663524,0.0013520521665716441,11.887025365830096
677,discovery,59,3,11.373674891823535,11.671212938551031,-0.014116601812263282,11.657096336738768
682,discovery,59,3,11.979391594635791,11.572031491521493,-0.031010511354341172,11.541020980167152
687,discovery,59,3,12.336556900342153,12.389876135244272,0.011061824229795339,12.400937959474067
690,discovery,59,3,12.179220327453933,12.156858480837736,-0.019293757347227578,12.137564723490508
692,discovery,59,3,13.534474352733596,13.20749510349555,0.028252864420528236,13.235747967916078
699,discovery,59,3,11.83863282480007,11.80833146383202,0.008802103591850923,11.817133567423872
704,discovery,59,3,11.849404844423074,11.834108120344226,0.026982996662628267,11.861091117006854
705,discovery,59,3,12.269052139516223,12.278214634378584,-0.009226156254384513,12.268988478124198
706,discovery,59,3,10.915106645867503,11.061247567155728,-0.06371324659581963,10.99753432055991
718,discovery,59,3,11.964007453736912,12.000444481809692,0.015713530351865457,12.016158012161558
721,discovery,59,3,12.524530013005734,12.529069836345302,-0.01061520790968059,12.518454628435622
724,discovery,59,3,11.813037464800539,11.81833025290312,-0.012394759553240337,11.80593549334988
725,discovery,59,3,12.676079399771027,12.63848533952175,-0.01684918603421078,12.62163615348754
730,discovery,59,3,11.542493975902508,11.383536138426772,-0.006648466695262079,11.37688767173151
735,discovery,59,3,11.58989576532275,11.589203190034445,0.0062429805070063,11.59544617054145
743,discovery,59,3,12.095146671399466,12.003591999903938,0.00713126696934644,12.010723266873285
747,discovery,59,3,12.371591321286905,12.356434210328835,0.010124862845821318,12.366559073174656
748,discovery,59,3,12.491176396967154,12.39185342336626,-0.008402802149964366,12.383450621216296
757,discovery,59,3,12.264346270624157,12.234297466855658,-0.010636407352590948,12.223661059503067
766,discovery,59,3,12.484208043148733,12.577356495413223,0.007938254149811594,12.585294749563035
776,discovery,59,3,11.995357787034976,11.971128068932313,-0.0025778890599563653,11.968550179872356
778,discovery,59,3,11.86710429621008,11.81373218053666,0.0035350878286968144,11.817267268365356
779,discovery,59,3,11.87757552297847,11.7960151719092,-0.011432688218910131,11.78458248369029
781,discovery,59,3,12.07824495582233,12.03346738422226,-0.001933184789157712,12.031534199433102
785,discovery,59,3,11.759793355371237,11.785378504372984,-0.004477382910262565,11.78090112146272
802,discovery,59,3,11.60733523953139,11.708646762286682,0.0033438884301749423,11.711990650716857
803,discovery,59,3,12.149507585033072,12.134513602326598,-0.00803083513987429,12.126482767186724
807,discovery,59,3,11.816734299348461,11.7900493876865,0.0003957572365857146,11.790445144923085
815,discovery,59,3,11.661354090741,11.686534854017555,0.004921694420634613,11.69145654843819
825,discovery,59,3,12.357079818283598,12.324141486310642,0.0017403037363636035,12.325881790047006
826,discovery,59,3,12.861001210669146,12.944911116868262,0.02547380989913862,12.9703849267674
831,discovery,59,3,12.019749091416921,12.077841850329737,0.0020902256665387255,12.079932075996275
837,discovery,59,3,11.941462360646149,11.77696755423987,-0.015207963740633492,11.761759590499237
840,discovery,59,3,11.779136168550774,11.798103400903496,0.03724632401952659,11.835349724923024
846,discovery,59,3,12.049424683420915,12.102065603313624,0.006164235217160662,12.108229838530786
847,discovery,59,3,12.269052139516223,12.173350722094384,-0.00762469542541539,12.165726026668969
853,discovery,59,3,12.00762780434872,12.025720475998492,-0.019176747523080604,12.006543728475412
870,discovery,59,3,12.371591321286905,12.324337100247712,-0.016649765476385185,12.307687334771327
871,discovery,59,3,11.603688960617083,11.51989822905528,0.005634415242853567,11.525532644298133
877,discovery,59,3,11.792456911128632,11.812722701582013,-0.008224202838227567,11.804498498743785
883,discovery,59,3,12.08954444723597,12.059638267787676,0.007206372548637697,12.066844640336313
889,discovery,59,3,12.498745990829315,12.600927970471291,-0.021394447792437956,12.579533522678853
895,discovery,59,3,11.685693195625964,11.715782926154349,-0.005540818782881285,11.710242107371467
900,discovery,59,3,11.813037464800539,11.820464393340783,0.006899708419083082,11.827364101759866
905,discovery,59,3,11.74006900564972,11.705736925471308,-0.009578627388280558,11.696158298083027
907,discovery,59,3,12.449022745701502,12.461089556575931,-0.02065374587580255,12.440435810700128
918,discovery,59,3,11.813037464800539,11.810193424248649,0.010014262575918306,11.820207686824567
919,discovery,59,3,12.380030154325457,12.460766828388516,0.019552183631275186,12.480319012019791
923,discovery,59,3,12.043500773454495,12.054386450202966,-0.01327575166086845,12.041110698542097
924,discovery,59,3,12.170450649220749,12.185663143350286,-0.002713443290471405,12.182949700059815
925,discovery,59,3,12.242891437918386,12.236527496983028,-0.010110837409493433,12.226416659573534
929,discovery,59,3,12.373707715234994,12.379012604556896,-0.001437636530430759,12.377574968026465
932,discovery,59,3,11.674202123168433,11.758416934952043,0.007785676633452731,11.766202611585497
936,discovery,59,3,11.288543647320601,11.49313582311681,0.018079996615012906,11.511215819731824
941,discovery,59,3,11.924379271639218,12.04441262698404,0.00983178909592382,12.054244416079962
942,discovery,59,3,12.273735966890268,12.337876455644873,-0.004085583244066159,12.333790872400806
943,discovery,59,3,11.918397239722838,11.767418489123711,0.029965278648006667,11.797383767771718
944,discovery,59,3,11.870606902224587,11.80752171320015,-0.02159984135727388,11.785921871842877
949,discovery,59,3,12.167856627501678,12.19863951384686,-0.0024135697940019826,12.196225944052857
951,discovery,59,3,11.767575435251748,11.858646417172029,0.01385123714964951,11.872497654321679
952,discovery,59,3,11.694421681264394,11.649766773870024,-0.00964508571042505,11.6401216881596
955,discovery,59,3,11.755879486687116,11.735082596269466,0.018920473880357676,11.754003070149825
957,discovery,59,3,11.728044909070785,11.713848965048674,-0.004014856534830178,11.709834108513844
968,discovery,59,3,11.813037464800539,11.835771428660331,0.007374200918982927,11.843145629579315
971,discovery,59,3,11.813037464800539,11.26668054819109,0.011863174731321743,11.27854372292241
977,discovery,59,3,11.356283350762888,11.32707508033629,-0.043713398700539016,11.28336168163575
987,discovery,59,3,11.669937760751914,11.733950865040203,0.003797786493376827,11.73774865153358
993,discovery,59,3,12.138869243416009,12.201302358154567,-0.0015617946913398038,12.199740563463228
995,discovery,59,3,12.729323752253295,12.721603943057463,-0.017096630201093272,12.70450731285637
1009,discovery,59,3,12.388398368982115,12.39802031787656,0.0056761035861001355,12.40369642146266
1011,discovery,59,3,11.813037464800539,11.762192333207407,-0.004178769452744416,11.758013563754663
1015,discovery,59,3,11.688566422839942,11.718449319940431,-0.012901068845359218,11.705548251095072
1024,discovery,59,3,12.160033942617156,12.160479965896076,-0.00025304680312004225,12.160226919092956
1030,discovery,59,3,11.678448377988165,11.693022453618807,-0.018477575891442114,11.674544877727365
1035,discovery,59,3,11.693169865968983,11.754954411240666,0.009064963751874771,11.764019374992541
1036,discovery,59,3,11.338583982516495,11.3317763136328,0.011903172133449696,11.343679485766248
1037,discovery,59,3,12.66191713053049,12.771703488176588,0.011884920584684872,12.783588408761272
1038,discovery,59,3,12.567240979056246,12.410366984370333,-0.010470005019322187,12.399896979351011
1044,discovery,59,3,12.47717172708952,12.423576361197306,-0.007856699955466506,12.41571966124184
1047,discovery,59,3,13.229569788348705,13.011033187764886,0.004555173194106809,13.015588360958992
1050,discovery,59,3,11.349241150793087,11.610830808814235,0.012940802947713692,11.62377161176195
1070,discovery,59,3,11.813037464800539,11.77619463120522,-0.004552357905067032,11.771642273300152
1071,discovery,59,3,11.813037464800539,11.785886416537094,0.003806797047653357,11.789693213584748
1073,discovery,59,3,11.424105180165641,11.598119041393794,-0.011248760287774544,11.58687028110602
1075,discovery,59,3,12.175618592671356,12.098812838708415,0.012874978573229076,12.111687817281645
1076,discovery,59,3,12.299112067295642,12.188487002755272,0.01850659484752149,12.206993597602793
1083,discovery,59,3,12.165255859329688,12.17691747533216,-0.01623332597562192,12.16068414935654
1084,discovery,59,3,11.982935344196433,11.971124434576598,0.024522145596472155,11.995646580173071
1085,discovery,59,3,12.141539457711714,12.126310262757416,-0.005709256271780739,12.120601006485636
1086,discovery,59,3,11.898194668458823,11.977526504967305,-0.01259467258823938,11.964931832379065
1089,discovery,59,3,11.83138646878959,11.76404064282143,-0.022770371810635265,11.741270271010794
1095,discovery,59,3,11.767575435251748,11.810080117969925,-0.011511190021508633,11.798568927948416
1096,discovery,59,3,12.080696479888445,12.119447627579854,-0.0073681788127949056,12.112079448767059
1099,discovery,59,3,11.759793355371237,11.604178569671422,-0.013191174537231346,11.59098739513419
1101,discovery,59,3,11.002116507732017,10.943437273291352,-0.016011337518868917,10.927425935772483
1121,discovery,59,3,11.681832447342321,11.6477989207478,0.0025074544217816228,11.650306375169581
1124,discovery,59,3,11.678448377988165,11.488274023295414,0.017929270205578662,11.506203293500993
1125,discovery,59,3,12.007017865994577,12.014518565498369,-0.0013585964609621666,12.013159969037407
1133,discovery,59,3,11.674202123168433,11.714138558238965,-0.040082342840316906,11.674056215398648
1138,discovery,59,3,11.451060699493427,11.412094484081914,-0.010786829893351111,11.401307654188562
1141,discovery,59,3,11.842236406331555,11.765441347259324,0.013780490576893695,11.779221837836218
1151,discovery,59,3,11.728044909070785,11.737314660867952,-0.011191682901277185,11.726122977966675
1153,discovery,59,3,12.345838935721968,12.191012145010388,0.021241787636752288,12.21225393264714
1159,discovery,59,3,12.367889578686164,12.362894460859897,0.0027163651128615787,12.365610825972759
1161,discovery,59,3,11.891368749982085,11.860992878604495,0.0005539946121791148,11.861546873216675
1168,discovery,59,3,12.06105265381003,12.177350372682511,-0.004130778115318548,12.173219594567193
1174,discovery,59,3,12.208574513247495,12.270935267397526,-0.0011560026167799905,12.269779264780746
1190,discovery,59,3,12.149507585033072,12.166093690355645,-0.006023783007788276,12.160069907347856
1191,discovery,59,3,12.031725210748633,12.077073099453449,0.022242781502977555,12.099315880956427
1192,discovery,59,3,12.066816325306588,12.01900595417084,0.018366329625434042,12.037372283796275
1194,discovery,59,3,12.013706813470414,11.99705701365648,0.004620001669347106,12.001677015325827
1198,discovery,59,3,11.87757552297847,11.963548531122278,0.0145221771393094,11.978070708261587
1200,discovery,59,3,11.904974309480181,11.864367347964256,-0.016510651956533,11.847856696007723
1214,discovery,59,3,11.884495917930655,11.700502838395796,0.0024280523809475088,11.702930890776743
1216,discovery,59,3,11.736077016252437,11.585573065527882,-0.01604152079688268,11.569531544731
1217,discovery,59,3,11.626263078808801,11.705481741786578,-0.011495045544288584,11.69398669624229
1219,discovery,59,3,11.296024885689746,11.157749652329654,-0.03210517128579269,11.125644481043862
1222,discovery,59,3,11.80560254159177,11.700624049032443,0.005192189072609446,11.705816238105053
1225,discovery,59,3,12.122696471358964,12.182282040919349,0.010858890153420522,12.193140931072769
1231,discovery,59,3,12.154784614286667,12.18910234271514,-0.01408145476408964,12.17502088795105
1243,discovery,59,3,12.04355959836804,11.966872518790932,-0.0031132126817971437,11.963759306109136
1250,discovery,59,3,11.686887175419702,11.735330234565623,-0.0050419772066489,11.730288257358975
1253,discovery,59,3,11.775297421715827,11.680320192304778,-0.009071321767702327,11.671248870537076
1254,discovery,59,3,12.591338447675579,12.58743650735701,0.015167403215404784,12.602603910572414
1255,discovery,59,3,12.016128107502665,12.131342426949873,-0.0009679966853985585,12.130374430264474
1270,discovery,59,3,11.87757552297847,11.813294348961334,-0.004835958025905488,11.808458390935428
1271,discovery,59,3,12.468440756144114,12.360870082738154,-0.0023901124621357604,12.358479970276019
1284,discovery,59,3,11.842236406331555,11.833082648752445,0.005485642662009938,11.838568291414454
1286,discovery,59,3,11.794345471549745,11.72640609807157,0.006364455697833011,11.732770553769402
1292,discovery,59,3,11.691080018519527,11.661339492512544,0.011087059410473023,11.672426551923017
1294,discovery,59,3,12.000897933306716,12.095220595449147,0.006947732105804273,12.102168327554951
1303,discovery,59,3,12.577639650232573,12.665562135531813,0.02338906748541084,12.688951203017224
1307,discovery,59,3,12.218500103788143,12.146263472911048,-0.009887617759322063,12.136375855151726
1320,discovery,59,3,11.6172944892629,11.642663507123505,-0.01492653681235993,11.627736970311144
1325,discovery,59,3,11.898194668458823,12.602502907233868,0.0035364105854910235,12.60603931781936
1327,discovery,59,3,11.277215789596893,11.406405896218269,-0.03666882910559476,11.369737067112673
1343,discovery,59,3,12.339295865674435,12.4068052590848,-0.01641210982700161,12.390393149257799
1346,discovery,59,3,11.59451466851004,11.419437773137714,-0.02363820320689454,11.39579956993082
1355,discovery,59,3,12.367345048436391,12.36521162741914,-0.0029444093055634953,12.362267218113576
1358,discovery,59,3,11.917730355182513,11.985648143701916,0.01336797529457593,11.999016118996492
1361,discovery,59,3,12.149507585033072,12.16544881390628,0.0002870240632108194,12.16573583796949
1364,discovery,59,3,11.963574241653713,12.031715620615705,-0.0010654938263398466,12.030650126789364
1365,discovery,59,3,11.878630514504515,11.899915367316847,-0.005271526542377251,11.89464384077447
1366,discovery,59,3,12.283038316285214,12.261698870663036,0.014376940874095731,12.276075811537131
1371,discovery,59,3,11.561725152903833,11.600047100640795,0.005717173169580859,11.605764273810376
1373,discovery,59,3,12.521981322562505,12.409204925987824,-0.005466071495968965,12.403738854491856
1378,discovery,59,3,11.669937760751914,11.813232189931762,0.0006042614789244998,11.813836451410687
1383,discovery,59,3,11.964007453736912,11.893246328625878,0.020967154486572073,11.91421348311245
1385,discovery,59,3,11.561725152903833,11.568694138702684,0.013912152634281664,11.582606291336965
1395,discovery,59,3,12.415437707935368,12.30277759093949,-0.016734417394187424,12.286043173545302
1398,discovery,59,3,11.83138646878959,11.845829393582234,0.019386004879849497,11.865215398462084
1400,discovery,59,3,11.831022768939789,11.96978726917341,0.004939605784364114,11.974726874957774
1410,discovery,59,3,12.278397958261774,12.24089723955716,-0.0013894157370166957,12.239507823820144
1421,discovery,59,3,12.100161978566867,12.051448621458755,-0.0007870308451947866,12.05066159061356
1426,discovery,59,3,11.863589378812122,11.870424279457254,0.012254902065128012,11.882679181522382
1428,discovery,59,3,11.849404844423074,11.867940477310608,-0.009931542310174362,11.858008935000434
1429,discovery,59,3,11.686887175419702,11.62264411012219,-0.0113386252851132,11.611305484837077
1440,discovery,59,3,12.190964083849375,12.058141985298947,0.010138486664672972,12.06828047196362
1444,discovery,59,3,11.703554089007538,11.581215701649972,0.003649964216009772,11.584865665865982
1449,discovery,59,3,11.626263078808801,11.649759879092578,0.034140028734975576,11.683899907827554
1451,discovery,59,3,11.820417517632333,11.785348114213855,0.011089883648804704,11.79643799786266
1458,discovery,59,3,12.493133274926212,12.490130444657456,-0.004111314609474125,12.486019130047982
1459,discovery,59,3,11.864469267087891,11.79626949274716,0.0017907397930125083,11.798060232540172
2,discovery,59,4,12.109016442313738,12.097164483743432,0.004733006808329976,12.101897490551762
3,discovery,59,4,12.317171167298682,12.231716328135038,0.004249831503786081,12.235966159638824
11,discovery,59,4,11.771443882099637,11.750930052667842,-0.006717697540920419,11.74421235512692
23,discovery,59,4,12.345838935721968,12.35097154724442,-0.02288947582320836,12.328082071421212
33,discovery,59,4,12.100161978566867,12.139427103033094,-0.005058738984107101,12.134368364048987
34,discovery,59,4,12.016732516077072,12.06931111749884,-0.009975494543826464,12.059335622955013
42,discovery,59,4,12.04355959836804,12.070551023364414,0.009217939595066107,12.07976896295948
51,discovery,59,4,12.083910661257521,12.102243435473516,-0.0017474360777561138,12.10049599939576
52,discovery,59,4,11.648338835562747,11.716086469368316,0.007511003642043828,11.72359747301036
54,discovery,59,4,12.861001210669146,12.770930421063182,0.028510810294013214,12.799441231357196
59,discovery,59,4,12.991755706536901,12.907565273521756,0.006153333407641611,12.913718606929399
60,discovery,59,4,11.735276702486741,11.721363238390982,-0.000671474211005248,11.720691764179977
61,discovery,59,4,11.970356641102999,12.028321766825105,0.00016673800285134063,12.028488504827957
76,discovery,59,4,11.418625774449598,11.421128640314612,-0.008815444207169548,11.412313196107442
81,discovery,59,4,12.173037959397275,12.277068381492724,0.007455054600375301,12.2845234360931
87,discovery,59,4,12.066816325306588,12.075571553297,0.0007055838881094973,12.076277137185109
89,discovery,59,4,11.350418300109132,11.164870396101785,-0.038806424371031774,11.126063971730753
90,discovery,59,4,11.724813914587886,11.68494090465078,0.0017578671958893548,11.68669877184667
91,discovery,59,4,11.60733523953139,11.52419104127669,0.004089739610543771,11.528280780887235
94,discovery,59,4,11.804855999911272,12.0553978427734,0.016731336468073812,12.072129179241474
96,discovery,59,4,12.128116509451258,12.137546055678497,-0.0011136023375923798,12.136432453340905
98,discovery,59,4,11.459007676978688,11.724073503269668,0.00033036014939855475,11.724403863419067
106,discovery,59,4,12.429220196836383,12.421798277473425,-0.004940335101493811,12.41685794237193
122,discovery,59,4,11.51293546492023,11.484507401735794,0.0019448594744525083,11.486452261210246
130,discovery,59,4,11.918397239722838,11.869840145808006,0.005234850546424237,11.87507499635443
135,discovery,59,4,12.100717685412471,12.058112708359086,0.0029254389768734474,12.06103814733596
143,discovery,59,4,12.019749091416921,11.740058231174922,-0.012730730534845934,11.727327500640076
150,discovery,59,4,11.652696102959753,11.580327877074842,-0.007028800102979896,11.573299076971862
155,discovery,59,4,11.736077016252437,11.499790139122618,-0.010196490555264708,11.489593648567354
157,discovery,59,4,11.603688960617083,11.64498132377736,0.006473328811980564,11.65145465258934
158,discovery,59,4,12.504327379899443,12.525676068387162,0.0074476167600765674,12.533123685147238
160,discovery,59,4,12.676079399771027,12.639273804270085,0.004596114152467644,12.643869918422553
163,discovery,59,4,12.301387370778713,12.376652868060136,0.009906707109762021,12.386559575169898
167,discovery,59,4,12.154784614286667,12.284102016492191,-0.02188953319974819,12.262212483292442
172,discovery,59,4,12.278397958261774,12.099958698216607,0.029735937324812764,12.12969463554142
173,discovery,59,4,12.384223015005313,12.268340939128766,-0.006631918030020232,12.261709021098746
181,discovery,59,4,12.083910661257521,12.064823698509937,0.012281122161157483,12.077104820671094
183,discovery,59,4,11.695255355062795,11.68196004693713,0.012841227699619205,11.694801274636749
185,discovery,59,4,11.751950239425476,11.72022517464567,0.005590064041185417,11.725815238686854
200,discovery,59,4,12.524166311833152,12.635169350068889,-0.003944944362781576,12.631224405706106
217,discovery,59,4,12.25486757159303,12.225323799990743,0.006723871433655414,12.232047671424398
223,discovery,59,4,12.100161978566867,12.081476564800392,0.01463461658583104,12.096111181386222
229,discovery,59,4,11.736077016252437,11.705428476970331,-0.014719799643207803,11.690708677327123
245,discovery,59,4,12.230770136157428,12.357095021151704,0.019053587812655915,12.37614860896436
246,discovery,59,4,12.394628892852941,12.281707849130475,-0.030249883329199784,12.251457965801276
248,discovery,59,4,11.849404844423074,11.854113040669978,-0.005964973838791386,11.848148066831186
249,discovery,59,4,12.100717685412471,12.119465509154054,-0.0069493823026647765,12.11251612685139
250,discovery,59,4,12.531776395271262,12.534531230320582,0.021237415245891032,12.555768645566472
251,discovery,59,4,11.245059091624615,11.408778193915298,-0.02421359006970809,11.38456460384559
261,discovery,59,4,12.07824495582233,12.051544956423491,0.023415317740257097,12.074960274163749
262,discovery,59,4,12.52815976788113,12.770554129185117,-0.010100228255342953,12.760453900929773
268,discovery,59,4,12.097936057925594,12.12745126170478,0.005455572749519399,12.1329068344543
273,discovery,59,4,12.577639650232573,12.625084218005744,2.075978316586593e-05,12.62510497778891
285,discovery,59,4,12.09626335986454,12.164906234972207,-0.006060552748366962,12.15884568222384
293,discovery,59,4,11.782960235741939,11.88371954494609,-0.013282259634847152,11.870437285311242
295,discovery,59,4,12.025755079404917,11.93704537243794,-0.011328916272264993,11.925716456165674
298,discovery,59,4,12.384223015005313,12.321326576932664,-0.017353046088015113,12.30397353084465
299,discovery,59,4,12.07254696717504,12.113380465064186,0.017248785955416283,12.130629251019602
303,discovery,59,4,12.230770136157428,12.333218757069584,-0.00348354434428628,12.329735212725298
305,discovery,59,4,12.59473402514672,12.539919534626168,-0.017792996372930657,12.522126538253238
325,discovery,59,4,12.396697137361691,12.47052220297056,0.007376886815465447,12.477899089786026
327,discovery,59,4,12.688501881189456,12.540544232124445,0.006276479303527921,12.546820711427973
337,discovery,59,4,12.841132451487937,12.82857131465572,-0.034418163678001205,12.794153150977719
338,discovery,59,4,12.273735966890268,12.300032338774995,0.00576190091464527,12.305794239689641
348,discovery,59,4,11.967187086434018,12.07379660616498,-0.008774670633571558,12.065021935531409
359,discovery,59,4,11.775297421715827,11.795826419949684,0.023717589685090825,11.819544009634775
360,discovery,59,4,12.54254845357358,12.53241665048612,-0.01908153965131751,12.513335110834802
362,discovery,59,4,11.884495917930655,11.856071881851737,0.00011713782525879357,11.856189019676995
364,discovery,59,4,11.678448377988165,11.55865068275377,0.011163605944801648,11.569814288698572
366,discovery,59,4,11.898194668458823,11.711559010002066,-0.018889839623799302,11.692669170378267
367,discovery,59,4,11.976665770490767,12.011878955001862,0.006225467639902738,12.018104422641764
368,discovery,59,4,12.013706813470414,11.951468843474954,0.00996694264014544,11.9614357861151
378,discovery,59,4,12.73670383776449,12.581836775644414,-0.024164654853191248,12.557672120791223
387,discovery,59,4,11.302216779257382,11.439266297488118,0.012557253950624582,11.451823551438743
391,discovery,59,4,11.686887175419702,11.76899133277763,-0.02555848446110188,11.743432848316527
396,discovery,59,4,11.767575435251748,11.755494517096263,-0.011342489637637678,11.744152027458625
411,discovery,59,4,11.002116507732017,11.50534893763326,-0.02775299370335436,11.477595943929906
414,discovery,59,4,11.652696102959753,11.582014820483716,-0.004931503534787826,11.577083316948928
432,discovery,59,4,11.288543647320601,11.540295579746422,-0.003043979214062904,11.53725160053236
440,discovery,59,4,11.608244735642321,11.842629324086827,0.02503033808636845,11.867659662173196
441,discovery,59,4,13.22672519452875,13.087993340980818,0.013774002251062087,13.101767343231879
443,discovery,59,4,12.000897933306716,11.955202648912069,0.0022206363923619908,11.957423285304431
448,discovery,59,4,12.20557752297723,12.23821259136094,0.0007870219810705093,12.23899961334201
449,discovery,59,4,11.691080018519527,11.740737743539698,-0.013747052661524742,11.726990690878173
452,discovery,59,4,12.54254845357358,12.329102221173995,-0.0020811399629089545,12.327021081211086
456,discovery,59,4,12.075400019877522,11.986336746730691,-0.0011759910411477444,11.985160755689543
458,discovery,59,4,12.45293662970407,12.395310438773908,0.015232733321966941,12.410543172095876
463,discovery,59,4,11.04106411122238,11.721324644923424,0.011051140181472123,11.732375785104896
466,discovery,59,4,12.093693109638318,12.152105448984925,0.013296600934614173,12.165402049919539
467,discovery,59,4,12.025755079404917,11.980525657330004,0.009396977948389612,11.989922635278393
480,discovery,59,4,11.401681006153428,11.646132856786652,-0.008302557494742423,11.63783029929191
486,discovery,59,4,11.898194668458823,11.934486580115513,-0.01092475290752517,11.923561827207987
492,discovery,59,4,11.798111925972618,11.900797430585389,-0.02096294520994902,11.87983448537544
495,discovery,59,4,11.421917019425596,11.514151435816247,0.006919527256303912,11.521070963072551
503,discovery,59,4,11.849404844423074,11.78100631720669,0.008723401425849563,11.78972971863254
509,discovery,59,4,11.989165855127435,11.903341739658842,-0.008991130786995831,11.894350608871846
511,discovery,59,4,12.013100572810686,12.02534468521269,0.006082426788072291,12.031427112000763
515,discovery,59,4,11.477308649967686,11.433161048297588,-0.017250070232987264,11.4159109780646
517,discovery,59,4,11.970356641102999,12.01685183356337,0.01270905461938351,12.029560888182754
521,discovery,59,4,11.573559498507079,11.38734148371025,0.006018156030508826,11.393359639740758
530,discovery,59,4,12.209192772866418,12.333871560661382,0.021868008997654922,12.355739569659038
534,discovery,59,4,10.579005242826247,10.887517052761911,0.008644937840045585,10.896161990601957
546,discovery,59,4,12.34148164933907,12.337574736503916,-0.0022198601321720864,12.335354876371744
548,discovery,59,4,11.771443882099637,11.759297248268622,0.0003059809449518875,11.759603229213573
549,discovery,59,4,11.736077016252437,11.696538652847938,-0.006492210334164913,11.690046442513774
559,discovery,59,4,12.07254696717504,12.183453679491423,0.0055689189199671415,12.189022598411391
575,discovery,59,4,11.842236406331555,11.716544292711331,0.005183139674862659,11.721727432386194
578,discovery,59,4,12.010671928196443,11.93068210659459,0.009178184291341413,11.939860290885932
580,discovery,59,4,11.78676973513378,11.764676546811558,0.01609848925531367,11.78077503606687
584,discovery,59,4,12.691583538230217,12.590089363002438,0.03351575132853512,12.623605114330973
586,discovery,59,4,12.820990681250251,12.875230027745442,0.033348277414293595,12.908578305159736
601,discovery,59,4,12.524530013005734,12.4801567029598,-0.0179281951512041,12.462228507808595
608,discovery,59,4,12.323860125621126,12.116749651280562,-0.0020057687469622752,12.1147438825336
611,discovery,59,4,12.653961664405365,12.658496030448251,-0.0067197865100717125,12.65177624393818
617,discovery,59,4,12.118339189722553,12.117641361911906,0.0034663868983091013,12.121107748810214
619,discovery,59,4,12.659737267217572,12.677298139018276,0.052956539412053236,12.73025467843033
621,discovery,59,4,11.112462823634855,10.985267821578708,-0.04517450350141958,10.940093318077288
635,discovery,59,4,11.87757552297847,11.789221952946878,0.0015474499592661633,11.790769402906145
644,discovery,59,4,11.931642378754141,11.934723372170048,-0.0038736602520430953,11.930849711918004
657,discovery,59,4,11.8879382384223,11.877194739954437,0.003705738769980007,11.880900478724417
672,discovery,59,4,11.548302261270587,11.575661239840963,-0.024912879375099332,11.550748360465864
674,discovery,59,4,12.458778882573533,12.423593925833146,0.034531401076284926,12.45812532690943
685,discovery,59,4,12.30592250537653,12.284924510204178,-0.005778043947675031,12.279146466256503
688,discovery,59,4,11.910365121788654,11.945255132059671,-0.006503396810073714,11.938751735249598
689,discovery,59,4,12.879019669789754,12.346630938447277,0.02050797778820399,12.367138916235481
691,discovery,59,4,11.856522261533737,11.90881395162039,-0.0006614339750464241,11.908152517645343
701,discovery,59,4,12.652362948153474,12.628498530162917,-0.004106938985592712,12.624391591177323
702,discovery,59,4,11.849404844423074,11.888010076911256,0.013252217694516837,11.901262294605772
703,discovery,59,4,12.799178471909892,12.837348260472847,-0.021246597608973017,12.816101662863874
708,discovery,59,4,12.445093483000798,12.282038119428105,0.005003978780547937,12.287042098208653
713,discovery,59,4,12.149507585033072,12.166688232321542,-0.009790855315506941,12.156897377006036
714,discovery,59,4,11.767575435251748,11.67521334346702,0.00027511799517375933,11.675488461462193
722,discovery,59,4,11.870606902224587,11.881470411470374,-0.0009229413600208215,11.880547470110354
723,discovery,59,4,11.732069026983156,11.679394274106487,0.018861030961365793,11.698255305067853
731,discovery,59,4,12.373707715234994,12.469023720259448,0.022951216819251774,12.4919749370787
737,discovery,59,4,11.44572741040675,11.345562001394692,-0.010020458194648217,11.335541543200044
739,discovery,59,4,12.095146671399466,11.801750098652402,0.004036194973338971,11.805786293625742
741,discovery,59,4,11.790564777297387,11.675278415303708,-0.007468972462224204,11.667809442841484
753,discovery,59,4,12.28765724080691,12.249959648802964,0.0025857830809580956,12.252545431883922
756,discovery,59,4,12.058158312538197,12.033692477774146,0.016054395063290528,12.049746872837437
762,discovery,59,4,11.51293546492023,11.602013100995112,0.011098792613503293,11.613111893608615
769,discovery,59,4,12.28690580994122,12.3514042966649,0.006461431427859059,12.357865728092758
770,discovery,59,4,13.195615697878253,13.060222703655718,0.05124978544802296,13.111472489103742
783,discovery,59,4,12.139403856983334,12.14959821050767,-0.00027662284123273334,12.149321587666437
794,discovery,59,4,12.323860125621126,12.3879176982012,0.010544618312166234,12.398462316513365
797,discovery,59,4,11.874097282798648,11.814006058360404,0.009167406516987766,11.82317346487739
806,discovery,59,4,12.335700805443338,12.251325378355238,0.016067118035307495,12.267392496390546
813,discovery,59,4,10.932999821119937,11.466823294313702,0.029038497584014902,11.495861791897717
814,discovery,59,4,11.969723533345908,11.937573919598316,0.009931466552193458,11.94750538615051
819,discovery,59,4,11.951186847493476,11.926563965093225,0.00435785351328347,11.930921818606508
821,discovery,59,4,12.117246896289503,12.130019986486998,-0.0014064701440895109,12.128613516342908
822,discovery,59,4,11.440365524765756,11.355961438623126,0.005518089299283592,11.361479527922409
823,discovery,59,4,12.323860125621126,12.112340079745588,-0.008263036134207823,12.10407704361138
827,discovery,59,4,11.603688960617083,11.479562130679865,0.01212373961265279,11.491685870292518
828,discovery,59,4,12.149507585033072,12.169757911885192,-0.01980245732996895,12.149955454555222
830,discovery,59,4,11.900912042974875,11.966920465817113,-0.0008697734633433052,11.96605069235377
834,discovery,59,4,12.025755079404917,11.948720953899764,0.007997222742426693,11.956718176642191
839,discovery,59,4,11.87757552297847,11.944287748738349,0.007952706132154395,11.952240454870504
843,discovery,59,4,12.071975378543236,11.964608950906277,0.009211847964822129,11.973820798871099
844,discovery,59,4,11.856522261533737,11.724519910673791,-0.006628778799743095,11.717891131874048
849,discovery,59,4,12.388398368982115,12.411560442812442,0.01742216528823131,12.428982608100673
858,discovery,59,4,12.066816325306588,11.98495735707557,-0.004831164264853773,11.980126192810717
862,discovery,59,4,11.78676973513378,11.80315815870206,-0.0022484315234356646,11.800909727178624
867,discovery,59,4,12.424810506025395,12.430588458728112,-0.048771125812780855,12.38181733291533
869,discovery,59,4,12.037659911047468,12.035648978947185,0.0009923876225683287,12.036641366569754
887,discovery,59,4,11.884495917930655,11.958690921719908,-0.006258600218283716,11.952432321501625
898,discovery,59,4,11.870278179170796,11.8198521114912,-0.003771105403077931,11.81608100608812
906,discovery,59,4,11.759793355371237,11.750927815718514,-0.008954540384935244,11.741973275333578
911,discovery,59,4,11.946660519211651,11.859865483043844,0.020809647472017336,11.880675130515861
912,discovery,59,4,11.874097282798648,11.957171233470657,0.013161239879148698,11.970332473349805
914,discovery,59,4,11.884495917930655,11.884659636976105,-0.010346729557734833,11.87431290741837
915,discovery,59,4,12.065280672855897,12.014487207114833,8.523893323803801e-05,12.01457244604807
922,discovery,59,4,11.890683588496984,11.987613437277671,-0.023189644098349255,11.964423793179321
931,discovery,59,4,12.211065162153215,12.299627393574584,-0.012040576337121843,12.287586817237463
934,discovery,59,4,12.154784614286667,12.20096160319477,-0.013804338094633427,12.187157265100137
935,discovery,59,4,12.396697137361691,12.304707648817445,-0.01286090943820724,12.291846739379238
938,discovery,59,4,12.441148720271016,12.365266899553015,0.006332393904293396,12.371599293457308
945,discovery,59,4,11.83138646878959,12.012620443737235,0.0036766969172018103,12.016297140654437
948,discovery,59,4,12.506180941677357,12.539527329589584,-0.010122275673539686,12.529405053916044
959,discovery,59,4,12.128116509451258,12.173552484740828,0.006508404630458362,12.180060889371287
960,discovery,59,4,11.951186847493476,12.090364113882284,0.006348179383151855,12.096712293265435
964,discovery,59,4,12.384223015005313,12.47633101934952,-0.008968757844965414,12.467362261504555
967,discovery,59,4,11.982935344196433,11.876194004111865,0.004513990340195532,11.88070799445206
972,discovery,59,4,12.06105265381003,12.003461841202563,-0.0008622682916312514,12.002599572910933
973,discovery,59,4,11.507922973347437,11.733416648721017,-0.0020735052945318336,11.731343143426484
974,discovery,59,4,12.111767460549332,12.311990856812344,0.014805273244164092,12.326796130056508
979,discovery,59,4,11.608244735642321,11.552710989976578,-0.010687201137029772,11.542023788839549
981,discovery,59,4,12.091789104493502,12.000007969253923,0.00338980099557197,12.003397770249496
986,discovery,59,4,11.736077016252437,11.64543962467766,-0.002461004239832898,11.642978620437827
988,discovery,59,4,12.887129532148373,12.987107354600038,0.015740857317432407,13.00284821191747
989,discovery,59,4,12.180759965737863,12.190642565560411,0.015806891256069287,12.20644945681648
999,discovery,59,4,11.418625774449598,11.461321092951264,0.014473221522941195,11.475794314474205
1000,discovery,59,4,12.235636302128867,12.153171661159138,0.0028947379213545613,12.156066399080492
1005,discovery,59,4,12.10625783509458,12.140552582632212,-0.008234165743759155,12.132318416888452
1016,discovery,59,4,12.33270970174018,12.242218373265043,0.002369596048654773,12.244587969313699
1022,discovery,59,4,12.175618592671356,12.22637559506862,0.0029816140285967062,12.229357209097216
1026,discovery,59,4,11.630717389475995,11.734098761077464,0.007858198314358604,11.741956959391823
1031,discovery,59,4,11.982935344196433,11.781356720445592,0.014693787970119323,11.79605050841571
1042,discovery,59,4,12.06105265381003,12.000867080639445,-0.004743395985866905,11.996123684653577
1045,discovery,59,4,12.535379989788607,12.546215932219637,0.019383116126349662,12.565599048345986
1058,discovery,59,4,12.421188057397055,12.34747657464038,0.02064241324906215,12.368118987889442
1061,discovery,59,4,12.271396795480596,12.243995473782809,-0.010984372055946242,12.233011101726863
1062,discovery,59,4,11.302216779257382,11.56344165131675,0.015272223832508851,11.57871387514926
1064,discovery,59,4,11.612779849672751,11.76391982012558,-0.0015861220252451013,11.762333698100335
1066,discovery,59,4,12.700771936142122,12.500783012477878,0.020511023192591838,12.52129403567047
1072,discovery,59,4,11.944714374881176,11.961024024757158,0.01961635249380031,11.980640377250959
1079,discovery,59,4,11.956976469393481,11.857221498040944,-0.0015528768930879097,11.855668621147856
1081,discovery,59,4,11.884495917930655,12.008296923506014,0.037294604786878544,12.045591528292894
1082,discovery,59,4,11.798111925972618,11.77405646616989,0.0022841847182522605,11.776340650888143
1087,discovery,59,4,11.332613886815139,11.49950618668242,-0.004145688744342371,11.495360497938078
1088,discovery,59,4,12.437188334739655,12.456989345191763,0.007853479344219231,12.464842824535982
1098,discovery,59,4,12.04355959836804,11.952582844338524,-0.022893808578052482,11.929689035760472
1106,discovery,59,4,12.691583538230217,12.730342535200837,0.0008645709248115582,12.731207106125648
1111,discovery,59,4,12.144202560946876,12.115208346418733,-0.005260864782598206,12.109947481636135
1116,discovery,59,4,12.669809806411457,12.60556450178532,-0.02196113581391184,12.583603365971408
1128,discovery,59,4,12.464587201678082,12.386701931627735,-0.001186060733764523,12.38551587089397
1129,discovery,59,4,12.278397958261774,12.22779835553326,-0.006838936910455989,12.220959418622805
1131,discovery,59,4,11.813037464800539,11.979026375879911,-0.002695442296654182,11.976330933583258
1132,discovery,59,4,11.44572741040675,11.57477874949936,-0.045847037467319225,11.52893171203204
1135,discovery,59,4,12.037659911047468,12.103377371626,-0.007859805928061712,12.095517565697937
1137,discovery,59,4,11.686887175419702,11.674790979388108,0.006526891241376716,11.681317870629485
1139,discovery,59,4,12.185875040240456,12.222767310745626,0.003505206601872175,12.226272517347498
1140,discovery,59,4,11.87757552297847,11.71389693236912,0.002952388490057476,11.716849320859177
1142,discovery,59,4,12.193498926601634,12.179111935316604,0.012350275622617443,12.191462210939221
1146,discovery,59,4,11.91170829631447,11.799346403543597,0.007065525599827503,11.806411929143424
1148,discovery,59,4,12.069685751267224,12.177069625653328,0.012327639297648447,12.189397264950976
1149,discovery,59,4,11.669082701743504,11.587629642420268,0.012955012468008826,11.600584654888277
1152,discovery,59,4,11.917730355182513,11.965643317670436,-0.009450979294169843,11.956192338376265
1164,discovery,59,4,11.59873612138334,11.84530402610832,-0.011214740839433935,11.834089285268886
1171,discovery,59,4,12.049424683420915,11.95702213190981,0.0005091773297473796,11.957531309239556
1172,discovery,59,4,12.001511614739405,11.987895345967924,0.01079893595231875,11.998694281920244
1176,discovery,59,4,12.560247968016562,12.587836442965804,-0.011726336604897275,12.576110106360906
1177,discovery,59,4,11.691080018519527,11.784650456563522,0.005148042185285635,11.789798498748807
1183,discovery,59,4,13.521140839642674,13.07592289734247,0.09919994600369568,13.175122843346166
1188,discovery,59,4,12.476103599529843,12.55034065541383,0.0033539687191799215,12.55369462413301
1199,discovery,59,4,12.08954444723597,12.037246189543298,-0.004392418887808172,12.032853770655489
1207,discovery,59,4,11.580593459194764,11.640944133816165,-0.004547736597622322,11.636396397218542
1211,discovery,59,4,12.149507585033072,12.195161768835488,-0.006185531437861431,12.188976237397627
1215,discovery,59,4,11.80932691294063,11.763390944830377,-0.004527974988307837,11.758862969842069
1223,discovery,59,4,11.870606902224587,11.949485448602696,-0.0027040212112632678,11.946781427391432
1227,discovery,59,4,12.273735966890268,12.304719090545223,-0.01912176318068029,12.285597327364544
1236,discovery,59,4,11.841423131921784,11.912527912478316,0.05225699763362304,11.96478491011194
1237,discovery,59,4,12.075400019877522,11.999722752402388,-0.01563065825505262,11.984092094147336
1241,discovery,59,4,12.323415584358154,12.245861942821929,0.0025218434310877625,12.248383786253017
1249,discovery,59,4,11.771443882099637,11.81174364786401,0.0016534959112569554,11.813397143775266
1260,discovery,59,4,11.92504173829169,11.894204072932377,0.003227230221312036,11.897431303153688
1278,discovery,59,4,12.19552218463499,12.174980355863823,0.002281374183055945,12.17726173004688
1285,discovery,59,4,12.037659911047468,12.115023304253118,-0.012224358708825763,12.102798945544292
1289,discovery,59,4,12.535379989788607,12.494414538159656,0.010178344101133805,12.50459288226079
1297,discovery,59,4,11.951186847493476,11.935882174085243,-0.008579233370115472,11.927302940715128
1299,discovery,59,4,11.982935344196433,13.111252212944576,-0.09468779862559958,13.016564414318976
1300,discovery,59,4,11.944714374881176,11.975168714995217,0.01626800198480054,11.991436716980017
1305,discovery,59,4,11.775297421715827,11.878021858125242,-0.023497728581182372,11.85452412954406
1308,discovery,59,4,11.835016210489899,11.882587254660825,0.010257145464629623,11.892844400125455
1310,discovery,59,4,12.09626335986454,12.081575616036403,-0.006339872924833382,12.07523574311157
1311,discovery,59,4,12.721888795877375,12.622018551041055,0.0033106988883383347,12.625329249929393
1312,discovery,59,4,12.220966184120165,12.199786334432067,-0.002262536235636227,12.197523798196432
1314,discovery,59,4,12.716405147731708,12.73765392940488,-0.014635908710146008,12.723018020694735
1316,discovery,59,4,12.239995696974733,12.11655826401283,-0.011077555827597587,12.105480708185233
1317,discovery,59,4,12.596403811053621,12.477060349405845,0.00030093613087527776,12.47736128553672
1323,discovery,59,4,12.154784614286667,12.344308431410823,0.016828780415631153,12.361137211826454
1329,discovery,59,4,12.45293662970407,12.15250123670656,0.03462337716052324,12.187124613867082
1332,discovery,59,4,11.794345471549745,11.79089199803784,0.009034702103390144,11.79992670014123
1342,discovery,59,4,11.951186847493476,11.931438903045295,0.007830305763953488,11.939269208809248
1348,discovery,59,4,12.554840409959793,12.613213525121289,-0.009476537992158592,12.60373698712913
1350,discovery,59,4,11.711784520403112,11.723976117757896,-0.00015114726488526227,11.72382497049301
1353,discovery,59,4,11.812296455066814,11.758395084438735,0.025949605853269664,11.784344690292006
1359,discovery,59,4,12.086731521684555,12.052240626052178,0.012121382280353898,12.064362008332532
1375,discovery,59,4,12.429220196836383,12.46923165235624,0.021782544838307254,12.491014197194549
1377,discovery,59,4,11.418625774449598,11.435355471944792,-0.001870436326165352,11.433485035618627
1379,discovery,59,4,11.326607934898927,11.526435380336553,0.0053855112967461415,11.531820891633298
1380,discovery,59,4,12.02874460037869,12.003263255081182,0.007911157232729598,12.011174412313911
1384,discovery,59,4,11.626263078808801,11.940898233523068,0.008443311051162302,11.94934154457423
1386,discovery,59,4,11.74006900564972,11.645506452759566,0.018369061570960955,11.663875514330527
1387,discovery,59,4,12.429220196836383,12.62282794488432,0.008429289793319507,12.631257234677639
1389,discovery,59,4,12.84132849667433,12.785744187256586,-0.012537272127421678,12.773206915129165
1392,discovery,59,4,11.728044909070785,11.713764468227696,-0.014229368398493524,11.699535099829202
1396,discovery,59,4,12.546871224308068,12.498051802285577,-0.0015941120170336709,12.496457690268544
1399,discovery,59,4,11.835016210489899,11.808027304270192,-0.025499656363277435,11.782527647906916
1402,discovery,59,4,12.170450649220749,12.119578581859242,0.0010545179398999893,12.120633099799143
1403,discovery,59,4,12.174994689959313,12.141158330539527,-0.017652638838157292,12.12350569170137
1405,discovery,59,4,11.561725152903833,11.502164417917832,0.00016152783555877992,11.502325945753391
1408,discovery,59,4,11.626263078808801,11.6548519588412,-0.000652154984262833,11.654199803856937
1409,discovery,59,4,11.74006900564972,11.54940666149682,0.02798728265782866,11.577393944154649
1425,discovery,59,4,11.87757552297847,11.828021544968106,0.009557567349705797,11.837579112317812
1431,discovery,59,4,12.165984756488543,12.165193068694112,-0.003149409464036732,12.162043659230076
1434,discovery,59,4,12.136191879981927,12.139551019277858,-0.00506279308927485,12.134488226188584
1436,discovery,59,4,12.066816325306588,12.042951903885276,0.01788994566230022,12.060841849547577
1437,discovery,59,4,11.699413330633599,11.68295591912686,-0.010754471895371034,11.672201447231489
1441,discovery,59,4,12.160033942617156,12.161746455600785,0.024981066087822884,12.186727521688608
1446,discovery,59,4,11.767575435251748,11.73859165245254,0.0016399634845843433,11.740231615937123
1447,discovery,59,4,11.969723533345908,11.868881232908086,0.012715263495416691,11.881596496403503
5,discovery,59,5,12.429220196836383,12.649885972497648,0.003568740037201427,12.653454712534849
12,discovery,59,5,12.75130259456002,12.905158977657306,0.0019224626934246905,12.907081440350732
14,discovery,59,5,12.540761149388421,12.30858635307733,-0.015655298100059403,12.29293105497727
18,discovery,59,5,11.407576060361786,11.602800977423282,-0.006225165776120328,11.596575811647162
22,discovery,59,5,11.845109950883979,11.757570079116748,0.009427231523040803,11.76699731063979
25,discovery,59,5,11.944714374881176,11.902979014856683,-0.009618181100541674,11.893360833756141
29,discovery,59,5,12.242891437918386,12.217939432371828,0.029281715245411073,12.247221147617239
36,discovery,59,5,12.6410997921206,12.648032345591549,-0.0036063351872553657,12.644426010404294
45,discovery,59,5,11.856522261533737,11.899952275664498,0.011641658542232316,11.911593934206731
55,discovery,59,5,11.775297421715827,11.722513709067336,0.009704261940716968,11.732217971008053
56,discovery,59,5,12.103491596905931,12.007035110940414,0.015363913516049786,12.022399024456464
57,discovery,59,5,12.058158312538197,12.18290124426013,0.004019789460426022,12.186921033720555
58,discovery,59,5,12.188422799337028,12.188007986634789,0.0033102697654269733,12.191318256400216
72,discovery,59,5,11.771443882099637,11.78742997697674,0.0028257528364266423,11.790255729813168
73,discovery,59,5,12.128116509451258,12.160296676635554,-0.007920157268228015,12.152376519367326
75,discovery,59,5,11.58432477200052,11.611055738660385,-0.01356955403820277,11.597486184622182
77,discovery,59,5,11.818577604251555,11.66743524596519,0.0013011722023589525,11.66873641816755
79,discovery,59,5,11.824087219587643,11.800277940813292,-0.02787695401640218,11.772400986796889
84,discovery,59,5,11.748005492256807,11.799162407269694,-0.008310370374304703,11.790852036895389
88,discovery,59,5,12.010671928196443,12.020164924346544,0.008329110519722478,12.028494034866267
97,discovery,59,5,12.273735966890268,12.27777326767813,0.008152840015137934,12.285926107693268
102,discovery,59,5,12.08954444723597,12.053793813904608,0.0007691658575582414,12.054562979762167
107,discovery,59,5,11.51293546492023,11.366999849551323,0.00812919395072407,11.375129043502048
115,discovery,59,5,12.466515835145202,12.387906004335765,0.013560627212500447,12.401466631548265
116,discovery,59,5,12.07824495582233,12.028569939108763,0.020562613826416193,12.049132552935179
120,discovery,59,5,12.0075668272517,12.04242655774896,-0.01394066128469358,12.028485896464266
124,discovery,59,5,11.944064817531656,11.983430462970796,-0.0031745767183347347,11.980255886252461
126,discovery,59,5,11.344518647594766,11.328309707313895,-0.018107188988315096,11.31020251832558
131,discovery,59,5,12.328294703023396,12.249882602813049,0.010561837283272963,12.260444440096322
137,discovery,59,5,11.870606902224587,11.87054563715311,0.0053437573759767005,11.875889394529088
141,discovery,59,5,11.652696102959753,11.594779898894732,-0.011054952815430997,11.5837249460793
147,discovery,59,5,11.561725152903833,11.553704189639143,0.01387960461472839,11.567583794253872
148,discovery,59,5,12.312686874960354,12.315146218191586,-0.007715547329250511,12.307430670862335
161,discovery,59,5,11.998439434579149,11.971805433438035,0.01721147077982948,11.989016904217864
164,discovery,59,5,11.544433821905134,11.385286471998285,0.009285312200275475,11.39457178419856
169,discovery,59,5,12.119975396053194,12.15149944424824,-0.0015502527339286093,12.149949191514311
170,discovery,59,5,12.337105293891872,12.383800818885655,0.001217986490986624,12.385018805376642
178,discovery,59,5,12.058158312538197,12.121520257400196,-0.0012350395822983097,12.120285217817898
180,discovery,59,5,11.51293546492023,11.638620259953775,-0.002901914034308325,11.635718345919466
186,discovery,59,5,13.07107218827772,12.608447134416048,0.009002224063776564,12.617449358479824
187,discovery,59,5,12.06105265381003,12.063635638285309,0.006502034690865294,12.070137672976173
188,discovery,59,5,11.813037464800539,11.801923424578607,-0.018351581712012496,11.783571842866595
192,discovery,59,5,12.122696471358964,12.025989476100476,-0.01115688014458133,12.014832595955895
204,discovery,59,5,11.91170829631447,11.851083482583052,-0.0031139264252588623,11.847969556157793
205,discovery,59,5,11.608244735642321,11.611359485537475,-0.014538684612642364,11.596820800924833
208,discovery,59,5,11.856522261533737,11.863961294699472,0.014619466578464671,11.878580761277936
211,discovery,59,5,11.49273296168228,11.440880608324964,0.024775642704847948,11.465656251029811
230,discovery,59,5,12.167856627501678,12.183594992155406,0.010309938525361948,12.193904930680768
232,discovery,59,5,12.90669432231532,12.814283038082143,-0.007977481949767423,12.806305556132376
240,discovery,59,5,11.635151947212842,11.706042504150538,0.008303892228425749,11.714346396378964
244,discovery,59,5,11.695255355062795,11.807908143260592,-0.00712996875658653,11.800778174504005
256,discovery,59,5,12.345838935721968,12.30521603785807,-0.008552250142035792,12.296663787716035
259,discovery,59,5,12.352339472153524,12.277211488176782,0.019170231003135512,12.296381719179918
263,discovery,59,5,11.92504173829169,11.891678001221097,0.013360194525744572,11.905038195746842
264,discovery,59,5,11.775297421715827,11.720909049409904,-0.008497506007938969,11.712411543401965
270,discovery,59,5,11.904974309480181,11.92583205533494,-0.007496906670050952,11.91833514866489
272,discovery,59,5,12.394628892852941,12.314010364254525,0.04507499571832208,12.359085359972847
290,discovery,59,5,11.941950837487406,11.86376950525072,0.01608196713573919,11.87985147238646
301,discovery,59,5,11.964007453736912,12.009808347026109,-0.006487440063844775,12.003320906962264
302,discovery,59,5,12.495007682693725,12.494765995653973,-0.012094453334851518,12.482671542319121
307,discovery,59,5,12.323860125621126,12.308379074008243,-0.00909937730759422,12.29927969670065
311,discovery,59,5,12.017336559562407,12.081517738803312,0.00869092394888424,12.090208662752197
313,discovery,59,5,11.694421681264394,11.786557409975911,-0.008939106232735555,11.777618303743175
317,discovery,59,5,12.468440756144114,12.3883265347123,0.0061965327452251084,12.394523067457525
318,discovery,59,5,12.506180941677357,12.470705835466283,-0.000992547671995466,12.469713287794288
321,discovery,59,5,12.74444728628135,12.695274845148264,0.004904675186544039,12.700179520334808
331,discovery,59,5,11.686887175419702,11.82212811581822,-0.019195004029621307,11.8029331117886
332,discovery,59,5,11.842236406331555,11.79599498432857,0.002164736129899699,11.798159720458468
341,discovery,59,5,12.220473454337986,12.248805730147978,-0.024597386345665277,12.224208343802314
344,discovery,59,5,12.491255347155265,12.537574814405684,0.0030379266934928285,12.540612741099176
349,discovery,59,5,11.944714374881176,12.167376790188902,0.008878296860302615,12.176255087049205
350,discovery,59,5,12.988043102265232,13.108529956563752,0.04293035758973358,13.151460314153486
351,discovery,59,5,12.670001611311875,12.643769949216612,-0.05942647882407083,12.584343470392541
355,discovery,59,5,11.849404844423074,11.980467607516331,-0.013540239456728748,11.966927368059602
363,discovery,59,5,12.198549416880068,12.088393313499823,-0.00864884532477168,12.079744468175052
376,discovery,59,5,11.0186455364637,11.238687677674372,-0.003996352979314747,11.234691324695058
379,discovery,59,5,12.885204569609956,12.879759812246215,0.0509185404616701,12.930678352707885
381,discovery,59,5,11.751950239425476,11.9792817669892,-0.006303843888206878,11.972977923100993
385,discovery,59,5,12.388398368982115,12.530269894322863,0.024073458836515883,12.554343353159378
386,discovery,59,5,12.165255859329688,12.070190423238731,0.01127205538389055,12.081462478622623
388,discovery,59,5,11.736077016252437,11.736184879868912,0.01806353848952142,11.754248418358433
389,discovery,59,5,12.160033942617156,12.1861513964523,-0.01141798963103051,12.174733406821268
390,discovery,59,5,12.962196972666593,12.936735051544478,0.00182544266368319,12.938560494208161
394,discovery,59,5,11.51293546492023,11.43293921923716,0.0067393024062004005,11.43967852164336
399,discovery,59,5,11.112462823634855,11.264961456934929,0.018741130713444104,11.283702587648373
400,discovery,59,5,12.392556361841777,12.274621698122685,0.007544820520395149,12.28216651864308
401,discovery,59,5,12.411056299528171,12.312702456233271,-0.00034878636621050264,12.312353669867061
402,discovery,59,5,12.013646205940514,12.115408491776794,0.0019215915253197545,12.117330083302114
409,discovery,59,5,12.54254845357358,12.542409204186187,0.0016744609463336857,12.54408366513252
413,discovery,59,5,12.310437165348775,12.422782834301664,0.024729926770028044,12.447512761071692
421,discovery,59,5,12.237091546357338,12.124096295637267,0.0066595862200244564,12.130755881857292
433,discovery,59,5,11.715874472198905,11.737732953068464,-0.0035165338426032667,11.734216419225861
434,discovery,59,5,12.10625783509458,12.089970643492444,-0.007092337265282292,12.082878306227162
436,discovery,59,5,12.264346270624157,12.280252179644332,0.011641121275246556,12.291893300919579
437,discovery,59,5,11.661354090741,11.531983851117117,-0.0063055382449387345,11.525678312872177
442,discovery,59,5,11.678448377988165,11.673383500374332,0.031278908096933365,11.704662408471265
444,discovery,59,5,12.058158312538197,12.13515043719543,-0.026305729950401598,12.108844707245028
464,discovery,59,5,12.147919030759663,12.161002856331972,0.04063674096706672,12.201639597299039
473,discovery,59,5,11.904974309480181,11.824789394046448,-0.008525769712214698,11.816263624334233
475,discovery,59,5,12.433212202169729,12.440727244733326,-0.006830326892583959,12.433896917840743
478,discovery,59,5,12.847929163278053,12.919343120202162,0.03576105382560785,12.95510417402777
479,discovery,59,5,12.601490784782536,12.601114195687693,-0.001166936817395619,12.599947258870298
489,discovery,59,5,11.982935344196433,11.739135132252454,0.005133326132007391,11.744268458384461
504,discovery,59,5,12.574185427296195,12.408294470305664,0.032201503463226804,12.440495973768892
510,discovery,59,5,11.732069026983156,11.863536293213851,0.0006639371420923154,11.864200230355944
527,discovery,59,5,11.790564777297387,11.82632039687589,0.010401559699529328,11.836721956575419
533,discovery,59,5,11.58525542883217,11.539765968901357,0.004037412337477786,11.543803381238835
537,discovery,59,5,12.144202560946876,12.181474705064844,-0.009945603472440657,12.171529101592403
541,discovery,59,5,12.660331092405906,12.83265798713967,-0.0036958685386078607,12.828962118601062
547,discovery,59,5,12.25486757159303,12.068441502879669,-0.0076239898216310595,12.060817513058037
550,discovery,59,5,12.479913113434042,12.369687701465509,0.010833138640871622,12.38052084010638
552,discovery,59,5,11.630717389475995,11.61332490719452,-0.00016750645793518377,11.613157400736586
566,discovery,59,5,11.759793355371237,11.74520777140192,-0.0245540223412598,11.720653749060661
567,discovery,59,5,12.691583538230217,12.688157317071154,-0.002171226875423995,12.68598609019573
568,discovery,59,5,12.273735966890268,12.209170982853092,0.0021007067091093332,12.211271689562201
570,discovery,59,5,11.820123358887447,11.878442193431187,0.0028364142400871795,11.881278607671275
571,discovery,59,5,11.867805799560465,11.81254133940133,-0.029678886785833906,11.782862452615495
573,discovery,59,5,12.32163544049751,12.249604378030488,-0.004296689405883302,12.245307688624605
576,discovery,59,5,11.682676678340282,11.633578363444276,0.001567522475594058,11.63514588591987
581,discovery,59,5,12.111217862017215,12.112138611601155,-0.008318738881276336,12.103819872719878
582,discovery,59,5,12.442306148381938,12.871629227051091,0.022392045627835613,12.894021272678927
585,discovery,59,5,11.798111925972618,11.874336187606914,0.01734029353387728,11.891676481140792
587,discovery,59,5,11.775297421715827,11.685433048269974,-0.008702112979546093,11.67673093529043
589,discovery,59,5,11.870606902224587,12.382708191676564,0.0541245953280511,12.436832787004615
594,discovery,59,5,11.849404844423074,11.850556926872374,0.0009493277467143071,11.851506254619087
596,discovery,59,5,12.672949516558306,12.727147133294268,0.011837478413137014,12.738984611707405
598,discovery,59,5,12.176654133447505,12.129789420386462,-0.026433863370755345,12.103355557015707
599,discovery,59,5,12.289958727201455,12.254312704441926,0.003465430805239037,12.257778135247165
600,discovery,59,5,11.92504173829169,11.948985399063808,-0.009071568367296024,11.939913830696511
603,discovery,59,5,12.301387370778713,12.271918670857657,-0.019702861540942734,12.252215809316715
610,discovery,59,5,11.682676678340282,11.659132433063006,0.00018877958522095997,11.659321212648226
615,discovery,59,5,11.231901180182515,11.271925662541223,0.0006110520915186101,11.272536714632741
616,discovery,59,5,11.83138646878959,11.795070203193395,-0.0016734461308898247,11.793396757062505
622,discovery,59,5,12.388398368982115,12.37457913524394,-0.014288078745140919,12.360291056498799
624,discovery,59,5,12.034696963475044,12.116639573708037,0.02097307502347563,12.137612648731512
629,discovery,59,5,11.813037464800539,12.123436675209565,0.01595446726069745,12.139391142470261
632,discovery,59,5,12.252483791602627,12.344221221101863,0.0019298660230767444,12.34615108712494
634,discovery,59,5,11.845109950883979,11.851031866884393,-0.002554132167348146,11.848477734717044
636,discovery,59,5,12.206077645517674,12.069180293418544,-0.014325533610701551,12.054854759807842
638,discovery,59,5,11.440365524765756,11.55147201725796,0.002368170531678218,11.553840187789639
643,discovery,59,5,12.75130259456002,12.71190722771788,-0.02050999539497505,12.691397232322904
646,discovery,59,5,11.872353615355413,11.822965265182436,-0.01806973382081578,11.80489553136162
658,discovery,59,5,11.91170829631447,12.01052449509943,0.013965678465127414,12.024490173564557
664,discovery,59,5,11.83138646878959,11.86330778725389,-0.007560052577493069,11.855747734676397
665,discovery,59,5,12.955129822091815,12.746045033305004,0.031363544676440556,12.777408577981443
666,discovery,59,5,12.348010479804223,12.3820934477803,-0.005606242575761532,12.376487205204537
670,discovery,59,5,11.83138646878959,11.697108601903864,0.037719737963258476,11.734828339867121
680,discovery,59,5,11.763691965388299,11.749725743376183,0.008457779418268993,11.758183522794452
684,discovery,59,5,12.560247968016562,12.553687628215735,-0.0007814509353949935,12.55290617728034
693,discovery,59,5,12.721888795877375,12.644788529364384,-0.006523045545354418,12.63826548381903
700,discovery,59,5,12.185875040240456,12.136035406554022,0.0017079173852843073,12.137743323939306
719,discovery,59,5,12.739640688812674,12.683678185238524,-0.01882116796442139,12.664857017274102
727,discovery,59,5,12.310437165348775,12.330028974602326,0.023300921525569514,12.353329896127896
729,discovery,59,5,11.608244735642321,11.799762672179812,-0.04865319527957723,11.751109476900234
734,discovery,59,5,11.786008995353765,11.806327638688748,0.008986095122476164,11.815313733811223
738,discovery,59,5,12.3879816172226,12.347521106583748,0.006494397735633042,12.354015504319381
740,discovery,59,5,12.154784614286667,12.179607847219838,0.004446090142636197,12.184053937362474
745,discovery,59,5,12.100717685412471,12.291940796780242,-0.0016293373937735932,12.29031145938647
754,discovery,59,5,12.526346537332584,12.52513352901268,-0.002191539316521858,12.522941989696157
761,discovery,59,5,11.755879486687116,11.647632847117835,-0.01505272463043354,11.632580122487402
764,discovery,59,5,12.727841176689147,12.694159981829833,-0.007201040971550684,12.686958940858283
765,discovery,59,5,12.506180941677357,12.430423062203989,0.006210178396969116,12.436633240600958
767,discovery,59,5,12.188422799337028,12.114875842299476,-0.016042749876828452,12.098833092422648
773,discovery,59,5,11.580593459194764,11.808793430641828,-0.0047043857140015456,11.804089044927826
782,discovery,59,5,12.077676615757813,12.101711730767622,0.009074181538819923,12.110785912306442
790,discovery,59,5,12.141539457711714,12.245028995235376,-0.00968585264066273,12.235343142594713
791,discovery,59,5,11.984184555794167,11.991773570455743,-0.012116843444080393,11.979656727011664
793,discovery,59,5,12.505402864156405,12.39098152450562,-0.016044744479403922,12.374936780026216
795,discovery,59,5,12.178192583415596,12.198693112829218,-0.0058076292147125645,12.192885483614505
798,discovery,59,5,11.608244735642321,11.494764098723522,0.002361801354452037,11.497125900077974
801,discovery,59,5,12.206077645517674,12.224877276503609,0.01907442855102415,12.243951705054632
804,discovery,59,5,13.275829251377,12.985806468464414,0.022745413243454415,13.008551881707868
808,discovery,59,5,12.317171167298682,12.248346170674289,0.005261202326128716,12.253607373000417
810,discovery,59,5,11.571203807011969,11.6911605823692,-0.013043850278559326,11.67811673209064
811,discovery,59,5,12.10625783509458,12.14106999857628,0.008013453722467435,12.149083452298747
820,discovery,59,5,12.319405795112926,12.302321573136998,-0.0013779660818500257,12.300943607055148
824,discovery,59,5,11.845827048676645,11.853716886417498,-0.008954405212089752,11.844762481205409
829,discovery,59,5,12.128116509451258,12.099091915457784,-0.01273785453273063,12.086354060925053
838,discovery,59,5,11.51293546492023,11.456485203053894,-0.011261581801000573,11.445223621252893
842,discovery,59,5,11.967187086434018,11.926361159981,0.00243361343064465,11.928794773411646
851,discovery,59,5,11.78676973513378,11.861408047160936,0.008384764152359208,11.869792811313294
852,discovery,59,5,12.278397958261774,12.119678480896429,0.015388415593531136,12.13506689648996
855,discovery,59,5,12.04355959836804,12.006783986626996,0.006766459345856957,12.013550445972852
860,discovery,59,5,12.429220196836383,12.468984336281178,-0.0010122550997734682,12.467972081181404
876,discovery,59,5,12.623064399210183,12.67917525537588,0.01929493724506174,12.698470192620942
886,discovery,59,5,12.70351207261035,12.47777986601688,0.0033020005978429455,12.481081866614723
888,discovery,59,5,11.816734299348461,11.809029747775751,0.005390081024876228,11.814419828800627
890,discovery,59,5,11.915058360753719,11.89300872935903,-0.007312181568511402,11.885696547790518
891,discovery,59,5,11.719134432217524,11.706925612069291,0.00920910093090178,11.716134713000192
892,discovery,59,5,12.058158312538197,12.051448233549747,-0.008583796408336068,12.04286443714141
904,discovery,59,5,12.388398368982115,12.415039782009371,0.007839243629460695,12.422879025638832
908,discovery,59,5,12.429220196836383,12.378433236890867,0.03032909471833463,12.408762331609202
910,discovery,59,5,12.066816325306588,12.056300382951653,-0.013295486716490406,12.043004896235162
921,discovery,59,5,12.211065162153215,12.214640974819453,-0.00131025457095742,12.213330720248495
926,discovery,59,5,12.07254696717504,11.966255471015764,0.0015337385909368524,11.9677892096067
927,discovery,59,5,12.560247968016562,12.59790624296393,-0.009404783621454546,12.588501459342476
946,discovery,59,5,11.735276702486741,11.837019465222278,-0.029876478489648892,11.807142986732629
950,discovery,59,5,12.193498926601634,12.088730101645057,0.004160475806520505,12.092890577451577
956,discovery,59,5,11.884495917930655,11.890484379465862,-0.00672407531384182,11.88376030415202
958,discovery,59,5,11.790564777297387,11.747266174476788,0.006027930165451843,11.75329410464224
961,discovery,59,5,11.665655135642039,11.68445118757255,0.0017843075045262202,11.686235495077076
962,discovery,59,5,12.513561021741964,12.453999225542676,0.0015978021210154413,12.455597027663691
975,discovery,59,5,12.02874460037869,12.029756260804154,-0.004495546390890483,12.025260714413264
976,discovery,59,5,12.013706813470414,12.122375424672253,0.0002511606812989448,12.122626585353553
978,discovery,59,5,12.20557752297723,12.20146214059968,-0.0019731363268897582,12.199489004272792
980,discovery,59,5,11.842236406331555,11.787895591576042,-0.003936674847663096,11.783958916728379
982,discovery,59,5,12.724869415131389,12.681453646053756,0.005761479844704731,12.68721512589846
985,discovery,59,5,11.744045122410057,11.740111190920382,-0.0017718911090159294,11.738339299811367
991,discovery,59,5,12.759960632315702,12.67786123733226,7.805887029946299e-05,12.67793929620256
996,discovery,59,5,11.7085004721646,11.607879274571372,0.022850185658761266,11.630729460230134
1001,discovery,59,5,11.314486721293981,11.168162378775936,0.004262614912078982,11.172424993688015
1003,discovery,59,5,12.354496960983985,12.391218601994026,2.680311677612421e-05,12.391245405110803
1020,discovery,59,5,12.271349956195543,12.218568097161148,0.009221665015950942,12.2277897621771
1023,discovery,59,5,11.373674891823535,11.562470618742887,0.006788622209507388,11.569259240952395
1032,discovery,59,5,12.190964083849375,12.173898632741611,0.004498150782660369,12.178396783524272
1034,discovery,59,5,12.345838935721968,12.391746807614744,-0.004698222260848693,12.387048585353895
1041,discovery,59,5,11.951186847493476,11.968889461012978,-0.026996553562351824,11.941892907450626
1046,discovery,59,5,11.846543632608535,11.718790588351332,0.011667931388425807,11.730458519739758
1051,discovery,59,5,12.080996832096167,12.110585713807623,-0.011193052037562722,12.099392661770061
1063,discovery,59,5,11.407576060361786,11.716905515390046,-0.03144934063576244,11.685456174754284
1068,discovery,59,5,12.031129798974042,12.081593460570463,-0.001551190129047504,12.080042270441416
1069,discovery,59,5,11.927687224983487,12.026690741174486,-0.009367496268010901,12.017323244906475
1090,discovery,59,5,12.190964083849375,12.239396164252506,0.025080147173050606,12.264476311425556
1091,discovery,59,5,11.439289689006644,11.372415305523628,0.0025304796485079426,11.374945785172136
1092,discovery,59,5,11.982935344196433,11.977782588322308,0.004645823719374959,11.982428412041683
1097,discovery,59,5,11.751950239425476,11.628418009773023,-0.007430291833853353,11.620987717939169
1102,discovery,59,5,11.691080018519527,11.663224710170706,-0.0021166319442913963,11.661108078226414
1104,discovery,59,5,11.979805470779858,11.88761918652357,0.0031969253565107287,11.890816111880081
1110,discovery,59,5,12.54254845357358,12.662379989007958,0.003960587374880959,12.666340576382838
1115,discovery,59,5,11.669937760751914,11.662825589321711,0.010974021991472587,11.673799611313184
1117,discovery,59,5,12.123239799036943,12.100954132646258,0.006753995106762302,12.107708127753021
1130,discovery,59,5,11.849404844423074,11.805052418453297,0.0045449856853596714,11.809597404138657
1145,discovery,59,5,11.289794413577894,11.328960193056853,0.024221340847980416,11.353181533904833
1147,discovery,59,5,12.100717685412471,12.097544820623895,0.00044184876643917575,12.097986669390334
1150,discovery,59,5,11.870606902224587,11.823376696796256,0.0020722807188565027,11.825448977515112
1156,discovery,59,5,12.292254928916668,12.274365497755134,0.010570070004457612,12.284935567759591
1160,discovery,59,5,12.128116509451258,12.184148080187065,0.0038300149046570932,12.187978095091722
1163,discovery,59,5,11.767575435251748,11.739476380610515,0.00882320441715129,11.748299585027667
1166,discovery,59,5,12.359527368950229,12.385379994112634,0.0143653727324853,12.399745366845119
1167,discovery,59,5,12.41044511731981,12.386017302749856,-0.007247401534044027,12.378769901215811
1169,discovery,59,5,12.367345048436391,12.210466673299496,0.004222415107523426,12.21468908840702
1175,discovery,59,5,12.384223015005313,12.36499996051081,0.026268902584451283,12.391268863095261
1181,discovery,59,5,12.429220196836383,12.351799130074411,-0.003389379555800382,12.348409750518611
1185,discovery,59,5,12.137263685701864,12.229974838202416,-0.0034649230818843088,12.226509915120532
1193,discovery,59,5,11.736077016252437,11.726003604929057,0.03198922772326828,11.757992832652326
1196,discovery,59,5,12.07824495582233,11.989742239237168,-0.018884003348913707,11.970858235888254
1202,discovery,59,5,12.19552218463499,12.173260096207107,0.0015876467602029848,12.17484774296731
1203,discovery,59,5,11.669937760751914,11.807655931716669,0.012618008437639895,11.820273940154308
1204,discovery,59,5,12.269052139516223,12.27102678352878,0.0008606761313752064,12.271887459660157
1209,discovery,59,5,11.849404844423074,11.857379230870086,-0.007604277283000942,11.849774953587085
1212,discovery,59,5,12.00762780434872,12.24833454910814,0.005407728963001659,12.253742278071142
1218,discovery,59,5,12.343470927093518,12.430550160055352,-0.00762839174034979,12.422921768315003
1228,discovery,59,5,11.898194668458823,11.85302279028741,0.0026812095138289607,11.85570399980124
1230,discovery,59,5,11.751950239425476,11.84367645327459,0.01337624430391854,11.857052697578508
1235,discovery,59,5,11.775297421715827,11.617242105580363,0.0017681600205095738,11.619010265600872
1242,discovery,59,5,12.42250975887691,12.436230245983642,0.005341271263295763,12.441571517246938
1247,discovery,59,5,12.136191879981927,12.175927990697163,-0.0031094051777333658,12.17281858551943
1248,discovery,59,5,12.042971193457888,11.833830983126134,-0.013769250422001009,11.820061732704133
1264,discovery,59,5,12.103491596905931,12.01915658045344,0.009442532002941952,12.028599112456382
1265,discovery,59,5,12.10625783509458,11.989547493386976,-0.014008316256732734,11.975539177130242
1274,discovery,59,5,12.083910661257521,12.014644821845332,-0.00886833321310675,12.005776488632225
1275,discovery,59,5,11.842236406331555,11.876190573514863,0.016281277323442138,11.892471850838305
1288,discovery,59,5,12.154784614286667,12.065906190176712,-0.011130828831982294,12.05477536134473
1293,discovery,59,5,11.58525542883217,11.649419530713672,-0.029466843566935078,11.619952687146737
1298,discovery,59,5,11.849404844423074,11.936529801250463,0.022807398841222244,11.959337200091685
1306,discovery,59,5,12.691583538230217,12.654015965776717,0.00361637106803619,12.657632336844753
1321,discovery,59,5,11.960817678718287,11.923779308926564,0.00408066426835316,11.927859973194916
1326,discovery,59,5,10.915106645867503,11.133308991992246,-0.042493099251086214,11.09081589274116
1328,discovery,59,5,11.779136168550774,11.79291346164348,0.006809952275487209,11.799723413918967
1334,discovery,59,5,11.74006900564972,11.78145054985004,0.02161497463231007,11.803065524482351
1336,discovery,59,5,12.031129798974042,11.982738224190362,0.013759304467825478,11.996497528658187
1340,discovery,59,5,11.763691965388299,11.767412863533607,0.015026523496829852,11.782439387030438
1341,discovery,59,5,11.719947764402807,11.57321688374488,0.012375128315339469,11.58559201206022
1354,discovery,59,5,12.923914877701906,12.887332172384056,0.030495192422909437,12.917827364806966
1363,discovery,59,5,11.560772327227417,11.827817265680586,-0.020962051618113292,11.806855214062473
1368,discovery,59,5,11.751950239425476,11.778014983996515,-0.006009766186154503,11.77200521781036
1374,discovery,59,5,13.05301544288996,13.035820835102369,0.00598602948018038,13.041806864582549
1382,discovery,59,5,12.377927112974284,12.225450879488712,0.0311739050756253,12.256624784564337
1388,discovery,59,5,11.820417517632333,11.905554088273837,-0.018501285944309748,11.887052802329526
1397,discovery,59,5,11.982935344196433,12.039890623779687,-0.01618451859383106,12.023706105185855
1411,discovery,59,5,12.345838935721968,12.249177910741954,0.0012330592284900887,12.250410969970444
1416,discovery,59,5,12.077676615757813,12.307739841704729,0.01582694945895415,12.323566791163683
1420,discovery,59,5,12.314931534737134,12.4150833590257,0.01979410956074855,12.43487746858645
1424,discovery,59,5,12.524420916542532,12.095916542566147,0.005885393370304384,12.101801935936452
1427,discovery,59,5,12.509877789891931,12.495884362343896,-0.011654265771715166,12.48423009657218
1433,discovery,59,5,11.07443600653965,11.532326201043734,0.007981690647331806,11.540307891691066
1435,discovery,59,5,11.982935344196433,12.026940201214446,0.015989613087841192,12.042929814302287
1439,discovery,59,5,11.916395250412128,11.865367346938,-0.00022121863570410112,11.865146128302294
1443,discovery,59,5,12.644330802262578,12.672147290744688,0.007273807455420274,12.679421098200107
1445,discovery,59,5,12.098493002763465,12.179085415994953,0.007369600557849031,12.186455016552802
1453,discovery,59,5,11.884495917930655,11.805599702555892,0.005782511384957254,11.811382213940849
1457,discovery,59,5,12.25486757159303,12.182981474409484,-0.009039544924103577,12.17394192948538
1,discovery,97,1,12.24769911637256,12.1683185261395,0.01174367975765455,12.180062205897153
3,discovery,97,1,12.317171167298682,12.231716328135038,0.007878109445063192,12.2395944375801
6,discovery,97,1,11.870606902224587,11.983887222015191,0.01021246404475365,11.994099686059945
7,discovery,97,1,12.634606283893019,12.496009509965416,0.006321752233498099,12.502331262198915
12,discovery,97,1,12.75130259456002,12.905158977657306,-0.00352561848771089,12.901633359169596
23,discovery,97,1,12.345838935721968,12.35097154724442,-0.008360644788333892,12.342610902456085
25,discovery,97,1,11.944714374881176,11.902979014856683,-0.0073523461506510845,11.895626668706033
27,discovery,97,1,11.811554895830454,11.837248936474635,-0.013234027534695887,11.82401490893994
28,discovery,97,1,12.631343648903034,12.59502461048726,-0.01853016550245568,12.576494444984803
35,discovery,97,1,12.533579815765737,12.589922976819434,0.011806629166422502,12.601729605985856
37,discovery,97,1,11.884495917930655,11.924563467733998,-2.561271993133753e-06,11.924560906462006
38,discovery,97,1,11.938199736300925,11.965884567671443,0.012755414175781094,11.978639981847225
42,discovery,97,1,12.04355959836804,12.070551023364414,0.0027426612661238816,12.073293684630539
43,discovery,97,1,11.87757552297847,11.930567898954871,0.011831092475086138,11.942398991429958
55,discovery,97,1,11.775297421715827,11.722513709067336,-0.003134637977573915,11.719379071089762
61,discovery,97,1,11.970356641102999,12.028321766825105,-0.011271286682114861,12.01705048014299
66,discovery,97,1,12.666660207428574,12.652956762114124,-0.004139082438322907,12.648817679675801
77,discovery,97,1,11.818577604251555,11.66743524596519,0.007806478243919443,11.67524172420911
82,discovery,97,1,11.941462360646149,12.046308916405795,0.008274334519020165,12.054583250924816
89,discovery,97,1,11.350418300109132,11.164870396101785,-0.052543676996318706,11.112326719105466
102,discovery,97,1,12.08954444723597,12.053793813904608,-0.0036449555414018978,12.050148858363206
104,discovery,97,1,12.200562492481511,12.129362559315927,-0.00058653852972091,12.128776020786207
105,discovery,97,1,12.040614105490253,11.950000996552266,0.006681739306010099,11.956682735858276
112,discovery,97,1,12.100717685412471,12.039120084093817,-0.007822425718540525,12.031297658375276
114,discovery,97,1,12.28765724080691,12.298347166146636,-0.048903406672133214,12.249443759474502
121,discovery,97,1,12.100717685412471,12.01059723877706,-0.006395177217629836,12.004202061559429
123,discovery,97,1,11.820417517632333,11.846703967959051,-0.0003177514750133755,11.846386216484039
124,discovery,97,1,11.944064817531656,11.983430462970796,-0.01040312596447739,11.973027337006318
126,discovery,97,1,11.344518647594766,11.328309707313895,-0.004459801669906224,11.32384990564399
131,discovery,97,1,12.328294703023396,12.249882602813049,-0.01072284958455159,12.239159753228497
136,discovery,97,1,12.066816325306588,12.058150167273425,0.010927190190784477,12.06907735746421
141,discovery,97,1,11.652696102959753,11.594779898894732,-0.024875233161901208,11.56990466573283
147,discovery,97,1,11.561725152903833,11.553704189639143,0.030844765316532075,11.584548954955675
149,discovery,97,1,11.856522261533737,11.91263901683676,0.0030905628951221876,11.915729579731883
157,discovery,97,1,11.603688960617083,11.64498132377736,0.016638719941022586,11.661620043718383
160,discovery,97,1,12.676079399771027,12.639273804270085,0.008877731953935458,12.64815153622402
163,discovery,97,1,12.301387370778713,12.376652868060136,-0.010234966774590395,12.366417901285546
168,discovery,97,1,12.693501691489768,12.839582246270654,0.0013542282523374214,12.84093647452299
181,discovery,97,1,12.083910661257521,12.064823698509937,0.012290297220318963,12.077113995730256
195,discovery,97,1,11.751950239425476,11.743481115517596,0.011880390531777913,11.755361506049374
197,discovery,97,1,12.650351332641707,12.633756566625436,0.023297677629993963,12.65705424425543
200,discovery,97,1,12.524166311833152,12.635169350068889,0.005531036625621925,12.64070038669451
204,discovery,97,1,11.91170829631447,11.851083482583052,-0.00019497529654394764,11.850888507286507
208,discovery,97,1,11.856522261533737,11.863961294699472,0.009605211918963715,11.873566506618435
210,discovery,97,1,11.884495917930655,11.90403940508955,-0.0035840972578862393,11.900455307831663
227,discovery,97,1,12.577639650232573,12.517587177193011,-0.025111194118061293,12.49247598307495
229,discovery,97,1,11.736077016252437,11.705428476970331,0.002114585754290191,11.707543062724621
231,discovery,97,1,11.904974309480181,11.842552097389945,-0.00493056900567034,11.837621528384274
236,discovery,97,1,11.402005077384885,11.345830097168816,-0.0006455655418772865,11.34518453162694
266,discovery,97,1,12.075400019877522,12.11191007239207,-0.009549264977126003,12.102360807414943
269,discovery,97,1,11.699413330633599,11.640040822030196,0.006087233835562972,11.64612805586576
270,discovery,97,1,11.904974309480181,11.92583205533494,0.005663411873165253,11.931495467208105
275,discovery,97,1,11.732069026983156,11.780233674693346,0.017861876421095886,11.798095551114441
276,discovery,97,1,12.230770136157428,12.05855100892815,0.015111769923696339,12.073662778851846
281,discovery,97,1,12.339295865674435,12.299495662933024,0.011940603662360454,12.311436266595384
282,discovery,97,1,12.128116509451258,12.12913214121356,-0.0013798719812843849,12.127752269232277
290,discovery,97,1,11.941950837487406,11.86376950525072,0.022720643863756444,11.886490149114477
324,discovery,97,1,11.745433036677353,11.678328192812716,-0.0035855588178312085,11.674742633994885
325,discovery,97,1,12.396697137361691,12.47052220297056,-0.0004999317429177546,12.470022271227643
332,discovery,97,1,11.842236406331555,11.79599498432857,0.008410557331756293,11.804405541660325
334,discovery,97,1,12.240478903153711,12.150799798932423,-0.001079913761319167,12.149719885171104
335,discovery,97,1,12.165255859329688,12.196424393859305,0.006249370985003519,12.202673764844308
337,discovery,97,1,12.841132451487937,12.82857131465572,-0.009811143281951477,12.81876017137377
344,discovery,97,1,12.491255347155265,12.537574814405684,0.019817053255794307,12.557391867661478
345,discovery,97,1,11.350418300109132,11.387733770700637,0.012019423891068947,11.399753194591705
349,discovery,97,1,11.944714374881176,12.167376790188902,0.014190533784878301,12.18156732397378
351,discovery,97,1,12.670001611311875,12.643769949216612,-0.05521607153290808,12.588553877683704
352,discovery,97,1,12.154784614286667,12.231664876488534,0.00046295112073039966,12.232127827609265
362,discovery,97,1,11.884495917930655,11.856071881851737,-0.0015938838311022132,11.854477998020634
367,discovery,97,1,11.976665770490767,12.011878955001862,0.0014967092852980017,12.01337566428716
370,discovery,97,1,11.995357787034976,12.02087609607682,-0.0070885280640626425,12.013787568012757
374,discovery,97,1,11.719947764402807,11.695270578264234,0.022174163140883246,11.717444741405117
387,discovery,97,1,11.302216779257382,11.439266297488118,0.01951119876546689,11.458777496253585
390,discovery,97,1,12.962196972666593,12.936735051544478,0.0010891412278847099,12.937824192772363
391,discovery,97,1,11.686887175419702,11.76899133277763,0.00879263250616237,11.777783965283792
394,discovery,97,1,11.51293546492023,11.43293921923716,0.012228428776526874,11.445167648013687
402,discovery,97,1,12.013646205940514,12.115408491776794,-0.009701751269522444,12.105706740507271
404,discovery,97,1,12.460718739865236,12.407127813679756,-0.01147220325190096,12.395655610427855
417,discovery,97,1,11.915058360753719,11.95543463682584,0.004802189619309224,11.960236826445149
421,discovery,97,1,12.237091546357338,12.124096295637267,-0.0027567705152214267,12.121339525122046
422,discovery,97,1,12.278397958261774,12.320756328016376,-0.019210447375604733,12.301545880640772
431,discovery,97,1,11.355113089309977,11.453617735222588,-0.010640211693884785,11.442977523528704
432,discovery,97,1,11.288543647320601,11.540295579746422,-0.013623702035690808,11.526671877710731
437,discovery,97,1,11.661354090741,11.531983851117117,-0.019346454256984877,11.512637396860132
438,discovery,97,1,11.686887175419702,11.669765019335236,0.00586436577636302,11.675629385111598
440,discovery,97,1,11.608244735642321,11.842629324086827,0.014490632173393888,11.85711995626022
445,discovery,97,1,12.25486757159303,12.293583916418076,-0.009749544006469768,12.283834372411606
453,discovery,97,1,12.225880174775122,12.24753504798842,0.01934637404618416,12.266881422034604
455,discovery,97,1,12.144202560946876,11.877653232169438,-0.03226044257685728,11.84539278959258
467,discovery,97,1,12.025755079404917,11.980525657330004,0.006493001010089141,11.987018658340093
469,discovery,97,1,12.429220196836383,12.410684339698738,-0.0038794145433474407,12.406804925155392
472,discovery,97,1,12.154784614286667,12.172093576281908,-0.004943582168352945,12.167149994113554
481,discovery,97,1,12.694655727828803,12.772174615626662,-0.011774442901719494,12.760400172724943
487,discovery,97,1,11.957617696467539,11.922166025614333,0.0011537608549886753,11.923319786469321
502,discovery,97,1,12.331387247601905,12.296555538079392,0.008351551332619722,12.304907089412012
504,discovery,97,1,12.574185427296195,12.408294470305664,0.016303552760780677,12.424598023066444
511,discovery,97,1,12.013100572810686,12.02534468521269,0.0017023079141174117,12.027046993126808
514,discovery,97,1,11.80560254159177,11.85231307260127,-0.014552933145155307,11.837760139456114
515,discovery,97,1,11.477308649967686,11.433161048297588,0.015435952832463412,11.448597001130052
516,discovery,97,1,12.90634935052389,12.84364709317424,-0.039886293863597475,12.803760799310643
524,discovery,97,1,12.126764251515691,13.296223894693709,-0.06878420505131329,13.227439689642395
525,discovery,97,1,12.662709207270272,12.664992902425116,-0.0034568409761782546,12.661536061448938
526,discovery,97,1,12.07824495582233,12.111027197255495,0.01992836652113893,12.130955563776634
529,discovery,97,1,11.362114203075018,11.376578676055347,0.041037355245707195,11.417616031301055
534,discovery,97,1,10.579005242826247,10.887517052761911,-0.010628760304320806,10.87688829245759
540,discovery,97,1,12.513561021741964,12.412759907630042,0.004742372265833621,12.417502279895876
550,discovery,97,1,12.479913113434042,12.369687701465509,0.002406642768052459,12.372094344233561
558,discovery,97,1,11.58989576532275,11.555305198993103,0.028163987490413184,11.583469186483518
561,discovery,97,1,11.707677772181546,11.999238486054503,0.0020666653476960196,12.0013051514022
562,discovery,97,1,12.04355959836804,12.040524299446863,0.0023842234452385695,12.042908522892102
563,discovery,97,1,11.58989576532275,11.66978659957847,0.004707614375504537,11.674494213953976
564,discovery,97,1,12.128116509451258,12.100464988106292,0.014102919479966508,12.11456790758626
566,discovery,97,1,11.759793355371237,11.74520777140192,-0.018647950594544382,11.726559820807376
568,discovery,97,1,12.273735966890268,12.209170982853092,0.009449379801592056,12.218620362654685
570,discovery,97,1,11.820123358887447,11.878442193431187,0.006918782538363051,11.88536097596955
578,discovery,97,1,12.010671928196443,11.93068210659459,0.019296800258958805,11.949978906853548
580,discovery,97,1,11.78676973513378,11.764676546811558,-0.0005058771177351388,11.764170669693822
585,discovery,97,1,11.798111925972618,11.874336187606914,-0.010545765378294507,11.86379042222862
587,discovery,97,1,11.775297421715827,11.685433048269974,0.03665589757943844,11.722088945849412
594,discovery,97,1,11.849404844423074,11.850556926872374,0.0007992333133194779,11.851356160185693
596,discovery,97,1,12.672949516558306,12.727147133294268,0.009156479806539658,12.736303613100809
600,discovery,97,1,11.92504173829169,11.948985399063808,0.0023200321641748444,11.951305431227983
607,discovery,97,1,11.931642378754141,11.990394740561069,0.001729540739991121,11.99212428130106
608,discovery,97,1,12.323860125621126,12.116749651280562,0.011310160172403478,12.128059811452966
612,discovery,97,1,11.904974309480181,11.985652160381187,0.0035771737765186375,11.989229334157706
614,discovery,97,1,11.898194668458823,11.605632349604011,-0.049767107623814935,11.555865241980197
617,discovery,97,1,12.118339189722553,12.117641361911906,0.005534897172612463,12.123176259084518
623,discovery,97,1,11.813037464800539,11.739728839970844,0.003081174904156338,11.742810014875001
626,discovery,97,1,11.982935344196433,11.86802016358048,0.00814304130672689,11.876163204887208
628,discovery,97,1,11.938199736300925,12.000107188703218,-0.002127532620458159,11.99797965608276
630,discovery,97,1,12.034696963475044,11.970208568129925,-0.003611369582175328,11.966597198547749
631,discovery,97,1,11.728044909070785,11.572198918379442,0.010982994797253405,11.583181913176695
632,discovery,97,1,12.252483791602627,12.344221221101863,-0.005008210594923395,12.33921301050694
635,discovery,97,1,11.87757552297847,11.789221952946878,0.0011851470624819717,11.79040710000936
640,discovery,97,1,12.485830907348902,12.474140985868098,0.008880021305126039,12.483021007173225
666,discovery,97,1,12.348010479804223,12.3820934477803,-0.010149930017008174,12.371943517763292
672,discovery,97,1,11.548302261270587,11.575661239840963,0.018303428954751743,11.593964668795715
678,discovery,97,1,11.603688960617083,11.583594652573383,0.01694886357261552,11.600543516145999
681,discovery,97,1,11.870606902224587,11.678658416689046,-0.02188294782304608,11.656775468866
683,discovery,97,1,12.06105265381003,12.206727110268968,-0.0005858079265966085,12.206141302342372
699,discovery,97,1,11.83863282480007,11.80833146383202,0.00016131916035635611,11.808492782992378
702,discovery,97,1,11.849404844423074,11.888010076911256,0.017992966780194842,11.90600304369145
712,discovery,97,1,11.54031687156214,11.454074793729836,-0.022263350732722106,11.431811442997114
717,discovery,97,1,11.979805470779858,12.145149722616782,0.013449890599827813,12.15859961321661
723,discovery,97,1,11.732069026983156,11.679394274106487,0.012950256202126146,11.692344530308613
726,discovery,97,1,11.699413330633599,11.657471889226988,0.004628546351074714,11.662100435578063
733,discovery,97,1,12.312686874960354,12.373335315123414,-0.020942814098228676,12.352392501025186
736,discovery,97,1,12.001511614739405,12.028649009913496,-0.0010336659567445842,12.02761534395675
737,discovery,97,1,11.44572741040675,11.345562001394692,-0.0061693801191353105,11.339392621275556
745,discovery,97,1,12.100717685412471,12.291940796780242,-0.0024291137464564207,12.289511683033785
748,discovery,97,1,12.491176396967154,12.39185342336626,-0.008375270979874607,12.383478152386386
750,discovery,97,1,11.49273296168228,11.24847873753421,0.026511077008263818,11.274989814542474
769,discovery,97,1,12.28690580994122,12.3514042966649,-0.006193093313069331,12.34521120335183
771,discovery,97,1,11.812296455066814,11.796976570554378,-0.002125246125035271,11.794851324429343
773,discovery,97,1,11.580593459194764,11.808793430641828,-0.009055134556700822,11.799738296085128
780,discovery,97,1,11.813037464800539,11.895315630908735,0.01667286186434757,11.911988492773082
788,discovery,97,1,12.358798024384122,12.341451653625116,-0.0012673451154178734,12.340184308509698
789,discovery,97,1,11.588969419043874,11.575910856766257,0.019442217689862266,11.595353074456119
790,discovery,97,1,12.141539457711714,12.245028995235376,0.013764831086526732,12.258793826321902
794,discovery,97,1,12.323860125621126,12.3879176982012,0.016334221539166433,12.404251919740366
799,discovery,97,1,13.091906231773164,13.178103535968807,0.022330931260793392,13.2004344672296
800,discovery,97,1,12.07254696717504,12.043032768167246,0.010108530214066066,12.05314129838131
802,discovery,97,1,11.60733523953139,11.708646762286682,0.007591120500547838,11.71623788278723
806,discovery,97,1,12.335700805443338,12.251325378355238,0.013216240123888888,12.264541618479127
807,discovery,97,1,11.816734299348461,11.7900493876865,-0.011223220915078092,11.778826166771422
821,discovery,97,1,12.117246896289503,12.130019986486998,0.0037524896515143667,12.133772476138512
830,discovery,97,1,11.900912042974875,11.966920465817113,0.001141924172971385,11.968062389990084
834,discovery,97,1,12.025755079404917,11.948720953899764,-0.032011740744090314,11.916709213155674
845,discovery,97,1,11.944064817531656,11.844517529174784,0.0060155599163465205,11.85053308909113
847,discovery,97,1,12.269052139516223,12.173350722094384,0.009301599929723505,12.182652322024108
859,discovery,97,1,11.931642378754141,11.804748446137602,0.021738736825164136,11.826487182962765
860,discovery,97,1,12.429220196836383,12.468984336281178,-0.00658795668924455,12.462396379591933
868,discovery,97,1,11.767575435251748,11.847744971013714,0.004224280964014881,11.85196925197773
870,discovery,97,1,12.371591321286905,12.324337100247712,-0.015026023292552714,12.30931107695516
871,discovery,97,1,11.603688960617083,11.51989822905528,-0.012383242505415712,11.507514986549863
872,discovery,97,1,12.208574513247495,12.134713565313373,0.00459765702161682,12.139311222334989
875,discovery,97,1,11.104972264124868,11.458790358763244,-0.011932228998458272,11.446858129764784
883,discovery,97,1,12.08954444723597,12.059638267787676,0.0021539573177519968,12.061792225105428
895,discovery,97,1,11.685693195625964,11.715782926154349,0.009498596592436015,11.725281522746785
899,discovery,97,1,13.323928581764989,13.081263300557143,0.004631036950435031,13.085894337507579
900,discovery,97,1,11.813037464800539,11.820464393340783,-0.014529288647081386,11.805935104693702
901,discovery,97,1,11.608244735642321,11.653409742429778,0.01662850050700434,11.670038242936782
903,discovery,97,1,12.100717685412471,12.095978379592324,-0.009873447438974942,12.086104932153349
904,discovery,97,1,12.388398368982115,12.415039782009371,0.0014563938739769221,12.416496175883347
908,discovery,97,1,12.429220196836383,12.378433236890867,0.029562438703160727,12.407995675594028
909,discovery,97,1,11.782960235741939,11.792393154906373,-0.00813517907708441,11.784257975829288
913,discovery,97,1,11.385103457032141,11.46498465593384,-0.012304989336766829,11.452679666597072
914,discovery,97,1,11.884495917930655,11.884659636976105,-0.006148139847743903,11.878511497128361
917,discovery,97,1,10.471978128496518,11.107378379582569,-0.05079407369926326,11.056584305883305
928,discovery,97,1,12.07824495582233,12.069598150710313,-0.01163300571078086,12.057965144999532
943,discovery,97,1,11.918397239722838,11.767418489123711,0.0050242522381113396,11.772442741361823
945,discovery,97,1,11.83138646878959,12.012620443737235,0.00027982994819305125,12.012900273685428
947,discovery,97,1,11.870606902224587,11.909614840072958,0.009015716198042378,11.918630556271001
952,discovery,97,1,11.694421681264394,11.649766773870024,0.0038736607855874286,11.65364043465561
957,discovery,97,1,11.728044909070785,11.713848965048674,0.00019618275595500127,11.71404514780463
962,discovery,97,1,12.513561021741964,12.453999225542676,-0.006154148853594334,12.447845076689081
965,discovery,97,1,12.277932735946903,12.303641048756925,0.007415097423570841,12.311056146180496
968,discovery,97,1,11.813037464800539,11.835771428660331,-0.010926363975465151,11.824845064684867
978,discovery,97,1,12.20557752297723,12.20146214059968,-0.00012331466384364587,12.201338825935837
981,discovery,97,1,12.091789104493502,12.000007969253923,-0.008956149880393826,11.99105181937353
988,discovery,97,1,12.887129532148373,12.987107354600038,0.0076034492009145966,12.994710803800952
996,discovery,97,1,11.7085004721646,11.607879274571372,0.005369664320218304,11.61324893889159
1000,discovery,97,1,12.235636302128867,12.153171661159138,-0.0077680398055631344,12.145403621353575
1004,discovery,97,1,11.827049837927534,11.92146164268571,0.007958407732792732,11.929420050418502
1005,discovery,97,1,12.10625783509458,12.140552582632212,0.0034401770150369665,12.143992759647249
1010,discovery,97,1,11.532737896139919,11.615962405001875,-0.00807751144088286,11.607884893560993
1014,discovery,97,1,11.350418300109132,11.500657228824224,-0.007251294470199823,11.493405934354024
1030,discovery,97,1,11.678448377988165,11.693022453618807,-0.0012909370274373957,11.69173151659137
1035,discovery,97,1,11.693169865968983,11.754954411240666,0.015170951290124766,11.770125362530791
1038,discovery,97,1,12.567240979056246,12.410366984370333,-0.023041261138219908,12.387325723232113
1040,discovery,97,1,11.289794413577894,11.327347890367273,-0.01363154346149169,11.313716346905782
1041,discovery,97,1,11.951186847493476,11.968889461012978,-0.01882609681235816,11.95006336420062
1048,discovery,97,1,11.884495917930655,11.892653713714283,0.012459653071799843,11.905113366786082
1056,discovery,97,1,12.100717685412471,11.950243202273416,0.010867618864410346,11.961110821137826
1065,discovery,97,1,11.944714374881176,11.94948759924066,-0.004491116188753107,11.944996483051908
1084,discovery,97,1,11.982935344196433,11.971124434576598,-0.007389916203216042,11.963734518373382
1086,discovery,97,1,11.898194668458823,11.977526504967305,-0.0017889908572885685,11.975737514110016
1088,discovery,97,1,12.437188334739655,12.456989345191763,0.005378193000708606,12.462367538192472
1096,discovery,97,1,12.080696479888445,12.119447627579854,-0.003903416925799645,12.115544210654054
1097,discovery,97,1,11.751950239425476,11.628418009773023,0.013179879161407998,11.641597888934431
1107,discovery,97,1,12.100161978566867,12.132197529858995,0.00045980856038611563,12.132657338419381
1110,discovery,97,1,12.54254845357358,12.662379989007958,-0.02059604342164728,12.64178394558631
1111,discovery,97,1,12.144202560946876,12.115208346418733,-0.005835447622592178,12.10937289879614
1112,discovery,97,1,12.230770136157428,12.124545005682638,0.0016435174159337431,12.126188523098572
1118,discovery,97,1,11.775297421715827,11.844329995276992,0.00925293956473838,11.85358293484173
1125,discovery,97,1,12.007017865994577,12.014518565498369,-0.004077509399967594,12.0104410560984
1135,discovery,97,1,12.037659911047468,12.103377371626,0.001396468519186854,12.104773840145187
1136,discovery,97,1,11.532737896139919,11.578850107859006,0.005735003597931988,11.584585111456938
1138,discovery,97,1,11.451060699493427,11.412094484081914,0.012330019932416506,11.42442450401433
1141,discovery,97,1,11.842236406331555,11.765441347259324,0.009921471441611424,11.775362818700936
1144,discovery,97,1,11.289794413577894,11.486005689122544,0.0030322632664948074,11.489037952389038
1146,discovery,97,1,11.91170829631447,11.799346403543597,0.015958972683975513,11.815305376227572
1149,discovery,97,1,11.669082701743504,11.587629642420268,0.015991382376324307,11.603621024796592
1153,discovery,97,1,12.345838935721968,12.191012145010388,-0.0093365347605906,12.181675610249798
1155,discovery,97,1,12.215037342290755,12.234646291861363,0.01577092470226486,12.250417216563628
1159,discovery,97,1,12.367889578686164,12.362894460859897,0.01590706824084785,12.378801529100745
1160,discovery,97,1,12.128116509451258,12.184148080187065,-0.004344146999663017,12.1798039331874
1162,discovery,97,1,12.319405795112926,12.24277834746475,-0.005137830948160279,12.23764051651659
1168,discovery,97,1,12.06105265381003,12.177350372682511,0.014650388285309561,12.19200076096782
1169,discovery,97,1,12.367345048436391,12.210466673299496,-0.0003213823747104018,12.210145290924785
1174,discovery,97,1,12.208574513247495,12.270935267397526,-0.01356895607299837,12.257366311324528
1179,discovery,97,1,11.950541482162043,11.81165058748435,0.021583551101071075,11.83323413858542
1181,discovery,97,1,12.429220196836383,12.351799130074411,-0.014874822367588797,12.336924307706823
1186,discovery,97,1,11.560772327227417,11.7517798979084,-0.0037017972340890105,11.74807810067431
1187,discovery,97,1,11.461642696843066,11.730040017083349,-0.02431293108214693,11.705727086001202
1197,discovery,97,1,12.29779001527865,12.310899431284708,0.0019686072018216196,12.31286803848653
1198,discovery,97,1,11.87757552297847,11.963548531122278,0.0015859514342352308,11.965134482556513
1204,discovery,97,1,12.269052139516223,12.27102678352878,-0.0041438509312953275,12.266882932597484
1212,discovery,97,1,12.00762780434872,12.24833454910814,-0.009146331445586678,12.239188217662553
1217,discovery,97,1,11.626263078808801,11.705481741786578,0.010726332085140183,11.716208073871718
1232,discovery,97,1,11.794345471549745,11.879720894131516,0.009266827716871772,11.888987721848387
1243,discovery,97,1,12.04355959836804,11.966872518790932,0.00544334777407348,11.972315866565006
1255,discovery,97,1,12.016128107502665,12.131342426949873,-0.0003829645388561458,12.130959462411017
1262,discovery,97,1,11.766799946849087,11.754025511242908,-0.0012522454190389536,11.752773265823869
1264,discovery,97,1,12.103491596905931,12.01915658045344,0.004619624069469011,12.02377620452291
1266,discovery,97,1,12.12215284831553,12.046253914616246,0.0008114974300008659,12.047065412046248
1267,discovery,97,1,11.711784520403112,11.737839024084252,-0.029666899598060972,11.708172124486191
1271,discovery,97,1,12.468440756144114,12.360870082738154,0.007629827364453127,12.368499910102608
1273,discovery,97,1,11.827743504053695,11.805593791694356,0.010381904122734157,11.815975695817091
1282,discovery,97,1,12.100717685412471,12.12207974456309,-0.008926907916367475,12.113152836646723
1283,discovery,97,1,11.921725007667265,11.930673302901534,0.00597302156920374,11.936646324470738
1295,discovery,97,1,11.652696102959753,11.732242996152726,-0.005580741854876075,11.72666225429785
1296,discovery,97,1,11.83863282480007,11.833020729554482,0.021112506187065023,11.854133235741546
1300,discovery,97,1,11.944714374881176,11.975168714995217,0.022951303373746727,11.998120018368963
1301,discovery,97,1,12.323860125621126,12.314059468926583,0.0009078275399444362,12.314967296466527
1307,discovery,97,1,12.218500103788143,12.146263472911048,-0.010979421802923037,12.135284051108126
1312,discovery,97,1,12.220966184120165,12.199786334432067,-0.004806649120295702,12.194979685311772
1326,discovery,97,1,10.915106645867503,11.133308991992246,-0.036361758843734604,11.096947233148512
1331,discovery,97,1,12.33270970174018,12.3550615828916,0.013381652919885934,12.368443235811487
1336,discovery,97,1,12.031129798974042,11.982738224190362,0.009551257229911521,11.992289481420274
1337,discovery,97,1,11.813037464800539,11.858326288470863,0.007391247679612269,11.865717536150475
1340,discovery,97,1,11.763691965388299,11.767412863533607,-0.004149038004629226,11.763263825528979
1345,discovery,97,1,11.95655945119582,12.04466819042896,0.0009669676215607557,12.045635158050521
1356,discovery,97,1,12.04355959836804,12.142554093546092,0.012359527681511181,12.154913621227603
1358,discovery,97,1,11.917730355182513,11.985648143701916,4.566728334889456e-05,11.985693810985264
1359,discovery,97,1,12.086731521684555,12.052240626052178,0.012848045496707605,12.065088671548885
1364,discovery,97,1,11.963574241653713,12.031715620615705,-0.008093089641999908,12.023622530973705
1365,discovery,97,1,11.878630514504515,11.899915367316847,-0.01008149134587748,11.88983387597097
1366,discovery,97,1,12.283038316285214,12.261698870663036,0.011137263919452777,12.272836134582489
1367,discovery,97,1,12.170450649220749,12.205321560851498,0.012345741217456274,12.217667302068955
1372,discovery,97,1,12.016732516077072,12.066887255019305,-0.010582718604907344,12.056304536414398
1380,discovery,97,1,12.02874460037869,12.003263255081182,-0.001073825865835796,12.002189429215345
1386,discovery,97,1,11.74006900564972,11.645506452759566,0.01212370303274675,11.657630155792313
1400,discovery,97,1,11.831022768939789,11.96978726917341,0.00999410114148146,11.979781370314893
1407,discovery,97,1,11.798111925972618,11.818966385051969,0.01738231844745972,11.836348703499429
1410,discovery,97,1,12.278397958261774,12.24089723955716,-0.00327721519185629,12.237620024365304
1420,discovery,97,1,12.314931534737134,12.4150833590257,0.018623247736687467,12.433706606762389
1436,discovery,97,1,12.066816325306588,12.042951903885276,-0.0037469642807558966,12.03920493960452
1443,discovery,97,1,12.644330802262578,12.672147290744688,0.004635911850581655,12.676783202595269
1444,discovery,97,1,11.703554089007538,11.581215701649972,0.0075391416957700935,11.588754843345741
1446,discovery,97,1,11.767575435251748,11.73859165245254,-0.004633292835970195,11.733958359616569
1450,discovery,97,1,11.429554725537322,11.41860595621502,-0.008130531436049606,11.41047542477897
4,discovery,97,2,11.849404844423074,12.066492882574876,-0.014339489620410501,12.052153392954466
9,discovery,97,2,11.774527900858468,11.778748410321178,0.00187251676184266,11.78062092708302
11,discovery,97,2,11.771443882099637,11.750930052667842,0.013804114828510582,11.764734167496352
17,discovery,97,2,11.91170829631447,11.917352291915906,0.0043487410717854315,11.921701032987691
19,discovery,97,2,11.976665770490767,12.008449030077786,-0.0032326511546157516,12.005216378923171
21,discovery,97,2,12.692506186542177,12.76911177994184,0.03219812191138074,12.801309901853221
22,discovery,97,2,11.845109950883979,11.757570079116748,0.02190605937851409,11.779476138495262
24,discovery,97,2,11.774527900858468,11.837528430286676,0.0030581083799749594,11.840586538666651
31,discovery,97,2,10.596659732783579,11.461287266598177,-0.007055286213506447,11.454231980384671
36,discovery,97,2,12.6410997921206,12.648032345591549,-0.0017358302856288839,12.64629651530592
41,discovery,97,2,11.982935344196433,11.82900283860672,0.009890303746701544,11.83889314235342
46,discovery,97,2,12.675766851909591,12.575523901698508,-0.0031860692340999787,12.572337832464408
49,discovery,97,2,11.635151947212842,11.46086729336004,0.013832357933409499,11.47469965129345
57,discovery,97,2,12.058158312538197,12.18290124426013,0.0017753294579203392,12.18467657371805
59,discovery,97,2,12.991755706536901,12.907565273521756,0.011072097361117438,12.918637370882873
60,discovery,97,2,11.735276702486741,11.721363238390982,0.01011282464646169,11.731476063037444
63,discovery,97,2,12.218500103788143,12.23810683534964,0.009156690739314117,12.247263526088954
85,discovery,97,2,12.034696963475044,12.032811297331444,0.0024222047735743798,12.035233502105019
93,discovery,97,2,12.004574385508691,11.873653097862436,0.009492798022927173,11.883145895885363
95,discovery,97,2,12.229549885708273,12.23372506322,0.01626900173035358,12.249994064950354
99,discovery,97,2,11.326607934898927,11.347931179955152,0.027623430345857073,11.375554610301009
101,discovery,97,2,12.230770136157428,12.301624929944472,0.005051652430672608,12.306676582375145
103,discovery,97,2,11.68658461118553,11.676943784358338,-0.005267489555126661,11.671676294803211
107,discovery,97,2,11.51293546492023,11.366999849551323,-0.011052105214486045,11.355947744336838
108,discovery,97,2,11.652696102959753,11.49501230456066,0.0031083874663436974,11.498120692027005
115,discovery,97,2,12.466515835145202,12.387906004335765,-0.012088735614739493,12.375817268721025
117,discovery,97,2,11.842236406331555,11.74006465266705,-0.004544247106597375,11.735520405560452
125,discovery,97,2,12.10625783509458,12.054236052811406,0.008106697034206831,12.062342749845612
129,discovery,97,2,11.951186847493476,11.884771529327574,-0.00023641527857352974,11.884535114049001
140,discovery,97,2,12.352339472153524,12.246152412456482,-0.013920816684926141,12.232231595771555
146,discovery,97,2,11.775297421715827,11.803232944067748,-0.01596930598385246,11.787263638083896
150,discovery,97,2,11.652696102959753,11.580327877074842,0.01282802148210599,11.593155898556947
161,discovery,97,2,11.998439434579149,11.971805433438035,-0.0005900307621155715,11.97121540267592
166,discovery,97,2,11.755879486687116,11.757161691069472,0.016001623341605112,11.773163314411077
169,discovery,97,2,12.119975396053194,12.15149944424824,-0.001365006600798204,12.150134437647441
199,discovery,97,2,11.552155793461898,11.588950494620958,-0.03427083397368796,11.55467966064727
201,discovery,97,2,11.849404844423074,11.874798441549808,0.026414868706492213,11.901213310256301
205,discovery,97,2,11.608244735642321,11.611359485537475,0.0009572411254545042,11.61231672666293
206,discovery,97,2,12.103491596905931,12.097351884714037,0.005577373124767155,12.102929257838804
213,discovery,97,2,12.439875187430008,12.3960068397694,0.02122354757840587,12.417230387347807
221,discovery,97,2,12.230282214644559,12.301050436820256,0.011785107492899299,12.312835544313156
230,discovery,97,2,12.167856627501678,12.183594992155406,0.0100793903884519,12.193674382543858
234,discovery,97,2,11.761354623750297,11.79963722108587,0.003591134517282667,11.803228355603153
241,discovery,97,2,12.47801017053037,12.539407831447056,-0.004408776583277756,12.534999054863778
246,discovery,97,2,12.394628892852941,12.281707849130475,-0.014221693616563768,12.267486155513911
253,discovery,97,2,12.06105265381003,12.059809773535749,-0.004172036325587142,12.055637737210162
254,discovery,97,2,11.970356641102999,11.984607347739676,0.005597821030365341,11.990205168770041
256,discovery,97,2,12.345838935721968,12.30521603785807,-0.0017559834440607186,12.303460054414009
263,discovery,97,2,11.92504173829169,11.891678001221097,0.008746902350411147,11.900424903571508
268,discovery,97,2,12.097936057925594,12.12745126170478,0.004979481993745653,12.132430743698524
273,discovery,97,2,12.577639650232573,12.625084218005744,0.004460054340266336,12.62954427234601
274,discovery,97,2,11.842236406331555,12.007449867792133,-0.010014206713322253,11.99743566107881
277,discovery,97,2,12.211065162153215,12.175360158792358,-0.018894784343686823,12.156465374448672
280,discovery,97,2,12.165255859329688,12.196800734542649,0.0034888917752012253,12.20028962631785
288,discovery,97,2,11.385103457032141,11.514803547897632,-0.00811850570846377,11.506685042189169
295,discovery,97,2,12.025755079404917,11.93704537243794,-0.020445672749319802,11.91659969968862
297,discovery,97,2,11.931642378754141,11.754144515903723,-0.00039676548034782747,11.753747750423376
302,discovery,97,2,12.495007682693725,12.494765995653973,-0.01549323195937984,12.479272763694594
303,discovery,97,2,12.230770136157428,12.333218757069584,-0.008738308058525096,12.324480449011059
307,discovery,97,2,12.323860125621126,12.308379074008243,-0.006259325509204408,12.30211974849904
309,discovery,97,2,11.320565693461432,11.636089066488868,0.022656547706391465,11.65874561419526
317,discovery,97,2,12.468440756144114,12.3883265347123,0.0031960305494317994,12.391522565261733
320,discovery,97,2,12.141539457711714,12.155314357653666,-0.002527169802811396,12.152787187850855
322,discovery,97,2,12.777055016970678,12.739779368299704,0.00041948283292312017,12.740198851132627
326,discovery,97,2,11.373674891823535,11.358024506247022,-0.01591655413067942,11.342107952116342
346,discovery,97,2,11.850832386224807,11.83866643025144,0.01883145049895561,11.857497880750396
357,discovery,97,2,12.06105265381003,12.030039196599846,0.00402766752856571,12.034066864128413
358,discovery,97,2,11.80560254159177,11.847519648093456,-0.00023898557530201047,11.847280662518154
376,discovery,97,2,11.0186455364637,11.238687677674372,-0.045583313288876284,11.193104364385496
380,discovery,97,2,12.095146671399466,12.079082674008207,-0.0005889512446397829,12.078493722763568
388,discovery,97,2,11.736077016252437,11.736184879868912,-0.0297803931510786,11.706404486717833
393,discovery,97,2,11.575909653758895,11.61260863204118,-0.01662933296204932,11.595979299079131
398,discovery,97,2,12.040614105490253,11.930418649323318,-0.010064261933783156,11.920354387389535
400,discovery,97,2,12.392556361841777,12.274621698122685,0.005777410861389669,12.280399108984074
406,discovery,97,2,11.918397239722838,11.973482670473144,0.025846230720203308,11.999328901193348
415,discovery,97,2,12.337105293891872,12.372859475396458,-0.01033451168730365,12.362524963709154
424,discovery,97,2,12.660331092405906,12.723951861849388,-0.03132072385027332,12.692631137999115
434,discovery,97,2,12.10625783509458,12.089970643492444,-0.00868969226444449,12.081280951227999
435,discovery,97,2,11.302216779257382,11.339432365117649,-0.009303647904628422,11.33012871721302
436,discovery,97,2,12.264346270624157,12.280252179644332,0.013784247097530756,12.294036426741863
442,discovery,97,2,11.678448377988165,11.673383500374332,-0.009739143111233663,11.663644357263099
443,discovery,97,2,12.000897933306716,11.955202648912069,0.00607367165035814,11.961276320562426
444,discovery,97,2,12.058158312538197,12.13515043719543,-0.02033225220054814,12.114818184994881
448,discovery,97,2,12.20557752297723,12.23821259136094,-0.001288635269733696,12.236923956091205
449,discovery,97,2,11.691080018519527,11.740737743539698,0.021107922904632995,11.761845666444332
450,discovery,97,2,11.695255355062795,11.656981186690548,-0.009828869266489172,11.647152317424059
460,discovery,97,2,11.608244735642321,11.664855500221806,-0.002448890863852775,11.662406609357953
462,discovery,97,2,11.951186847493476,11.9319411654747,-0.003469468015974907,11.928471697458725
463,discovery,97,2,11.04106411122238,11.721324644923424,0.005346781839394808,11.726671426762818
470,discovery,97,2,12.138869243416009,12.120329939810292,0.00693962475591025,12.127269564566202
471,discovery,97,2,12.264346270624157,12.237207137907816,-0.0034169289896167215,12.2337902089182
474,discovery,97,2,12.994532278619134,12.816635999404202,0.020417404019733614,12.837053403423935
475,discovery,97,2,12.433212202169729,12.440727244733326,-0.001548479932177052,12.439178764801149
477,discovery,97,2,12.249615734512616,12.296306980872776,0.006741127105714128,12.30304810797849
482,discovery,97,2,12.832013750189885,12.786550943043675,0.008508012499069536,12.795058955542745
484,discovery,97,2,12.00762780434872,11.9234740487888,-0.013574171289499481,11.9098998774993
485,discovery,97,2,11.794345471549745,11.787239237775635,-0.011461752483453757,11.775777485292181
498,discovery,97,2,12.122696471358964,11.97120284456949,0.014838167700881932,11.986041012270372
503,discovery,97,2,11.849404844423074,11.78100631720669,0.0009441725285126636,11.781950489735204
510,discovery,97,2,11.732069026983156,11.863536293213851,0.004476136831755567,11.868012430045606
528,discovery,97,2,13.008661502470739,12.974216861349772,0.02577455250337011,12.999991413853142
531,discovery,97,2,12.07254696717504,12.123176271271848,-0.014751230669137602,12.108425040602711
535,discovery,97,2,12.08954444723597,12.093131147985751,-0.01301021938656345,12.080120928599188
545,discovery,97,2,12.098854850641,12.194065797484368,-0.005077758253191517,12.188988039231177
546,discovery,97,2,12.34148164933907,12.337574736503916,-0.012944046513989125,12.324630689989927
547,discovery,97,2,12.25486757159303,12.068441502879669,-0.021476415527872394,12.046965087351795
554,discovery,97,2,11.58989576532275,11.656202384464306,-0.016120390899394578,11.64008199356491
556,discovery,97,2,11.635151947212842,11.65457842119219,0.019156830619209444,11.673735251811399
573,discovery,97,2,12.32163544049751,12.249604378030488,-0.007847018206442622,12.241757359824046
584,discovery,97,2,12.691583538230217,12.590089363002438,0.008773145424026482,12.598862508426464
593,discovery,97,2,11.835016210489899,11.903301787699286,0.0034455292538434243,11.90674731695313
598,discovery,97,2,12.176654133447505,12.129789420386462,-0.020431758390186707,12.109357661996276
602,discovery,97,2,11.856522261533737,11.74911428283267,-0.024646021504516065,11.724468261328154
604,discovery,97,2,11.92504173829169,11.968949153950977,-0.010542062268644101,11.958407091682332
611,discovery,97,2,12.653961664405365,12.658496030448251,-0.005890805953997678,12.652605224494254
613,discovery,97,2,12.474193386571581,12.445042814007076,-0.011461665871887357,12.433581148135188
618,discovery,97,2,11.566475710526321,11.679099056864064,0.010844081823633013,11.689943138687697
620,discovery,97,2,12.628070334272698,12.6952810939634,0.0005752040726663523,12.695856298036066
622,discovery,97,2,12.388398368982115,12.37457913524394,-0.01689581871604274,12.357683316527897
625,discovery,97,2,12.014615485902027,11.946698867687736,-0.0032224282766245963,11.943476439411112
629,discovery,97,2,11.813037464800539,12.123436675209565,0.012196509224449625,12.135633184434015
648,discovery,97,2,11.951186847493476,11.863611146848031,0.003512006393931898,11.867123153241963
652,discovery,97,2,11.58989576532275,11.626360189174846,-0.03399923198972647,11.59236095718512
653,discovery,97,2,12.160033942617156,12.18091986282248,0.0008493290797355095,12.181769191902214
655,discovery,97,2,12.765691290604371,12.832817322531092,0.003531311090873466,12.836348633621965
658,discovery,97,2,11.91170829631447,12.01052449509943,-0.024848849445125852,11.985675645654304
662,discovery,97,2,12.904209855160254,12.84281765686326,0.046363424038698156,12.88918108090196
663,discovery,97,2,11.608244735642321,11.797409567182632,0.01401574152863115,11.811425308711263
665,discovery,97,2,12.955129822091815,12.746045033305004,0.024057707507187213,12.770102740812192
673,discovery,97,2,12.013706813470414,12.067057879192925,0.00817497072954532,12.07523284992247
675,discovery,97,2,11.849404844423074,11.893713986744435,-0.0020521101480839785,11.891661876596352
679,discovery,97,2,12.827995001361906,12.807679292925943,-0.07246667688840937,12.735212616037535
684,discovery,97,2,12.560247968016562,12.553687628215735,-0.009640300304122188,12.544047327911613
685,discovery,97,2,12.30592250537653,12.284924510204178,-0.014395984679929566,12.270528525524249
688,discovery,97,2,11.910365121788654,11.945255132059671,-0.005372046509369025,11.939883085550303
689,discovery,97,2,12.879019669789754,12.346630938447277,0.009412340391682608,12.356043278838959
691,discovery,97,2,11.856522261533737,11.90881395162039,-0.0010571672589711248,11.90775678436142
694,discovery,97,2,11.59433032142082,11.577040245471228,0.0173700576967025,11.59441030316793
696,discovery,97,2,12.07824495582233,12.08202429618491,-0.013265250750372007,12.068759045434538
697,discovery,97,2,11.39640288460621,11.46576933085418,0.002867016878373881,11.468636347732554
701,discovery,97,2,12.652362948153474,12.628498530162917,-0.0020482612053495633,12.626450268957568
704,discovery,97,2,11.849404844423074,11.834108120344226,0.019262961413210437,11.853371081757436
711,discovery,97,2,10.859018228147887,11.338355480405612,-0.04145340762261369,11.296902072782999
713,discovery,97,2,12.149507585033072,12.166688232321542,-0.005622415161082427,12.161065817160459
741,discovery,97,2,11.790564777297387,11.675278415303708,0.014591119084820196,11.689869534388528
743,discovery,97,2,12.095146671399466,12.003591999903938,-0.00238728516909011,12.001204714734847
746,discovery,97,2,12.61087420020211,12.731850980781816,-0.005687125646329443,12.726163855135487
749,discovery,97,2,12.469978029554953,12.452255687874196,0.007590188843196392,12.459845876717392
751,discovery,97,2,11.477308649967686,11.443967365114652,-0.0012880618869962413,11.442679303227656
758,discovery,97,2,11.97603664577121,11.82336962306403,0.0027050975609631796,11.826074720624993
766,discovery,97,2,12.484208043148733,12.577356495413223,0.028078227793364132,12.605434723206587
768,discovery,97,2,11.982935344196433,12.065103908767837,0.00577631282363416,12.070880221591471
770,discovery,97,2,13.195615697878253,13.060222703655718,0.01719285254427645,13.077415556199995
772,discovery,97,2,11.532737896139919,11.715471834590865,-0.013212688513876188,11.702259146076988
783,discovery,97,2,12.139403856983334,12.14959821050767,-0.0013928417408079138,12.148205368766861
787,discovery,97,2,11.842236406331555,11.718152078435445,0.01261007801576809,11.730762156451213
792,discovery,97,2,11.896833207128452,11.895661924320615,0.0015222262164132742,11.89718415053703
795,discovery,97,2,12.178192583415596,12.198693112829218,0.004089980723971162,12.20278309355319
797,discovery,97,2,11.874097282798648,11.814006058360404,0.005279394477411465,11.819285452837816
811,discovery,97,2,12.10625783509458,12.14106999857628,0.01065521281014428,12.151725211386424
816,discovery,97,2,12.323415584358154,12.199274162361531,0.01354990549399041,12.212824067855522
817,discovery,97,2,11.827743504053695,11.84299895929759,-0.0006670849952290769,11.842331874302362
818,discovery,97,2,12.509877789891931,12.550180475758626,0.014023737120611677,12.564204212879238
828,discovery,97,2,12.149507585033072,12.169757911885192,-0.004534572401740008,12.165223339483452
829,discovery,97,2,12.128116509451258,12.099091915457784,-0.013279665802787078,12.085812249654996
831,discovery,97,2,12.019749091416921,12.077841850329737,-0.009656637279394644,12.068185213050342
837,discovery,97,2,11.941462360646149,11.77696755423987,0.0022651374703947175,11.779232691710266
839,discovery,97,2,11.87757552297847,11.944287748738349,-0.0028573452167638814,11.941430403521585
841,discovery,97,2,11.849404844423074,11.707036031577406,0.03021310932847933,11.737249140905885
843,discovery,97,2,12.071975378543236,11.964608950906277,0.008867283206921941,11.973476234113198
844,discovery,97,2,11.856522261533737,11.724519910673791,-0.03127687226778641,11.693243038406004
846,discovery,97,2,12.049424683420915,12.102065603313624,-0.005961790297549388,12.096103813016075
852,discovery,97,2,12.278397958261774,12.119678480896429,0.019219408188277436,12.138897889084706
861,discovery,97,2,12.154521423145216,12.099041645177683,-0.01144663396429952,12.087595011213384
862,discovery,97,2,11.78676973513378,11.80315815870206,0.010847801922136243,11.814005960624195
863,discovery,97,2,11.931642378754141,11.863859221850795,-0.0031439301131258156,11.86071529173767
865,discovery,97,2,12.43153750053306,12.190244401962053,-0.005046999814344882,12.185197402147708
866,discovery,97,2,11.908346971208951,11.826860333369533,-0.0037148178303407367,11.823145515539192
874,discovery,97,2,11.798111925972618,11.78509441005542,0.002489367366236901,11.787583777421657
877,discovery,97,2,11.792456911128632,11.812722701582013,-0.013301371665220144,11.799421329916793
878,discovery,97,2,12.765691290604371,12.76353852205244,-0.01404714454217672,12.749491377510264
880,discovery,97,2,11.824087219587643,11.828803441649471,-0.0022687777781832154,11.826534663871287
881,discovery,97,2,11.964007453736912,11.980328818715064,0.02222625286688143,12.002555071581945
891,discovery,97,2,11.719134432217524,11.706925612069291,0.010293407186012958,11.717219019255305
892,discovery,97,2,12.058158312538197,12.051448233549747,0.00505550605571822,12.056503739605466
898,discovery,97,2,11.870278179170796,11.8198521114912,-0.0036605129604506633,11.816191598530748
905,discovery,97,2,11.74006900564972,11.705736925471308,-0.019378113351108155,11.6863588121202
922,discovery,97,2,11.890683588496984,11.987613437277671,-0.030655532296760032,11.95695790498091
925,discovery,97,2,12.242891437918386,12.236527496983028,-0.003945081796943133,12.232582415186085
929,discovery,97,2,12.373707715234994,12.379012604556896,-0.02862167240059082,12.350390932156305
931,discovery,97,2,12.211065162153215,12.299627393574584,-0.011447527608253771,12.28817986596633
935,discovery,97,2,12.396697137361691,12.304707648817445,-0.034758435973505794,12.269949212843938
948,discovery,97,2,12.506180941677357,12.539527329589584,0.005523697359528329,12.545051026949112
955,discovery,97,2,11.755879486687116,11.735082596269466,0.02713460283200611,11.762217199101473
958,discovery,97,2,11.790564777297387,11.747266174476788,-0.004517067740930285,11.742749106735857
967,discovery,97,2,11.982935344196433,11.876194004111865,0.028452570046304526,11.90464657415817
972,discovery,97,2,12.06105265381003,12.003461841202563,-0.003305973646373819,12.00015586755619
976,discovery,97,2,12.013706813470414,12.122375424672253,-0.00074456739867226,12.12163085727358
977,discovery,97,2,11.356283350762888,11.32707508033629,0.005821218328952124,11.332896298665242
984,discovery,97,2,12.45254592991672,12.401648698564651,0.00014644714256426664,12.401795145707215
986,discovery,97,2,11.736077016252437,11.64543962467766,0.01466754775383677,11.660107172431497
989,discovery,97,2,12.180759965737863,12.190642565560411,0.011318012689267803,12.201960578249679
991,discovery,97,2,12.759960632315702,12.67786123733226,0.0008363164427177602,12.678697553774978
1001,discovery,97,2,11.314486721293981,11.168162378775936,-0.029422540785127387,11.138739837990808
1003,discovery,97,2,12.354496960983985,12.391218601994026,0.004587394169590791,12.395805996163617
1013,discovery,97,2,12.013706813470414,12.043465083169451,0.02159871378108682,12.065063796950538
1015,discovery,97,2,11.688566422839942,11.718449319940431,-0.009631403364669838,11.70881791657576
1017,discovery,97,2,12.220966184120165,12.355421084070576,0.0042571777472357585,12.359678261817812
1020,discovery,97,2,12.271349956195543,12.218568097161148,0.008882740464806036,12.227450837625954
1029,discovery,97,2,11.561725152903833,11.76497566430714,0.015528771899119222,11.78050443620626
1031,discovery,97,2,11.982935344196433,11.781356720445592,-0.00015055296475169978,11.78120616748084
1033,discovery,97,2,12.644330802262578,12.76471091551927,0.002890735639845475,12.767601651159115
1036,discovery,97,2,11.338583982516495,11.3317763136328,-0.021607296863297803,11.310169016769501
1043,discovery,97,2,12.185875040240456,12.19397250289869,0.018060759262156594,12.212033262160848
1047,discovery,97,2,13.229569788348705,13.011033187764886,-0.0046073180965516,13.006425869668334
1049,discovery,97,2,11.652696102959753,11.795087237275164,0.012527101426800047,11.807614338701963
1054,discovery,97,2,11.881041706925902,11.894536503969864,-0.002963505172587805,11.891572998797276
1057,discovery,97,2,12.13270055639427,12.312862907006362,0.01903846817782648,12.33190137518419
1059,discovery,97,2,12.721888795877375,12.806168806757576,-0.005013787154264863,12.80115501960331
1066,discovery,97,2,12.700771936142122,12.500783012477878,0.023445323042473223,12.524228335520352
1068,discovery,97,2,12.031129798974042,12.081593460570463,-0.0029188860955655987,12.078674574474897
1070,discovery,97,2,11.813037464800539,11.77619463120522,-0.0011543343407811625,11.77504029686444
1085,discovery,97,2,12.141539457711714,12.126310262757416,-0.0023778349761698074,12.123932427781247
1098,discovery,97,2,12.04355959836804,11.952582844338524,-0.013346525364015448,11.939236318974508
1099,discovery,97,2,11.759793355371237,11.604178569671422,-0.0006006564501938573,11.603577913221228
1108,discovery,97,2,12.52352951631214,12.332328827351551,0.0005722709662171004,12.332901098317768
1115,discovery,97,2,11.669937760751914,11.662825589321711,0.0046322020700613085,11.667457791391772
1117,discovery,97,2,12.123239799036943,12.100954132646258,0.004282714121607729,12.105236846767866
1120,discovery,97,2,11.803361242493628,11.699953541049569,-0.014466706352826411,11.685486834696743
1121,discovery,97,2,11.681832447342321,11.6477989207478,0.002128314964773213,11.649927235712573
1123,discovery,97,2,11.626263078808801,11.295364178030471,0.01005342883953911,11.30541760687001
1126,discovery,97,2,11.652696102959753,11.610708728476911,0.011558863013002133,11.622267591489914
1132,discovery,97,2,11.44572741040675,11.57477874949936,-0.035696096335227995,11.539082653164133
1139,discovery,97,2,12.185875040240456,12.222767310745626,-0.00362885120538793,12.219138459540238
1140,discovery,97,2,11.87757552297847,11.71389693236912,0.00651122456316624,11.720408156932287
1148,discovery,97,2,12.069685751267224,12.177069625653328,0.030809884094083476,12.20787950974741
1152,discovery,97,2,11.917730355182513,11.965643317670436,0.0015105956810784068,11.967153913351515
1157,discovery,97,2,12.100161978566867,12.12283885170438,0.012825184341875007,12.135664036046254
1161,discovery,97,2,11.891368749982085,11.860992878604495,-0.008420474739545943,11.852572403864949
1166,discovery,97,2,12.359527368950229,12.385379994112634,0.011358296571255914,12.39673829068389
1170,discovery,97,2,13.345508528717259,13.292274542609324,0.11460860751289305,13.406883150122217
1171,discovery,97,2,12.049424683420915,11.95702213190981,0.006156480930299845,11.963178612840109
1173,discovery,97,2,12.05467400868968,12.003513267716995,-0.014088374750765045,11.98942489296623
1182,discovery,97,2,12.880294363972055,12.568990028682784,0.008829030227411746,12.577819058910196
1185,discovery,97,2,12.137263685701864,12.229974838202416,0.019354020809578553,12.249328859011994
1188,discovery,97,2,12.476103599529843,12.55034065541383,0.010519230148133113,12.560859885561964
1191,discovery,97,2,12.031725210748633,12.077073099453449,0.03259657200954368,12.109669671462992
1193,discovery,97,2,11.736077016252437,11.726003604929057,0.016553369436820977,11.742556974365877
1199,discovery,97,2,12.08954444723597,12.037246189543298,3.937333816660616e-05,12.037285562881465
1207,discovery,97,2,11.580593459194764,11.640944133816165,-0.004665280519408225,11.636278853296757
1208,discovery,97,2,12.206077645517674,12.322576049291696,-0.0036732074603650438,12.318902841831331
1211,discovery,97,2,12.149507585033072,12.195161768835488,-0.006191218703251825,12.188970550132236
1218,discovery,97,2,12.343470927093518,12.430550160055352,0.0033865551953660843,12.433936715250718
1222,discovery,97,2,11.80560254159177,11.700624049032443,0.0013421094898211873,11.701966158522264
1230,discovery,97,2,11.751950239425476,11.84367645327459,0.01192742089246167,11.855603874167052
1235,discovery,97,2,11.775297421715827,11.617242105580363,-0.023321596111841335,11.593920509468521
1240,discovery,97,2,12.490879338036375,12.307557994243709,-0.003388436430837285,12.304169557812871
1242,discovery,97,2,12.42250975887691,12.436230245983642,0.0043976384873918185,12.440627884471034
1246,discovery,97,2,12.08954444723597,12.18682909139564,0.014422211365229498,12.20125130276087
1251,discovery,97,2,12.404927602627597,12.390118440189475,-0.010501370392396434,12.379617069797078
1252,discovery,97,2,12.053801032483948,12.212756309357712,0.02415157196042858,12.23690788131814
1257,discovery,97,2,12.616528611893463,12.678020455914536,-0.0029738524356169634,12.67504660347892
1259,discovery,97,2,12.154784614286667,12.079648211136004,0.014789311277928733,12.094437522413932
1272,discovery,97,2,12.132162346145595,12.10215138531474,0.00026571310246767675,12.102417098417208
1277,discovery,97,2,11.995357787034976,12.027735515316849,-0.014276212884492998,12.013459302432356
1285,discovery,97,2,12.037659911047468,12.115023304253118,0.003940086429217088,12.118963390682335
1289,discovery,97,2,12.535379989788607,12.494414538159656,0.016529604551760634,12.510944142711416
1293,discovery,97,2,11.58525542883217,11.649419530713672,-0.027879652949649683,11.621539877764022
1311,discovery,97,2,12.721888795877375,12.622018551041055,0.009812542406255597,12.63183109344731
1314,discovery,97,2,12.716405147731708,12.73765392940488,0.021859032412394397,12.759512961817274
1317,discovery,97,2,12.596403811053621,12.477060349405845,-0.007842021210741113,12.469218328195103
1320,discovery,97,2,11.6172944892629,11.642663507123505,-0.025827781230077586,11.616835725893427
1334,discovery,97,2,11.74006900564972,11.78145054985004,0.0030836340351450297,11.784534183885185
1343,discovery,97,2,12.339295865674435,12.4068052590848,-0.007160290828325445,12.399644968256474
1344,discovery,97,2,12.083910661257521,12.034720131184985,0.002039092181462786,12.036759223366447
1346,discovery,97,2,11.59451466851004,11.419437773137714,-0.01850511173503937,11.400932661402674
1363,discovery,97,2,11.560772327227417,11.827817265680586,-0.006637676445632388,11.821179589234955
1370,discovery,97,2,12.354496960983985,12.417783837915806,0.018944291815845817,12.436728129731652
1375,discovery,97,2,12.429220196836383,12.46923165235624,0.02926152322789793,12.498493175584139
1383,discovery,97,2,11.964007453736912,11.893246328625878,-0.005895392494736791,11.887350936131142
1384,discovery,97,2,11.626263078808801,11.940898233523068,-0.011122015641575363,11.929776217881493
1390,discovery,97,2,11.782960235741939,11.822402272585297,0.007109148198859194,11.829511420784156
1392,discovery,97,2,11.728044909070785,11.713764468227696,-0.012025498243370037,11.701738969984326
1393,discovery,97,2,11.719947764402807,11.750484621583723,-0.015189293322823455,11.7352953282609
1398,discovery,97,2,11.83138646878959,11.845829393582234,0.013799513804768144,11.859628907387002
1403,discovery,97,2,12.174994689959313,12.141158330539527,-0.010979039412959926,12.130179291126566
1418,discovery,97,2,12.73670383776449,12.733348752206403,-0.0036022000874655303,12.729746552118938
1423,discovery,97,2,11.824087219587643,11.88701061768589,-0.0058547470382170445,11.881155870647673
1425,discovery,97,2,11.87757552297847,11.828021544968106,-0.0023662054698370657,11.825655339498269
1427,discovery,97,2,12.509877789891931,12.495884362343896,-0.023452828779719027,12.472431533564176
1433,discovery,97,2,11.07443600653965,11.532326201043734,0.010325833636285482,11.54265203468002
1437,discovery,97,2,11.699413330633599,11.68295591912686,-0.004089743569779804,11.67886617555708
2,discovery,97,3,12.109016442313738,12.097164483743432,0.006284841950789572,12.103449325694221
10,discovery,97,3,11.678448377988165,11.709053495217685,-0.010425733715221675,11.698627761502463
13,discovery,97,3,11.87757552297847,11.804864837543873,-0.005229552748235365,11.799635284795638
15,discovery,97,3,11.964007453736912,11.946191646184804,-0.005293845229184218,11.94089780095562
18,discovery,97,3,11.407576060361786,11.602800977423282,-0.013251351150649843,11.589549626272632
26,discovery,97,3,12.454107814022272,12.461114461298536,-0.011450830816683959,12.44966363048185
30,discovery,97,3,11.134603622683905,11.163917685398012,0.015840903694889923,11.179758589092902
47,discovery,97,3,12.387089184491993,12.55401980589721,0.028358184180192196,12.582377990077402
48,discovery,97,3,12.428019481065613,12.37454164495904,0.0035206949581400916,12.37806233991718
53,discovery,97,3,11.608244735642321,11.490368650088934,0.0026980954175438152,11.493066745506479
56,discovery,97,3,12.103491596905931,12.007035110940414,0.00330198266193248,12.010337093602347
62,discovery,97,3,11.522885696764481,11.448086272471969,0.02022006948631152,11.46830634195828
67,discovery,97,3,12.100717685412471,12.400506975930805,0.0051760731199339246,12.405683049050738
70,discovery,97,3,12.323860125621126,12.28313003724875,0.026469401354909144,12.309599438603659
71,discovery,97,3,12.404927602627597,12.411511630649962,-9.247728883226971e-05,12.411419153361129
80,discovery,97,3,11.608244735642321,11.645834249939767,0.007898963713128744,11.653733213652895
86,discovery,97,3,12.468440756144114,12.48604050736041,-0.018198568408882815,12.467841938951528
90,discovery,97,3,11.724813914587886,11.68494090465078,0.00927890304862449,11.694219807699405
92,discovery,97,3,11.498836682527127,11.650605226476015,-0.006405240059245008,11.644199986416771
98,discovery,97,3,11.459007676978688,11.724073503269668,0.0008290206139051058,11.724902523883573
111,discovery,97,3,11.827013315851762,11.86515714553739,-0.012957859222768478,11.852199286314622
116,discovery,97,3,12.07824495582233,12.028569939108763,0.014122753548601886,12.042692692657365
120,discovery,97,3,12.0075668272517,12.04242655774896,-0.011342919094428234,12.031083638654533
135,discovery,97,3,12.100717685412471,12.058112708359086,0.016647904065495565,12.074760612424582
137,discovery,97,3,11.870606902224587,11.87054563715311,0.013123486458181715,11.883669123611293
148,discovery,97,3,12.312686874960354,12.315146218191586,-0.002932782381596908,12.312213435809989
151,discovery,97,3,11.711784520403112,11.82929246582387,0.021359841370515907,11.850652307194387
152,discovery,97,3,12.827731880206521,12.7267447628709,0.03622193590251614,12.762966698773416
154,discovery,97,3,12.367345048436391,12.180802895033686,0.035182426893702635,12.21598532192739
155,discovery,97,3,11.736077016252437,11.499790139122618,-0.004790007992299545,11.495000131130318
172,discovery,97,3,12.278397958261774,12.099958698216607,0.014708171626304917,12.114666869842912
174,discovery,97,3,12.001511614739405,11.924714738950398,0.019009068523762152,11.943723807474159
175,discovery,97,3,12.122696471358964,12.197180672645596,-0.003377185375869889,12.193803487269726
176,discovery,97,3,12.400820837540556,12.310429421313028,0.009529664527596179,12.319959085840624
179,discovery,97,3,13.126032637428713,12.98786653029325,0.01437385678145363,13.002240387074703
182,discovery,97,3,12.206577518060588,12.10157782437104,0.006042110989920856,12.10761993536096
184,discovery,97,3,12.206077645517674,12.09626506653764,-0.005378000008497047,12.090887066529143
187,discovery,97,3,12.06105265381003,12.063635638285309,0.0042887358347267045,12.067924374120036
192,discovery,97,3,12.122696471358964,12.025989476100476,-0.018948087243570607,12.007041388856905
193,discovery,97,3,12.165255859329688,12.19309024773294,0.0009330529744414263,12.19402330070738
194,discovery,97,3,11.775297421715827,11.843732551951035,-0.018424474118686772,11.825308077832348
196,discovery,97,3,11.908346971208951,11.898666573468416,-0.00332285491234428,11.895343718556072
198,discovery,97,3,12.367345048436391,12.435167196720382,0.028749367795802006,12.463916564516184
202,discovery,97,3,12.052344376474922,12.009134751702002,0.010225745979241968,12.019360497681243
203,discovery,97,3,11.626263078808801,11.597414159207938,-0.01952553484716389,11.577888624360774
207,discovery,97,3,11.87688084212164,11.808799965837537,0.008437820144522032,11.817237785982059
215,discovery,97,3,11.993813394724253,11.914919243080204,-0.016924788202431137,11.897994454877773
216,discovery,97,3,11.808955099378537,11.852041785472398,0.0105921539899535,11.862633939462352
217,discovery,97,3,12.25486757159303,12.225323799990743,0.0060284886680440335,12.231352288658787
220,discovery,97,3,12.027191164883384,12.043384271653986,-0.008290262177486876,12.035094009476499
223,discovery,97,3,12.100161978566867,12.081476564800392,0.000985573302008104,12.0824621381024
224,discovery,97,3,11.48247656671073,11.691527349209563,0.0012566808530590533,11.692784030062622
225,discovery,97,3,12.864242696187505,12.892996194600366,0.00808114011169926,12.901077334712065
226,discovery,97,3,11.626263078808801,11.5298980106953,-0.022931676331206956,11.506966334364092
233,discovery,97,3,11.456365695436427,11.48269791546986,-0.007471593027507321,11.475226322442353
240,discovery,97,3,11.635151947212842,11.706042504150538,0.01161637040832441,11.717658874558863
243,discovery,97,3,11.277215789596893,11.454283716501555,0.026048323028618935,11.480332039530174
252,discovery,97,3,12.367345048436391,12.387665246701888,0.02823053502448354,12.415895781726372
257,discovery,97,3,12.242891437918386,12.232463291796806,0.015255957694413784,12.24771924949122
258,discovery,97,3,12.301387370778713,12.345885521411171,-0.011623623898912404,12.334261897512258
259,discovery,97,3,12.352339472153524,12.277211488176782,0.0009067301396317025,12.278118218316413
262,discovery,97,3,12.52815976788113,12.770554129185117,-0.03231577716239339,12.738238352022723
265,discovery,97,3,11.19822841866684,11.3297269472657,-0.019980346764184326,11.309746600501516
267,discovery,97,3,12.128116509451258,12.104647691212726,-0.005373125052867954,12.099274566159858
272,discovery,97,3,12.394628892852941,12.314010364254525,-0.014571090652986446,12.29943927360154
278,discovery,97,3,11.856522261533737,11.570573364522172,-0.014038381685012147,11.55653498283716
283,discovery,97,3,12.242891437918386,12.319658526182792,0.010304276456942714,12.329962802639734
296,discovery,97,3,11.86710429621008,11.875653725183756,-0.003110365677402392,11.872543359506354
298,discovery,97,3,12.384223015005313,12.321326576932664,-5.9169619959870227e-05,12.321267407312705
299,discovery,97,3,12.07254696717504,12.113380465064186,0.02245383686451896,12.135834301928705
304,discovery,97,3,11.917730355182513,11.75215984316569,0.0074505734803955465,11.759610416646087
306,discovery,97,3,12.631016799175821,12.5880044627941,-0.014044161024032288,12.573960301770068
314,discovery,97,3,12.834683971615659,12.42864757150181,0.010530283392446623,12.439177854894256
315,discovery,97,3,12.08954444723597,11.989220422723276,0.013526481101294792,12.00274690382457
331,discovery,97,3,11.686887175419702,11.82212811581822,-0.016754159598787014,11.805373956219434
339,discovery,97,3,12.218500103788143,12.232204458239313,0.006310990879342616,12.238515449118655
340,discovery,97,3,11.951186847493476,11.848658845495924,0.006926084564455828,11.85558493006038
348,discovery,97,3,11.967187086434018,12.07379660616498,-0.0047486596715360044,12.069047946493443
360,discovery,97,3,12.54254845357358,12.53241665048612,-0.026377590774264416,12.506039059711854
363,discovery,97,3,12.198549416880068,12.088393313499823,0.01042100702950691,12.09881432052933
364,discovery,97,3,11.678448377988165,11.55865068275377,0.0025347988627685363,11.561185481616539
372,discovery,97,3,11.808821212646512,11.708592686617404,-0.003839932737231438,11.704752753880173
378,discovery,97,3,12.73670383776449,12.581836775644414,-0.018462508122035003,12.563374267522379
379,discovery,97,3,12.885204569609956,12.879759812246215,-0.0007227439342873415,12.879037068311927
384,discovery,97,3,11.23850177707664,11.258807440171656,-0.003111251518155243,11.255696188653502
386,discovery,97,3,12.165255859329688,12.070190423238731,0.002194751313831043,12.072385174552563
395,discovery,97,3,11.599112335481124,11.592527308347488,-0.02433146609153556,11.568195842255953
397,discovery,97,3,11.719947764402807,11.7447191748148,0.01101269740339,11.75573187221819
399,discovery,97,3,11.112462823634855,11.264961456934929,0.027164972844457975,11.292126429779387
405,discovery,97,3,12.031725210748633,12.058244570828442,0.006007694867800259,12.064252265696243
408,discovery,97,3,12.083910661257521,11.981744646422516,0.01334867152032972,11.995093317942846
412,discovery,97,3,11.884495917930655,11.865718343530038,0.008122193572154022,11.873840537102192
419,discovery,97,3,11.744045122410057,11.570493668394729,0.009390880090338284,11.579884548485067
426,discovery,97,3,11.813037464800539,11.770049083809017,-0.012026925406177304,11.75802215840284
427,discovery,97,3,12.524530013005734,12.38153505141266,-0.002270058985843933,12.379264992426817
428,discovery,97,3,11.599185726610004,11.636890736926928,0.013741567129912051,11.65063230405684
433,discovery,97,3,11.715874472198905,11.737732953068464,0.006666391646649835,11.744399344715115
451,discovery,97,3,11.608244735642321,11.517642196646834,0.022939049109203788,11.540581245756037
457,discovery,97,3,11.49273296168228,11.26548530471421,0.032602908947980354,11.29808821366219
458,discovery,97,3,12.45293662970407,12.395310438773908,0.03184433548551958,12.427154774259428
459,discovery,97,3,11.989165855127435,11.917705469562362,-0.0073013298385997015,11.910404139723763
468,discovery,97,3,11.89478753335453,11.974193612254508,-0.005762759101169022,11.96843085315334
489,discovery,97,3,11.982935344196433,11.739135132252454,-0.011620080220979169,11.727515052031475
490,discovery,97,3,11.362114203075018,11.532365321879825,-0.002116160493587933,11.530249161386237
509,discovery,97,3,11.989165855127435,11.903341739658842,-0.001474427734467513,11.901867311924374
513,discovery,97,3,11.774527900858468,11.71645075226209,-0.008200873291475752,11.708249878970616
519,discovery,97,3,12.259618151783465,12.159531498299874,0.01685276445714002,12.176384262757013
523,discovery,97,3,11.976665770490767,11.956540274056572,0.026215341232475025,11.982755615289047
527,discovery,97,3,11.790564777297387,11.82632039687589,0.007862797938048038,11.834183194813937
533,discovery,97,3,11.58525542883217,11.539765968901357,-0.0035125505113746997,11.536253418389983
537,discovery,97,3,12.144202560946876,12.181474705064844,-0.01176579352252379,12.169708911542319
548,discovery,97,3,11.771443882099637,11.759297248268622,0.005558415183550687,11.764855663452172
549,discovery,97,3,11.736077016252437,11.696538652847938,0.002227156947905728,11.698765809795843
553,discovery,97,3,12.450981602512561,12.494112035099976,-0.002663430965928491,12.491448604134048
555,discovery,97,3,12.556733038263905,12.504005907328716,0.017923204095556918,12.521929111424273
557,discovery,97,3,11.856522261533737,11.907659738024696,0.023519088613506413,11.931178826638202
560,discovery,97,3,12.36308066783498,12.150308133714752,0.006568007299920366,12.156876141014672
569,discovery,97,3,12.665397584983758,12.589599397283289,0.011298137456562265,12.60089753473985
572,discovery,97,3,11.695255355062795,11.686123226405844,0.013990732418602703,11.700113958824446
583,discovery,97,3,11.682676678340282,11.63504099409011,0.019820725619430716,11.65486171970954
591,discovery,97,3,12.132969552931216,12.153287149536707,0.0041823123225129336,12.15746946185922
603,discovery,97,3,12.301387370778713,12.271918670857657,-0.017018983442702175,12.254899687414955
606,discovery,97,3,12.230770136157428,12.153046064109873,0.0013735158150208983,12.154419579924893
615,discovery,97,3,11.231901180182515,11.271925662541223,0.003883337908880875,11.275809000450105
619,discovery,97,3,12.659737267217572,12.677298139018276,0.02373667053608902,12.701034809554365
636,discovery,97,3,12.206077645517674,12.069180293418544,0.002214788563999786,12.071395081982544
637,discovery,97,3,11.002116507732017,10.864165342146244,-0.07599554531769646,10.788169796828548
638,discovery,97,3,11.440365524765756,11.55147201725796,0.006918176935333369,11.558390194193294
639,discovery,97,3,11.350418300109132,11.388867325305682,0.0017861689436620598,11.390653494249344
643,discovery,97,3,12.75130259456002,12.71190722771788,0.012363942702571046,12.724271170420451
647,discovery,97,3,11.495789479023493,11.51687077073497,0.011268661708211718,11.528139432443181
650,discovery,97,3,11.344518647594766,11.212359568267384,-0.006620723563083446,11.205738844704301
657,discovery,97,3,11.8879382384223,11.877194739954437,-0.02196983093863218,11.855224909015805
660,discovery,97,3,12.025755079404917,11.985366918380324,-0.006702339992977384,11.978664578387347
671,discovery,97,3,12.063938642041201,12.072369558502425,-0.003907658473151588,12.068461900029273
677,discovery,97,3,11.373674891823535,11.671212938551031,-0.0043745477881162245,11.666838390762916
692,discovery,97,3,13.534474352733596,13.20749510349555,0.0340035239014148,13.241498627396965
693,discovery,97,3,12.721888795877375,12.644788529364384,0.0033974863244435353,12.648186015688827
703,discovery,97,3,12.799178471909892,12.837348260472847,-0.020701494791081514,12.816646765681766
706,discovery,97,3,10.915106645867503,11.061247567155728,-0.05761038329470178,11.003637183861027
708,discovery,97,3,12.445093483000798,12.282038119428105,0.0008450074599160058,12.28288312688802
710,discovery,97,3,11.60733523953139,11.557482520316348,-0.0009069483587360006,11.556575571957612
716,discovery,97,3,12.013706813470414,11.917327512379886,0.01379907362367484,11.931126586003561
719,discovery,97,3,12.739640688812674,12.683678185238524,-0.00458315033486056,12.679095034903662
720,discovery,97,3,11.763691965388299,11.857971434696749,0.009640793140307547,11.867612227837057
725,discovery,97,3,12.676079399771027,12.63848533952175,-0.006897129131073234,12.631588210390678
728,discovery,97,3,12.178192583415596,12.193830422776598,0.0004188314922854591,12.194249254268883
729,discovery,97,3,11.608244735642321,11.799762672179812,-0.0269629297367558,11.772799742443055
730,discovery,97,3,11.542493975902508,11.383536138426772,-0.019888552001540633,11.36364758642523
732,discovery,97,3,12.141539457711714,12.141375778359963,0.01543552166697381,12.156811300026938
739,discovery,97,3,12.095146671399466,11.801750098652402,-0.01131941287783729,11.790430685774565
755,discovery,97,3,11.957617696467539,11.872681331654558,0.003261094617372625,11.87594242627193
762,discovery,97,3,11.51293546492023,11.602013100995112,0.01449945519280552,11.616512556187917
765,discovery,97,3,12.506180941677357,12.430423062203989,0.0022979514111008126,12.43272101361509
767,discovery,97,3,12.188422799337028,12.114875842299476,-0.010162939604236823,12.104712902695239
775,discovery,97,3,12.886643575525625,12.601452283994378,0.013227649706576972,12.614679933700955
785,discovery,97,3,11.759793355371237,11.785378504372984,0.011993681066821346,11.797372185439805
801,discovery,97,3,12.206077645517674,12.224877276503609,0.023461433312885645,12.248338709816494
803,discovery,97,3,12.149507585033072,12.134513602326598,-0.0010023372937660933,12.133511265032832
808,discovery,97,3,12.317171167298682,12.248346170674289,0.005168559896499863,12.253514730570789
815,discovery,97,3,11.661354090741,11.686534854017555,-0.002302615535022809,11.684232238482533
819,discovery,97,3,11.951186847493476,11.926563965093225,0.001011208359812029,11.927575173453036
825,discovery,97,3,12.357079818283598,12.324141486310642,-0.024711157560346735,12.299430328750296
827,discovery,97,3,11.603688960617083,11.479562130679865,0.02505585985767173,11.504617990537536
832,discovery,97,3,11.92504173829169,11.947569929586091,-0.00768081023992279,11.93988911934617
833,discovery,97,3,12.37581963951765,12.318669736012312,0.0063503411226460815,12.325020077134958
842,discovery,97,3,11.967187086434018,11.926361159981,0.011428221877624437,11.937789381858625
848,discovery,97,3,11.80186424743109,11.804330000336178,0.011872804383775389,11.816202804719953
849,discovery,97,3,12.388398368982115,12.411560442812442,0.008227707169467543,12.41978814998191
850,discovery,97,3,12.138869243416009,12.07973255543937,0.003410665517221917,12.083143220956593
854,discovery,97,3,11.970356641102999,12.038836916891228,0.01463146583962481,12.053468382730852
867,discovery,97,3,12.424810506025395,12.430588458728112,-0.0564161973804144,12.374172261347697
876,discovery,97,3,12.623064399210183,12.67917525537588,0.01719691895639208,12.696372174332271
884,discovery,97,3,11.682676678340282,11.748231771709923,0.01137220542663725,11.75960397713656
887,discovery,97,3,11.884495917930655,11.958690921719908,-0.004125985612500933,11.954564936107408
896,discovery,97,3,11.849404844423074,12.009161736740516,-0.0016907077784092993,12.007471028962106
912,discovery,97,3,11.874097282798648,11.957171233470657,0.00555310172372266,11.962724335194379
923,discovery,97,3,12.043500773454495,12.054386450202966,-0.010444103267512928,12.043942346935452
926,discovery,97,3,12.07254696717504,11.966255471015764,-0.004261030531532613,11.961994440484231
930,discovery,97,3,12.310437165348775,12.293778594685284,-6.977714050173142e-05,12.293708817544783
934,discovery,97,3,12.154784614286667,12.20096160319477,-0.005322257082075242,12.195639346112694
941,discovery,97,3,11.924379271639218,12.04441262698404,0.008821863343596987,12.053234490327636
944,discovery,97,3,11.870606902224587,11.80752171320015,-0.024205125808440822,11.78331658739171
949,discovery,97,3,12.167856627501678,12.19863951384686,-0.016584599606581187,12.182054914240279
953,discovery,97,3,11.804855999911272,11.774999947200518,0.0037309329676955705,11.778730880168213
959,discovery,97,3,12.128116509451258,12.173552484740828,0.007709451161441417,12.181261935902269
970,discovery,97,3,11.849404844423074,11.69714601225015,0.0017206449136082146,11.698866657163757
973,discovery,97,3,11.507922973347437,11.733416648721017,0.0007676792171824851,11.734184327938198
983,discovery,97,3,11.982278882874377,12.078238251821777,-0.008758900148191355,12.069479351673586
994,discovery,97,3,12.066241450757124,12.039427701094422,0.0016031105135581015,12.04103081160798
995,discovery,97,3,12.729323752253295,12.721603943057463,-0.0029123066536390282,12.718691636403824
999,discovery,97,3,11.418625774449598,11.461321092951264,0.03738524400268467,11.49870633695395
1009,discovery,97,3,12.388398368982115,12.39802031787656,0.023390404312976964,12.421410722189536
1012,discovery,97,3,11.51293546492023,11.516176318169668,0.0006324336604237661,11.516808751830093
1018,discovery,97,3,12.141539457711714,12.132543659022469,-0.020809706762270536,12.111733952260199
1019,discovery,97,3,11.982935344196433,12.034816938799432,-0.0006895185215972506,12.034127420277835
1025,discovery,97,3,12.567240979056246,12.60269837173588,-0.030272485164706216,12.572425886571173
1026,discovery,97,3,11.630717389475995,11.734098761077464,-0.0099058721775197,11.724192888899944
1027,discovery,97,3,12.02874460037869,11.883231416855354,-0.0008451019103780988,11.882386314944975
1037,discovery,97,3,12.66191713053049,12.771703488176588,0.022247616931744544,12.793951105108333
1042,discovery,97,3,12.06105265381003,12.000867080639445,-0.020139614002935565,11.980727466636509
1045,discovery,97,3,12.535379989788607,12.546215932219637,0.010481609283496885,12.556697541503134
1062,discovery,97,3,11.302216779257382,11.56344165131675,0.009914575965295174,11.573356227282046
1063,discovery,97,3,11.407576060361786,11.716905515390046,-0.0014148849223973678,11.715490630467649
1067,discovery,97,3,12.08954444723597,12.089986511187586,0.004117380045045049,12.094103891232631
1069,discovery,97,3,11.927687224983487,12.026690741174486,-0.0003562165652829044,12.026334524609203
1071,discovery,97,3,11.813037464800539,11.785886416537094,0.0035914841544177263,11.789477900691512
1073,discovery,97,3,11.424105180165641,11.598119041393794,-0.02035844784117728,11.577760593552616
1074,discovery,97,3,11.979805470779858,11.938433391000949,0.014179921561560607,11.952613312562509
1082,discovery,97,3,11.798111925972618,11.77405646616989,-0.0005871444874199233,11.77346932168247
1083,discovery,97,3,12.165255859329688,12.17691747533216,-0.014486526907806989,12.162430948424353
1090,discovery,97,3,12.190964083849375,12.239396164252506,0.00840008262165233,12.247796246874158
1091,discovery,97,3,11.439289689006644,11.372415305523628,0.001352775361029045,11.373768080884657
1094,discovery,97,3,11.891368749982085,12.00250527632806,0.017217923612514875,12.019723199940575
1100,discovery,97,3,11.964007453736912,11.876698740334906,-0.05185897676152247,11.824839763573383
1101,discovery,97,3,11.002116507732017,10.943437273291352,-0.08678332221348024,10.856653951077872
1102,discovery,97,3,11.691080018519527,11.663224710170706,0.0012542110063149853,11.664478921177022
1103,discovery,97,3,11.813037464800539,11.816271416532866,-0.01072338992909814,11.805548026603768
1114,discovery,97,3,11.80932691294063,11.81838508677356,0.002705292023719587,11.82109037879728
1119,discovery,97,3,11.849404844423074,11.793756566323484,0.005692722282585717,11.79944928860607
1124,discovery,97,3,11.678448377988165,11.488274023295414,0.025504196391966084,11.51377821968738
1127,discovery,97,3,12.066816325306588,12.16393490766396,-0.014289141203430037,12.14964576646053
1130,discovery,97,3,11.849404844423074,11.805052418453297,-0.006189859635998887,11.798862558817298
1143,discovery,97,3,12.959540872420414,12.859658310497386,0.013282192758798437,12.872940503256183
1147,discovery,97,3,12.100717685412471,12.097544820623895,0.007235821756571914,12.104780642380467
1150,discovery,97,3,11.870606902224587,11.823376696796256,-0.01813373328091576,11.80524296351534
1154,discovery,97,3,11.699413330633599,11.640054610502409,0.011975396092267526,11.652030006594677
1165,discovery,97,3,12.175618592671356,12.2125118444909,0.005892777505454084,12.218404621996354
1167,discovery,97,3,12.41044511731981,12.386017302749856,-0.01561767869669719,12.370399624053158
1172,discovery,97,3,12.001511614739405,11.987895345967924,0.0023279594332901955,11.990223305401214
1175,discovery,97,3,12.384223015005313,12.36499996051081,0.011099729620561459,12.37609969013137
1176,discovery,97,3,12.560247968016562,12.587836442965804,-0.001180987574173623,12.58665545539163
1183,discovery,97,3,13.521140839642674,13.07592289734247,0.0770363699041471,13.152959267246619
1184,discovery,97,3,11.695255355062795,11.8715360223065,0.00871754375046999,11.88025356605697
1189,discovery,97,3,12.180759965737863,12.124055518716242,-0.012821744331387795,12.111233774384853
1190,discovery,97,3,12.149507585033072,12.166093690355645,-0.0007077687159173874,12.165385921639727
1194,discovery,97,3,12.013706813470414,11.99705701365648,-0.0024972436132388023,11.994559770043242
1205,discovery,97,3,11.941462360646149,11.943807988237642,-0.003718403369085189,11.940089584868558
1209,discovery,97,3,11.849404844423074,11.857379230870086,-0.007771742712374432,11.84960748815771
1213,discovery,97,3,11.635151947212842,11.386749026572597,0.00625176500271881,11.393000791575316
1214,discovery,97,3,11.884495917930655,11.700502838395796,0.001078512294430551,11.701581350690226
1216,discovery,97,3,11.736077016252437,11.585573065527882,-0.009088164141503069,11.57648490138638
1234,discovery,97,3,11.863589378812122,11.813345428491424,0.014467000447845674,11.82781242893927
1238,discovery,97,3,12.180759965737863,12.270186709724577,0.008964216403135742,12.279150926127713
1239,discovery,97,3,11.86710429621008,11.775656195990123,-0.002434190734539138,11.773222005255585
1247,discovery,97,3,12.136191879981927,12.175927990697163,0.0007818442196936806,12.176709834916856
1249,discovery,97,3,11.771443882099637,11.81174364786401,-0.009204932503758435,11.802538715360251
1250,discovery,97,3,11.686887175419702,11.735330234565623,0.004795158684587652,11.74012539325021
1253,discovery,97,3,11.775297421715827,11.680320192304778,-0.00940818977082839,11.67091200253395
1254,discovery,97,3,12.591338447675579,12.58743650735701,0.01524612285631751,12.602682630213328
1261,discovery,97,3,12.10625783509458,12.159778345251452,0.00441819491932474,12.164196540170776
1263,discovery,97,3,11.992266613576142,11.907409124186064,0.006764277851094694,11.914173402037159
1265,discovery,97,3,12.10625783509458,11.989547493386976,0.001659275483004057,11.99120676886998
1274,discovery,97,3,12.083910661257521,12.014644821845332,-0.0026247147265895457,12.012020107118742
1275,discovery,97,3,11.842236406331555,11.876190573514863,0.010791583535887576,11.88698215705075
1276,discovery,97,3,11.827743504053695,11.879523426240226,0.016020741718027767,11.895544167958255
1281,discovery,97,3,12.33270970174018,12.232201968358822,-0.0027146858160122336,12.22948728254281
1287,discovery,97,3,11.870606902224587,11.993081222913956,0.012952564750366272,12.006033787664322
1290,discovery,97,3,12.546113507028412,12.56032827418055,0.004457580328227477,12.564785854508777
1292,discovery,97,3,11.691080018519527,11.661339492512544,-0.00933350526449915,11.652005987248046
1297,discovery,97,3,11.951186847493476,11.935882174085243,-0.00534706035609869,11.930535113729144
1313,discovery,97,3,12.618185607609803,12.524090478045894,-0.00045519518864290493,12.523635282857251
1318,discovery,97,3,12.249615734512616,12.171632239096205,-0.0032937495175154458,12.168338489578689
1324,discovery,97,3,11.320565693461432,11.308756329601918,-0.09068582352414953,11.218070506077769
1350,discovery,97,3,11.711784520403112,11.723976117757896,-0.06148721869207272,11.662488899065824
1351,discovery,97,3,12.206077645517674,12.04831402122307,0.011842526014907382,12.060156547237979
1355,discovery,97,3,12.367345048436391,12.36521162741914,-0.00581514552242282,12.359396481896717
1361,discovery,97,3,12.149507585033072,12.16544881390628,-0.03414115435291964,12.13130765955336
1373,discovery,97,3,12.521981322562505,12.409204925987824,0.00381789912445694,12.41302282511228
1378,discovery,97,3,11.669937760751914,11.813232189931762,0.008187609885025425,11.821419799816788
1388,discovery,97,3,11.820417517632333,11.905554088273837,-0.042702164524873375,11.862851923748963
1394,discovery,97,3,12.001511614739405,11.809563587501902,-0.017594287729481663,11.79196929977242
1396,discovery,97,3,12.546871224308068,12.498051802285577,-0.00032349441546486245,12.497728307870112
1399,discovery,97,3,11.835016210489899,11.808027304270192,-0.036113874426542146,11.77191342984365
1401,discovery,97,3,11.695255355062795,11.69141761691936,-0.0074165209731699225,11.68400109594619
1406,discovery,97,3,12.524530013005734,12.552697014441971,0.03537317325352654,12.588070187695498
1408,discovery,97,3,11.626263078808801,11.6548519588412,0.014500345960090488,11.66935230480129
1409,discovery,97,3,11.74006900564972,11.54940666149682,-0.02886012576998724,11.520546535726831
1412,discovery,97,3,11.849404844423074,11.90600851650584,-0.026061514278117495,11.879947002227723
1416,discovery,97,3,12.077676615757813,12.307739841704729,-0.005966194042284211,12.301773647662445
1421,discovery,97,3,12.100161978566867,12.051448621458755,0.020383743568513666,12.07183236502727
1422,discovery,97,3,11.755879486687116,11.838684666939034,0.006196331517470212,11.844880998456505
1426,discovery,97,3,11.863589378812122,11.870424279457254,0.01512420075059279,11.885548480207847
1430,discovery,97,3,12.116700301832573,12.19477476154213,-0.007948188776120916,12.186826572766009
1435,discovery,97,3,11.982935344196433,12.026940201214446,0.014590043397084598,12.04153024461153
1438,discovery,97,3,12.885673487343764,12.837178954722162,0.004794312676077565,12.84197326739824
1440,discovery,97,3,12.190964083849375,12.058141985298947,0.021204567552262285,12.07934655285121
1442,discovery,97,3,11.913719681428494,11.906629786804809,0.005191351024250979,11.91182113782906
1451,discovery,97,3,11.820417517632333,11.785348114213855,-0.008725838921215614,11.77662227529264
1454,discovery,97,3,11.344518647594766,11.79142411987248,0.004173752299566711,11.795597872172046
1456,discovery,97,3,12.07254696717504,12.09647897093478,0.0016885487122477345,12.098167519647028
1460,discovery,97,3,11.901590234400047,11.912195088004813,-0.009628179283300727,11.902566908721512
20,discovery,97,4,11.842236406331555,11.662788324734231,-0.01388329087769682,11.648905033856535
29,discovery,97,4,12.242891437918386,12.217939432371828,0.016686012173849542,12.234625444545678
33,discovery,97,4,12.100161978566867,12.139427103033094,-0.005605192392293991,12.133821910640801
39,discovery,97,4,11.599112335481124,11.748380209494202,-0.01396524139651423,11.734414968097688
44,discovery,97,4,11.777218637129327,11.81790278412741,-0.012219776997656123,11.805683007129755
45,discovery,97,4,11.856522261533737,11.899952275664498,0.006250661074902655,11.906202936739401
50,discovery,97,4,11.751950239425476,11.74994482120014,0.02836152554984223,11.778306346749982
52,discovery,97,4,11.648338835562747,11.716086469368316,0.004533600453235304,11.720620069821551
54,discovery,97,4,12.861001210669146,12.770930421063182,0.02082323659206567,12.791753657655248
58,discovery,97,4,12.188422799337028,12.188007986634789,0.003236621332659342,12.191244607967448
65,discovery,97,4,12.299112067295642,12.285094551129172,-0.0043936922591211874,12.28070085887005
68,discovery,97,4,12.328294703023396,12.29262046746008,0.016084433236451003,12.308704900696531
69,discovery,97,4,11.289794413577894,11.344450828896896,-0.049503052251437134,11.29494777664546
72,discovery,97,4,11.771443882099637,11.78742997697674,-0.011430829959527392,11.775999147017213
75,discovery,97,4,11.58432477200052,11.611055738660385,-5.481174942255117e-06,11.611050257485443
76,discovery,97,4,11.418625774449598,11.421128640314612,-0.03384045891556958,11.387288181399041
83,discovery,97,4,12.409017571151187,12.30806635359866,-0.01657854186202324,12.291487811736637
84,discovery,97,4,11.748005492256807,11.799162407269694,0.017269566051448002,11.816431973321142
87,discovery,97,4,12.066816325306588,12.075571553297,-0.0010682499650369857,12.074503303331962
96,discovery,97,4,12.128116509451258,12.137546055678497,0.006102039708886524,12.143648095387384
100,discovery,97,4,11.767187766223199,11.710044161746206,0.028737090628154698,11.73878125237436
110,discovery,97,4,12.154784614286667,12.248621648414073,0.0017493354549141527,12.250370983868986
113,discovery,97,4,12.85832230788469,12.756168506961783,0.004646981860705017,12.76081548882249
118,discovery,97,4,11.951186847493476,11.884327473097688,0.008063627774175318,11.892391100871864
122,discovery,97,4,11.51293546492023,11.484507401735794,-0.010064129478179298,11.474443272257615
133,discovery,97,4,11.923384748066601,11.94084281334836,-0.004406355471328746,11.936436457877031
138,discovery,97,4,12.049424683420915,12.188670707558318,-0.005208189370044684,12.183462518188273
142,discovery,97,4,12.468440756144114,12.39176638962168,0.011399560720037128,12.403165950341716
153,discovery,97,4,12.154784614286667,12.145045998849204,0.009349877528251633,12.154395876377455
158,discovery,97,4,12.504327379899443,12.525676068387162,0.006916900748681284,12.532592969135843
159,discovery,97,4,12.448630513463613,12.38050390973648,0.024966205999197192,12.405470115735678
164,discovery,97,4,11.544433821905134,11.385286471998285,-0.007709502407606419,11.377576969590677
165,discovery,97,4,11.931642378754141,11.869329851759147,0.011604765668228094,11.880934617427375
167,discovery,97,4,12.154784614286667,12.284102016492191,-0.00526261083935793,12.278839405652834
177,discovery,97,4,12.259618151783465,12.287852807061531,0.0008596379051231996,12.288712444966654
186,discovery,97,4,13.07107218827772,12.608447134416048,0.0016740249658774165,12.610121159381926
190,discovery,97,4,12.563750586299374,12.494145533842074,-0.0007497781889310396,12.493395755653143
212,discovery,97,4,12.133507329024972,12.051381294728673,0.0037609917064631852,12.055142286435135
214,discovery,97,4,11.957617696467539,11.961777566995355,0.01342505281672481,11.97520261981208
218,discovery,97,4,11.580593459194764,11.324568887828995,-0.04338149497461053,11.281187392854385
228,discovery,97,4,11.571203807011969,11.490272345658914,-0.012924862025973805,11.47734748363294
235,discovery,97,4,12.285350445351659,12.285987393447284,-0.0034542005393528316,12.28253319290793
238,discovery,97,4,12.178192583415596,12.305019161891988,-0.0017310267125061982,12.303288135179482
247,discovery,97,4,11.827743504053695,11.790884664805906,-0.027447982962225365,11.76343668184368
248,discovery,97,4,11.849404844423074,11.854113040669978,0.0058575231685008755,11.859970563838479
249,discovery,97,4,12.100717685412471,12.119465509154054,-0.005711963554214966,12.113753545599838
250,discovery,97,4,12.531776395271262,12.534531230320582,0.0225258964616379,12.557057126782219
251,discovery,97,4,11.245059091624615,11.408778193915298,-0.03104451518420964,11.377733678731088
279,discovery,97,4,12.936754021718041,12.874472657883173,0.03373186459494014,12.908204522478114
286,discovery,97,4,12.011886987792716,12.014147143055208,0.004837632359135114,12.018984775414344
287,discovery,97,4,11.976665770490767,12.15318582268108,-0.00031544348882338574,12.152870379192256
289,discovery,97,4,11.711784520403112,11.638250122019752,-0.011667485890993626,11.626582636128758
292,discovery,97,4,11.819681958463892,11.799135021774577,0.018669690146645476,11.817804711921221
294,discovery,97,4,12.367345048436391,12.354318565975976,0.011242759904467188,12.365561325880444
305,discovery,97,4,12.59473402514672,12.539919534626168,0.012841057243147578,12.552760591869315
310,discovery,97,4,12.793862088206213,12.835366024617752,0.0006413085178955723,12.836007333135647
311,discovery,97,4,12.017336559562407,12.081517738803312,0.013849215719935267,12.095366954523247
312,discovery,97,4,11.790564777297387,11.82063563296264,-0.006943517906087668,11.813692115056552
313,discovery,97,4,11.694421681264394,11.786557409975911,0.0022566596297180093,11.78881406960563
319,discovery,97,4,12.468440756144114,12.774237911772977,0.012063250754011852,12.78630116252699
321,discovery,97,4,12.74444728628135,12.695274845148264,0.001632567140851226,12.696907412289114
330,discovery,97,4,11.264476926102367,11.265452217196328,0.007500885601572088,11.272953102797901
336,discovery,97,4,12.34126328584159,12.24503852117548,0.0320506745719251,12.277089195747406
338,discovery,97,4,12.273735966890268,12.300032338774995,0.004849994491272035,12.304882333266267
342,discovery,97,4,11.314486721293981,11.221568535577298,0.0013822163558429906,11.22295075193314
347,discovery,97,4,11.928347504569842,11.832296309298394,-0.004306740249511533,11.827989569048883
354,discovery,97,4,11.570259974415547,11.46083093746929,0.010503254544817597,11.471334192014107
355,discovery,97,4,11.849404844423074,11.980467607516331,-0.014659383973128425,11.965808223543203
356,discovery,97,4,12.086731521684555,12.056229072606838,0.01707826639815048,12.07330733900499
361,discovery,97,4,11.957617696467539,11.907504522096971,0.003691633342563255,11.911196155439535
368,discovery,97,4,12.013706813470414,11.951468843474954,0.017013283494026945,11.968482126968981
369,discovery,97,4,11.790564777297387,11.897361238540512,0.021355980810361778,11.918717219350874
371,discovery,97,4,12.057578437658945,12.127916039403733,-6.681226126382478e-05,12.12784922714247
381,discovery,97,4,11.751950239425476,11.9792817669892,0.01064076542940357,11.989922532418603
383,discovery,97,4,12.271396795480596,12.2313811301514,0.002767233065528566,12.234148363216928
385,discovery,97,4,12.388398368982115,12.530269894322863,0.016704722091281175,12.546974616414145
392,discovery,97,4,12.278397958261774,12.299093318859924,0.016616538984417707,12.315709857844341
401,discovery,97,4,12.411056299528171,12.312702456233271,0.019251704798955913,12.331954161032227
407,discovery,97,4,11.652696102959753,11.655600098379225,0.020511104166695233,11.67611120254592
409,discovery,97,4,12.54254845357358,12.542409204186187,-0.0005773139913864548,12.541831890194802
413,discovery,97,4,12.310437165348775,12.422782834301664,0.024866204265990725,12.447649038567654
418,discovery,97,4,12.384223015005313,12.232109643876443,0.006876757722324695,12.238986401598767
423,discovery,97,4,11.635151947212842,11.664121289245452,0.02354210335698664,11.687663392602438
425,discovery,97,4,11.842236406331555,11.870523495825749,0.01025666105643249,11.880780156882182
439,discovery,97,4,11.411457364027745,11.619719193561398,0.021655755048237465,11.641374948609636
441,discovery,97,4,13.22672519452875,13.087993340980818,0.025188542749905913,13.113181883730723
446,discovery,97,4,11.755879486687116,11.910473201709587,0.013061150950773547,11.923534352660361
456,discovery,97,4,12.075400019877522,11.986336746730691,-0.004685970506784873,11.981650776223907
478,discovery,97,4,12.847929163278053,12.919343120202162,0.008984830585923153,12.928327950788086
488,discovery,97,4,12.07254696717504,12.09172610185676,-0.004654022233075311,12.087072079623686
491,discovery,97,4,11.652696102959753,11.606866287931725,-0.01755461720117596,11.589311670730549
492,discovery,97,4,11.798111925972618,11.900797430585389,-0.02406179285328834,11.8767356377321
493,discovery,97,4,12.059809113551397,12.046256364391605,-0.01136748260533259,12.034888881786271
494,discovery,97,4,11.951186847493476,11.904977070251087,0.0037212126361435096,11.908698282887231
495,discovery,97,4,11.421917019425596,11.514151435816247,0.014171927324047779,11.528323363140295
496,discovery,97,4,10.460270761075149,11.150218665520208,0.03834777858977457,11.188566444109982
497,discovery,97,4,12.971542813248437,12.66785825345264,-0.00967830134827613,12.658179952104364
499,discovery,97,4,11.775297421715827,11.800589271604192,0.0038334701309779657,11.80442274173517
508,discovery,97,4,12.246739428005663,12.055124892297226,0.00509427673468534,12.06021916903191
520,discovery,97,4,12.36308066783498,12.470774301680173,0.023011414751150327,12.493785716431324
536,discovery,97,4,11.58525542883217,11.763281764583208,0.01700653028752995,11.780288294870738
538,discovery,97,4,11.619544188752133,11.707686679292337,-0.007895717579612901,11.699790961712724
541,discovery,97,4,12.660331092405906,12.83265798713967,-0.009311929725348013,12.823346057414323
542,discovery,97,4,12.421188057397055,12.47655610225395,-0.010559485916275776,12.465996616337675
565,discovery,97,4,12.498745990829315,12.479774257865255,-0.008361245689803697,12.471413012175452
567,discovery,97,4,12.691583538230217,12.688157317071154,-0.004051115955774693,12.684106201115378
571,discovery,97,4,11.867805799560465,11.81254133940133,-0.01993316109141585,11.792608178309914
575,discovery,97,4,11.842236406331555,11.716544292711331,0.01910964680816165,11.735653939519493
577,discovery,97,4,11.884495917930655,11.933034126259896,-0.008850723404776195,11.92418340285512
582,discovery,97,4,12.442306148381938,12.871629227051091,0.05048184534354626,12.922111072394637
588,discovery,97,4,11.827743504053695,11.809078155894912,0.005512351228849319,11.814590507123762
589,discovery,97,4,11.870606902224587,12.382708191676564,0.00418412000989016,12.386892311686454
592,discovery,97,4,13.02132904585825,12.995793598917157,-0.00848603330015165,12.987307565617005
597,discovery,97,4,11.648373769145277,11.571276323892985,0.009978344202506022,11.581254668095491
599,discovery,97,4,12.289958727201455,12.254312704441926,0.006938756353839088,12.261251460795766
609,discovery,97,4,12.791358964949923,12.522576286210152,0.03549121128093398,12.558067497491086
610,discovery,97,4,11.682676678340282,11.659132433063006,0.004875933954903848,11.66400836701791
624,discovery,97,4,12.034696963475044,12.116639573708037,0.012217430076845953,12.128857003784884
634,discovery,97,4,11.845109950883979,11.851031866884393,-0.013228061470120718,11.837803805414271
641,discovery,97,4,12.520887034998584,12.526702665580956,0.010818316355132012,12.537520981936089
646,discovery,97,4,11.872353615355413,11.822965265182436,-0.002788117546105162,11.82017714763633
651,discovery,97,4,12.235393555399902,12.24776248102149,-0.004211771699283808,12.243550709322205
654,discovery,97,4,11.813037464800539,11.795449601548665,0.01647327001796326,11.811922871566628
667,discovery,97,4,11.767575435251748,12.036243602589266,0.01327862346808124,12.049522226057347
676,discovery,97,4,11.908346971208951,11.885673313663524,0.00599745389547136,11.891670767558995
687,discovery,97,4,12.336556900342153,12.389876135244272,0.012291628469939598,12.402167763714212
698,discovery,97,4,11.724004532183379,11.795986124710092,0.001201114281512579,11.797187238991604
700,discovery,97,4,12.185875040240456,12.136035406554022,-0.007066169401066766,12.128969237152955
709,discovery,97,4,12.09815887308463,12.079144843318522,-0.008825144559167069,12.070319698759356
714,discovery,97,4,11.767575435251748,11.67521334346702,0.00024614164094145016,11.675459485107961
718,discovery,97,4,11.964007453736912,12.000444481809692,0.0038734527564060085,12.004317934566098
721,discovery,97,4,12.524530013005734,12.529069836345302,-0.01041729937072568,12.518652536974576
722,discovery,97,4,11.870606902224587,11.881470411470374,-0.0007926146091471084,11.880677796861228
724,discovery,97,4,11.813037464800539,11.81833025290312,0.0021983001125840842,11.820528553015704
727,discovery,97,4,12.310437165348775,12.330028974602326,0.017763745645979365,12.347792720248306
734,discovery,97,4,11.786008995353765,11.806327638688748,-0.0126892939250361,11.793638344763712
735,discovery,97,4,11.58989576532275,11.589203190034445,0.008444441105690453,11.597647631140134
740,discovery,97,4,12.154784614286667,12.179607847219838,0.0060822181632341705,12.185690065383072
744,discovery,97,4,12.07254696717504,11.937657465906486,0.012088426010481879,11.949745891916969
747,discovery,97,4,12.371591321286905,12.356434210328835,0.010006879348540916,12.366441089677377
753,discovery,97,4,12.28765724080691,12.249959648802964,-0.009523791781388465,12.240435857021575
754,discovery,97,4,12.526346537332584,12.52513352901268,0.0030406508981919147,12.528174179910872
757,discovery,97,4,12.264346270624157,12.234297466855658,-0.004672541263481673,12.229624925592177
760,discovery,97,4,12.577639650232573,12.618794327691974,0.003429901821680465,12.622224229513655
774,discovery,97,4,11.648338835562747,11.709441727106626,-0.005814255907851408,11.703627471198773
777,discovery,97,4,12.308182383129823,12.32122405542372,0.02922888594418323,12.350452941367903
781,discovery,97,4,12.07824495582233,12.03346738422226,-0.0076707001247566225,12.025796684097502
782,discovery,97,4,12.077676615757813,12.101711730767622,0.007905166966684918,12.109616897734307
784,discovery,97,4,12.016732516077072,12.003735348568336,0.0008889870659299085,12.004624335634265
798,discovery,97,4,11.608244735642321,11.494764098723522,0.02004568983857021,11.514809788562092
805,discovery,97,4,11.678448377988165,11.621852839320008,-0.0037247326664488043,11.61812810665356
823,discovery,97,4,12.323860125621126,12.112340079745588,-0.0010420154568969232,12.111298064288691
824,discovery,97,4,11.845827048676645,11.853716886417498,0.0006197250356783728,11.854336611453176
835,discovery,97,4,11.849047640327147,11.831669144243811,-0.003758257911342984,11.827910886332468
858,discovery,97,4,12.066816325306588,11.98495735707557,0.0031675187326760746,11.988124875808246
882,discovery,97,4,12.141539457711714,12.262179598331118,0.01608122439113247,12.27826082272225
888,discovery,97,4,11.816734299348461,11.809029747775751,-0.010567389806771542,11.79846235796898
889,discovery,97,4,12.498745990829315,12.600927970471291,-0.009568552780550578,12.591359417690741
890,discovery,97,4,11.915058360753719,11.89300872935903,-0.0016364968714472578,11.891372232487583
893,discovery,97,4,11.947955847790901,11.86738337318685,8.497779197272846e-05,11.867468350978823
894,discovery,97,4,12.013706813470414,11.959226383677002,0.008551984186712294,11.967778367863714
906,discovery,97,4,11.759793355371237,11.750927815718514,0.004967955330769722,11.755895771049284
910,discovery,97,4,12.066816325306588,12.056300382951653,-0.0078385745852534,12.0484618083664
911,discovery,97,4,11.946660519211651,11.859865483043844,-0.0005784366462837179,11.85928704639756
915,discovery,97,4,12.065280672855897,12.014487207114833,0.002643745244278438,12.01713095235911
916,discovery,97,4,11.225256725762893,11.348316265136283,-0.02346218046461079,11.324854084671673
919,discovery,97,4,12.380030154325457,12.460766828388516,0.004245901762001909,12.465012730150518
920,discovery,97,4,12.081081821061819,12.05806399991199,-0.01950009495293646,12.038563904959053
921,discovery,97,4,12.211065162153215,12.214640974819453,0.010471230268257671,12.22511220508771
932,discovery,97,4,11.674202123168433,11.758416934952043,0.0037699458255208464,11.762186880777564
933,discovery,97,4,12.676079399771027,12.59563186004966,-0.017220915160358664,12.578410944889303
938,discovery,97,4,12.441148720271016,12.365266899553015,-0.00863544495045086,12.356631454602564
940,discovery,97,4,12.406565597924235,12.352053452567416,0.017456914758561582,12.369510367325978
946,discovery,97,4,11.735276702486741,11.837019465222278,-0.017652682353691364,11.819366782868586
951,discovery,97,4,11.767575435251748,11.858646417172029,-0.007540121052002307,11.851106296120026
954,discovery,97,4,12.055255569732177,11.96600087807837,0.0037306913976052954,11.969731569475975
956,discovery,97,4,11.884495917930655,11.890484379465862,0.01951735481817247,11.910001734284034
960,discovery,97,4,11.951186847493476,12.090364113882284,0.009292853256840266,12.099656967139124
961,discovery,97,4,11.665655135642039,11.68445118757255,0.009663266474985426,11.694114454047536
963,discovery,97,4,11.951186847493476,11.945509522014405,0.006070211525093356,11.951579733539498
964,discovery,97,4,12.384223015005313,12.47633101934952,-0.006508555327772173,12.469822464021748
971,discovery,97,4,11.813037464800539,11.26668054819109,0.0003987012015414938,11.267079249392632
980,discovery,97,4,11.842236406331555,11.787895591576042,0.012883636361983822,11.800779227938026
982,discovery,97,4,12.724869415131389,12.681453646053756,-0.0007625647114951342,12.68069108134226
987,discovery,97,4,11.669937760751914,11.733950865040203,-0.008176245152876266,11.725774619887327
990,discovery,97,4,12.190964083849375,12.179570727875548,0.006270874300794541,12.185841602176342
998,discovery,97,4,12.128116509451258,11.986975856917091,0.005708267204155901,11.992684124121247
1006,discovery,97,4,11.917730355182513,11.85084439607912,0.025283376683498376,11.876127772762619
1007,discovery,97,4,12.004574385508691,11.961541710344818,-0.004365640492049711,11.957176069852768
1016,discovery,97,4,12.33270970174018,12.242218373265043,0.00951184736856321,12.251730220633606
1022,discovery,97,4,12.175618592671356,12.22637559506862,-0.004893183325912871,12.221482411742706
1023,discovery,97,4,11.373674891823535,11.562470618742887,0.0016413509221986002,11.564111969665086
1028,discovery,97,4,12.588194064175278,12.721038700891045,0.013785435952778414,12.734824136843823
1032,discovery,97,4,12.190964083849375,12.173898632741611,0.015451941491518333,12.18935057423313
1034,discovery,97,4,12.345838935721968,12.391746807614744,-0.004227801961546094,12.387519005653198
1044,discovery,97,4,12.47717172708952,12.423576361197306,-0.020004694097089395,12.403571667100216
1050,discovery,97,4,11.349241150793087,11.610830808814235,0.002130084323276981,11.612960893137512
1051,discovery,97,4,12.080996832096167,12.110585713807623,-0.007135651530778031,12.103450062276846
1052,discovery,97,4,12.206782393599413,12.13988101011754,-0.02365962095707341,12.116221389160467
1053,discovery,97,4,12.013706813470414,11.991236566721293,0.008972098300414831,12.000208665021708
1055,discovery,97,4,12.449022745701502,12.45775712195191,0.005656362641921069,12.463413484593833
1061,discovery,97,4,12.271396795480596,12.243995473782809,-0.005709086846229691,12.23828638693658
1064,discovery,97,4,11.612779849672751,11.76391982012558,-0.007191998672341744,11.756727821453238
1072,discovery,97,4,11.944714374881176,11.961024024757158,0.015311564031765364,11.976335588788924
1076,discovery,97,4,12.299112067295642,12.188487002755272,0.015215339080869417,12.203702341836141
1078,discovery,97,4,11.840796531639839,11.765356400230988,0.02879274506166241,11.794149145292652
1079,discovery,97,4,11.956976469393481,11.857221498040944,-0.0022752586768899795,11.854946239364054
1080,discovery,97,4,11.744045122410057,11.801984263529151,-0.00969195978675612,11.792292303742395
1087,discovery,97,4,11.332613886815139,11.49950618668242,-0.015047079887627832,11.484459106794793
1089,discovery,97,4,11.83138646878959,11.76404064282143,-0.02187647089352243,11.742164171927907
1095,discovery,97,4,11.767575435251748,11.810080117969925,-0.017877074488679527,11.792203043481246
1104,discovery,97,4,11.979805470779858,11.88761918652357,-0.001190388499528332,11.886428798024042
1109,discovery,97,4,12.10625783509458,12.02012855326758,-0.0006200706047124698,12.019508482662868
1116,discovery,97,4,12.669809806411457,12.60556450178532,-0.016142934042350437,12.58942156774297
1128,discovery,97,4,12.464587201678082,12.386701931627735,0.0038315231931171103,12.390533454820853
1129,discovery,97,4,12.278397958261774,12.22779835553326,-0.002633927364230593,12.225164428169029
1142,discovery,97,4,12.193498926601634,12.179111935316604,0.016883547977651323,12.195995483294254
1156,discovery,97,4,12.292254928916668,12.274365497755134,-0.007289292670769692,12.267076205084365
1177,discovery,97,4,11.691080018519527,11.784650456563522,0.004715481587418297,11.78936593815094
1178,discovery,97,4,11.652696102959753,11.601513936593523,0.003671903860778926,11.605185840454302
1192,discovery,97,4,12.066816325306588,12.01900595417084,0.020370462502476625,12.039376416673317
1195,discovery,97,4,11.970356641102999,11.875804846182,0.021568141668728055,11.897372987850728
1200,discovery,97,4,11.904974309480181,11.864367347964256,0.016923141018215966,11.881290488982472
1201,discovery,97,4,11.6617850286409,11.561681356293272,0.0030865653102922974,11.564767921603565
1210,discovery,97,4,12.577639650232573,12.50896732431261,-0.0005480497812616253,12.508419274531349
1219,discovery,97,4,11.296024885689746,11.157749652329654,-0.04302478110146083,11.114724871228193
1223,discovery,97,4,11.870606902224587,11.949485448602696,0.0007148918731012052,11.950200340475797
1225,discovery,97,4,12.122696471358964,12.182282040919349,-0.004767346073722575,12.177514694845627
1229,discovery,97,4,12.813920618864572,12.82117661559731,0.013608794186449296,12.834785409783759
1233,discovery,97,4,11.530775206233024,11.515210359914557,-0.01080889129300868,11.504401468621548
1236,discovery,97,4,11.841423131921784,11.912527912478316,0.03417364491780111,11.946701557396118
1237,discovery,97,4,12.075400019877522,11.999722752402388,-0.011573052210605218,11.988149700191782
1241,discovery,97,4,12.323415584358154,12.245861942821929,0.0023795932873279806,12.248241536109257
1244,discovery,97,4,13.049794835104816,12.94210651562197,0.012600437475565832,12.954706953097537
1248,discovery,97,4,12.042971193457888,11.833830983126134,-0.012208077637877061,11.821622905488256
1258,discovery,97,4,11.511934974596555,11.362992550257264,-0.002027442545999161,11.360965107711264
1260,discovery,97,4,11.92504173829169,11.894204072932377,-0.009339292315124101,11.884864780617253
1269,discovery,97,4,12.850557278777309,12.734451754026228,-0.011000375370063606,12.723451378656165
1270,discovery,97,4,11.87757552297847,11.813294348961334,-0.004722058401953244,11.80857229055938
1284,discovery,97,4,11.842236406331555,11.833082648752445,0.006074710268427059,11.839157359020872
1286,discovery,97,4,11.794345471549745,11.72640609807157,0.0039597224922518475,11.73036582056382
1291,discovery,97,4,12.103491596905931,11.99506650911312,0.007902498974044646,12.002969008087163
1298,discovery,97,4,11.849404844423074,11.936529801250463,0.014789336537016817,11.95131913778748
1299,discovery,97,4,11.982935344196433,13.111252212944576,-0.08223080967520206,13.029021403269374
1302,discovery,97,4,12.086731521684555,12.07892815062214,0.0008351890711430339,12.079763339693283
1303,discovery,97,4,12.577639650232573,12.665562135531813,0.014379090243292985,12.679941225775107
1304,discovery,97,4,12.354496960983985,12.317128690869,-0.013219668935611939,12.303909021933388
1305,discovery,97,4,11.775297421715827,11.878021858125242,-0.017358356456926027,11.860663501668316
1306,discovery,97,4,12.691583538230217,12.654015965776717,0.0119344414063098,12.665950407183026
1308,discovery,97,4,11.835016210489899,11.882587254660825,0.02303786297184164,11.905625117632667
1319,discovery,97,4,12.524530013005734,12.488918598721876,-0.03308535095727809,12.455833247764598
1323,discovery,97,4,12.154784614286667,12.344308431410823,0.0002713080296981161,12.34457973944052
1325,discovery,97,4,11.898194668458823,12.602502907233868,-0.014580760103562239,12.587922147130305
1328,discovery,97,4,11.779136168550774,11.79291346164348,0.014439282468382084,11.807352744111862
1329,discovery,97,4,12.45293662970407,12.15250123670656,0.014790251019177818,12.167291487725738
1330,discovery,97,4,12.081081821061819,12.10170018980562,-0.012524503743830415,12.08917568606179
1332,discovery,97,4,11.794345471549745,11.79089199803784,0.006975943430661646,11.797867941468501
1335,discovery,97,4,11.736077016252437,11.66080791154104,-0.0008551415583270658,11.659952769982713
1339,discovery,97,4,12.206077645517674,12.299142496905448,-0.013888697947883645,12.285253798957564
1342,discovery,97,4,11.951186847493476,11.931438903045295,-0.0028678272925261837,11.92857107575277
1347,discovery,97,4,12.47801017053037,12.40393727207801,0.002997795951888127,12.406935068029899
1348,discovery,97,4,12.554840409959793,12.613213525121289,-0.007306595721013342,12.605906929400275
1353,discovery,97,4,11.812296455066814,11.758395084438735,0.008575739402653264,11.766970823841389
1354,discovery,97,4,12.923914877701906,12.887332172384056,0.02066287659878393,12.90799504898284
1360,discovery,97,4,12.660331092405906,12.850722404492991,0.000459629592542608,12.851182034085534
1362,discovery,97,4,12.468440756144114,12.472124174141353,0.008539526088268539,12.480663700229622
1371,discovery,97,4,11.561725152903833,11.600047100640795,0.028488037949615855,11.628535138590411
1374,discovery,97,4,13.05301544288996,13.035820835102369,-0.00798047669984978,13.02784035840252
1376,discovery,97,4,12.384223015005313,12.461711331559492,0.0075217896553995455,12.469233121214891
1377,discovery,97,4,11.418625774449598,11.435355471944792,0.011421192168613585,11.446776664113406
1381,discovery,97,4,10.97679912709094,11.201901440755195,0.007801051293358918,11.209702492048555
1382,discovery,97,4,12.377927112974284,12.225450879488712,0.03842380549571966,12.263874684984431
1385,discovery,97,4,11.561725152903833,11.568694138702684,0.0027965285656917378,11.571490667268376
1389,discovery,97,4,12.84132849667433,12.785744187256586,-0.006742375221581415,12.779001812035006
1395,discovery,97,4,12.415437707935368,12.30277759093949,-0.018937662279028353,12.283839928660461
1402,discovery,97,4,12.170450649220749,12.119578581859242,-0.002185762644829046,12.117392819214412
1404,discovery,97,4,12.552930054797935,12.265885404889325,0.0051827994155732825,12.271068204304898
1411,discovery,97,4,12.345838935721968,12.249177910741954,-0.0008799096866410689,12.248298001055312
1413,discovery,97,4,11.407576060361786,11.466756905964605,0.008569786416149085,11.475326692380754
1419,discovery,97,4,11.728044909070785,11.821344178647832,0.008845938405452435,11.830190117053284
1424,discovery,97,4,12.524420916542532,12.095916542566147,0.0011356753840332128,12.09705221795018
1428,discovery,97,4,11.849404844423074,11.867940477310608,-0.018304694862082478,11.849635782448525
1429,discovery,97,4,11.686887175419702,11.62264411012219,-0.006533468293809374,11.61611064182838
1434,discovery,97,4,12.136191879981927,12.139551019277858,-0.0005450796152616526,12.139005939662598
1439,discovery,97,4,11.916395250412128,11.865367346938,-0.0017599715681864802,11.863607375369813
1445,discovery,97,4,12.098493002763465,12.179085415994953,-0.00716017329580318,12.17192524269915
1447,discovery,97,4,11.969723533345908,11.868881232908086,0.01048077714812129,11.879362010056207
1448,discovery,97,4,12.388398368982115,12.45084687625602,-0.0012322362580151046,12.449614639998003
1452,discovery,97,4,12.567554517655415,12.426781866639253,-0.004800359633334929,12.421981507005919
1453,discovery,97,4,11.884495917930655,11.805599702555892,0.009876571214259779,11.815476273770152
1457,discovery,97,4,12.25486757159303,12.182981474409484,0.005112156956065777,12.18809363136555
1458,discovery,97,4,12.493133274926212,12.490130444657456,0.03643557812938309,12.52656602278684
5,discovery,97,5,12.429220196836383,12.649885972497648,-0.003600847303777906,12.64628512519387
8,discovery,97,5,12.206077645517674,12.264869472915496,0.011363933544211276,12.276233406459708
14,discovery,97,5,12.540761149388421,12.30858635307733,0.0035630114564281145,12.312149364533758
16,discovery,97,5,11.790564777297387,11.76840878372164,0.0009674407011450191,11.769376224422784
32,discovery,97,5,11.914054519303125,11.876759553846304,-0.00529690365053326,11.87146265019577
34,discovery,97,5,12.016732516077072,12.06931111749884,-0.008365701939385748,12.060945415559454
40,discovery,97,5,11.314486721293981,11.354085898105277,-0.007050965231254815,11.347034932874022
51,discovery,97,5,12.083910661257521,12.102243435473516,0.0023871777298668908,12.104630613203383
64,discovery,97,5,11.849404844423074,11.807027139006776,0.006174370027787371,11.813201509034563
73,discovery,97,5,12.128116509451258,12.160296676635554,0.002582061271745728,12.162878737907299
74,discovery,97,5,11.88380602959621,11.898058254349149,0.009562175007159853,11.907620429356308
78,discovery,97,5,11.751950239425476,11.68113747850725,-0.009330840660238334,11.671806637847011
79,discovery,97,5,11.824087219587643,11.800277940813292,-0.02052726537893583,11.779750675434356
81,discovery,97,5,12.173037959397275,12.277068381492724,0.011068809571840687,12.288137191064564
88,discovery,97,5,12.010671928196443,12.020164924346544,0.006374201089240242,12.026539125435784
91,discovery,97,5,11.60733523953139,11.52419104127669,0.008107011528456779,11.532298052805148
94,discovery,97,5,11.804855999911272,12.0553978427734,0.016030748890626157,12.071428591664027
97,discovery,97,5,12.273735966890268,12.27777326767813,0.007398138378544645,12.285171406056675
106,discovery,97,5,12.429220196836383,12.421798277473425,0.012652644739295123,12.43445092221272
109,discovery,97,5,11.652696102959753,11.69993506877218,0.00636685368091016,11.706301922453092
119,discovery,97,5,12.676079399771027,12.725452490044814,-0.008249623158747952,12.717202866886065
127,discovery,97,5,11.759793355371237,11.84706370770519,-0.020245954225990646,11.826817753479201
128,discovery,97,5,11.373674891823535,11.449128346344995,-0.02234214811502612,11.42678619822997
130,discovery,97,5,11.918397239722838,11.869840145808006,0.009653357309198116,11.879493503117203
132,discovery,97,5,12.404927602627597,12.316911140027836,0.006769677069037801,12.323680817096873
134,discovery,97,5,12.301387370778713,12.210836667715084,0.016720379329915686,12.227557047045
139,discovery,97,5,12.345838935721968,12.412621360869634,-0.00734955838672804,12.405271802482906
143,discovery,97,5,12.019749091416921,11.740058231174922,0.013090963251890101,11.753149194426813
144,discovery,97,5,12.225880174775122,12.307380291484575,-0.0033383243227953735,12.30404196716178
145,discovery,97,5,11.736077016252437,11.829810090838588,-0.01149065318205244,11.818319437656536
156,discovery,97,5,11.277215789596893,11.278599588244694,-0.018788238961801994,11.259811349282892
162,discovery,97,5,12.929993908996359,12.944682392321624,-0.03223274851764354,12.912449643803981
170,discovery,97,5,12.337105293891872,12.383800818885655,0.0014185694654641797,12.38521938835112
171,discovery,97,5,11.763691965388299,11.683506325219184,0.0021314336171075593,11.685637758836291
173,discovery,97,5,12.384223015005313,12.268340939128766,0.0015127936138978925,12.269853732742664
178,discovery,97,5,12.058158312538197,12.121520257400196,-0.001930626032972958,12.119589631367223
180,discovery,97,5,11.51293546492023,11.638620259953775,0.0020652859599149063,11.64068554591369
183,discovery,97,5,11.695255355062795,11.68196004693713,0.01292266768787163,11.694882714625
185,discovery,97,5,11.751950239425476,11.72022517464567,0.013713589842153803,11.733938764487823
188,discovery,97,5,11.813037464800539,11.801923424578607,0.014412394203885246,11.816335818782493
189,discovery,97,5,11.940399914116648,11.87454443057178,0.008339608381793456,11.882884038953573
191,discovery,97,5,12.660331092405906,12.566509496342444,0.029061587260586465,12.595571083603032
209,discovery,97,5,12.531776395271262,12.42109493815172,0.015495978026175052,12.436590916177895
211,discovery,97,5,11.49273296168228,11.440880608324964,-0.010884372756978577,11.429996235567986
219,discovery,97,5,12.649157827477366,12.361387521055676,0.010775144215633572,12.37216266527131
222,discovery,97,5,12.206077645517674,12.32908652266877,-0.0016087152925189007,12.327477807376251
232,discovery,97,5,12.90669432231532,12.814283038082143,0.001842560385678528,12.816125598467822
237,discovery,97,5,12.130815551850676,12.124919294552464,-0.00934040732883835,12.115578887223625
239,discovery,97,5,12.669809806411457,12.470584543777704,0.004931279752903542,12.475515823530609
242,discovery,97,5,11.612779849672751,11.41430255112119,0.005495233446119905,11.41979778456731
244,discovery,97,5,11.695255355062795,11.807908143260592,-0.0032481072704503007,11.804660035990143
245,discovery,97,5,12.230770136157428,12.357095021151704,0.0042270072588597935,12.361322028410564
255,discovery,97,5,11.884495917930655,11.86172587362279,0.007669222317539738,11.86939509594033
260,discovery,97,5,11.48247656671073,11.532820861609546,0.007789596933388706,11.540610458542934
261,discovery,97,5,12.07824495582233,12.051544956423491,0.00866761688503644,12.060212573308528
264,discovery,97,5,11.775297421715827,11.720909049409904,-0.002973189094920366,11.717935860314984
271,discovery,97,5,12.491255347155265,12.476842771800328,0.014347716311052834,12.49119048811138
284,discovery,97,5,12.407383590534293,12.403734432611492,0.009269792658167113,12.413004225269658
285,discovery,97,5,12.09626335986454,12.164906234972207,-0.005615643541275667,12.159290591430931
291,discovery,97,5,12.359784657728284,12.410748224251142,0.0162580391693214,12.427006263420463
293,discovery,97,5,11.782960235741939,11.88371954494609,-0.002762501877608093,11.88095704306848
300,discovery,97,5,11.973516181427835,11.872673070407762,-0.006757816327415406,11.865915254080347
301,discovery,97,5,11.964007453736912,12.009808347026109,0.01212144309505789,12.021929790121167
308,discovery,97,5,11.402005077384885,11.45606999158342,0.024747555251198473,11.480817546834619
316,discovery,97,5,12.146858590895919,12.12657338192135,-0.0024875323263048223,12.124085849595046
318,discovery,97,5,12.506180941677357,12.470705835466283,0.005937667897829843,12.476643503364114
323,discovery,97,5,12.614868865984631,12.553495960388137,-0.01493394641747734,12.53856201397066
327,discovery,97,5,12.688501881189456,12.540544232124445,0.0025476326329909754,12.543091864757436
328,discovery,97,5,11.886218559372042,11.87795452509988,-0.0018916483306886016,11.876062876769192
329,discovery,97,5,12.276069679344003,12.071569616027809,0.027970690597305406,12.099540306625114
333,discovery,97,5,12.556733038263905,12.666984246004118,0.003131596023403411,12.67011584202752
341,discovery,97,5,12.220473454337986,12.248805730147978,-0.0023916797785353645,12.246414050369443
343,discovery,97,5,11.37940550085183,11.454657634077495,0.001556045541278592,11.456213679618774
350,discovery,97,5,12.988043102265232,13.108529956563752,0.000569193896768733,13.109099150460521
353,discovery,97,5,11.461642696843066,11.454097270052904,-0.03557261185990495,11.418524658192998
359,discovery,97,5,11.775297421715827,11.795826419949684,0.014061890373876609,11.80988831032356
365,discovery,97,5,12.154784614286667,12.130751702324488,0.007963269313703551,12.138714971638192
366,discovery,97,5,11.898194668458823,11.711559010002066,-0.010379808110981398,11.701179201891085
373,discovery,97,5,11.736077016252437,11.625164186407588,0.004185431877427339,11.629349618285016
375,discovery,97,5,12.299112067295642,12.222620517364096,-0.008736573190015978,12.21388394417408
377,discovery,97,5,11.904974309480181,11.841876261434782,0.012723117762493245,11.854599379197275
382,discovery,97,5,12.142871895843887,12.28732410431692,0.0076145290532641146,12.294938633370183
389,discovery,97,5,12.160033942617156,12.1861513964523,0.013593933782788021,12.199745330235087
396,discovery,97,5,11.767575435251748,11.755494517096263,0.003173490350222312,11.758668007446486
403,discovery,97,5,11.58989576532275,11.525451413323792,-0.011125603020422129,11.514325810303369
410,discovery,97,5,12.73596827534975,12.62280837390962,-0.0021379285394549463,12.620670445370166
411,discovery,97,5,11.002116507732017,11.50534893763326,-0.01831054850972599,11.487038389123533
414,discovery,97,5,11.652696102959753,11.582014820483716,-0.01066475388141211,11.571350066602303
416,discovery,97,5,12.106997888588934,12.14485806765602,-0.017381689437204653,12.127476378218816
420,discovery,97,5,11.863589378812122,11.786383185683164,-0.006228388860566259,11.780154796822597
429,discovery,97,5,12.182809136284991,12.181047841399138,-0.001355440429440858,12.179692400969698
430,discovery,97,5,12.07254696717504,12.07352295500991,0.008638483693624719,12.082161438703535
447,discovery,97,5,12.154784614286667,12.296838348820382,0.009163069478511142,12.306001418298893
452,discovery,97,5,12.54254845357358,12.329102221173995,-0.009847007183099896,12.319255213990896
454,discovery,97,5,12.25486757159303,12.324616262109275,0.00118045640942893,12.325796718518705
461,discovery,97,5,12.481565733211923,12.35509374881294,0.0041205181134560415,12.359214266926397
464,discovery,97,5,12.147919030759663,12.161002856331972,0.027218745873592395,12.188221602205564
465,discovery,97,5,11.728044909070785,11.634647374730582,0.012079881300590366,11.646727256031172
466,discovery,97,5,12.093693109638318,12.152105448984925,0.012226282303647137,12.164331731288572
473,discovery,97,5,11.904974309480181,11.824789394046448,0.007025454711613045,11.83181484875806
476,discovery,97,5,11.794345471549745,11.831091950012096,0.008263739913710834,11.839355689925807
479,discovery,97,5,12.601490784782536,12.601114195687693,0.0021221567367305013,12.603236352424423
480,discovery,97,5,11.401681006153428,11.646132856786652,0.003722474339163254,11.649855331125815
483,discovery,97,5,11.951186847493476,12.036923413097751,-0.009877407982917655,12.027046005114833
486,discovery,97,5,11.898194668458823,11.934486580115513,-0.02315428065248856,11.911332299463025
500,discovery,97,5,11.695255355062795,11.769586313855305,-0.0038550178152434783,11.76573129604006
501,discovery,97,5,11.635151947212842,11.624203937599704,-0.003365092871638871,11.620838844728066
505,discovery,97,5,11.898194668458823,11.859341528952768,-0.0009174918093253271,11.858424037143443
506,discovery,97,5,11.732069026983156,11.717631194155793,-0.015452460494547467,11.702178733661246
507,discovery,97,5,12.278397958261774,12.27080389251311,-0.0001023404010644922,12.270701552112046
512,discovery,97,5,12.2193145828011,12.155497460256116,-0.002639501018864829,12.152857959237252
517,discovery,97,5,11.970356641102999,12.01685183356337,0.0028317126937950033,12.019683546257165
518,discovery,97,5,12.487488878546145,12.58967189949666,0.015297997791195865,12.604969897287855
521,discovery,97,5,11.573559498507079,11.38734148371025,0.0187904944565149,11.406131978166764
522,discovery,97,5,11.918397239722838,11.942667552269894,-0.0014008727323752239,11.941266679537518
530,discovery,97,5,12.209192772866418,12.333871560661382,0.013655066154880494,12.347526626816263
532,discovery,97,5,11.759793355371237,11.800791643201569,0.014343947735309122,11.815135590936878
539,discovery,97,5,11.970356641102999,11.84439168293434,0.012623920022224656,11.857015602956565
543,discovery,97,5,12.270225154674701,12.247830926244818,-0.002823138443119423,12.245007787801699
544,discovery,97,5,11.798111925972618,11.77515341632818,0.00835923343768282,11.783512649765862
551,discovery,97,5,11.849404844423074,11.697133554934048,-0.011140722028207635,11.685992832905841
552,discovery,97,5,11.630717389475995,11.61332490719452,0.013297000184138987,11.62662190737866
559,discovery,97,5,12.07254696717504,12.183453679491423,0.0029632732521896613,12.186416952743613
574,discovery,97,5,12.04355959836804,12.023538346808904,0.0034921237422705503,12.027030470551175
576,discovery,97,5,11.682676678340282,11.633578363444276,-0.025426185156842605,11.608152178287433
579,discovery,97,5,11.891368749982085,11.988309482903851,0.004673527002019295,11.99298300990587
581,discovery,97,5,12.111217862017215,12.112138611601155,-0.013362186209357599,12.098776425391797
586,discovery,97,5,12.820990681250251,12.875230027745442,0.023489812732270677,12.898719840477712
590,discovery,97,5,11.283524879179666,11.525976622830337,-0.0062318647127830844,11.519744758117554
595,discovery,97,5,11.608244735642321,11.676296673540993,0.002611393875681868,11.678908067416675
601,discovery,97,5,12.524530013005734,12.4801567029598,0.0026902117205009064,12.4828469146803
605,discovery,97,5,12.30592250537653,12.292308720970048,-0.00687558959057226,12.285433131379476
616,discovery,97,5,11.83138646878959,11.795070203193395,0.002389142356810307,11.797459345550205
621,discovery,97,5,11.112462823634855,10.985267821578708,-0.017285684233274853,10.967982137345432
627,discovery,97,5,11.848690308590857,11.739462552584596,0.018987725112148558,11.758450277696745
633,discovery,97,5,11.320565693461432,12.013585623316702,-0.020764395819568994,11.992821227497133
642,discovery,97,5,12.328294703023396,12.41843167221159,0.007047015124501932,12.425478687336092
644,discovery,97,5,11.931642378754141,11.934723372170048,-0.0010717045355724455,11.933651667634475
645,discovery,97,5,12.823631142839984,12.774699750428477,0.010398712802961627,12.785098463231439
649,discovery,97,5,11.951186847493476,11.952332994911757,-0.004642495648456866,11.9476904992633
656,discovery,97,5,11.385103457032141,11.316839522238062,-0.01299661839033698,11.303842903847725
659,discovery,97,5,11.487617913343598,11.741270976193425,0.007350943732431205,11.748621919925856
661,discovery,97,5,12.19552218463499,12.182847150937985,0.011264042742583783,12.194111193680568
664,discovery,97,5,11.83138646878959,11.86330778725389,0.006370842433441136,11.86967862968733
668,discovery,97,5,12.173037959397275,12.24962402920154,0.006535809354223595,12.256159838555764
669,discovery,97,5,12.031725210748633,12.000575070853818,-0.006714193216212019,11.993860877637607
670,discovery,97,5,11.83138646878959,11.697108601903864,-0.00810782284653459,11.689000779057329
674,discovery,97,5,12.458778882573533,12.423593925833146,0.013492394436316082,12.437086320269461
680,discovery,97,5,11.763691965388299,11.749725743376183,0.009469115515490173,11.759194858891673
682,discovery,97,5,11.979391594635791,11.572031491521493,0.02065863371554555,11.592690125237038
686,discovery,97,5,12.242891437918386,12.339871955827094,-0.0015508614257055285,12.338321094401389
690,discovery,97,5,12.179220327453933,12.156858480837736,-0.014092830279407251,12.142765650558328
695,discovery,97,5,11.860062063178267,11.725541609342253,0.013240359720609213,11.738781969062861
705,discovery,97,5,12.269052139516223,12.278214634378584,-0.011198110982834082,12.26701652339575
707,discovery,97,5,12.618185607609803,12.47898969598767,0.003033171091497832,12.482022867079168
715,discovery,97,5,11.779136168550774,12.095497346943892,0.010708999167076282,12.106206346110968
731,discovery,97,5,12.373707715234994,12.469023720259448,0.027975470478418363,12.496999190737867
738,discovery,97,5,12.3879816172226,12.347521106583748,-0.007437121374554709,12.340083985209194
742,discovery,97,5,11.863589378812122,11.81736555445256,0.019593834032970277,11.836959388485532
752,discovery,97,5,11.995357787034976,11.980933910944046,-0.00472406354405833,11.976209847399987
756,discovery,97,5,12.058158312538197,12.033692477774146,0.01848509409898252,12.052177571873129
759,discovery,97,5,12.097378802727306,12.04123750424606,-0.00010428028209321487,12.041133223963968
761,discovery,97,5,11.755879486687116,11.647632847117835,-0.006540409550885465,11.64109243756695
763,discovery,97,5,12.279327754099118,12.2567594006507,-0.0034588051472441137,12.253300595503458
764,discovery,97,5,12.727841176689147,12.694159981829833,0.031600312415615665,12.725760294245449
776,discovery,97,5,11.995357787034976,11.971128068932313,-0.007032764814087427,11.964095304118224
778,discovery,97,5,11.86710429621008,11.81373218053666,0.002223696780422669,11.815955877317082
779,discovery,97,5,11.87757552297847,11.7960151719092,-0.017165622954901465,11.778849548954298
786,discovery,97,5,11.992266613576142,12.011512615666014,0.007626605217856839,12.01913922088387
791,discovery,97,5,11.984184555794167,11.991773570455743,-0.004086623151533175,11.98768694730421
793,discovery,97,5,12.505402864156405,12.39098152450562,-0.0009515697115772382,12.390029954794041
796,discovery,97,5,12.049424683420915,12.013233854408227,0.013080332940527148,12.026314187348754
804,discovery,97,5,13.275829251377,12.985806468464414,0.029667027887082104,13.015473496351497
809,discovery,97,5,11.982622797311857,11.891039562082234,0.029422945907592264,11.920462507989827
810,discovery,97,5,11.571203807011969,11.6911605823692,-0.030459800529054264,11.660700781840145
812,discovery,97,5,11.881041706925902,11.8988505043602,0.006772876284639598,11.905623380644839
813,discovery,97,5,10.932999821119937,11.466823294313702,0.010444735240852215,11.477268029554555
814,discovery,97,5,11.969723533345908,11.937573919598316,0.00013730448533779988,11.937711224083653
820,discovery,97,5,12.319405795112926,12.302321573136998,0.01143018022375376,12.313751753360751
822,discovery,97,5,11.440365524765756,11.355961438623126,0.025083948916799905,11.381045387539926
826,discovery,97,5,12.861001210669146,12.944911116868262,0.010153602131220876,12.955064718999482
836,discovery,97,5,11.759793355371237,11.80462008994322,0.011799486692565702,11.816419576635786
838,discovery,97,5,11.51293546492023,11.456485203053894,-0.010232138817690193,11.446253064236204
840,discovery,97,5,11.779136168550774,11.798103400903496,0.02424576056015629,11.822349161463652
851,discovery,97,5,11.78676973513378,11.861408047160936,0.011648131377281486,11.873056178538217
853,discovery,97,5,12.00762780434872,12.025720475998492,0.0022142366895597154,12.027934712688051
855,discovery,97,5,12.04355959836804,12.006783986626996,-0.00032717058127261023,12.006456816045723
856,discovery,97,5,11.751950239425476,11.863247209274578,-0.0011233173378539427,11.862123891936724
857,discovery,97,5,11.898194668458823,11.909653316918464,-0.007289308020647772,11.902364008897816
864,discovery,97,5,11.794345471549745,11.846994230617703,0.00914019367496321,11.856134424292666
869,discovery,97,5,12.037659911047468,12.035648978947185,0.009517467235787247,12.045166446182971
873,discovery,97,5,11.661354090741,11.683361528150666,0.0055452459430563195,11.688906774093722
879,discovery,97,5,11.904974309480181,11.921368432104012,-0.008703520156880914,11.91266491194713
885,discovery,97,5,11.51293546492023,11.702539862358757,0.021219556753010002,11.723759419111767
886,discovery,97,5,12.70351207261035,12.47777986601688,-0.0016111061916539127,12.476168759825226
897,discovery,97,5,11.575909653758895,11.31105562700475,0.01168593560945225,11.322741562614203
902,discovery,97,5,11.938199736300925,11.868367658130484,0.010196346752795305,11.87856400488328
907,discovery,97,5,12.449022745701502,12.461089556575931,-0.006277814803001415,12.45481174177293
918,discovery,97,5,11.813037464800539,11.810193424248649,0.01834437991500495,11.828537804163654
924,discovery,97,5,12.170450649220749,12.185663143350286,-0.003287318711340612,12.182375824638946
927,discovery,97,5,12.560247968016562,12.59790624296393,-0.0032980162118906304,12.594608226752039
936,discovery,97,5,11.288543647320601,11.49313582311681,0.026360156458091866,11.519495979574902
937,discovery,97,5,12.127575825689417,12.121611033949083,-0.009061868292798045,12.112549165656285
939,discovery,97,5,12.387560521575551,12.393471909687376,0.01509533610406371,12.40856724579144
942,discovery,97,5,12.273735966890268,12.337876455644873,0.005122275937796919,12.34299873158267
950,discovery,97,5,12.193498926601634,12.088730101645057,0.003668514980523333,12.09239861662558
966,discovery,97,5,12.094587859196112,12.0173217715282,-0.013946438800107598,12.003375332728092
969,discovery,97,5,10.542732775946709,11.092887900130629,-0.001529983985258677,11.09135791614537
974,discovery,97,5,12.111767460549332,12.311990856812344,0.022983757008420015,12.334974613820764
975,discovery,97,5,12.02874460037869,12.029756260804154,-0.01163897040001703,12.018117290404136
979,discovery,97,5,11.608244735642321,11.552710989976578,-0.011656029044065605,11.541054960932513
985,discovery,97,5,11.744045122410057,11.740111190920382,-0.02670514121960674,11.713406049700776
992,discovery,97,5,12.031725210748633,12.034529247557732,0.008230185603777652,12.042759433161509
993,discovery,97,5,12.138869243416009,12.201302358154567,-0.0240373219972332,12.177265036157333
997,discovery,97,5,11.824087219587643,11.803871089127473,0.007906375226595775,11.81177746435407
1002,discovery,97,5,11.362114203075018,11.349326527447705,0.019634556188416728,11.36896108363612
1008,discovery,97,5,11.385103457032141,11.352443221768748,-0.029860360869737885,11.32258286089901
1011,discovery,97,5,11.813037464800539,11.762192333207407,0.02307843227126823,11.785270765478675
1021,discovery,97,5,12.07824495582233,12.038172050114648,0.0035839370711508,12.041755987185798
1024,discovery,97,5,12.160033942617156,12.160479965896076,0.007561863229817422,12.168041829125894
1039,discovery,97,5,11.48247656671073,11.544989758553324,-0.0030066995465614288,11.541983059006762
1046,discovery,97,5,11.846543632608535,11.718790588351332,-0.005076314457554773,11.713714273893778
1058,discovery,97,5,12.421188057397055,12.34747657464038,0.005383406719724422,12.352859981360105
1060,discovery,97,5,12.301387370778713,12.160921558293872,0.004701307408062071,12.165622865701934
1075,discovery,97,5,12.175618592671356,12.098812838708415,0.019703011070398554,12.118515849778813
1077,discovery,97,5,12.04355959836804,11.953735910063584,0.013660095528593472,11.967396005592176
1081,discovery,97,5,11.884495917930655,12.008296923506014,0.015913321759850545,12.024210245265865
1092,discovery,97,5,11.982935344196433,11.977782588322308,0.00698175286077983,11.984764341183087
1093,discovery,97,5,11.824087219587643,12.012121877987743,0.0004099074725913312,12.012531785460334
1105,discovery,97,5,11.571203807011969,11.69137832438318,-0.012366487117631443,11.679011837265548
1106,discovery,97,5,12.691583538230217,12.730342535200837,-0.02147482493321977,12.708867710267617
1113,discovery,97,5,11.774527900858468,11.709811991766028,-0.0009907951882263113,11.708821196577802
1122,discovery,97,5,12.268582547911404,12.274897586566222,-0.006911174632155175,12.267986411934068
1131,discovery,97,5,11.813037464800539,11.979026375879911,-0.00453261301842772,11.974493762861483
1133,discovery,97,5,11.674202123168433,11.714138558238965,-0.042410083750579974,11.671728474488384
1134,discovery,97,5,12.386312871189734,12.376948378573603,-0.012121354787784047,12.36482702378582
1137,discovery,97,5,11.686887175419702,11.674790979388108,-0.018991676277760005,11.655799303110348
1145,discovery,97,5,11.289794413577894,11.328960193056853,0.041774941273426416,11.370735134330278
1151,discovery,97,5,11.728044909070785,11.737314660867952,-0.004808943185491902,11.73250571768246
1158,discovery,97,5,12.345838935721968,12.28602757290222,0.01014188034168816,12.296169453243909
1163,discovery,97,5,11.767575435251748,11.739476380610515,0.011405670377752667,11.750882050988269
1164,discovery,97,5,11.59873612138334,11.84530402610832,-0.0008806304337670872,11.844423395674552
1180,discovery,97,5,11.440365524765756,11.481309101272718,0.004290385032600622,11.485599486305318
1196,discovery,97,5,12.07824495582233,11.989742239237168,-0.016778120351202224,11.972964118885967
1202,discovery,97,5,12.19552218463499,12.173260096207107,-0.0007825857360793761,12.172477510471028
1203,discovery,97,5,11.669937760751914,11.807655931716669,0.0010938816193189636,11.808749813335988
1206,discovery,97,5,12.513193308436527,12.517298880880212,-0.0223921712695312,12.49490670961068
1215,discovery,97,5,11.80932691294063,11.763390944830377,0.008111679954391831,11.771502624784768
1220,discovery,97,5,11.424105180165641,11.447759007715534,-0.01814523182784794,11.429613775887686
1221,discovery,97,5,11.652696102959753,11.62254980487674,-0.0014776250383594293,11.62107217983838
1224,discovery,97,5,11.834291315386718,11.81802539494212,0.001260032209738486,11.81928542715186
1226,discovery,97,5,11.884495917930655,11.843593808774283,0.010539997950875128,11.854133806725159
1227,discovery,97,5,12.273735966890268,12.304719090545223,0.006563296010855393,12.311282386556078
1228,discovery,97,5,11.898194668458823,11.85302279028741,0.004039618474669089,11.85706240876208
1231,discovery,97,5,12.154784614286667,12.18910234271514,-0.01070602114416558,12.178396321570974
1245,discovery,97,5,12.345838935721968,12.14343910656128,0.010545027340282905,12.153984133901563
1256,discovery,97,5,11.755879486687116,11.75503125204029,0.013156790953474287,11.768188042993764
1268,discovery,97,5,12.843973993864076,12.779172525259195,0.0068542359240003434,12.786026761183196
1278,discovery,97,5,12.19552218463499,12.174980355863823,-0.032304272323666255,12.142676083540158
1279,discovery,97,5,12.37581963951765,12.44736770686405,-0.014749685291045022,12.432618021573004
1280,discovery,97,5,11.133142723386813,11.498709161331714,0.03972529652790127,11.538434457859616
1288,discovery,97,5,12.154784614286667,12.065906190176712,-0.007782230937564493,12.058123959239147
1294,discovery,97,5,12.000897933306716,12.095220595449147,0.010172854734528934,12.105393450183676
1309,discovery,97,5,11.898194668458823,11.878896206534538,-0.0006781036956671362,11.87821810283887
1310,discovery,97,5,12.09626335986454,12.081575616036403,0.006724432906600771,12.088300048943005
1315,discovery,97,5,11.686887175419702,11.680857781066328,-0.02046877422362928,11.6603890068427
1316,discovery,97,5,12.239995696974733,12.11655826401283,-0.03076260504221781,12.085795658970612
1321,discovery,97,5,11.960817678718287,11.923779308926564,0.012854103849570097,11.936633412776134
1322,discovery,97,5,11.19135563385109,11.23178544842469,0.0182006132370297,11.249986061661719
1327,discovery,97,5,11.277215789596893,11.406405896218269,-0.02572974442577247,11.380676151792496
1333,discovery,97,5,11.51293546492023,11.652651017614376,0.013828683059517533,11.666479700673893
1338,discovery,97,5,10.868587496017359,11.016698950093652,-0.012243794923307332,11.004455155170344
1341,discovery,97,5,11.719947764402807,11.57321688374488,0.0009403990583151543,11.574157282803196
1349,discovery,97,5,12.278397958261774,12.412931399833198,0.01792607938449806,12.430857479217696
1352,discovery,97,5,12.049424683420915,11.986067920784146,-0.02145600495328348,11.964611915830863
1357,discovery,97,5,11.608244735642321,11.65126584705828,0.012471893811192354,11.663737740869472
1368,discovery,97,5,11.751950239425476,11.778014983996515,-0.00396109554112704,11.774053888455388
1369,discovery,97,5,11.87757552297847,11.848492142344655,0.004862858032971747,11.853355000377627
1379,discovery,97,5,11.326607934898927,11.526435380336553,0.0029053488022581647,11.529340729138811
1387,discovery,97,5,12.429220196836383,12.62282794488432,0.018541719165392545,12.641369664049712
1391,discovery,97,5,12.367345048436391,12.33783842820091,0.005882139208387116,12.343720567409298
1397,discovery,97,5,11.982935344196433,12.039890623779687,-0.008993692866487386,12.0308969309132
1405,discovery,97,5,11.561725152903833,11.502164417917832,0.006824854101535844,11.508989272019368
1414,discovery,97,5,12.456835254920371,12.47150197140324,-0.006988757204498737,12.464513214198742
1415,discovery,97,5,12.240478903153711,12.21362202727834,0.03057785578538192,12.244199883063722
1417,discovery,97,5,11.715874472198905,11.779376035659247,-0.052424334571410935,11.726951701087836
1431,discovery,97,5,12.165984756488543,12.165193068694112,0.0051701144185092715,12.170363183112622
1432,discovery,97,5,11.87583791515714,11.798469937591715,0.012276446303972672,11.810746383895689
1441,discovery,97,5,12.160033942617156,12.161746455600785,-0.0060608696289840246,12.155685585971801
1449,discovery,97,5,11.626263078808801,11.649759879092578,-0.0005240612056224054,11.649235817886956
1455,discovery,97,5,12.128116509451258,12.153439247608148,0.007722071275847915,12.161161318883996
1459,discovery,97,5,11.864469267087891,11.79626949274716,-0.00538387973135897,11.790885613015801
1,confirmation,2038,1,12.24769911637256,12.1683185261395,0.019194917618221348,12.187513443757721
2,confirmation,2038,1,12.109016442313738,12.097164483743432,0.016197352869389035,12.113361836612821
13,confirmation,2038,1,11.87757552297847,11.804864837543873,-0.0036191786299540336,11.801245658913919
25,confirmation,2038,1,11.944714374881176,11.902979014856683,-0.007309335762623682,11.895669679094059
28,confirmation,2038,1,12.631343648903034,12.59502461048726,0.021303553386685426,12.616328163873945
29,confirmation,2038,1,12.242891437918386,12.217939432371828,0.01600057007943862,12.233940002451266
32,confirmation,2038,1,11.914054519303125,11.876759553846304,0.0011733347104503436,11.877932888556755
44,confirmation,2038,1,11.777218637129327,11.81790278412741,-0.015791666993015943,11.802111117134395
47,confirmation,2038,1,12.387089184491993,12.55401980589721,0.0098513905343557,12.563871196431567
48,confirmation,2038,1,12.428019481065613,12.37454164495904,0.005226888580954959,12.379768533539995
49,confirmation,2038,1,11.635151947212842,11.46086729336004,0.011865738060736009,11.472733031420777
60,confirmation,2038,1,11.735276702486741,11.721363238390982,-0.0014515177162890186,11.719911720674693
79,confirmation,2038,1,11.824087219587643,11.800277940813292,-0.013569985879248176,11.786707954934043
81,confirmation,2038,1,12.173037959397275,12.277068381492724,-0.003672895802048519,12.273395485690674
82,confirmation,2038,1,11.941462360646149,12.046308916405795,-0.0004509763319418863,12.045857940073853
91,confirmation,2038,1,11.60733523953139,11.52419104127669,-0.003363356885247324,11.520827684391444
92,confirmation,2038,1,11.498836682527127,11.650605226476015,-0.006632783184200391,11.643972443291815
95,confirmation,2038,1,12.229549885708273,12.23372506322,0.02041577529199257,12.254140838511992
101,confirmation,2038,1,12.230770136157428,12.301624929944472,-0.010530159277154486,12.291094770667318
106,confirmation,2038,1,12.429220196836383,12.421798277473425,-0.004051628294017371,12.417746649179406
108,confirmation,2038,1,11.652696102959753,11.49501230456066,0.001059705391933405,11.496072009952593
111,confirmation,2038,1,11.827013315851762,11.86515714553739,-0.026262763431833987,11.838894382105556
120,confirmation,2038,1,12.0075668272517,12.04242655774896,-0.013759321063630817,12.02866723668533
126,confirmation,2038,1,11.344518647594766,11.328309707313895,-0.015149689612520011,11.313160017701376
140,confirmation,2038,1,12.352339472153524,12.246152412456482,-0.017833414811995543,12.228318997644486
143,confirmation,2038,1,12.019749091416921,11.740058231174922,-0.01007535818101094,11.729982872993912
145,confirmation,2038,1,11.736077016252437,11.829810090838588,0.0026796485017372427,11.832489739340325
149,confirmation,2038,1,11.856522261533737,11.91263901683676,0.014926595138712336,11.927565611975472
152,confirmation,2038,1,12.827731880206521,12.7267447628709,0.0017902173000379066,12.728534980170938
153,confirmation,2038,1,12.154784614286667,12.145045998849204,-0.01089405755403394,12.13415194129517
157,confirmation,2038,1,11.603688960617083,11.64498132377736,0.003140052690155514,11.648121376467516
158,confirmation,2038,1,12.504327379899443,12.525676068387162,0.022974206001281867,12.548650274388443
165,confirmation,2038,1,11.931642378754141,11.869329851759147,-0.01938356244356874,11.849946289315579
169,confirmation,2038,1,12.119975396053194,12.15149944424824,-0.00988686405196903,12.14161258019627
172,confirmation,2038,1,12.278397958261774,12.099958698216607,0.004481974669899147,12.104440672886506
174,confirmation,2038,1,12.001511614739405,11.924714738950398,0.0044997507718842296,11.929214489722282
183,confirmation,2038,1,11.695255355062795,11.68196004693713,0.02118236167350116,11.703142408610631
184,confirmation,2038,1,12.206077645517674,12.09626506653764,-0.008038279876611387,12.088226786661028
193,confirmation,2038,1,12.165255859329688,12.19309024773294,-0.0021463601017436863,12.190943887631196
194,confirmation,2038,1,11.775297421715827,11.843732551951035,-0.03173135362874165,11.812001198322294
195,confirmation,2038,1,11.751950239425476,11.743481115517596,-0.017934094029042683,11.725547021488554
198,confirmation,2038,1,12.367345048436391,12.435167196720382,-0.010503694925934141,12.424663501794448
199,confirmation,2038,1,11.552155793461898,11.588950494620958,-0.00290518152012652,11.586045313100831
201,confirmation,2038,1,11.849404844423074,11.874798441549808,0.023673024052958548,11.898471465602768
203,confirmation,2038,1,11.626263078808801,11.597414159207938,-0.021378409475538766,11.5760357497324
213,confirmation,2038,1,12.439875187430008,12.3960068397694,0.020021860169905415,12.416028699939305
214,confirmation,2038,1,11.957617696467539,11.961777566995355,0.022509846839665684,11.984287413835021
216,confirmation,2038,1,11.808955099378537,11.852041785472398,0.01219272665652295,11.86423451212892
221,confirmation,2038,1,12.230282214644559,12.301050436820256,0.023575633626592127,12.324626070446849
222,confirmation,2038,1,12.206077645517674,12.32908652266877,-0.004696123605223834,12.324390399063548
227,confirmation,2038,1,12.577639650232573,12.517587177193011,0.0031354634258035767,12.520722640618814
228,confirmation,2038,1,11.571203807011969,11.490272345658914,-0.031448772613872564,11.458823573045041
233,confirmation,2038,1,11.456365695436427,11.48269791546986,-0.0294144839241701,11.45328343154569
234,confirmation,2038,1,11.761354623750297,11.79963722108587,0.022345027924478705,11.821982249010349
237,confirmation,2038,1,12.130815551850676,12.124919294552464,0.0024606712495710793,12.127379965802035
250,confirmation,2038,1,12.531776395271262,12.534531230320582,0.00036034000999343637,12.534891570330576
251,confirmation,2038,1,11.245059091624615,11.408778193915298,-0.02836128421674986,11.380416909698548
255,confirmation,2038,1,11.884495917930655,11.86172587362279,0.003447385607524545,11.865173259230314
257,confirmation,2038,1,12.242891437918386,12.232463291796806,0.018056863104389195,12.250520154901196
262,confirmation,2038,1,12.52815976788113,12.770554129185117,-0.04122539903750341,12.729328730147612
272,confirmation,2038,1,12.394628892852941,12.314010364254525,0.01846178728434765,12.332472151538873
273,confirmation,2038,1,12.577639650232573,12.625084218005744,-0.0128278243657732,12.61225639363997
274,confirmation,2038,1,11.842236406331555,12.007449867792133,-0.01656416940270486,11.990885698389429
287,confirmation,2038,1,11.976665770490767,12.15318582268108,0.00026129129039376923,12.153447113971474
295,confirmation,2038,1,12.025755079404917,11.93704537243794,-0.020799241528430764,11.916246130909508
308,confirmation,2038,1,11.402005077384885,11.45606999158342,0.01446469810264139,11.47053468968606
310,confirmation,2038,1,12.793862088206213,12.835366024617752,-0.006236723863741457,12.82912930075401
311,confirmation,2038,1,12.017336559562407,12.081517738803312,0.00560714170945534,12.087124880512768
314,confirmation,2038,1,12.834683971615659,12.42864757150181,-0.03509988494644893,12.39354768655536
316,confirmation,2038,1,12.146858590895919,12.12657338192135,0.011600286926874245,12.138173668848225
319,confirmation,2038,1,12.468440756144114,12.774237911772977,-0.005216862331485014,12.769021049441491
324,confirmation,2038,1,11.745433036677353,11.678328192812716,0.02074208279019124,11.699070275602907
334,confirmation,2038,1,12.240478903153711,12.150799798932423,-0.00944665545331362,12.14135314347911
339,confirmation,2038,1,12.218500103788143,12.232204458239313,-0.008895070888576424,12.223309387350737
352,confirmation,2038,1,12.154784614286667,12.231664876488534,0.0005058167262606298,12.232170693214794
356,confirmation,2038,1,12.086731521684555,12.056229072606838,0.012478156295427123,12.068707228902266
359,confirmation,2038,1,11.775297421715827,11.795826419949684,0.017146130417265686,11.812972550366949
366,confirmation,2038,1,11.898194668458823,11.711559010002066,-0.0032011041312048016,11.70835790587086
382,confirmation,2038,1,12.142871895843887,12.28732410431692,0.013480254902125455,12.300804359219045
387,confirmation,2038,1,11.302216779257382,11.439266297488118,0.012253382464517227,11.451519679952634
390,confirmation,2038,1,12.962196972666593,12.936735051544478,-0.014482931738033888,12.922252119806444
392,confirmation,2038,1,12.278397958261774,12.299093318859924,0.014367651472010759,12.313460970331935
396,confirmation,2038,1,11.767575435251748,11.755494517096263,-0.007505989514699498,11.747988527581564
397,confirmation,2038,1,11.719947764402807,11.7447191748148,-0.009283210515642869,11.735435964299159
407,confirmation,2038,1,11.652696102959753,11.655600098379225,0.0036968376004450467,11.65929693597967
409,confirmation,2038,1,12.54254845357358,12.542409204186187,-0.0003985662599731785,12.542010637926214
423,confirmation,2038,1,11.635151947212842,11.664121289245452,0.032823770151591596,11.696945059397043
424,confirmation,2038,1,12.660331092405906,12.723951861849388,-0.013543349182707028,12.710408512666682
436,confirmation,2038,1,12.264346270624157,12.280252179644332,0.01754754344019093,12.297799723084523
438,confirmation,2038,1,11.686887175419702,11.669765019335236,-0.0002010420228979112,11.669563977312338
440,confirmation,2038,1,11.608244735642321,11.842629324086827,-0.01750145985049123,11.825127864236336
451,confirmation,2038,1,11.608244735642321,11.517642196646834,0.016779388395224838,11.53442158504206
452,confirmation,2038,1,12.54254845357358,12.329102221173995,0.0019930891008273317,12.331095310274822
453,confirmation,2038,1,12.225880174775122,12.24753504798842,0.010950673635772618,12.258485721624192
463,confirmation,2038,1,11.04106411122238,11.721324644923424,-0.0161031522065323,11.705221492716891
468,confirmation,2038,1,11.89478753335453,11.974193612254508,-0.010050087473017656,11.964143524781491
472,confirmation,2038,1,12.154784614286667,12.172093576281908,-0.002763740757127833,12.16932983552478
474,confirmation,2038,1,12.994532278619134,12.816635999404202,-0.003744578267514667,12.812891421136687
477,confirmation,2038,1,12.249615734512616,12.296306980872776,0.002661349442501765,12.298968330315278
483,confirmation,2038,1,11.951186847493476,12.036923413097751,-0.03674441018686837,12.000179002910883
484,confirmation,2038,1,12.00762780434872,11.9234740487888,-0.001766298590209545,11.921707750198589
493,confirmation,2038,1,12.059809113551397,12.046256364391605,-0.010278988991618054,12.035977375399986
498,confirmation,2038,1,12.122696471358964,11.97120284456949,0.02507211741848205,11.996274961987972
511,confirmation,2038,1,12.013100572810686,12.02534468521269,0.0003480667731191186,12.02569275198581
513,confirmation,2038,1,11.774527900858468,11.71645075226209,-0.005847971954402209,11.710602780307688
535,confirmation,2038,1,12.08954444723597,12.093131147985751,-0.011699615955397837,12.081431532030354
539,confirmation,2038,1,11.970356641102999,11.84439168293434,0.01838659166932799,11.862778274603668
541,confirmation,2038,1,12.660331092405906,12.83265798713967,-0.011550869497929208,12.821107117641741
546,confirmation,2038,1,12.34148164933907,12.337574736503916,-0.016672511005299213,12.320902225498616
551,confirmation,2038,1,11.849404844423074,11.697133554934048,-0.01212144827101809,11.68501210666303
565,confirmation,2038,1,12.498745990829315,12.479774257865255,0.004264282205270676,12.484038540070525
568,confirmation,2038,1,12.273735966890268,12.209170982853092,-0.0056715067373840885,12.203499476115708
570,confirmation,2038,1,11.820123358887447,11.878442193431187,-0.005735734702310496,11.872706458728876
582,confirmation,2038,1,12.442306148381938,12.871629227051091,0.03274825751596984,12.90437748456706
590,confirmation,2038,1,11.283524879179666,11.525976622830337,0.005464342293696105,11.531440965124032
591,confirmation,2038,1,12.132969552931216,12.153287149536707,0.01917745804704419,12.172464607583752
598,confirmation,2038,1,12.176654133447505,12.129789420386462,-0.014794394370529063,12.114995026015933
602,confirmation,2038,1,11.856522261533737,11.74911428283267,-0.0005204913001692475,11.748593791532501
604,confirmation,2038,1,11.92504173829169,11.968949153950977,-0.0007837980060776633,11.9681653559449
613,confirmation,2038,1,12.474193386571581,12.445042814007076,-0.01831370562518089,12.426729108381895
622,confirmation,2038,1,12.388398368982115,12.37457913524394,-0.006041269811016851,12.368537865432922
631,confirmation,2038,1,11.728044909070785,11.572198918379442,-0.011533733908510948,11.560665184470931
639,confirmation,2038,1,11.350418300109132,11.388867325305682,0.030582356151812193,11.419449681457495
641,confirmation,2038,1,12.520887034998584,12.526702665580956,0.015977314906626867,12.542679980487582
646,confirmation,2038,1,11.872353615355413,11.822965265182436,-0.015501634816578166,11.807463630365858
649,confirmation,2038,1,11.951186847493476,11.952332994911757,0.0014831853806783377,11.953816180292435
650,confirmation,2038,1,11.344518647594766,11.212359568267384,-0.005855090425695111,11.206504477841689
652,confirmation,2038,1,11.58989576532275,11.626360189174846,-0.03612298493394276,11.590237204240903
654,confirmation,2038,1,11.813037464800539,11.795449601548665,0.015530697669748508,11.810980299218413
663,confirmation,2038,1,11.608244735642321,11.797409567182632,0.005160171517465226,11.802569738700097
667,confirmation,2038,1,11.767575435251748,12.036243602589266,-0.002215876881698935,12.034027725707567
672,confirmation,2038,1,11.548302261270587,11.575661239840963,-0.01649904363518584,11.559162196205778
677,confirmation,2038,1,11.373674891823535,11.671212938551031,-0.01808168394253327,11.653131254608498
678,confirmation,2038,1,11.603688960617083,11.583594652573383,0.018583670142957937,11.602178322716341
680,confirmation,2038,1,11.763691965388299,11.749725743376183,0.012919763758786557,11.76264550713497
681,confirmation,2038,1,11.870606902224587,11.678658416689046,-0.020233845692706132,11.65842457099634
684,confirmation,2038,1,12.560247968016562,12.553687628215735,0.010356908940545672,12.564044537156281
688,confirmation,2038,1,11.910365121788654,11.945255132059671,0.004095081008648273,11.94935021306832
694,confirmation,2038,1,11.59433032142082,11.577040245471228,-0.03305100621973273,11.543989239251495
695,confirmation,2038,1,11.860062063178267,11.725541609342253,-0.00375873607851243,11.72178287326374
708,confirmation,2038,1,12.445093483000798,12.282038119428105,-0.011993880148441435,12.270044239279663
712,confirmation,2038,1,11.54031687156214,11.454074793729836,-0.02673021763991048,11.427344576089926
714,confirmation,2038,1,11.767575435251748,11.67521334346702,-0.010932658820366495,11.664280684646654
715,confirmation,2038,1,11.779136168550774,12.095497346943892,0.010547187314393535,12.106044534258286
717,confirmation,2038,1,11.979805470779858,12.145149722616782,0.0031168704659922256,12.148266593082775
730,confirmation,2038,1,11.542493975902508,11.383536138426772,0.01898360868915775,11.40251974711593
732,confirmation,2038,1,12.141539457711714,12.141375778359963,0.009274595547160713,12.150650373907125
734,confirmation,2038,1,11.786008995353765,11.806327638688748,0.006334395413279154,11.812662034102027
737,confirmation,2038,1,11.44572741040675,11.345562001394692,-0.01050784923463515,11.335054152160057
744,confirmation,2038,1,12.07254696717504,11.937657465906486,0.012701077227392133,11.950358543133879
752,confirmation,2038,1,11.995357787034976,11.980933910944046,-0.005897776642335706,11.97503613430171
760,confirmation,2038,1,12.577639650232573,12.618794327691974,-0.019688434510386155,12.599105893181589
769,confirmation,2038,1,12.28690580994122,12.3514042966649,-0.010308006271683995,12.341096290393216
774,confirmation,2038,1,11.648338835562747,11.709441727106626,-0.0009222699659698845,11.708519457140655
776,confirmation,2038,1,11.995357787034976,11.971128068932313,-0.0065830843551613226,11.96454498457715
777,confirmation,2038,1,12.308182383129823,12.32122405542372,0.022518885206239018,12.343742940629959
789,confirmation,2038,1,11.588969419043874,11.575910856766257,0.015341293641323136,11.59125215040758
790,confirmation,2038,1,12.141539457711714,12.245028995235376,0.009017747086216065,12.254046742321593
794,confirmation,2038,1,12.323860125621126,12.3879176982012,-0.004708870236352616,12.383208827964847
808,confirmation,2038,1,12.317171167298682,12.248346170674289,-0.017402545584803166,12.230943625089486
828,confirmation,2038,1,12.149507585033072,12.169757911885192,0.0019226139052726868,12.171680525790464
831,confirmation,2038,1,12.019749091416921,12.077841850329737,0.004236761854177489,12.082078612183913
833,confirmation,2038,1,12.37581963951765,12.318669736012312,0.008680826634003169,12.327350562646316
837,confirmation,2038,1,11.941462360646149,11.77696755423987,-0.003796388974944379,11.773171165264927
850,confirmation,2038,1,12.138869243416009,12.07973255543937,0.00806565714290028,12.087798212582271
852,confirmation,2038,1,12.278397958261774,12.119678480896429,0.02698592946930678,12.146664410365736
853,confirmation,2038,1,12.00762780434872,12.025720475998492,-0.004961266563796085,12.020759209434695
859,confirmation,2038,1,11.931642378754141,11.804748446137602,-0.03332017690758976,11.771428269230011
864,confirmation,2038,1,11.794345471549745,11.846994230617703,-0.004431222186504985,11.842563008431199
878,confirmation,2038,1,12.765691290604371,12.76353852205244,-0.0066576222280176345,12.756880899824424
881,confirmation,2038,1,11.964007453736912,11.980328818715064,0.025130555318576404,12.00545937403364
906,confirmation,2038,1,11.759793355371237,11.750927815718514,0.005190167625127702,11.75611798334364
908,confirmation,2038,1,12.429220196836383,12.378433236890867,0.015355099180661894,12.393788336071529
912,confirmation,2038,1,11.874097282798648,11.957171233470657,0.026732323975674422,11.98390355744633
913,confirmation,2038,1,11.385103457032141,11.46498465593384,-0.011625575449828151,11.453359080484011
916,confirmation,2038,1,11.225256725762893,11.348316265136283,-0.02578716297014491,11.322529102166138
917,confirmation,2038,1,10.471978128496518,11.107378379582569,-0.04184772136794404,11.065530658214625
918,confirmation,2038,1,11.813037464800539,11.810193424248649,0.014703698799678642,11.824897123048327
924,confirmation,2038,1,12.170450649220749,12.185663143350286,-0.006510761833925712,12.17915238151636
926,confirmation,2038,1,12.07254696717504,11.966255471015764,-0.002837181169586567,11.963418289846176
929,confirmation,2038,1,12.373707715234994,12.379012604556896,-0.005388580578572676,12.373624023978325
931,confirmation,2038,1,12.211065162153215,12.299627393574584,-0.014884074063738031,12.284743319510845
933,confirmation,2038,1,12.676079399771027,12.59563186004966,-0.04270958013131305,12.552922279918349
937,confirmation,2038,1,12.127575825689417,12.121611033949083,0.00031647451607701274,12.121927508465161
941,confirmation,2038,1,11.924379271639218,12.04441262698404,0.009704741898071806,12.05411736888211
942,confirmation,2038,1,12.273735966890268,12.337876455644873,0.003641164625332105,12.341517620270205
944,confirmation,2038,1,11.870606902224587,11.80752171320015,-0.020090325085342912,11.787431388114808
945,confirmation,2038,1,11.83138646878959,12.012620443737235,0.006239381381752481,12.018859825118987
946,confirmation,2038,1,11.735276702486741,11.837019465222278,-0.0373850269745759,11.799634438247702
961,confirmation,2038,1,11.665655135642039,11.68445118757255,-0.0038135537141159785,11.680637633858435
968,confirmation,2038,1,11.813037464800539,11.835771428660331,-0.013735696285288264,11.822035732375044
969,confirmation,2038,1,10.542732775946709,11.092887900130629,-0.02626948709112102,11.066618413039508
973,confirmation,2038,1,11.507922973347437,11.733416648721017,-0.006608988189339609,11.726807660531676
977,confirmation,2038,1,11.356283350762888,11.32707508033629,-0.015822640790968224,11.31125243954532
983,confirmation,2038,1,11.982278882874377,12.078238251821777,-0.002123264977423898,12.076114986844352
988,confirmation,2038,1,12.887129532148373,12.987107354600038,0.01373682675154667,13.000844181351585
989,confirmation,2038,1,12.180759965737863,12.190642565560411,0.014552307499381925,12.205194873059794
993,confirmation,2038,1,12.138869243416009,12.201302358154567,0.007418979253853298,12.20872133740842
995,confirmation,2038,1,12.729323752253295,12.721603943057463,-0.0055809245676273775,12.716023018489835
999,confirmation,2038,1,11.418625774449598,11.461321092951264,0.03139695005666578,11.49271804300793
1004,confirmation,2038,1,11.827049837927534,11.92146164268571,-0.007950397958416087,11.913511244727294
1006,confirmation,2038,1,11.917730355182513,11.85084439607912,0.010939638654137386,11.861784034733258
1011,confirmation,2038,1,11.813037464800539,11.762192333207407,0.044860803298124786,11.807053136505532
1024,confirmation,2038,1,12.160033942617156,12.160479965896076,0.021589773149290076,12.182069739045367
1032,confirmation,2038,1,12.190964083849375,12.173898632741611,0.00030077950614183454,12.174199412247754
1041,confirmation,2038,1,11.951186847493476,11.968889461012978,0.008031312950630838,11.97692077396361
1044,confirmation,2038,1,12.47717172708952,12.423576361197306,-0.017410450201427,12.40616591099588
1046,confirmation,2038,1,11.846543632608535,11.718790588351332,-0.0010863372275510322,11.71770425112378
1047,confirmation,2038,1,13.229569788348705,13.011033187764886,0.012194058838422051,13.023227246603307
1054,confirmation,2038,1,11.881041706925902,11.894536503969864,-0.02287986499425015,11.871656638975614
1067,confirmation,2038,1,12.08954444723597,12.089986511187586,0.0018472972674110147,12.091833808454997
1085,confirmation,2038,1,12.141539457711714,12.126310262757416,0.00596656478639353,12.132276827543809
1099,confirmation,2038,1,11.759793355371237,11.604178569671422,0.040346672406476845,11.644525242077899
1100,confirmation,2038,1,11.964007453736912,11.876698740334906,-0.06016209646858535,11.81653664386632
1102,confirmation,2038,1,11.691080018519527,11.663224710170706,-0.00048063362787602337,11.662744076542829
1103,confirmation,2038,1,11.813037464800539,11.816271416532866,-0.018591106765919303,11.797680309766946
1105,confirmation,2038,1,11.571203807011969,11.69137832438318,-0.007381120908182078,11.683997203474998
1107,confirmation,2038,1,12.100161978566867,12.132197529858995,-0.012217386861502307,12.119980142997493
1114,confirmation,2038,1,11.80932691294063,11.81838508677356,-0.006151306554656717,11.812233780218904
1115,confirmation,2038,1,11.669937760751914,11.662825589321711,0.018737943149693407,11.681563532471404
1122,confirmation,2038,1,12.268582547911404,12.274897586566222,0.022450132426976847,12.2973477189932
1123,confirmation,2038,1,11.626263078808801,11.295364178030471,0.0112754989970022,11.306639677027473
1130,confirmation,2038,1,11.849404844423074,11.805052418453297,-0.000834775577674108,11.804217642875622
1132,confirmation,2038,1,11.44572741040675,11.57477874949936,0.01158870962049954,11.58636745911986
1133,confirmation,2038,1,11.674202123168433,11.714138558238965,-0.047159299261737994,11.666979258977227
1135,confirmation,2038,1,12.037659911047468,12.103377371626,0.003420614073234346,12.106797985699234
1147,confirmation,2038,1,12.100717685412471,12.097544820623895,0.003551793086653685,12.10109661371055
1148,confirmation,2038,1,12.069685751267224,12.177069625653328,0.03233430227812402,12.209403927931453
1150,confirmation,2038,1,11.870606902224587,11.823376696796256,0.005297656457037831,11.828674353253295
1151,confirmation,2038,1,11.728044909070785,11.737314660867952,-0.010050458181412819,11.72726420268654
1154,confirmation,2038,1,11.699413330633599,11.640054610502409,-0.00022421912665070504,11.639830391375758
1161,confirmation,2038,1,11.891368749982085,11.860992878604495,-0.0002562033328158931,11.86073667527168
1182,confirmation,2038,1,12.880294363972055,12.568990028682784,-0.00010664721704036381,12.568883381465744
1194,confirmation,2038,1,12.013706813470414,11.99705701365648,0.010669511519786337,12.007726525176267
1196,confirmation,2038,1,12.07824495582233,11.989742239237168,-0.0002543658298290216,11.98948787340734
1197,confirmation,2038,1,12.29779001527865,12.310899431284708,-0.010278633595405215,12.300620797689303
1199,confirmation,2038,1,12.08954444723597,12.037246189543298,-0.004807661367968302,12.03243852817533
1202,confirmation,2038,1,12.19552218463499,12.173260096207107,-0.006785588859620814,12.166474507347486
1204,confirmation,2038,1,12.269052139516223,12.27102678352878,-0.0010660841026841708,12.269960699426097
1215,confirmation,2038,1,11.80932691294063,11.763390944830377,0.0035167998048074994,11.766907744635184
1217,confirmation,2038,1,11.626263078808801,11.705481741786578,0.002143690346237727,11.707625432132815
1219,confirmation,2038,1,11.296024885689746,11.157749652329654,0.0020725106324266072,11.159822162962081
1223,confirmation,2038,1,11.870606902224587,11.949485448602696,0.01664552174392558,11.96613097034662
1228,confirmation,2038,1,11.898194668458823,11.85302279028741,-0.0006549425451340269,11.852367847742276
1233,confirmation,2038,1,11.530775206233024,11.515210359914557,-0.021937028595132357,11.493273331319424
1235,confirmation,2038,1,11.775297421715827,11.617242105580363,0.0038009653623727944,11.621043070942736
1242,confirmation,2038,1,12.42250975887691,12.436230245983642,0.007670164493833237,12.443900410477475
1249,confirmation,2038,1,11.771443882099637,11.81174364786401,-0.015022771053790964,11.796720876810218
1252,confirmation,2038,1,12.053801032483948,12.212756309357712,0.0342340155158467,12.246990324873558
1261,confirmation,2038,1,12.10625783509458,12.159778345251452,-0.005054519104710069,12.154723826146741
1262,confirmation,2038,1,11.766799946849087,11.754025511242908,-0.006970761366196439,11.747054749876712
1278,confirmation,2038,1,12.19552218463499,12.174980355863823,-0.01612295569981335,12.15885740016401
1283,confirmation,2038,1,11.921725007667265,11.930673302901534,0.003797345280812676,11.934470648182346
1285,confirmation,2038,1,12.037659911047468,12.115023304253118,-0.013864717891055874,12.101158586362061
1286,confirmation,2038,1,11.794345471549745,11.72640609807157,0.01608738646200128,11.74249348453357
1290,confirmation,2038,1,12.546113507028412,12.56032827418055,0.00016659987106488,12.560494874051615
1292,confirmation,2038,1,11.691080018519527,11.661339492512544,0.0008243832479185729,11.662163875760463
1295,confirmation,2038,1,11.652696102959753,11.732242996152726,0.006441882760095184,11.73868487891282
1304,confirmation,2038,1,12.354496960983985,12.317128690869,-0.004500533890355669,12.312628156978644
1305,confirmation,2038,1,11.775297421715827,11.878021858125242,-0.031857129687182635,11.84616472843806
1315,confirmation,2038,1,11.686887175419702,11.680857781066328,-0.009323494156839258,11.671534286909488
1316,confirmation,2038,1,12.239995696974733,12.11655826401283,-0.022992048319680814,12.09356621569315
1320,confirmation,2038,1,11.6172944892629,11.642663507123505,-0.011574214926826894,11.631089292196679
1321,confirmation,2038,1,11.960817678718287,11.923779308926564,0.008205287758240119,11.931984596684805
1327,confirmation,2038,1,11.277215789596893,11.406405896218269,-0.022370013430242083,11.384035882788027
1336,confirmation,2038,1,12.031129798974042,11.982738224190362,0.021657153967325093,12.004395378157687
1338,confirmation,2038,1,10.868587496017359,11.016698950093652,-0.0088534633109789,11.007845486782672
1341,confirmation,2038,1,11.719947764402807,11.57321688374488,0.0042827271726776075,11.577499610917558
1343,confirmation,2038,1,12.339295865674435,12.4068052590848,0.00011839382855300458,12.406923652913353
1351,confirmation,2038,1,12.206077645517674,12.04831402122307,-0.013000248207824543,12.035313773015247
1353,confirmation,2038,1,11.812296455066814,11.758395084438735,0.013477642521658575,11.771872726960394
1357,confirmation,2038,1,11.608244735642321,11.65126584705828,0.001976036036304098,11.653241883094584
1360,confirmation,2038,1,12.660331092405906,12.850722404492991,0.00023259936095818828,12.850955003853949
1362,confirmation,2038,1,12.468440756144114,12.472124174141353,0.012573171295086803,12.48469734543644
1392,confirmation,2038,1,11.728044909070785,11.713764468227696,-0.02355120057508821,11.690213267652608
1398,confirmation,2038,1,11.83138646878959,11.845829393582234,0.004714116381273759,11.850543509963508
1406,confirmation,2038,1,12.524530013005734,12.552697014441971,0.0020450187014113856,12.554742033143382
1416,confirmation,2038,1,12.077676615757813,12.307739841704729,-0.005105218476888096,12.30263462322784
1420,confirmation,2038,1,12.314931534737134,12.4150833590257,0.006778804702832506,12.421862163728534
1422,confirmation,2038,1,11.755879486687116,11.838684666939034,-0.01606693678834062,11.822617730150693
1429,confirmation,2038,1,11.686887175419702,11.62264411012219,0.0021199538959382736,11.624764064018128
1438,confirmation,2038,1,12.885673487343764,12.837178954722162,-0.011236205785269135,12.825942748936892
1439,confirmation,2038,1,11.916395250412128,11.865367346938,-0.0052122769258197725,11.86015507001218
1440,confirmation,2038,1,12.190964083849375,12.058141985298947,0.007099674148365444,12.065241659447313
1442,confirmation,2038,1,11.913719681428494,11.906629786804809,-0.0030009623490286482,11.90362882445578
1443,confirmation,2038,1,12.644330802262578,12.672147290744688,0.014771901981881962,12.68691919272657
1444,confirmation,2038,1,11.703554089007538,11.581215701649972,0.017384273191248654,11.598599974841221
1445,confirmation,2038,1,12.098493002763465,12.179085415994953,-0.007479830202113929,12.17160558579284
1449,confirmation,2038,1,11.626263078808801,11.649759879092578,0.007705160916162394,11.65746504000874
1452,confirmation,2038,1,12.567554517655415,12.426781866639253,0.000469998483491023,12.427251865122743
1453,confirmation,2038,1,11.884495917930655,11.805599702555892,0.008898885722830617,11.814498588278722
1454,confirmation,2038,1,11.344518647594766,11.79142411987248,0.012933059802316947,11.804357179674795
8,confirmation,2038,2,12.206077645517674,12.264869472915496,0.00943274985202076,12.274302222767517
12,confirmation,2038,2,12.75130259456002,12.905158977657306,-0.009862967485406087,12.8952960101719
15,confirmation,2038,2,11.964007453736912,11.946191646184804,-0.0009730068229382874,11.945218639361865
16,confirmation,2038,2,11.790564777297387,11.76840878372164,0.00200034969888063,11.77040913342052
20,confirmation,2038,2,11.842236406331555,11.662788324734231,-0.0073668311104082475,11.655421493623823
21,confirmation,2038,2,12.692506186542177,12.76911177994184,-0.008433104439398407,12.760678675502442
33,confirmation,2038,2,12.100161978566867,12.139427103033094,0.0017945533938486017,12.141221656426943
34,confirmation,2038,2,12.016732516077072,12.06931111749884,-0.030376423409878613,12.038934694088962
41,confirmation,2038,2,11.982935344196433,11.82900283860672,0.010972004801803362,11.839974843408523
43,confirmation,2038,2,11.87757552297847,11.930567898954871,0.009744114824223628,11.940312013779096
50,confirmation,2038,2,11.751950239425476,11.74994482120014,0.003754931637753543,11.753699752837894
52,confirmation,2038,2,11.648338835562747,11.716086469368316,0.00975976332068923,11.725846232689005
55,confirmation,2038,2,11.775297421715827,11.722513709067336,-0.0010988577469557685,11.72141485132038
56,confirmation,2038,2,12.103491596905931,12.007035110940414,0.0004308308351383488,12.007465941775553
57,confirmation,2038,2,12.058158312538197,12.18290124426013,-0.004947488697482022,12.177953755562648
61,confirmation,2038,2,11.970356641102999,12.028321766825105,0.00044737439152726433,12.028769141216632
64,confirmation,2038,2,11.849404844423074,11.807027139006776,0.00558374815213078,11.812610887158906
65,confirmation,2038,2,12.299112067295642,12.285094551129172,-0.002483545935838251,12.282611005193333
66,confirmation,2038,2,12.666660207428574,12.652956762114124,0.0026339631281872716,12.65559072524231
67,confirmation,2038,2,12.100717685412471,12.400506975930805,-0.023985145144482842,12.376521830786322
68,confirmation,2038,2,12.328294703023396,12.29262046746008,-0.005883536843450204,12.28673693061663
69,confirmation,2038,2,11.289794413577894,11.344450828896896,-0.010387504686398685,11.334063324210497
70,confirmation,2038,2,12.323860125621126,12.28313003724875,0.01366014339062082,12.29679018063937
73,confirmation,2038,2,12.128116509451258,12.160296676635554,-0.002671369964984126,12.15762530667057
77,confirmation,2038,2,11.818577604251555,11.66743524596519,0.004671507827014911,11.672106753792205
80,confirmation,2038,2,11.608244735642321,11.645834249939767,0.027672483426988415,11.673506733366755
88,confirmation,2038,2,12.010671928196443,12.020164924346544,-0.009685296137374623,12.010479628209168
89,confirmation,2038,2,11.350418300109132,11.164870396101785,-0.03631671678495666,11.128553679316829
90,confirmation,2038,2,11.724813914587886,11.68494090465078,0.0019252854596648922,11.686866190110445
93,confirmation,2038,2,12.004574385508691,11.873653097862436,0.003533814729477047,11.877186912591913
97,confirmation,2038,2,12.273735966890268,12.27777326767813,-0.0005415293034484505,12.277231738374681
102,confirmation,2038,2,12.08954444723597,12.053793813904608,0.006787302024343555,12.060581115928953
104,confirmation,2038,2,12.200562492481511,12.129362559315927,0.00846683243342318,12.137829391749351
113,confirmation,2038,2,12.85832230788469,12.756168506961783,-0.003819777575770931,12.752348729386012
131,confirmation,2038,2,12.328294703023396,12.249882602813049,-0.005131881981110612,12.244750720831938
137,confirmation,2038,2,11.870606902224587,11.87054563715311,0.023441490632071942,11.893987127785183
142,confirmation,2038,2,12.468440756144114,12.39176638962168,0.0036865999539565306,12.395452989575636
144,confirmation,2038,2,12.225880174775122,12.307380291484575,-0.01667974337132189,12.290700548113254
155,confirmation,2038,2,11.736077016252437,11.499790139122618,0.004692504607961987,11.50448264373058
160,confirmation,2038,2,12.676079399771027,12.639273804270085,-0.025520701402926706,12.613753102867157
164,confirmation,2038,2,11.544433821905134,11.385286471998285,0.00693530524000325,11.392221777238287
171,confirmation,2038,2,11.763691965388299,11.683506325219184,0.007663311787767801,11.691169637006952
175,confirmation,2038,2,12.122696471358964,12.197180672645596,-0.035396070199775344,12.16178460244582
180,confirmation,2038,2,11.51293546492023,11.638620259953775,0.008402102548824527,11.6470223625026
181,confirmation,2038,2,12.083910661257521,12.064823698509937,-0.006071521195883558,12.058752177314053
190,confirmation,2038,2,12.563750586299374,12.494145533842074,-0.01876345555382583,12.475382078288249
191,confirmation,2038,2,12.660331092405906,12.566509496342444,0.025533559191055863,12.5920430555335
204,confirmation,2038,2,11.91170829631447,11.851083482583052,-0.0014261059556973888,11.849657376627354
205,confirmation,2038,2,11.608244735642321,11.611359485537475,0.012353713726666422,11.623713199264142
219,confirmation,2038,2,12.649157827477366,12.361387521055676,-0.0017545342110485654,12.359632986844627
224,confirmation,2038,2,11.48247656671073,11.691527349209563,0.019624687819496202,11.71115203702906
230,confirmation,2038,2,12.167856627501678,12.183594992155406,0.014441329983532106,12.198036322138938
232,confirmation,2038,2,12.90669432231532,12.814283038082143,-0.00010177827448764107,12.814181259807656
248,confirmation,2038,2,11.849404844423074,11.854113040669978,-0.011922152282437594,11.84219088838754
249,confirmation,2038,2,12.100717685412471,12.119465509154054,-0.007305269752784277,12.11216023940127
253,confirmation,2038,2,12.06105265381003,12.059809773535749,-0.004804633049196153,12.055005140486553
256,confirmation,2038,2,12.345838935721968,12.30521603785807,-0.01530360807128181,12.289912429786789
261,confirmation,2038,2,12.07824495582233,12.051544956423491,0.0033180744149033776,12.054863030838394
263,confirmation,2038,2,11.92504173829169,11.891678001221097,-0.016808939172979553,11.874869062048116
265,confirmation,2038,2,11.19822841866684,11.3297269472657,-0.03525408200060767,11.294472865265092
269,confirmation,2038,2,11.699413330633599,11.640040822030196,0.02590778105141064,11.665948603081606
277,confirmation,2038,2,12.211065162153215,12.175360158792358,-0.0139496517686913,12.161410507023668
278,confirmation,2038,2,11.856522261533737,11.570573364522172,0.01204951220423887,11.582622876726411
283,confirmation,2038,2,12.242891437918386,12.319658526182792,0.024176940324708372,12.3438354665075
285,confirmation,2038,2,12.09626335986454,12.164906234972207,-0.027448469672345474,12.137457765299862
286,confirmation,2038,2,12.011886987792716,12.014147143055208,-0.003311915902211783,12.010835227152997
291,confirmation,2038,2,12.359784657728284,12.410748224251142,0.00677503188342331,12.417523256134565
292,confirmation,2038,2,11.819681958463892,11.799135021774577,0.03953850521632522,11.838673526990902
303,confirmation,2038,2,12.230770136157428,12.333218757069584,0.003911282593197806,12.337130039662782
305,confirmation,2038,2,12.59473402514672,12.539919534626168,-0.018376722835923606,12.521542811790244
309,confirmation,2038,2,11.320565693461432,11.636089066488868,-0.008239683448320522,11.627849383040548
323,confirmation,2038,2,12.614868865984631,12.553495960388137,-0.010252969908169703,12.543242990479968
329,confirmation,2038,2,12.276069679344003,12.071569616027809,0.0006451995539177845,12.072214815581725
331,confirmation,2038,2,11.686887175419702,11.82212811581822,0.000981957516789781,11.82311007333501
333,confirmation,2038,2,12.556733038263905,12.666984246004118,-0.009101262737342542,12.657882983266775
337,confirmation,2038,2,12.841132451487937,12.82857131465572,-0.02410520677145005,12.80446610788427
346,confirmation,2038,2,11.850832386224807,11.83866643025144,0.018916195284584582,11.857582625536024
353,confirmation,2038,2,11.461642696843066,11.454097270052904,0.01616145513093973,11.470258725183843
363,confirmation,2038,2,12.198549416880068,12.088393313499823,0.009394614430174931,12.097787927929998
364,confirmation,2038,2,11.678448377988165,11.55865068275377,-0.0063059352504252755,11.552344747503344
365,confirmation,2038,2,12.154784614286667,12.130751702324488,0.001094627262299361,12.131846329586788
373,confirmation,2038,2,11.736077016252437,11.625164186407588,-0.012936044377670985,11.612228142029917
374,confirmation,2038,2,11.719947764402807,11.695270578264234,0.014917116318795633,11.710187694583029
375,confirmation,2038,2,12.299112067295642,12.222620517364096,-0.002422598286616583,12.22019791907748
381,confirmation,2038,2,11.751950239425476,11.9792817669892,0.03703111506899006,12.01631288205819
383,confirmation,2038,2,12.271396795480596,12.2313811301514,0.008719782451625985,12.240100912603026
385,confirmation,2038,2,12.388398368982115,12.530269894322863,0.026619207349033582,12.556889101671898
386,confirmation,2038,2,12.165255859329688,12.070190423238731,0.0014181834569324185,12.071608606695664
394,confirmation,2038,2,11.51293546492023,11.43293921923716,0.00386293236395406,11.436802151601114
395,confirmation,2038,2,11.599112335481124,11.592527308347488,0.008598922255646695,11.601126230603136
410,confirmation,2038,2,12.73596827534975,12.62280837390962,-0.009499635945972246,12.61330873796365
411,confirmation,2038,2,11.002116507732017,11.50534893763326,-0.04957139957581216,11.455777538057447
418,confirmation,2038,2,12.384223015005313,12.232109643876443,-0.013126290372710207,12.218983353503733
428,confirmation,2038,2,11.599185726610004,11.636890736926928,0.01497290378434919,11.651863640711277
430,confirmation,2038,2,12.07254696717504,12.07352295500991,-0.006908094071939099,12.066614860937971
439,confirmation,2038,2,11.411457364027745,11.619719193561398,0.01976690934267574,11.639486102904074
441,confirmation,2038,2,13.22672519452875,13.087993340980818,0.015975804359179797,13.103969145339997
443,confirmation,2038,2,12.000897933306716,11.955202648912069,0.007167471959854891,11.962370120871924
449,confirmation,2038,2,11.691080018519527,11.740737743539698,0.004794843953494276,11.745532587493193
454,confirmation,2038,2,12.25486757159303,12.324616262109275,0.006975276151082124,12.331591538260357
462,confirmation,2038,2,11.951186847493476,11.9319411654747,0.006129430983155363,11.938070596457855
469,confirmation,2038,2,12.429220196836383,12.410684339698738,0.01160387704688838,12.422288216745626
489,confirmation,2038,2,11.982935344196433,11.739135132252454,-0.03872843347101388,11.700406698781439
499,confirmation,2038,2,11.775297421715827,11.800589271604192,0.0007041950424100058,11.801293466646602
501,confirmation,2038,2,11.635151947212842,11.624203937599704,-0.02158183289397869,11.602622104705725
503,confirmation,2038,2,11.849404844423074,11.78100631720669,0.010851802857869,11.79185812006456
507,confirmation,2038,2,12.278397958261774,12.27080389251311,-0.014679000601136983,12.256124891911973
514,confirmation,2038,2,11.80560254159177,11.85231307260127,-0.001134128804964497,11.851178943796304
517,confirmation,2038,2,11.970356641102999,12.01685183356337,0.003769363079496579,12.020621196642868
521,confirmation,2038,2,11.573559498507079,11.38734148371025,0.026232927098089415,11.413574410808339
524,confirmation,2038,2,12.126764251515691,13.296223894693709,-0.07789635603553902,13.21832753865817
526,confirmation,2038,2,12.07824495582233,12.111027197255495,-0.0005618295954702709,12.110465367660025
528,confirmation,2038,2,13.008661502470739,12.974216861349772,0.010223457752374834,12.984440319102147
531,confirmation,2038,2,12.07254696717504,12.123176271271848,-0.008719191131435051,12.114457080140413
532,confirmation,2038,2,11.759793355371237,11.800791643201569,0.0026070879005455024,11.803398731102114
536,confirmation,2038,2,11.58525542883217,11.763281764583208,0.013232315792050482,11.776514080375259
538,confirmation,2038,2,11.619544188752133,11.707686679292337,0.00587956909120092,11.713566248383538
543,confirmation,2038,2,12.270225154674701,12.247830926244818,0.0011432447273189207,12.248974170972136
548,confirmation,2038,2,11.771443882099637,11.759297248268622,0.017852309306322624,11.777149557574944
553,confirmation,2038,2,12.450981602512561,12.494112035099976,0.023673467004974125,12.51778550210495
554,confirmation,2038,2,11.58989576532275,11.656202384464306,-0.020534552334059358,11.635667832130247
556,confirmation,2038,2,11.635151947212842,11.65457842119219,0.015692251489739507,11.670270672681928
557,confirmation,2038,2,11.856522261533737,11.907659738024696,0.01782217372148521,11.925481911746182
566,confirmation,2038,2,11.759793355371237,11.74520777140192,-0.0016604283786834076,11.743547343023238
571,confirmation,2038,2,11.867805799560465,11.81254133940133,-0.023343500581025,11.789197838820305
578,confirmation,2038,2,12.010671928196443,11.93068210659459,-0.0035427784668180767,11.927139328127772
579,confirmation,2038,2,11.891368749982085,11.988309482903851,-0.008340098948150323,11.979969383955702
580,confirmation,2038,2,11.78676973513378,11.764676546811558,0.008644732021946901,11.773321278833505
601,confirmation,2038,2,12.524530013005734,12.4801567029598,-0.0040131530803953624,12.476143549879405
605,confirmation,2038,2,12.30592250537653,12.292308720970048,-0.017216120180729873,12.275092600789318
611,confirmation,2038,2,12.653961664405365,12.658496030448251,0.0005443010546282257,12.65904033150288
630,confirmation,2038,2,12.034696963475044,11.970208568129925,0.0009290310359834034,11.971137599165909
632,confirmation,2038,2,12.252483791602627,12.344221221101863,-0.002498658115146341,12.341722562986718
633,confirmation,2038,2,11.320565693461432,12.013585623316702,-0.010900016680966164,12.002685606635737
644,confirmation,2038,2,11.931642378754141,11.934723372170048,0.00332168734847154,11.938045059518519
647,confirmation,2038,2,11.495789479023493,11.51687077073497,0.01778097921036184,11.534651749945333
655,confirmation,2038,2,12.765691290604371,12.832817322531092,-0.0034681891756059915,12.829349133355485
662,confirmation,2038,2,12.904209855160254,12.84281765686326,0.033952305375476756,12.876769962238738
675,confirmation,2038,2,11.849404844423074,11.893713986744435,0.012316674535817253,11.906030661280253
686,confirmation,2038,2,12.242891437918386,12.339871955827094,-0.004509794380382556,12.335362161446712
687,confirmation,2038,2,12.336556900342153,12.389876135244272,-0.004685712512702873,12.385190422731569
690,confirmation,2038,2,12.179220327453933,12.156858480837736,0.0005993882215402234,12.157457869059275
703,confirmation,2038,2,12.799178471909892,12.837348260472847,-0.0021574016118561094,12.835190858860992
706,confirmation,2038,2,10.915106645867503,11.061247567155728,-0.051705013528746485,11.009542553626982
707,confirmation,2038,2,12.618185607609803,12.47898969598767,0.029051292701855858,12.508040988689526
710,confirmation,2038,2,11.60733523953139,11.557482520316348,0.00807579609097254,11.565558316407321
718,confirmation,2038,2,11.964007453736912,12.000444481809692,0.009816259352987019,12.01026074116268
719,confirmation,2038,2,12.739640688812674,12.683678185238524,-0.0005227882204744547,12.68315539701805
727,confirmation,2038,2,12.310437165348775,12.330028974602326,0.009961216433333586,12.33999019103566
742,confirmation,2038,2,11.863589378812122,11.81736555445256,0.010422605813152025,11.827788160265714
755,confirmation,2038,2,11.957617696467539,11.872681331654558,0.011631428409509294,11.884312760064068
775,confirmation,2038,2,12.886643575525625,12.601452283994378,-0.020366128622173452,12.581086155372205
784,confirmation,2038,2,12.016732516077072,12.003735348568336,0.019113147696078345,12.022848496264414
785,confirmation,2038,2,11.759793355371237,11.785378504372984,0.025371138117017834,11.810749642490002
818,confirmation,2038,2,12.509877789891931,12.550180475758626,0.004096267534328609,12.554276743292956
821,confirmation,2038,2,12.117246896289503,12.130019986486998,-0.008967556581036722,12.12105242990596
826,confirmation,2038,2,12.861001210669146,12.944911116868262,-0.014274611746582162,12.93063650512168
827,confirmation,2038,2,11.603688960617083,11.479562130679865,0.04975578420054584,11.52931791488041
830,confirmation,2038,2,11.900912042974875,11.966920465817113,-0.010048509393725815,11.956871956423386
834,confirmation,2038,2,12.025755079404917,11.948720953899764,0.011607101619390959,11.960328055519156
838,confirmation,2038,2,11.51293546492023,11.456485203053894,-0.009174862448123421,11.447310340605771
839,confirmation,2038,2,11.87757552297847,11.944287748738349,0.005549705416247163,11.949837454154595
840,confirmation,2038,2,11.779136168550774,11.798103400903496,0.027571720033025597,11.825675120936522
841,confirmation,2038,2,11.849404844423074,11.707036031577406,0.008734915713623271,11.715770947291029
842,confirmation,2038,2,11.967187086434018,11.926361159981,0.024733380419784966,11.951094540400787
848,confirmation,2038,2,11.80186424743109,11.804330000336178,0.007441266399459903,11.811771266735638
854,confirmation,2038,2,11.970356641102999,12.038836916891228,-0.0058076830836646925,12.033029233807563
869,confirmation,2038,2,12.037659911047468,12.035648978947185,0.019846821976307476,12.055495800923492
875,confirmation,2038,2,11.104972264124868,11.458790358763244,0.012727092624302345,11.471517451387546
886,confirmation,2038,2,12.70351207261035,12.47777986601688,0.011176871420689476,12.488956737437569
890,confirmation,2038,2,11.915058360753719,11.89300872935903,-0.0003305258302411951,11.892678203528789
896,confirmation,2038,2,11.849404844423074,12.009161736740516,-0.0016702159547889181,12.007491520785727
901,confirmation,2038,2,11.608244735642321,11.653409742429778,0.0029335260949619603,11.65634326852474
907,confirmation,2038,2,12.449022745701502,12.461089556575931,0.005310164645750981,12.466399721221682
911,confirmation,2038,2,11.946660519211651,11.859865483043844,-0.027488738011398034,11.832376745032446
915,confirmation,2038,2,12.065280672855897,12.014487207114833,-0.013991505144387942,12.000495701970445
920,confirmation,2038,2,12.081081821061819,12.05806399991199,-0.028305803029989123,12.029758196882002
921,confirmation,2038,2,12.211065162153215,12.214640974819453,-0.001751956036788298,12.212889018782665
922,confirmation,2038,2,11.890683588496984,11.987613437277671,0.02619485130561785,12.01380828858329
923,confirmation,2038,2,12.043500773454495,12.054386450202966,-0.011884228372564693,12.0425022218304
932,confirmation,2038,2,11.674202123168433,11.758416934952043,0.016466766822065215,11.774883701774108
934,confirmation,2038,2,12.154784614286667,12.20096160319477,-0.01044083964183839,12.190520763552932
943,confirmation,2038,2,11.918397239722838,11.767418489123711,0.01765713640894393,11.785075625532656
947,confirmation,2038,2,11.870606902224587,11.909614840072958,-0.000533683931731175,11.909081156141227
950,confirmation,2038,2,12.193498926601634,12.088730101645057,0.009420487682047726,12.098150589327105
956,confirmation,2038,2,11.884495917930655,11.890484379465862,0.029787056426909996,11.920271435892772
959,confirmation,2038,2,12.128116509451258,12.173552484740828,-0.008614388702304972,12.164938096038522
967,confirmation,2038,2,11.982935344196433,11.876194004111865,-0.005893066788656208,11.870300937323208
971,confirmation,2038,2,11.813037464800539,11.26668054819109,0.016424923534117564,11.283105471725207
976,confirmation,2038,2,12.013706813470414,12.122375424672253,-0.010028550608261381,12.112346874063991
981,confirmation,2038,2,12.091789104493502,12.000007969253923,-0.013635768428127984,11.986372200825796
986,confirmation,2038,2,11.736077016252437,11.64543962467766,0.007052322467130545,11.65249194714479
990,confirmation,2038,2,12.190964083849375,12.179570727875548,0.008633277735108934,12.188204005610658
991,confirmation,2038,2,12.759960632315702,12.67786123733226,0.0002319231868081032,12.678093160519069
992,confirmation,2038,2,12.031725210748633,12.034529247557732,-0.0009456401734653419,12.033583607384266
994,confirmation,2038,2,12.066241450757124,12.039427701094422,-0.009786413960271474,12.02964128713415
997,confirmation,2038,2,11.824087219587643,11.803871089127473,0.011935201806768091,11.81580629093424
1001,confirmation,2038,2,11.314486721293981,11.168162378775936,-0.010235625814283769,11.157926752961652
1008,confirmation,2038,2,11.385103457032141,11.352443221768748,-0.018454260061546046,11.333988961707202
1014,confirmation,2038,2,11.350418300109132,11.500657228824224,-0.02435372903120629,11.476303499793017
1015,confirmation,2038,2,11.688566422839942,11.718449319940431,0.00670239679136952,11.725151716731801
1018,confirmation,2038,2,12.141539457711714,12.132543659022469,-0.003696086083335187,12.128847572939133
1019,confirmation,2038,2,11.982935344196433,12.034816938799432,0.0072891082026177445,12.04210604700205
1023,confirmation,2038,2,11.373674891823535,11.562470618742887,0.011986780339503206,11.574457399082391
1025,confirmation,2038,2,12.567240979056246,12.60269837173588,-0.01686371013648076,12.5858346615994
1026,confirmation,2038,2,11.630717389475995,11.734098761077464,0.006654052032346253,11.74075281310981
1033,confirmation,2038,2,12.644330802262578,12.76471091551927,0.005654359909895658,12.770365275429166
1034,confirmation,2038,2,12.345838935721968,12.391746807614744,-0.002943894971098543,12.388802912643646
1039,confirmation,2038,2,11.48247656671073,11.544989758553324,7.050810143316433e-05,11.545060266654758
1040,confirmation,2038,2,11.289794413577894,11.327347890367273,-0.005961656627882468,11.321386233739391
1056,confirmation,2038,2,12.100717685412471,11.950243202273416,0.0004430048685826445,11.950686207141999
1057,confirmation,2038,2,12.13270055639427,12.312862907006362,0.018188467838792213,12.331051374845154
1058,confirmation,2038,2,12.421188057397055,12.34747657464038,0.004713278922575743,12.352189853562956
1063,confirmation,2038,2,11.407576060361786,11.716905515390046,-0.012981877028334185,11.703923638361712
1068,confirmation,2038,2,12.031129798974042,12.081593460570463,0.002200104295096902,12.08379356486556
1076,confirmation,2038,2,12.299112067295642,12.188487002755272,0.021227527235260796,12.209714529990533
1079,confirmation,2038,2,11.956976469393481,11.857221498040944,-0.001832039804629355,11.855389458236315
1080,confirmation,2038,2,11.744045122410057,11.801984263529151,0.017522491546145307,11.819506755075297
1087,confirmation,2038,2,11.332613886815139,11.49950618668242,-0.02160961777113652,11.477896568911284
1097,confirmation,2038,2,11.751950239425476,11.628418009773023,0.005288447827676385,11.633706457600699
1101,confirmation,2038,2,11.002116507732017,10.943437273291352,-0.05057718065800634,10.892860092633345
1106,confirmation,2038,2,12.691583538230217,12.730342535200837,-0.029220627010494923,12.701121908190341
1108,confirmation,2038,2,12.52352951631214,12.332328827351551,-0.013494086658567024,12.318834740692985
1110,confirmation,2038,2,12.54254845357358,12.662379989007958,0.0023706626526279156,12.664750651660587
1113,confirmation,2038,2,11.774527900858468,11.709811991766028,0.009612994668343346,11.71942498643437
1129,confirmation,2038,2,12.278397958261774,12.22779835553326,-0.007285175598007975,12.220513179935251
1131,confirmation,2038,2,11.813037464800539,11.979026375879911,-0.005997303891429446,11.973029071988481
1139,confirmation,2038,2,12.185875040240456,12.222767310745626,0.009190848944686638,12.231958159690313
1145,confirmation,2038,2,11.289794413577894,11.328960193056853,-0.015372759943047059,11.313587433113806
1156,confirmation,2038,2,12.292254928916668,12.274365497755134,-0.002219219276892661,12.272146278478242
1159,confirmation,2038,2,12.367889578686164,12.362894460859897,0.011215617791800032,12.374110078651697
1164,confirmation,2038,2,11.59873612138334,11.84530402610832,0.015741657450052144,11.861045683558372
1166,confirmation,2038,2,12.359527368950229,12.385379994112634,0.009983889343619332,12.395363883456254
1171,confirmation,2038,2,12.049424683420915,11.95702213190981,-0.007503962901064296,11.949518169008746
1172,confirmation,2038,2,12.001511614739405,11.987895345967924,0.007211252098286543,11.995106598066211
1175,confirmation,2038,2,12.384223015005313,12.36499996051081,0.033593922394551376,12.398593882905361
1176,confirmation,2038,2,12.560247968016562,12.587836442965804,-0.01325578677964324,12.57458065618616
1181,confirmation,2038,2,12.429220196836383,12.351799130074411,-0.0060064861399938595,12.345792643934418
1186,confirmation,2038,2,11.560772327227417,11.7517798979084,0.011796345118520013,11.76357624302692
1187,confirmation,2038,2,11.461642696843066,11.730040017083349,-0.007842909483523201,11.722197107599825
1190,confirmation,2038,2,12.149507585033072,12.166093690355645,0.007974928795705773,12.17406861915135
1203,confirmation,2038,2,11.669937760751914,11.807655931716669,-0.005955937133938039,11.80169999458273
1206,confirmation,2038,2,12.513193308436527,12.517298880880212,-0.008041100888156376,12.509257779992055
1209,confirmation,2038,2,11.849404844423074,11.857379230870086,0.004336443907261644,11.861715674777347
1210,confirmation,2038,2,12.577639650232573,12.50896732431261,0.007924784060612793,12.516892108373224
1213,confirmation,2038,2,11.635151947212842,11.386749026572597,0.013317327012372784,11.40006635358497
1218,confirmation,2038,2,12.343470927093518,12.430550160055352,0.01609614293091726,12.44664630298627
1222,confirmation,2038,2,11.80560254159177,11.700624049032443,0.009999323197136827,11.71062337222958
1224,confirmation,2038,2,11.834291315386718,11.81802539494212,0.0036679406526684637,11.821693335594789
1226,confirmation,2038,2,11.884495917930655,11.843593808774283,-0.0013551988980703995,11.842238609876214
1230,confirmation,2038,2,11.751950239425476,11.84367645327459,0.0012459538147212613,11.84492240708931
1247,confirmation,2038,2,12.136191879981927,12.175927990697163,0.004137025618267923,12.180065016315432
1248,confirmation,2038,2,12.042971193457888,11.833830983126134,-0.013607907988837912,11.820223075137296
1258,confirmation,2038,2,11.511934974596555,11.362992550257264,0.024006074181408,11.386998624438672
1259,confirmation,2038,2,12.154784614286667,12.079648211136004,0.007969111696212455,12.087617322832216
1263,confirmation,2038,2,11.992266613576142,11.907409124186064,0.013499092066474058,11.920908216252538
1266,confirmation,2038,2,12.12215284831553,12.046253914616246,-0.01024893300037284,12.036004981615873
1268,confirmation,2038,2,12.843973993864076,12.779172525259195,0.01494968912556115,12.794122214384757
1270,confirmation,2038,2,11.87757552297847,11.813294348961334,0.00561576741926482,11.818910116380598
1271,confirmation,2038,2,12.468440756144114,12.360870082738154,0.015970425745904106,12.376840508484058
1272,confirmation,2038,2,12.132162346145595,12.10215138531474,0.005051970357350185,12.10720335567209
1274,confirmation,2038,2,12.083910661257521,12.014644821845332,-0.014108070670339359,12.000536751174993
1276,confirmation,2038,2,11.827743504053695,11.879523426240226,-0.011862976011287564,11.86766045022894
1277,confirmation,2038,2,11.995357787034976,12.027735515316849,0.027923612800167422,12.055659128117016
1303,confirmation,2038,2,12.577639650232573,12.665562135531813,-0.0018956499478096419,12.663666485584002
1307,confirmation,2038,2,12.218500103788143,12.146263472911048,-0.008963323392280911,12.137300149518767
1314,confirmation,2038,2,12.716405147731708,12.73765392940488,4.6470110664485294e-05,12.737700399515544
1318,confirmation,2038,2,12.249615734512616,12.171632239096205,-0.015401005365691575,12.156231233730514
1322,confirmation,2038,2,11.19135563385109,11.23178544842469,0.01575386070535259,11.247539309130042
1324,confirmation,2038,2,11.320565693461432,11.308756329601918,-0.053918489996084853,11.254837839605834
1329,confirmation,2038,2,12.45293662970407,12.15250123670656,-0.015041582720106951,12.137459653986452
1331,confirmation,2038,2,12.33270970174018,12.3550615828916,-0.0017147027208807726,12.35334688017072
1349,confirmation,2038,2,12.278397958261774,12.412931399833198,0.006480136448742436,12.41941153628194
1358,confirmation,2038,2,11.917730355182513,11.985648143701916,0.001006235969626709,11.986654379671542
1359,confirmation,2038,2,12.086731521684555,12.052240626052178,-0.006929018686806565,12.045311607365372
1363,confirmation,2038,2,11.560772327227417,11.827817265680586,-0.0011840750648190305,11.826633190615768
1382,confirmation,2038,2,12.377927112974284,12.225450879488712,0.033356941746722414,12.258807821235434
1384,confirmation,2038,2,11.626263078808801,11.940898233523068,-0.0073144482185373335,11.933583785304531
1386,confirmation,2038,2,11.74006900564972,11.645506452759566,0.012059152334288179,11.657565605093854
1387,confirmation,2038,2,12.429220196836383,12.62282794488432,0.022941812180751087,12.64576975706507
1389,confirmation,2038,2,12.84132849667433,12.785744187256586,-0.020792390792003332,12.764951796464583
1391,confirmation,2038,2,12.367345048436391,12.33783842820091,-0.0009331327931265185,12.336905295407785
1409,confirmation,2038,2,11.74006900564972,11.54940666149682,-0.011498394151780226,11.537908267345038
1413,confirmation,2038,2,11.407576060361786,11.466756905964605,0.01194342636615593,11.47870033233076
1419,confirmation,2038,2,11.728044909070785,11.821344178647832,-0.0034452193715405277,11.817898959276292
1423,confirmation,2038,2,11.824087219587643,11.88701061768589,0.0017665711393718075,11.888777188825262
1425,confirmation,2038,2,11.87757552297847,11.828021544968106,0.01069418417473265,11.838715729142839
1427,confirmation,2038,2,12.509877789891931,12.495884362343896,-0.006089657409762431,12.489794704934132
1434,confirmation,2038,2,12.136191879981927,12.139551019277858,-0.0043718715640992944,12.135179147713758
1437,confirmation,2038,2,11.699413330633599,11.68295591912686,0.022255389669006753,11.705211308795867
1451,confirmation,2038,2,11.820417517632333,11.785348114213855,0.01607732430697924,11.801425438520834
1457,confirmation,2038,2,12.25486757159303,12.182981474409484,-0.0012622376600064174,12.181719236749478
4,confirmation,2038,3,11.849404844423074,12.066492882574876,0.0038586817965555083,12.070351564371432
6,confirmation,2038,3,11.870606902224587,11.983887222015191,0.015373786747790047,11.999261008762982
18,confirmation,2038,3,11.407576060361786,11.602800977423282,0.003036215875286713,11.60583719329857
19,confirmation,2038,3,11.976665770490767,12.008449030077786,0.0013515075132426177,12.009800537591028
22,confirmation,2038,3,11.845109950883979,11.757570079116748,0.018679173480699533,11.776249252597447
30,confirmation,2038,3,11.134603622683905,11.163917685398012,0.005554451239834811,11.169472136637847
31,confirmation,2038,3,10.596659732783579,11.461287266598177,0.007615099071444675,11.46890236566962
38,confirmation,2038,3,11.938199736300925,11.965884567671443,-0.019243988939438864,11.946640578732005
42,confirmation,2038,3,12.04355959836804,12.070551023364414,0.008252003953442054,12.078803027317857
45,confirmation,2038,3,11.856522261533737,11.899952275664498,0.018792922275560047,11.918745197940058
46,confirmation,2038,3,12.675766851909591,12.575523901698508,-0.02329549619391666,12.552228405504591
51,confirmation,2038,3,12.083910661257521,12.102243435473516,0.009299804843075604,12.111543240316593
62,confirmation,2038,3,11.522885696764481,11.448086272471969,0.012481625798576335,11.460567898270545
63,confirmation,2038,3,12.218500103788143,12.23810683534964,-0.00559649118723738,12.232510344162403
71,confirmation,2038,3,12.404927602627597,12.411511630649962,-0.011601282682489937,12.399910347967472
83,confirmation,2038,3,12.409017571151187,12.30806635359866,-0.005790206216711989,12.302276147381948
94,confirmation,2038,3,11.804855999911272,12.0553978427734,0.009269334695913862,12.064667177469314
105,confirmation,2038,3,12.040614105490253,11.950000996552266,-0.00018907171280181976,11.949811924839464
117,confirmation,2038,3,11.842236406331555,11.74006465266705,-0.004105281738446432,11.735959370928603
121,confirmation,2038,3,12.100717685412471,12.01059723877706,0.015723909484426587,12.026321148261486
123,confirmation,2038,3,11.820417517632333,11.846703967959051,0.004412453823721736,11.851116421782773
124,confirmation,2038,3,11.944064817531656,11.983430462970796,-0.0042913574074019065,11.979139105563394
129,confirmation,2038,3,11.951186847493476,11.884771529327574,0.01837731172729855,11.903148841054874
136,confirmation,2038,3,12.066816325306588,12.058150167273425,0.006312731588778993,12.064462898862203
139,confirmation,2038,3,12.345838935721968,12.412621360869634,-0.006921289212646981,12.405700071656987
148,confirmation,2038,3,12.312686874960354,12.315146218191586,0.0018117806630219392,12.316957998854608
156,confirmation,2038,3,11.277215789596893,11.278599588244694,-0.02634206867366658,11.252257519571026
161,confirmation,2038,3,11.998439434579149,11.971805433438035,0.00040498350093331987,11.97221041693897
162,confirmation,2038,3,12.929993908996359,12.944682392321624,0.0036664998256171126,12.94834889214724
168,confirmation,2038,3,12.693501691489768,12.839582246270654,0.01690711800677817,12.856489364277431
177,confirmation,2038,3,12.259618151783465,12.287852807061531,0.03519508596479882,12.323047893026331
178,confirmation,2038,3,12.058158312538197,12.121520257400196,0.004221427138775277,12.125741684538971
182,confirmation,2038,3,12.206577518060588,12.10157782437104,0.012861893935615707,12.114439718306656
188,confirmation,2038,3,11.813037464800539,11.801923424578607,-0.01235092911148605,11.789572495467121
189,confirmation,2038,3,11.940399914116648,11.87454443057178,0.011713551758691144,11.88625798233047
196,confirmation,2038,3,11.908346971208951,11.898666573468416,-0.004982005992218111,11.893684567476198
197,confirmation,2038,3,12.650351332641707,12.633756566625436,-0.0005413506346340395,12.633215215990802
208,confirmation,2038,3,11.856522261533737,11.863961294699472,-0.005170077153464503,11.858791217546008
236,confirmation,2038,3,11.402005077384885,11.345830097168816,0.003796642921693631,11.34962674009051
239,confirmation,2038,3,12.669809806411457,12.470584543777704,-0.004807993131828095,12.465776550645876
240,confirmation,2038,3,11.635151947212842,11.706042504150538,-0.00910756486778431,11.696934939282754
243,confirmation,2038,3,11.277215789596893,11.454283716501555,-0.001723706687967405,11.452560009813588
245,confirmation,2038,3,12.230770136157428,12.357095021151704,0.0014354582068812284,12.358530479358585
246,confirmation,2038,3,12.394628892852941,12.281707849130475,-0.06637184530502363,12.21533600382545
247,confirmation,2038,3,11.827743504053695,11.790884664805906,-0.04425298813140358,11.746631676674502
252,confirmation,2038,3,12.367345048436391,12.387665246701888,0.012244539256572266,12.39990978595846
254,confirmation,2038,3,11.970356641102999,11.984607347739676,0.016491790498388927,12.001099138238065
258,confirmation,2038,3,12.301387370778713,12.345885521411171,0.00881780469386545,12.354703326105037
297,confirmation,2038,3,11.931642378754141,11.754144515903723,-0.00888584562776935,11.745258670275954
300,confirmation,2038,3,11.973516181427835,11.872673070407762,-0.015639852737860085,11.857033217669901
312,confirmation,2038,3,11.790564777297387,11.82063563296264,-0.01412094777133822,11.806514685191301
313,confirmation,2038,3,11.694421681264394,11.786557409975911,0.0030552419172239194,11.789612651893135
317,confirmation,2038,3,12.468440756144114,12.3883265347123,-0.003069730520770651,12.38525680419153
326,confirmation,2038,3,11.373674891823535,11.358024506247022,0.013041470322438974,11.37106597656946
328,confirmation,2038,3,11.886218559372042,11.87795452509988,-0.0007611491980891498,11.877193375901792
330,confirmation,2038,3,11.264476926102367,11.265452217196328,0.012808518497696432,11.278260735694024
335,confirmation,2038,3,12.165255859329688,12.196424393859305,0.0002692932729635083,12.196693687132267
341,confirmation,2038,3,12.220473454337986,12.248805730147978,-0.0020385647793412544,12.246767165368638
348,confirmation,2038,3,11.967187086434018,12.07379660616498,0.0024995671929872757,12.076296173357967
361,confirmation,2038,3,11.957617696467539,11.907504522096971,-0.013039489471063606,11.894465032625908
370,confirmation,2038,3,11.995357787034976,12.02087609607682,-0.015468784049601827,12.005407312027218
371,confirmation,2038,3,12.057578437658945,12.127916039403733,0.0019332702928328174,12.129849309696565
391,confirmation,2038,3,11.686887175419702,11.76899133277763,-0.010736286211501916,11.758255046566127
393,confirmation,2038,3,11.575909653758895,11.61260863204118,0.004850455484827489,11.617459087526008
399,confirmation,2038,3,11.112462823634855,11.264961456934929,0.0184595987486141,11.283421055683542
401,confirmation,2038,3,12.411056299528171,12.312702456233271,-0.011755486180225311,12.300946970053046
402,confirmation,2038,3,12.013646205940514,12.115408491776794,-0.006735887392251219,12.108672604384543
415,confirmation,2038,3,12.337105293891872,12.372859475396458,-0.014186148421638081,12.35867332697482
417,confirmation,2038,3,11.915058360753719,11.95543463682584,0.024943679505931786,11.980378316331771
421,confirmation,2038,3,12.237091546357338,12.124096295637267,0.02030710770892069,12.144403403346187
429,confirmation,2038,3,12.182809136284991,12.181047841399138,0.002648599160401766,12.18369644055954
433,confirmation,2038,3,11.715874472198905,11.737732953068464,0.003800376434973563,11.741533329503438
434,confirmation,2038,3,12.10625783509458,12.089970643492444,0.002181901368561366,12.092152544861007
435,confirmation,2038,3,11.302216779257382,11.339432365117649,0.005426407331528988,11.344858772449177
437,confirmation,2038,3,11.661354090741,11.531983851117117,0.005030230482762284,11.537014081599878
442,confirmation,2038,3,11.678448377988165,11.673383500374332,-0.029573395238746115,11.643810105135586
444,confirmation,2038,3,12.058158312538197,12.13515043719543,-0.01892051831376559,12.116229918881665
450,confirmation,2038,3,11.695255355062795,11.656981186690548,0.010672867486181662,11.66765405417673
456,confirmation,2038,3,12.075400019877522,11.986336746730691,0.006875409498368252,11.99321215622906
458,confirmation,2038,3,12.45293662970407,12.395310438773908,0.018203061916425185,12.413513500690334
466,confirmation,2038,3,12.093693109638318,12.152105448984925,0.015707780210613,12.167813229195538
473,confirmation,2038,3,11.904974309480181,11.824789394046448,0.01730061913278626,11.842090013179234
475,confirmation,2038,3,12.433212202169729,12.440727244733326,0.007918272760686695,12.448645517494013
481,confirmation,2038,3,12.694655727828803,12.772174615626662,-0.009461343467496,12.762713272159166
486,confirmation,2038,3,11.898194668458823,11.934486580115513,0.0014604046507716477,11.935946984766284
491,confirmation,2038,3,11.652696102959753,11.606866287931725,-0.008300126658695428,11.598566161273029
494,confirmation,2038,3,11.951186847493476,11.904977070251087,0.0012982293844714984,11.906275299635558
497,confirmation,2038,3,12.971542813248437,12.66785825345264,0.020797260260622542,12.688655513713261
500,confirmation,2038,3,11.695255355062795,11.769586313855305,-0.0010319132934570225,11.768554400561849
502,confirmation,2038,3,12.331387247601905,12.296555538079392,0.001962313414640439,12.298517851494033
505,confirmation,2038,3,11.898194668458823,11.859341528952768,-0.006929097582419377,11.852412431370349
506,confirmation,2038,3,11.732069026983156,11.717631194155793,-0.018827286187948343,11.698803907967845
509,confirmation,2038,3,11.989165855127435,11.903341739658842,-0.01640541595743245,11.88693632370141
515,confirmation,2038,3,11.477308649967686,11.433161048297588,-0.008503063862733033,11.424657984434855
519,confirmation,2038,3,12.259618151783465,12.159531498299874,0.0007893783968710516,12.160320876696744
520,confirmation,2038,3,12.36308066783498,12.470774301680173,0.024268404870074214,12.495042706550247
523,confirmation,2038,3,11.976665770490767,11.956540274056572,0.006139827321064641,11.962680101377636
527,confirmation,2038,3,11.790564777297387,11.82632039687589,0.010566240293651535,11.836886637169542
530,confirmation,2038,3,12.209192772866418,12.333871560661382,-0.035192965515461166,12.29867859514592
533,confirmation,2038,3,11.58525542883217,11.539765968901357,0.019661461550530432,11.559427430451887
540,confirmation,2038,3,12.513561021741964,12.412759907630042,0.0045060245256689675,12.417265932155711
542,confirmation,2038,3,12.421188057397055,12.47655610225395,-0.0199950119612062,12.456561090292743
544,confirmation,2038,3,11.798111925972618,11.77515341632818,-0.0029136458231489647,11.772239770505031
547,confirmation,2038,3,12.25486757159303,12.068441502879669,-0.014271476258372644,12.054170026621296
555,confirmation,2038,3,12.556733038263905,12.504005907328716,-0.007939773200036948,12.496066134128679
569,confirmation,2038,3,12.665397584983758,12.589599397283289,-0.011264366126987333,12.578335031156302
572,confirmation,2038,3,11.695255355062795,11.686123226405844,0.0067419780930243626,11.692865204498869
573,confirmation,2038,3,12.32163544049751,12.249604378030488,0.0002466195913879778,12.249850997621877
574,confirmation,2038,3,12.04355959836804,12.023538346808904,0.014708718623255526,12.03824706543216
575,confirmation,2038,3,11.842236406331555,11.716544292711331,0.022833155137506812,11.739377447848838
584,confirmation,2038,3,12.691583538230217,12.590089363002438,0.02646416603504623,12.616553529037484
586,confirmation,2038,3,12.820990681250251,12.875230027745442,0.027869904268308248,12.90309993201375
596,confirmation,2038,3,12.672949516558306,12.727147133294268,0.008330295232269575,12.735477428526538
603,confirmation,2038,3,12.301387370778713,12.271918670857657,-0.016348152690346687,12.25557051816731
614,confirmation,2038,3,11.898194668458823,11.605632349604011,-0.04521157475289066,11.56042077485112
615,confirmation,2038,3,11.231901180182515,11.271925662541223,0.0038248823271251078,11.275750544868348
625,confirmation,2038,3,12.014615485902027,11.946698867687736,-0.011011799016535633,11.9356870686712
629,confirmation,2038,3,11.813037464800539,12.123436675209565,0.01831837328507238,12.141755048494637
636,confirmation,2038,3,12.206077645517674,12.069180293418544,-0.019638524585617306,12.049541768832926
642,confirmation,2038,3,12.328294703023396,12.41843167221159,0.0016896086296773914,12.420121280841267
658,confirmation,2038,3,11.91170829631447,12.01052449509943,-0.008534478168888549,12.001990016930542
661,confirmation,2038,3,12.19552218463499,12.182847150937985,0.020345921716641995,12.203193072654626
665,confirmation,2038,3,12.955129822091815,12.746045033305004,0.014741887830431177,12.760786921135434
674,confirmation,2038,3,12.458778882573533,12.423593925833146,0.03127853161187627,12.454872457445022
676,confirmation,2038,3,11.908346971208951,11.885673313663524,-0.00440328654584605,11.881270027117678
679,confirmation,2038,3,12.827995001361906,12.807679292925943,-0.031552423514221044,12.776126869411723
683,confirmation,2038,3,12.06105265381003,12.206727110268968,0.00016891121072639504,12.206896021479695
699,confirmation,2038,3,11.83863282480007,11.80833146383202,0.0031209232297198606,11.81145238706174
700,confirmation,2038,3,12.185875040240456,12.136035406554022,0.011120438880118415,12.14715584543414
704,confirmation,2038,3,11.849404844423074,11.834108120344226,0.020735840265296873,11.854843960609523
705,confirmation,2038,3,12.269052139516223,12.278214634378584,-0.014012160321850525,12.264202474056733
711,confirmation,2038,3,10.859018228147887,11.338355480405612,0.029412676508592604,11.367768156914204
720,confirmation,2038,3,11.763691965388299,11.857971434696749,0.001494047101327022,11.859465481798075
723,confirmation,2038,3,11.732069026983156,11.679394274106487,0.020404818932200704,11.699799093038688
729,confirmation,2038,3,11.608244735642321,11.799762672179812,-0.03474763871782276,11.765015033461989
733,confirmation,2038,3,12.312686874960354,12.373335315123414,0.012545912026071063,12.385881227149486
735,confirmation,2038,3,11.58989576532275,11.589203190034445,0.01030802973507066,11.599511219769516
739,confirmation,2038,3,12.095146671399466,11.801750098652402,0.01052806016416533,11.812278158816568
750,confirmation,2038,3,11.49273296168228,11.24847873753421,0.02403447469516866,11.272513212229379
751,confirmation,2038,3,11.477308649967686,11.443967365114652,-0.004459779542299207,11.439507585572352
753,confirmation,2038,3,12.28765724080691,12.249959648802964,-0.007597999719813405,12.24236164908315
754,confirmation,2038,3,12.526346537332584,12.52513352901268,0.0025071684349229862,12.527640697447602
762,confirmation,2038,3,11.51293546492023,11.602013100995112,0.0326639261331892,11.634677027128301
764,confirmation,2038,3,12.727841176689147,12.694159981829833,0.025818470521077753,12.71997845235091
768,confirmation,2038,3,11.982935344196433,12.065103908767837,-0.005446742158245599,12.059657166609592
770,confirmation,2038,3,13.195615697878253,13.060222703655718,0.03356145578152541,13.093784159437243
779,confirmation,2038,3,11.87757552297847,11.7960151719092,-0.008460057220011745,11.787555114689189
780,confirmation,2038,3,11.813037464800539,11.895315630908735,0.006239661781349515,11.901555292690084
781,confirmation,2038,3,12.07824495582233,12.03346738422226,0.00941325849233064,12.04288064271459
783,confirmation,2038,3,12.139403856983334,12.14959821050767,-0.008654711366525571,12.140943499141144
787,confirmation,2038,3,11.842236406331555,11.718152078435445,0.01086986740998868,11.729021945845433
791,confirmation,2038,3,11.984184555794167,11.991773570455743,-0.009054817133125852,11.982718753322617
792,confirmation,2038,3,11.896833207128452,11.895661924320615,0.017626311789404416,11.91328823611002
795,confirmation,2038,3,12.178192583415596,12.198693112829218,0.01119531397950276,12.209888426808721
796,confirmation,2038,3,12.049424683420915,12.013233854408227,0.003140962111428495,12.016374816519656
798,confirmation,2038,3,11.608244735642321,11.494764098723522,0.016031114925841167,11.510795213649363
799,confirmation,2038,3,13.091906231773164,13.178103535968807,0.06664197889420616,13.244745514863013
801,confirmation,2038,3,12.206077645517674,12.224877276503609,0.008649976921837046,12.233527253425446
802,confirmation,2038,3,11.60733523953139,11.708646762286682,0.006445369545242802,11.715092131831925
803,confirmation,2038,3,12.149507585033072,12.134513602326598,-0.0029079666778920443,12.131605635648706
805,confirmation,2038,3,11.678448377988165,11.621852839320008,0.013220300669968281,11.635073139989975
807,confirmation,2038,3,11.816734299348461,11.7900493876865,0.0013539427067016177,11.791403330393202
811,confirmation,2038,3,12.10625783509458,12.14106999857628,0.008768314553965463,12.149838313130244
816,confirmation,2038,3,12.323415584358154,12.199274162361531,0.012122908871692623,12.211397071233224
820,confirmation,2038,3,12.319405795112926,12.302321573136998,-0.003170123385784025,12.299151449751214
824,confirmation,2038,3,11.845827048676645,11.853716886417498,0.0004964392611587909,11.854213325678657
832,confirmation,2038,3,11.92504173829169,11.947569929586091,0.0038435910246364074,11.951413520610728
847,confirmation,2038,3,12.269052139516223,12.173350722094384,0.0049120072352483056,12.178262729329631
855,confirmation,2038,3,12.04355959836804,12.006783986626996,-0.003606537667549178,12.003177448959446
857,confirmation,2038,3,11.898194668458823,11.909653316918464,-0.006902390026763971,11.902750926891699
860,confirmation,2038,3,12.429220196836383,12.468984336281178,-0.021053285563074828,12.447931050718102
861,confirmation,2038,3,12.154521423145216,12.099041645177683,-0.0031768469740291695,12.095864798203655
862,confirmation,2038,3,11.78676973513378,11.80315815870206,0.0025790490872673916,11.805737207789326
866,confirmation,2038,3,11.908346971208951,11.826860333369533,0.00030795352926086194,11.827168286898793
868,confirmation,2038,3,11.767575435251748,11.847744971013714,0.005691683696968472,11.853436654710682
872,confirmation,2038,3,12.208574513247495,12.134713565313373,-0.0022909667866057113,12.132422598526768
873,confirmation,2038,3,11.661354090741,11.683361528150666,0.012044336051300035,11.695405864201966
874,confirmation,2038,3,11.798111925972618,11.78509441005542,0.01056667129509149,11.795661081350511
880,confirmation,2038,3,11.824087219587643,11.828803441649471,0.00872656729227128,11.837530008941743
887,confirmation,2038,3,11.884495917930655,11.958690921719908,0.011646093775828937,11.970337015495737
888,confirmation,2038,3,11.816734299348461,11.809029747775751,0.016179484420595223,11.825209232196347
889,confirmation,2038,3,12.498745990829315,12.600927970471291,-0.03576109247204321,12.565166877999248
891,confirmation,2038,3,11.719134432217524,11.706925612069291,0.0008218706223524626,11.707747482691644
899,confirmation,2038,3,13.323928581764989,13.081263300557143,0.02353597718253571,13.10479927773968
902,confirmation,2038,3,11.938199736300925,11.868367658130484,0.006096905223013173,11.874464563353497
903,confirmation,2038,3,12.100717685412471,12.095978379592324,-0.011445458816882892,12.084532920775441
925,confirmation,2038,3,12.242891437918386,12.236527496983028,-0.003674221396238546,12.23285327558679
935,confirmation,2038,3,12.396697137361691,12.304707648817445,-0.01666408113287554,12.28804356768457
938,confirmation,2038,3,12.441148720271016,12.365266899553015,0.0071759503725264935,12.372442849925541
948,confirmation,2038,3,12.506180941677357,12.539527329589584,0.004007296931179855,12.543534626520763
949,confirmation,2038,3,12.167856627501678,12.19863951384686,0.005956727740139554,12.204596241587
951,confirmation,2038,3,11.767575435251748,11.858646417172029,0.008876767264904323,11.867523184436934
962,confirmation,2038,3,12.513561021741964,12.453999225542676,-0.016539513141748334,12.437459712400928
965,confirmation,2038,3,12.277932735946903,12.303641048756925,0.009310461153585602,12.31295150991051
970,confirmation,2038,3,11.849404844423074,11.69714601225015,0.007435525321674189,11.704581537571823
978,confirmation,2038,3,12.20557752297723,12.20146214059968,0.0060963212460560115,12.207558461845737
979,confirmation,2038,3,11.608244735642321,11.552710989976578,-0.02151127705499072,11.531199712921588
987,confirmation,2038,3,11.669937760751914,11.733950865040203,-0.027924129491577642,11.706026735548626
996,confirmation,2038,3,11.7085004721646,11.607879274571372,0.03273906753961096,11.640618342110983
1002,confirmation,2038,3,11.362114203075018,11.349326527447705,0.01420590446120281,11.363532431908908
1009,confirmation,2038,3,12.388398368982115,12.39802031787656,-8.589323137725648e-05,12.397934424645182
1017,confirmation,2038,3,12.220966184120165,12.355421084070576,-0.0006151875002398796,12.354805896570337
1021,confirmation,2038,3,12.07824495582233,12.038172050114648,0.012933089600641557,12.05110513971529
1022,confirmation,2038,3,12.175618592671356,12.22637559506862,0.003114380619450925,12.22948997568807
1028,confirmation,2038,3,12.588194064175278,12.721038700891045,0.01661206106817994,12.737650761959225
1030,confirmation,2038,3,11.678448377988165,11.693022453618807,0.012870702730988412,11.705893156349795
1037,confirmation,2038,3,12.66191713053049,12.771703488176588,-0.0062118531066673414,12.765491635069921
1060,confirmation,2038,3,12.301387370778713,12.160921558293872,0.003067838676228628,12.1639893969701
1061,confirmation,2038,3,12.271396795480596,12.243995473782809,-0.00533939348470533,12.238656080298103
1066,confirmation,2038,3,12.700771936142122,12.500783012477878,-0.005452185972638358,12.49533082650524
1069,confirmation,2038,3,11.927687224983487,12.026690741174486,-0.003402633247837539,12.023288107926648
1073,confirmation,2038,3,11.424105180165641,11.598119041393794,-0.013200636022635664,11.584918405371159
1075,confirmation,2038,3,12.175618592671356,12.098812838708415,0.014657513517106171,12.113470352225521
1081,confirmation,2038,3,11.884495917930655,12.008296923506014,0.01682857999046894,12.025125503496483
1086,confirmation,2038,3,11.898194668458823,11.977526504967305,0.0034874796875886214,11.981013984654894
1096,confirmation,2038,3,12.080696479888445,12.119447627579854,-0.0041842383417510535,12.115263389238104
1098,confirmation,2038,3,12.04355959836804,11.952582844338524,-0.03175652514718087,11.920826319191344
1111,confirmation,2038,3,12.144202560946876,12.115208346418733,0.0005234838411169755,12.11573183025985
1112,confirmation,2038,3,12.230770136157428,12.124545005682638,-0.006182809949890771,12.118362195732747
1116,confirmation,2038,3,12.669809806411457,12.60556450178532,-0.035252291437301214,12.57031221034802
1118,confirmation,2038,3,11.775297421715827,11.844329995276992,0.013243866143053094,11.857573861420045
1124,confirmation,2038,3,11.678448377988165,11.488274023295414,0.014877750461627507,11.503151773757041
1125,confirmation,2038,3,12.007017865994577,12.014518565498369,-0.0007354330229212306,12.013783132475448
1126,confirmation,2038,3,11.652696102959753,11.610708728476911,0.018537815385689244,11.629246543862601
1136,confirmation,2038,3,11.532737896139919,11.578850107859006,0.016580158657936862,11.595430266516944
1137,confirmation,2038,3,11.686887175419702,11.674790979388108,0.006182035892017477,11.680973015280125
1141,confirmation,2038,3,11.842236406331555,11.765441347259324,0.01790495989629475,11.78334630715562
1146,confirmation,2038,3,11.91170829631447,11.799346403543597,4.670385994642735e-05,11.799393107403542
1149,confirmation,2038,3,11.669082701743504,11.587629642420268,0.004952987376130909,11.592582629796398
1153,confirmation,2038,3,12.345838935721968,12.191012145010388,0.020360986414852702,12.21137313142524
1167,confirmation,2038,3,12.41044511731981,12.386017302749856,-0.012051917816012907,12.373965384933843
1170,confirmation,2038,3,13.345508528717259,13.292274542609324,0.0781402179431082,13.370414760552432
1173,confirmation,2038,3,12.05467400868968,12.003513267716995,-0.003942482007942304,11.999570785709054
1174,confirmation,2038,3,12.208574513247495,12.270935267397526,0.017450211355388687,12.288385478752915
1177,confirmation,2038,3,11.691080018519527,11.784650456563522,0.008790543734942351,11.793441000298465
1178,confirmation,2038,3,11.652696102959753,11.601513936593523,-0.02502580334404381,11.57648813324948
1183,confirmation,2038,3,13.521140839642674,13.07592289734247,0.07658788005850443,13.152510777400975
1188,confirmation,2038,3,12.476103599529843,12.55034065541383,0.008688302560645187,12.559028957974474
1191,confirmation,2038,3,12.031725210748633,12.077073099453449,0.03415143241549158,12.11122453186894
1192,confirmation,2038,3,12.066816325306588,12.01900595417084,0.010715135278330828,12.02972108944917
1195,confirmation,2038,3,11.970356641102999,11.875804846182,0.02706155280450638,11.902866398986506
1205,confirmation,2038,3,11.941462360646149,11.943807988237642,-0.012231552897363367,11.93157643534028
1207,confirmation,2038,3,11.580593459194764,11.640944133816165,-0.0025202135349387967,11.638423920281225
1212,confirmation,2038,3,12.00762780434872,12.24833454910814,-0.020451874902724522,12.227882674205416
1236,confirmation,2038,3,11.841423131921784,11.912527912478316,0.0037656398793078872,11.916293552357624
1238,confirmation,2038,3,12.180759965737863,12.270186709724577,0.011595994433938519,12.281782704158514
1250,confirmation,2038,3,11.686887175419702,11.735330234565623,0.010033551102267608,11.745363785667891
1256,confirmation,2038,3,11.755879486687116,11.75503125204029,0.005944180063594396,11.760975432103884
1269,confirmation,2038,3,12.850557278777309,12.734451754026228,-0.024514074689471647,12.709937679336756
1293,confirmation,2038,3,11.58525542883217,11.649419530713672,-0.014374237451118675,11.635045293262554
1297,confirmation,2038,3,11.951186847493476,11.935882174085243,-0.005409389389517067,11.930472784695727
1309,confirmation,2038,3,11.898194668458823,11.878896206534538,0.008039840620405709,11.886936047154943
1310,confirmation,2038,3,12.09626335986454,12.081575616036403,0.004872739924591947,12.086448355960995
1319,confirmation,2038,3,12.524530013005734,12.488918598721876,-0.018541424579849655,12.470377174142026
1325,confirmation,2038,3,11.898194668458823,12.602502907233868,-0.011979371757665565,12.590523535476203
1326,confirmation,2038,3,10.915106645867503,11.133308991992246,-0.029549151160984166,11.103759840831263
1328,confirmation,2038,3,11.779136168550774,11.79291346164348,0.0031509463936432915,11.796064408037124
1334,confirmation,2038,3,11.74006900564972,11.78145054985004,-0.005014448944431431,11.77643610090561
1337,confirmation,2038,3,11.813037464800539,11.858326288470863,-0.023241583931699183,11.835084704539163
1340,confirmation,2038,3,11.763691965388299,11.767412863533607,0.0006120000509196723,11.768024863584527
1344,confirmation,2038,3,12.083910661257521,12.034720131184985,0.00034236814171938776,12.035062499326704
1346,confirmation,2038,3,11.59451466851004,11.419437773137714,-0.006067081896188958,11.413370691241525
1347,confirmation,2038,3,12.47801017053037,12.40393727207801,0.019864904812030754,12.423802176890042
1348,confirmation,2038,3,12.554840409959793,12.613213525121289,-0.0023730191535232055,12.610840505967765
1364,confirmation,2038,3,11.963574241653713,12.031715620615705,-0.0008654627986485522,12.030850157817056
1366,confirmation,2038,3,12.283038316285214,12.261698870663036,0.010960055314752033,12.272658925977789
1370,confirmation,2038,3,12.354496960983985,12.417783837915806,0.02258361636470276,12.440367454280508
1371,confirmation,2038,3,11.561725152903833,11.600047100640795,0.02452678749854129,11.624573888139336
1372,confirmation,2038,3,12.016732516077072,12.066887255019305,-0.007342290403503962,12.059544964615801
1373,confirmation,2038,3,12.521981322562505,12.409204925987824,0.0038133511040245086,12.41301827709185
1379,confirmation,2038,3,11.326607934898927,11.526435380336553,-0.004392012695406205,11.522043367641146
1388,confirmation,2038,3,11.820417517632333,11.905554088273837,-0.02642768219119081,11.879126406082646
1390,confirmation,2038,3,11.782960235741939,11.822402272585297,0.013803779588280945,11.836206052173578
1395,confirmation,2038,3,12.415437707935368,12.30277759093949,-0.005197920705589823,12.297579670233901
1396,confirmation,2038,3,12.546871224308068,12.498051802285577,-0.005480601182262318,12.492571201103315
1397,confirmation,2038,3,11.982935344196433,12.039890623779687,0.022799384060938576,12.062690007840626
1399,confirmation,2038,3,11.835016210489899,11.808027304270192,-0.02139174211524369,11.786635562154949
1400,confirmation,2038,3,11.831022768939789,11.96978726917341,0.00446793496012903,11.97425520413354
1401,confirmation,2038,3,11.695255355062795,11.69141761691936,-0.005993523794299287,11.68542409312506
1404,confirmation,2038,3,12.552930054797935,12.265885404889325,0.003460166942746122,12.269345571832071
1411,confirmation,2038,3,12.345838935721968,12.249177910741954,-0.0030054955709973453,12.246172415170957
1414,confirmation,2038,3,12.456835254920371,12.47150197140324,-0.021540382883405932,12.449961588519834
1417,confirmation,2038,3,11.715874472198905,11.779376035659247,-0.02670556693488808,11.752670468724359
1418,confirmation,2038,3,12.73670383776449,12.733348752206403,-0.003132238524082507,12.73021651368232
1426,confirmation,2038,3,11.863589378812122,11.870424279457254,0.018762765376120774,11.889187044833374
1428,confirmation,2038,3,11.849404844423074,11.867940477310608,-0.025197221187519776,11.842743256123088
1431,confirmation,2038,3,12.165984756488543,12.165193068694112,0.009074165090316054,12.174267233784429
1433,confirmation,2038,3,11.07443600653965,11.532326201043734,0.01617382155749093,11.548500022601225
1436,confirmation,2038,3,12.066816325306588,12.042951903885276,0.015733263454729335,12.058685167340006
1446,confirmation,2038,3,11.767575435251748,11.73859165245254,-0.015823663308223823,11.722767989144316
1456,confirmation,2038,3,12.07254696717504,12.09647897093478,0.0018605544061140874,12.098339525340895
1459,confirmation,2038,3,11.864469267087891,11.79626949274716,0.011949167371498138,11.808218660118657
11,confirmation,2038,4,11.771443882099637,11.750930052667842,0.012522258975852156,11.763452311643695
24,confirmation,2038,4,11.774527900858468,11.837528430286676,-0.0029991654811094247,11.834529264805568
26,confirmation,2038,4,12.454107814022272,12.461114461298536,-0.02495907316312152,12.436155388135415
35,confirmation,2038,4,12.533579815765737,12.589922976819434,0.032623381297559775,12.622546358116994
37,confirmation,2038,4,11.884495917930655,11.924563467733998,0.01732992697046674,11.941893394704465
59,confirmation,2038,4,12.991755706536901,12.907565273521756,0.010839436370961195,12.918404709892718
74,confirmation,2038,4,11.88380602959621,11.898058254349149,0.005309847122738664,11.903368101471887
75,confirmation,2038,4,11.58432477200052,11.611055738660385,-0.013517868031889684,11.597537870628495
84,confirmation,2038,4,11.748005492256807,11.799162407269694,-0.0026723258405320803,11.796490081429162
86,confirmation,2038,4,12.468440756144114,12.48604050736041,-0.014477907488191262,12.47156259987222
100,confirmation,2038,4,11.767187766223199,11.710044161746206,0.0025298395546925257,11.712574001300899
103,confirmation,2038,4,11.68658461118553,11.676943784358338,-0.011029017127569945,11.665914767230769
109,confirmation,2038,4,11.652696102959753,11.69993506877218,0.002090066398822662,11.702025135171004
112,confirmation,2038,4,12.100717685412471,12.039120084093817,-0.005749773165104162,12.033370310928714
115,confirmation,2038,4,12.466515835145202,12.387906004335765,-0.0037434091426982903,12.384162595193066
125,confirmation,2038,4,12.10625783509458,12.054236052811406,0.009743336864521569,12.063979389675929
127,confirmation,2038,4,11.759793355371237,11.84706370770519,-0.008210799420897434,11.838852908284293
130,confirmation,2038,4,11.918397239722838,11.869840145808006,0.016773424480796915,11.886613570288803
133,confirmation,2038,4,11.923384748066601,11.94084281334836,0.006588079421333345,11.947430892769694
134,confirmation,2038,4,12.301387370778713,12.210836667715084,0.014886522942244814,12.225723190657328
138,confirmation,2038,4,12.049424683420915,12.188670707558318,-0.012442190729739662,12.176228516828578
141,confirmation,2038,4,11.652696102959753,11.594779898894732,0.01346122756079721,11.608241126455528
146,confirmation,2038,4,11.775297421715827,11.803232944067748,-0.02651852252721953,11.776714421540529
154,confirmation,2038,4,12.367345048436391,12.180802895033686,0.026964184238021282,12.207767079271708
159,confirmation,2038,4,12.448630513463613,12.38050390973648,0.02069294871358528,12.401196858450065
163,confirmation,2038,4,12.301387370778713,12.376652868060136,0.009472281079137475,12.386125149139273
170,confirmation,2038,4,12.337105293891872,12.383800818885655,-0.002211734785500383,12.381589084100154
173,confirmation,2038,4,12.384223015005313,12.268340939128766,-0.01804509336767596,12.25029584576109
187,confirmation,2038,4,12.06105265381003,12.063635638285309,0.004371118816166523,12.068006757101475
192,confirmation,2038,4,12.122696471358964,12.025989476100476,-0.021661863243414282,12.004327612857061
202,confirmation,2038,4,12.052344376474922,12.009134751702002,0.0015345886839479195,12.010669340385949
206,confirmation,2038,4,12.103491596905931,12.097351884714037,0.002781198929105533,12.100133083643142
209,confirmation,2038,4,12.531776395271262,12.42109493815172,-0.0017391344439283234,12.419355803707791
211,confirmation,2038,4,11.49273296168228,11.440880608324964,0.001669369470360482,11.442549977795323
212,confirmation,2038,4,12.133507329024972,12.051381294728673,0.016430712612499128,12.067812007341171
217,confirmation,2038,4,12.25486757159303,12.225323799990743,0.006333979068961238,12.231657779059704
218,confirmation,2038,4,11.580593459194764,11.324568887828995,-0.05585774692605691,11.268711140902939
225,confirmation,2038,4,12.864242696187505,12.892996194600366,0.0058695155402462,12.898865710140612
226,confirmation,2038,4,11.626263078808801,11.5298980106953,0.003692167506605519,11.533590178201905
231,confirmation,2038,4,11.904974309480181,11.842552097389945,0.013754293960551755,11.856306391350497
241,confirmation,2038,4,12.47801017053037,12.539407831447056,0.005748102970857527,12.545155934417913
242,confirmation,2038,4,11.612779849672751,11.41430255112119,0.008183497935848537,11.422486049057039
260,confirmation,2038,4,11.48247656671073,11.532820861609546,0.006376155897613877,11.53919701750716
266,confirmation,2038,4,12.075400019877522,12.11191007239207,-0.058565655737112865,12.053344416654957
267,confirmation,2038,4,12.128116509451258,12.104647691212726,-0.0023273977477978928,12.102320293464928
268,confirmation,2038,4,12.097936057925594,12.12745126170478,-0.014400924032006957,12.113050337672773
270,confirmation,2038,4,11.904974309480181,11.92583205533494,0.008512593983722115,11.934344649318662
271,confirmation,2038,4,12.491255347155265,12.476842771800328,0.012446776848989599,12.489289548649317
275,confirmation,2038,4,11.732069026983156,11.780233674693346,0.010332917130154818,11.7905665918235
279,confirmation,2038,4,12.936754021718041,12.874472657883173,0.02335955641441199,12.897832214297585
280,confirmation,2038,4,12.165255859329688,12.196800734542649,0.010715449582143289,12.207516184124792
284,confirmation,2038,4,12.407383590534293,12.403734432611492,0.022878091135831023,12.426612523747323
288,confirmation,2038,4,11.385103457032141,11.514803547897632,0.0008194333866818195,11.515622981284313
294,confirmation,2038,4,12.367345048436391,12.354318565975976,0.00621114103260571,12.360529707008583
296,confirmation,2038,4,11.86710429621008,11.875653725183756,-0.011297498498550534,11.864356226685207
301,confirmation,2038,4,11.964007453736912,12.009808347026109,0.008907560490794608,12.018715907516903
315,confirmation,2038,4,12.08954444723597,11.989220422723276,0.008136367939902554,11.99735679066318
322,confirmation,2038,4,12.777055016970678,12.739779368299704,0.00709689785417859,12.746876266153883
325,confirmation,2038,4,12.396697137361691,12.47052220297056,0.003702758948728407,12.474224961919289
327,confirmation,2038,4,12.688501881189456,12.540544232124445,0.02346912569669315,12.564013357821137
332,confirmation,2038,4,11.842236406331555,11.79599498432857,0.002547811010593354,11.798542795339163
338,confirmation,2038,4,12.273735966890268,12.300032338774995,-0.001795863118880572,12.298236475656115
347,confirmation,2038,4,11.928347504569842,11.832296309298394,0.010333107518170242,11.842629416816564
354,confirmation,2038,4,11.570259974415547,11.46083093746929,-0.017916161388736772,11.442914776080553
358,confirmation,2038,4,11.80560254159177,11.847519648093456,-0.002420203819914087,11.845099444273542
360,confirmation,2038,4,12.54254845357358,12.53241665048612,-0.00392469798623944,12.52849195249988
362,confirmation,2038,4,11.884495917930655,11.856071881851737,0.006704981534684526,11.86277686338642
367,confirmation,2038,4,11.976665770490767,12.011878955001862,0.01574506847597053,12.027624023477832
376,confirmation,2038,4,11.0186455364637,11.238687677674372,-0.03201554902690942,11.206672128647464
377,confirmation,2038,4,11.904974309480181,11.841876261434782,0.0109809528424698,11.852857214277252
379,confirmation,2038,4,12.885204569609956,12.879759812246215,0.008112230627414523,12.88787204287363
388,confirmation,2038,4,11.736077016252437,11.736184879868912,0.01981096147240946,11.75599584134132
389,confirmation,2038,4,12.160033942617156,12.1861513964523,0.005615576757966891,12.191766973210266
398,confirmation,2038,4,12.040614105490253,11.930418649323318,-0.006536652003849773,11.923881997319468
403,confirmation,2038,4,11.58989576532275,11.525451413323792,-0.026507176843476907,11.498944236480314
408,confirmation,2038,4,12.083910661257521,11.981744646422516,0.008172420282899912,11.989917066705416
412,confirmation,2038,4,11.884495917930655,11.865718343530038,-0.009829417657760055,11.855888925872277
414,confirmation,2038,4,11.652696102959753,11.582014820483716,-0.012622389939156136,11.569392430544559
416,confirmation,2038,4,12.106997888588934,12.14485806765602,-0.008760197559594257,12.136097870096426
420,confirmation,2038,4,11.863589378812122,11.786383185683164,0.00010063112239159766,11.786483816805555
425,confirmation,2038,4,11.842236406331555,11.870523495825749,0.0021232781150920814,11.872646773940842
427,confirmation,2038,4,12.524530013005734,12.38153505141266,-0.01497827619888174,12.366556775213779
431,confirmation,2038,4,11.355113089309977,11.453617735222588,-0.009501500594658667,11.444116234627929
432,confirmation,2038,4,11.288543647320601,11.540295579746422,0.0018685979199657258,11.542164177666388
455,confirmation,2038,4,12.144202560946876,11.877653232169438,-0.03476303881673343,11.842890193352705
459,confirmation,2038,4,11.989165855127435,11.917705469562362,-0.0048315696622506675,11.912873899900111
460,confirmation,2038,4,11.608244735642321,11.664855500221806,-0.009173257493200372,11.655682242728606
464,confirmation,2038,4,12.147919030759663,12.161002856331972,0.03352359365931836,12.19452644999129
465,confirmation,2038,4,11.728044909070785,11.634647374730582,-0.007793681084830931,11.626853693645751
467,confirmation,2038,4,12.025755079404917,11.980525657330004,0.03099045924820379,12.011516116578207
470,confirmation,2038,4,12.138869243416009,12.120329939810292,0.008047871112828677,12.128377810923121
476,confirmation,2038,4,11.794345471549745,11.831091950012096,0.01236746464331677,11.843459414655413
479,confirmation,2038,4,12.601490784782536,12.601114195687693,0.009419211803507403,12.6105334074912
485,confirmation,2038,4,11.794345471549745,11.787239237775635,0.0006354432085030586,11.787874680984139
490,confirmation,2038,4,11.362114203075018,11.532365321879825,-0.0070677680458086645,11.525297553834015
492,confirmation,2038,4,11.798111925972618,11.900797430585389,-0.015089604400925206,11.885707826184463
496,confirmation,2038,4,10.460270761075149,11.150218665520208,0.027231805613710726,11.17745047113392
504,confirmation,2038,4,12.574185427296195,12.408294470305664,0.010377024429701839,12.418671494735365
522,confirmation,2038,4,11.918397239722838,11.942667552269894,0.009553574924919627,11.952221127194814
529,confirmation,2038,4,11.362114203075018,11.376578676055347,0.03003250995555344,11.4066111860109
537,confirmation,2038,4,12.144202560946876,12.181474705064844,-0.021598952730624118,12.15987575233422
549,confirmation,2038,4,11.736077016252437,11.696538652847938,-0.012984675615952504,11.683553977231986
552,confirmation,2038,4,11.630717389475995,11.61332490719452,0.0009593354625414849,11.614284242657062
560,confirmation,2038,4,12.36308066783498,12.150308133714752,0.01757150635000116,12.167879640064752
562,confirmation,2038,4,12.04355959836804,12.040524299446863,0.004078423902829177,12.044602723349692
564,confirmation,2038,4,12.128116509451258,12.100464988106292,0.015722618099308888,12.116187606205601
576,confirmation,2038,4,11.682676678340282,11.633578363444276,-0.013341837290563376,11.620236526153713
581,confirmation,2038,4,12.111217862017215,12.112138611601155,-0.014492708109357686,12.097645903491797
585,confirmation,2038,4,11.798111925972618,11.874336187606914,0.01045120291735995,11.884787390524274
593,confirmation,2038,4,11.835016210489899,11.903301787699286,0.0061226829461623515,11.90942447064545
597,confirmation,2038,4,11.648373769145277,11.571276323892985,0.009753328529401473,11.581029652422385
599,confirmation,2038,4,12.289958727201455,12.254312704441926,-0.00018670031466896855,12.254126004127256
600,confirmation,2038,4,11.92504173829169,11.948985399063808,-0.002002968070942951,11.946982430992865
607,confirmation,2038,4,11.931642378754141,11.990394740561069,0.009348489112759541,11.999743229673829
608,confirmation,2038,4,12.323860125621126,12.116749651280562,-0.01849767777432158,12.09825197350624
609,confirmation,2038,4,12.791358964949923,12.522576286210152,0.029688072018370464,12.552264358228522
610,confirmation,2038,4,11.682676678340282,11.659132433063006,0.0019099937720712414,11.661042426835078
616,confirmation,2038,4,11.83138646878959,11.795070203193395,-0.006136811807611952,11.788933391385783
617,confirmation,2038,4,12.118339189722553,12.117641361911906,0.009419841694508818,12.127061203606415
620,confirmation,2038,4,12.628070334272698,12.6952810939634,0.011257390299949509,12.70653848426335
621,confirmation,2038,4,11.112462823634855,10.985267821578708,-0.0169485969383052,10.968319224640402
624,confirmation,2038,4,12.034696963475044,12.116639573708037,0.021010953526043503,12.137650527234081
627,confirmation,2038,4,11.848690308590857,11.739462552584596,0.03164824690852304,11.771110799493119
628,confirmation,2038,4,11.938199736300925,12.000107188703218,0.0010731245988453819,12.001180313302063
638,confirmation,2038,4,11.440365524765756,11.55147201725796,-0.011728771341369812,11.539743245916592
640,confirmation,2038,4,12.485830907348902,12.474140985868098,0.01387890028933589,12.488019886157435
643,confirmation,2038,4,12.75130259456002,12.71190722771788,0.006354972694390024,12.718262200412271
648,confirmation,2038,4,11.951186847493476,11.863611146848031,0.01120139054588733,11.874812537393918
651,confirmation,2038,4,12.235393555399902,12.24776248102149,-0.0066659364965689595,12.24109654452492
657,confirmation,2038,4,11.8879382384223,11.877194739954437,-0.003416459924406832,11.873778280030029
659,confirmation,2038,4,11.487617913343598,11.741270976193425,-0.0041311259441856735,11.737139850249239
664,confirmation,2038,4,11.83138646878959,11.86330778725389,-0.010065367599207023,11.853242419654682
666,confirmation,2038,4,12.348010479804223,12.3820934477803,-0.014707734553184729,12.367385713227115
668,confirmation,2038,4,12.173037959397275,12.24962402920154,0.007313507871981052,12.25693753707352
669,confirmation,2038,4,12.031725210748633,12.000575070853818,-0.019278010266676544,11.981297060587142
671,confirmation,2038,4,12.063938642041201,12.072369558502425,0.0022263108321291226,12.074595869334553
689,confirmation,2038,4,12.879019669789754,12.346630938447277,0.015050168480518097,12.361681106927795
693,confirmation,2038,4,12.721888795877375,12.644788529364384,0.0006636396095910214,12.645452168973975
698,confirmation,2038,4,11.724004532183379,11.795986124710092,0.0048565976140241265,11.800842722324116
701,confirmation,2038,4,12.652362948153474,12.628498530162917,-0.00214699295708118,12.626351537205835
702,confirmation,2038,4,11.849404844423074,11.888010076911256,0.017186402389094795,11.90519647930035
709,confirmation,2038,4,12.09815887308463,12.079144843318522,-0.014759022047990573,12.064385821270532
721,confirmation,2038,4,12.524530013005734,12.529069836345302,-0.015610351367224709,12.513459484978078
724,confirmation,2038,4,11.813037464800539,11.81833025290312,-0.011798217552816905,11.806532035350303
728,confirmation,2038,4,12.178192583415596,12.193830422776598,-0.0027215592228424343,12.191108863553756
738,confirmation,2038,4,12.3879816172226,12.347521106583748,0.001366798009511796,12.34888790459326
740,confirmation,2038,4,12.154784614286667,12.179607847219838,-0.011259500688641401,12.168348346531197
741,confirmation,2038,4,11.790564777297387,11.675278415303708,0.017700333321505814,11.692978748625213
743,confirmation,2038,4,12.095146671399466,12.003591999903938,-0.012968539637886902,11.99062346026605
746,confirmation,2038,4,12.61087420020211,12.731850980781816,-0.03248618626120817,12.699364794520609
749,confirmation,2038,4,12.469978029554953,12.452255687874196,0.01647497748731835,12.468730665361514
758,confirmation,2038,4,11.97603664577121,11.82336962306403,0.005150494118255642,11.828520117182286
765,confirmation,2038,4,12.506180941677357,12.430423062203989,-0.0029483544064587367,12.427474707797531
766,confirmation,2038,4,12.484208043148733,12.577356495413223,0.011262036363827704,12.588618531777051
767,confirmation,2038,4,12.188422799337028,12.114875842299476,-0.0061466244442387125,12.108729217855238
771,confirmation,2038,4,11.812296455066814,11.796976570554378,0.0060943593816897975,11.803070929936068
772,confirmation,2038,4,11.532737896139919,11.715471834590865,-0.00116067715272078,11.714311157438145
773,confirmation,2038,4,11.580593459194764,11.808793430641828,0.006191980455533319,11.81498541109736
797,confirmation,2038,4,11.874097282798648,11.814006058360404,0.0175664553102521,11.831572513670656
806,confirmation,2038,4,12.335700805443338,12.251325378355238,-0.0017288403012444531,12.249596538053995
809,confirmation,2038,4,11.982622797311857,11.891039562082234,0.014653504029108927,11.905693066111343
812,confirmation,2038,4,11.881041706925902,11.8988505043602,0.0004759361626693721,11.899326440522868
822,confirmation,2038,4,11.440365524765756,11.355961438623126,0.03703751686277556,11.392998955485902
825,confirmation,2038,4,12.357079818283598,12.324141486310642,0.012909176834033642,12.337050663144677
835,confirmation,2038,4,11.849047640327147,11.831669144243811,-0.011994335585739164,11.819674808658073
844,confirmation,2038,4,11.856522261533737,11.724519910673791,-0.0033327387477321644,11.72118717192606
845,confirmation,2038,4,11.944064817531656,11.844517529174784,0.03500980685789489,11.879527336032679
849,confirmation,2038,4,12.388398368982115,12.411560442812442,0.032924487235990736,12.444484930048434
856,confirmation,2038,4,11.751950239425476,11.863247209274578,-0.01434567331541641,11.848901535959161
858,confirmation,2038,4,12.066816325306588,11.98495735707557,-0.0073087200592088,11.977648637016362
863,confirmation,2038,4,11.931642378754141,11.863859221850795,0.0008535174888507322,11.864712739339646
865,confirmation,2038,4,12.43153750053306,12.190244401962053,-0.002740203900812993,12.187504198061239
867,confirmation,2038,4,12.424810506025395,12.430588458728112,-0.04973505429540343,12.380853404432708
871,confirmation,2038,4,11.603688960617083,11.51989822905528,0.011490636545964125,11.531388865601244
884,confirmation,2038,4,11.682676678340282,11.748231771709923,-0.012508144779444995,11.735723626930477
893,confirmation,2038,4,11.947955847790901,11.86738337318685,1.810270334743118e-05,11.867401475890198
895,confirmation,2038,4,11.685693195625964,11.715782926154349,-0.012120656627568682,11.70366226952678
898,confirmation,2038,4,11.870278179170796,11.8198521114912,-0.010276766445420063,11.80957534504578
900,confirmation,2038,4,11.813037464800539,11.820464393340783,0.005570356689323536,11.826034750030107
904,confirmation,2038,4,12.388398368982115,12.415039782009371,0.015645770987164482,12.430685552996536
905,confirmation,2038,4,11.74006900564972,11.705736925471308,-0.0023537876630230887,11.703383137808284
910,confirmation,2038,4,12.066816325306588,12.056300382951653,-0.014327924065544593,12.041972458886109
914,confirmation,2038,4,11.884495917930655,11.884659636976105,-0.005780069007407163,11.878879567968697
928,confirmation,2038,4,12.07824495582233,12.069598150710313,-0.00927021231817967,12.060327938392133
940,confirmation,2038,4,12.406565597924235,12.352053452567416,0.044861392739920763,12.396914845307338
952,confirmation,2038,4,11.694421681264394,11.649766773870024,-0.02016660649457369,11.62960016737545
954,confirmation,2038,4,12.055255569732177,11.96600087807837,0.011287074275623128,11.977287952353993
957,confirmation,2038,4,11.728044909070785,11.713848965048674,-0.008263455454697652,11.705585509593977
958,confirmation,2038,4,11.790564777297387,11.747266174476788,0.00671646470056325,11.753982639177352
963,confirmation,2038,4,11.951186847493476,11.945509522014405,0.005871113447849166,11.951380635462254
964,confirmation,2038,4,12.384223015005313,12.47633101934952,0.0007217393428639173,12.477052758692384
972,confirmation,2038,4,12.06105265381003,12.003461841202563,-0.0024690531827076456,12.000992788019856
980,confirmation,2038,4,11.842236406331555,11.787895591576042,0.002880552006715971,11.790776143582757
982,confirmation,2038,4,12.724869415131389,12.681453646053756,-0.015114258268801554,12.666339387784953
984,confirmation,2038,4,12.45254592991672,12.401648698564651,-0.0042581119101809525,12.39739058665447
985,confirmation,2038,4,11.744045122410057,11.740111190920382,-0.020309662684194804,11.719801528236188
998,confirmation,2038,4,12.128116509451258,11.986975856917091,0.008623608857548586,11.99559946577464
1000,confirmation,2038,4,12.235636302128867,12.153171661159138,-0.0020121719078972835,12.151159489251242
1003,confirmation,2038,4,12.354496960983985,12.391218601994026,0.0040960527254465025,12.395314654719472
1005,confirmation,2038,4,12.10625783509458,12.140552582632212,-0.006476441421287119,12.134076141210926
1007,confirmation,2038,4,12.004574385508691,11.961541710344818,-0.005738393113420008,11.955803317231398
1012,confirmation,2038,4,11.51293546492023,11.516176318169668,-0.000773918887265561,11.515402399282403
1013,confirmation,2038,4,12.013706813470414,12.043465083169451,0.023891367359959077,12.06735645052941
1020,confirmation,2038,4,12.271349956195543,12.218568097161148,-0.009178659737772847,12.209389437423376
1031,confirmation,2038,4,11.982935344196433,11.781356720445592,0.019495530936555,11.800852251382146
1035,confirmation,2038,4,11.693169865968983,11.754954411240666,-0.002672756688709115,11.752281654551958
1038,confirmation,2038,4,12.567240979056246,12.410366984370333,-0.013146645334369718,12.397220339035963
1043,confirmation,2038,4,12.185875040240456,12.19397250289869,-0.00013043853169251939,12.193842064366997
1048,confirmation,2038,4,11.884495917930655,11.892653713714283,0.014677243345892895,11.907330957060177
1049,confirmation,2038,4,11.652696102959753,11.795087237275164,0.009480392645219866,11.804567629920383
1051,confirmation,2038,4,12.080996832096167,12.110585713807623,-0.026605716103724978,12.083979997703898
1052,confirmation,2038,4,12.206782393599413,12.13988101011754,-0.02025501782902965,12.11962599228851
1053,confirmation,2038,4,12.013706813470414,11.991236566721293,0.0010941804539981487,11.992330747175291
1059,confirmation,2038,4,12.721888795877375,12.806168806757576,0.000839297872773915,12.80700810463035
1065,confirmation,2038,4,11.944714374881176,11.94948759924066,-0.006245486204990851,11.94324211303567
1070,confirmation,2038,4,11.813037464800539,11.77619463120522,0.005724449316625103,11.781919080521845
1071,confirmation,2038,4,11.813037464800539,11.785886416537094,0.008207700092016042,11.794094116629111
1077,confirmation,2038,4,12.04355959836804,11.953735910063584,0.01207604331307131,11.965811953376654
1084,confirmation,2038,4,11.982935344196433,11.971124434576598,0.018375386281844312,11.989499820858443
1088,confirmation,2038,4,12.437188334739655,12.456989345191763,0.003545443020650501,12.460534788212414
1093,confirmation,2038,4,11.824087219587643,12.012121877987743,-0.02300822512161862,11.989113652866125
1095,confirmation,2038,4,11.767575435251748,11.810080117969925,-0.013820160255243455,11.796259957714682
1104,confirmation,2038,4,11.979805470779858,11.88761918652357,-0.009117940736414172,11.878501245787156
1117,confirmation,2038,4,12.123239799036943,12.100954132646258,0.00698728089665256,12.10794141354291
1119,confirmation,2038,4,11.849404844423074,11.793756566323484,0.012272492753120883,11.806029059076605
1120,confirmation,2038,4,11.803361242493628,11.699953541049569,-0.007973272949616509,11.691980268099952
1121,confirmation,2038,4,11.681832447342321,11.6477989207478,0.0038929269179880026,11.651691847665788
1134,confirmation,2038,4,12.386312871189734,12.376948378573603,-0.013287065141694865,12.363661313431908
1140,confirmation,2038,4,11.87757552297847,11.71389693236912,0.005790705432057093,11.719687637801178
1143,confirmation,2038,4,12.959540872420414,12.859658310497386,0.030680857409483734,12.89033916790687
1152,confirmation,2038,4,11.917730355182513,11.965643317670436,-0.017445710334750213,11.948197607335686
1157,confirmation,2038,4,12.100161978566867,12.12283885170438,0.018101516181925747,12.140940367886305
1162,confirmation,2038,4,12.319405795112926,12.24277834746475,-0.019747228463920477,12.22303111900083
1165,confirmation,2038,4,12.175618592671356,12.2125118444909,-0.008743376072455527,12.203768468418444
1168,confirmation,2038,4,12.06105265381003,12.177350372682511,0.0047636138482320435,12.182113986530743
1184,confirmation,2038,4,11.695255355062795,11.8715360223065,0.008072967880970798,11.87960899018747
1185,confirmation,2038,4,12.137263685701864,12.229974838202416,0.01821004420207978,12.248184882404496
1189,confirmation,2038,4,12.180759965737863,12.124055518716242,-0.02116225804388523,12.102893260672356
1193,confirmation,2038,4,11.736077016252437,11.726003604929057,0.006078470144121515,11.732082075073178
1200,confirmation,2038,4,11.904974309480181,11.864367347964256,0.0040279611077265525,11.868395309071984
1211,confirmation,2038,4,12.149507585033072,12.195161768835488,-0.01846248516752491,12.176699283667963
1214,confirmation,2038,4,11.884495917930655,11.700502838395796,0.011909215793872526,11.712412054189668
1216,confirmation,2038,4,11.736077016252437,11.585573065527882,-0.00829919255208181,11.5772738729758
1220,confirmation,2038,4,11.424105180165641,11.447759007715534,-0.003479018010736214,11.444279989704798
1221,confirmation,2038,4,11.652696102959753,11.62254980487674,-0.0026677027366767375,11.619882102140064
1229,confirmation,2038,4,12.813920618864572,12.82117661559731,0.020842378359103544,12.842018993956414
1232,confirmation,2038,4,11.794345471549745,11.879720894131516,-0.004276121075863825,11.875444773055653
1237,confirmation,2038,4,12.075400019877522,11.999722752402388,-0.01461769331104366,11.985105059091344
1239,confirmation,2038,4,11.86710429621008,11.775656195990123,-0.03146424568539578,11.744191950304728
1240,confirmation,2038,4,12.490879338036375,12.307557994243709,-0.007174531098027295,12.300383463145682
1244,confirmation,2038,4,13.049794835104816,12.94210651562197,0.024858368124623855,12.966964883746595
1245,confirmation,2038,4,12.345838935721968,12.14343910656128,0.022662901367357,12.166102007928636
1246,confirmation,2038,4,12.08954444723597,12.18682909139564,0.016772694189464227,12.203601785585105
1251,confirmation,2038,4,12.404927602627597,12.390118440189475,-0.026409245140360457,12.363709195049115
1254,confirmation,2038,4,12.591338447675579,12.58743650735701,0.010247897525019964,12.59768440488203
1255,confirmation,2038,4,12.016128107502665,12.131342426949873,-0.011569382037169394,12.119773044912703
1257,confirmation,2038,4,12.616528611893463,12.678020455914536,-0.001477055820283388,12.676543400094253
1260,confirmation,2038,4,11.92504173829169,11.894204072932377,-0.0024988443530189947,11.891705228579358
1265,confirmation,2038,4,12.10625783509458,11.989547493386976,0.0012277243922513461,11.990775217779227
1267,confirmation,2038,4,11.711784520403112,11.737839024084252,-0.006983805367765992,11.730855218716487
1273,confirmation,2038,4,11.827743504053695,11.805593791694356,0.011718873578970173,11.817312665273327
1275,confirmation,2038,4,11.842236406331555,11.876190573514863,0.029904062362295092,11.906094635877158
1280,confirmation,2038,4,11.133142723386813,11.498709161331714,0.046089624033512536,11.544798785365227
1281,confirmation,2038,4,12.33270970174018,12.232201968358822,0.002791109989998872,12.234993078348822
1282,confirmation,2038,4,12.100717685412471,12.12207974456309,-0.003329936475180611,12.118749808087909
1289,confirmation,2038,4,12.535379989788607,12.494414538159656,0.006576765764038247,12.500991303923694
1291,confirmation,2038,4,12.103491596905931,11.99506650911312,0.011183503407691878,12.00625001252081
1296,confirmation,2038,4,11.83863282480007,11.833020729554482,0.028717937865574854,11.861738667420056
1311,confirmation,2038,4,12.721888795877375,12.622018551041055,0.008969237546320804,12.630987788587376
1313,confirmation,2038,4,12.618185607609803,12.524090478045894,-0.02467690363084469,12.49941357441505
1323,confirmation,2038,4,12.154784614286667,12.344308431410823,0.005023907742663337,12.349332339153486
1330,confirmation,2038,4,12.081081821061819,12.10170018980562,-0.007552997544417188,12.094147192261202
1339,confirmation,2038,4,12.206077645517674,12.299142496905448,-0.0017644474698373827,12.297378049435611
1342,confirmation,2038,4,11.951186847493476,11.931438903045295,-0.0023857733143496616,11.929053129730946
1354,confirmation,2038,4,12.923914877701906,12.887332172384056,0.042352770991522466,12.929684943375578
1355,confirmation,2038,4,12.367345048436391,12.36521162741914,-0.003979005920576406,12.361232621498562
1356,confirmation,2038,4,12.04355959836804,12.142554093546092,0.012288595602798663,12.154842689148891
1365,confirmation,2038,4,11.878630514504515,11.899915367316847,-0.02680129317953283,11.873114074137314
1368,confirmation,2038,4,11.751950239425476,11.778014983996515,0.0015930382426317103,11.779608022239147
1369,confirmation,2038,4,11.87757552297847,11.848492142344655,-0.002348934276742319,11.846143208067913
1377,confirmation,2038,4,11.418625774449598,11.435355471944792,-0.009951851522083279,11.425403620422708
1381,confirmation,2038,4,10.97679912709094,11.201901440755195,-0.027602893441866862,11.17429854731333
1383,confirmation,2038,4,11.964007453736912,11.893246328625878,0.0020843479623224885,11.8953306765882
1394,confirmation,2038,4,12.001511614739405,11.809563587501902,-0.010876156877254876,11.798687430624646
1405,confirmation,2038,4,11.561725152903833,11.502164417917832,0.003564598427212789,11.505729016345045
1408,confirmation,2038,4,11.626263078808801,11.6548519588412,0.0083552689118162,11.663207227753015
1410,confirmation,2038,4,12.278397958261774,12.24089723955716,0.003804613268249316,12.24470185282541
1421,confirmation,2038,4,12.100161978566867,12.051448621458755,0.010802637244995491,12.062251258703752
1430,confirmation,2038,4,12.116700301832573,12.19477476154213,0.008248497654929474,12.203023259197058
1432,confirmation,2038,4,11.87583791515714,11.798469937591715,0.011570966913301912,11.810040904505017
1441,confirmation,2038,4,12.160033942617156,12.161746455600785,0.00010021417426858055,12.161846669775054
1450,confirmation,2038,4,11.429554725537322,11.41860595621502,-0.004841105733737736,11.413764850481282
3,confirmation,2038,5,12.317171167298682,12.231716328135038,0.0052870473336630985,12.237003375468701
5,confirmation,2038,5,12.429220196836383,12.649885972497648,-0.003419256968635319,12.646466715529012
7,confirmation,2038,5,12.634606283893019,12.496009509965416,0.006607115845299056,12.502616625810715
9,confirmation,2038,5,11.774527900858468,11.778748410321178,-0.02323517020505026,11.755513240116128
10,confirmation,2038,5,11.678448377988165,11.709053495217685,0.001796720093761162,11.710850215311446
14,confirmation,2038,5,12.540761149388421,12.30858635307733,-0.01369023644317678,12.294896116634153
17,confirmation,2038,5,11.91170829631447,11.917352291915906,-0.0011362246033320594,11.916216067312574
23,confirmation,2038,5,12.345838935721968,12.35097154724442,-0.012631630289023393,12.338339916955396
27,confirmation,2038,5,11.811554895830454,11.837248936474635,-0.002970743143642268,11.834278193330993
36,confirmation,2038,5,12.6410997921206,12.648032345591549,-0.0009078573447218945,12.647124488246828
39,confirmation,2038,5,11.599112335481124,11.748380209494202,0.004024893165657153,11.752405102659859
40,confirmation,2038,5,11.314486721293981,11.354085898105277,-0.005107764488267855,11.34897813361701
53,confirmation,2038,5,11.608244735642321,11.490368650088934,0.015062325577052069,11.505430975665986
54,confirmation,2038,5,12.861001210669146,12.770930421063182,0.02601812849333402,12.796948549556516
58,confirmation,2038,5,12.188422799337028,12.188007986634789,0.0011399737157939795,12.189147960350583
72,confirmation,2038,5,11.771443882099637,11.78742997697674,-0.003283344936766069,11.784146632039974
76,confirmation,2038,5,11.418625774449598,11.421128640314612,-0.03131752058540533,11.389811119729206
78,confirmation,2038,5,11.751950239425476,11.68113747850725,-0.004048157079765341,11.677089321427484
85,confirmation,2038,5,12.034696963475044,12.032811297331444,-0.0024640462464162686,12.030347251085027
87,confirmation,2038,5,12.066816325306588,12.075571553297,0.005844954877263455,12.081416508174263
96,confirmation,2038,5,12.128116509451258,12.137546055678497,1.1267904058598278e-06,12.137547182468902
98,confirmation,2038,5,11.459007676978688,11.724073503269668,0.01249749873901989,11.736571002008688
99,confirmation,2038,5,11.326607934898927,11.347931179955152,0.004740298638954845,11.352671478594107
107,confirmation,2038,5,11.51293546492023,11.366999849551323,-0.02912117021308757,11.337878679338235
110,confirmation,2038,5,12.154784614286667,12.248621648414073,-0.0014113656264696875,12.247210282787602
114,confirmation,2038,5,12.28765724080691,12.298347166146636,-0.004168424139347496,12.294178742007288
116,confirmation,2038,5,12.07824495582233,12.028569939108763,0.004604784656509791,12.033174723765272
118,confirmation,2038,5,11.951186847493476,11.884327473097688,0.002106200829264868,11.886433673926954
119,confirmation,2038,5,12.676079399771027,12.725452490044814,-0.012264837665375249,12.713187652379439
122,confirmation,2038,5,11.51293546492023,11.484507401735794,0.0136946593679051,11.498202061103699
128,confirmation,2038,5,11.373674891823535,11.449128346344995,-0.020297995171404244,11.428830351173591
132,confirmation,2038,5,12.404927602627597,12.316911140027836,0.001923159999978524,12.318834300027815
135,confirmation,2038,5,12.100717685412471,12.058112708359086,0.013023851495676015,12.071136559854763
147,confirmation,2038,5,11.561725152903833,11.553704189639143,0.021331282087949648,11.575035471727093
150,confirmation,2038,5,11.652696102959753,11.580327877074842,-0.0018529021813780307,11.578474974893464
151,confirmation,2038,5,11.711784520403112,11.82929246582387,0.0031738442173671346,11.832466310041237
166,confirmation,2038,5,11.755879486687116,11.757161691069472,0.012452651492555028,11.769614342562027
167,confirmation,2038,5,12.154784614286667,12.284102016492191,0.006273938925092918,12.290375955417284
176,confirmation,2038,5,12.400820837540556,12.310429421313028,-0.0193773078037045,12.291052113509323
179,confirmation,2038,5,13.126032637428713,12.98786653029325,0.03942897297700589,13.027295503270256
185,confirmation,2038,5,11.751950239425476,11.72022517464567,-0.005946790129163425,11.714278384516506
186,confirmation,2038,5,13.07107218827772,12.608447134416048,-0.030298032677993143,12.578149101738054
200,confirmation,2038,5,12.524166311833152,12.635169350068889,-0.012763239084304405,12.622406110984585
207,confirmation,2038,5,11.87688084212164,11.808799965837537,0.016962990452276686,11.825762956289813
210,confirmation,2038,5,11.884495917930655,11.90403940508955,-0.0021915986166131125,11.901847806472936
215,confirmation,2038,5,11.993813394724253,11.914919243080204,-0.012460964050170881,11.902458279030034
220,confirmation,2038,5,12.027191164883384,12.043384271653986,-0.003626807734781437,12.039757463919205
223,confirmation,2038,5,12.100161978566867,12.081476564800392,0.0036294196726038164,12.085105984472996
229,confirmation,2038,5,11.736077016252437,11.705428476970331,0.002867783391782878,11.708296260362115
235,confirmation,2038,5,12.285350445351659,12.285987393447284,0.008623168929959105,12.294610562377244
238,confirmation,2038,5,12.178192583415596,12.305019161891988,0.007995146359258057,12.313014308251246
244,confirmation,2038,5,11.695255355062795,11.807908143260592,-0.004549503438379426,11.803358639822212
259,confirmation,2038,5,12.352339472153524,12.277211488176782,0.0038365544257770575,12.28104804260256
264,confirmation,2038,5,11.775297421715827,11.720909049409904,-0.013523533652070504,11.707385515757833
276,confirmation,2038,5,12.230770136157428,12.05855100892815,0.021568437138018027,12.080119446066169
281,confirmation,2038,5,12.339295865674435,12.299495662933024,0.017682428626203936,12.317178091559228
282,confirmation,2038,5,12.128116509451258,12.12913214121356,0.0011752511906469557,12.130307392404207
289,confirmation,2038,5,11.711784520403112,11.638250122019752,-0.010505020913069119,11.627745101106683
290,confirmation,2038,5,11.941950837487406,11.86376950525072,0.007025235430074379,11.870794740680795
293,confirmation,2038,5,11.782960235741939,11.88371954494609,0.002314494332681531,11.886034039278771
298,confirmation,2038,5,12.384223015005313,12.321326576932664,-0.005256946847972387,12.316069630084693
299,confirmation,2038,5,12.07254696717504,12.113380465064186,0.015249681890677696,12.128630146954864
302,confirmation,2038,5,12.495007682693725,12.494765995653973,-0.007137280960794024,12.487628714693178
304,confirmation,2038,5,11.917730355182513,11.75215984316569,-0.006923434666991178,11.7452364084987
306,confirmation,2038,5,12.631016799175821,12.5880044627941,-0.022360170900654917,12.565644291893445
307,confirmation,2038,5,12.323860125621126,12.308379074008243,0.007710955451117121,12.31609002945936
318,confirmation,2038,5,12.506180941677357,12.470705835466283,0.020845034356514046,12.491550869822797
320,confirmation,2038,5,12.141539457711714,12.155314357653666,-0.01586778106448105,12.139446576589185
321,confirmation,2038,5,12.74444728628135,12.695274845148264,0.023456739253265007,12.718731584401528
336,confirmation,2038,5,12.34126328584159,12.24503852117548,0.04102488870553724,12.286063409881018
340,confirmation,2038,5,11.951186847493476,11.848658845495924,0.0018198618674230684,11.850478707363347
342,confirmation,2038,5,11.314486721293981,11.221568535577298,0.0028379417173841465,11.224406477294682
343,confirmation,2038,5,11.37940550085183,11.454657634077495,-0.0024053112139294985,11.452252322863567
344,confirmation,2038,5,12.491255347155265,12.537574814405684,-0.010230170573164334,12.527344643832519
345,confirmation,2038,5,11.350418300109132,11.387733770700637,0.012621461390587311,11.400355232091224
349,confirmation,2038,5,11.944714374881176,12.167376790188902,0.009448483569943794,12.176825273758846
350,confirmation,2038,5,12.988043102265232,13.108529956563752,-0.0040462119461692585,13.104483744617582
351,confirmation,2038,5,12.670001611311875,12.643769949216612,-0.060920001588531086,12.58284994762808
355,confirmation,2038,5,11.849404844423074,11.980467607516331,-0.02964777949618096,11.950819828020151
357,confirmation,2038,5,12.06105265381003,12.030039196599846,0.015436638042434576,12.04547583464228
368,confirmation,2038,5,12.013706813470414,11.951468843474954,0.004688838924255606,11.95615768239921
369,confirmation,2038,5,11.790564777297387,11.897361238540512,0.009575313614596261,11.906936552155107
372,confirmation,2038,5,11.808821212646512,11.708592686617404,0.0006114833553213602,11.709204169972725
378,confirmation,2038,5,12.73670383776449,12.581836775644414,-0.0273753020720999,12.554461473572314
380,confirmation,2038,5,12.095146671399466,12.079082674008207,0.0010932059165522942,12.08017587992476
384,confirmation,2038,5,11.23850177707664,11.258807440171656,-0.010906960824398364,11.247900479347258
400,confirmation,2038,5,12.392556361841777,12.274621698122685,0.007881094244059928,12.282502792366746
404,confirmation,2038,5,12.460718739865236,12.407127813679756,-0.02252676931377879,12.384601044365978
405,confirmation,2038,5,12.031725210748633,12.058244570828442,0.008852160966823341,12.067096731795266
406,confirmation,2038,5,11.918397239722838,11.973482670473144,0.001175393880985622,11.97465806435413
413,confirmation,2038,5,12.310437165348775,12.422782834301664,0.041488680269920156,12.464271514571584
419,confirmation,2038,5,11.744045122410057,11.570493668394729,0.0017920600397926887,11.57228572843452
422,confirmation,2038,5,12.278397958261774,12.320756328016376,-0.011869176294529752,12.308887151721846
426,confirmation,2038,5,11.813037464800539,11.770049083809017,-0.009405317195525826,11.76064376661349
445,confirmation,2038,5,12.25486757159303,12.293583916418076,-0.00449581281315248,12.289088103604923
446,confirmation,2038,5,11.755879486687116,11.910473201709587,0.007165758558254244,11.917638960267842
447,confirmation,2038,5,12.154784614286667,12.296838348820382,0.00018963249329949106,12.297027981313681
448,confirmation,2038,5,12.20557752297723,12.23821259136094,0.010065460059483982,12.248278051420424
457,confirmation,2038,5,11.49273296168228,11.26548530471421,0.014002433984632164,11.279487738698842
461,confirmation,2038,5,12.481565733211923,12.35509374881294,0.014219904156176197,12.369313652969117
471,confirmation,2038,5,12.264346270624157,12.237207137907816,-0.0003805727452196059,12.236826565162596
478,confirmation,2038,5,12.847929163278053,12.919343120202162,0.06336228365649839,12.982705403858661
480,confirmation,2038,5,11.401681006153428,11.646132856786652,-0.0014802103565575606,11.644652646430094
482,confirmation,2038,5,12.832013750189885,12.786550943043675,0.005540916862011508,12.792091859905687
487,confirmation,2038,5,11.957617696467539,11.922166025614333,-0.002945378940684082,11.919220646673649
488,confirmation,2038,5,12.07254696717504,12.09172610185676,0.003264785017153098,12.094990886873914
495,confirmation,2038,5,11.421917019425596,11.514151435816247,0.03230545036361472,11.546456886179861
508,confirmation,2038,5,12.246739428005663,12.055124892297226,0.01537744855237725,12.070502340849602
510,confirmation,2038,5,11.732069026983156,11.863536293213851,-0.014251945289519341,11.849284347924332
512,confirmation,2038,5,12.2193145828011,12.155497460256116,-0.0060065091068638695,12.149490951149252
516,confirmation,2038,5,12.90634935052389,12.84364709317424,-0.02790799253245093,12.815739100641789
518,confirmation,2038,5,12.487488878546145,12.58967189949666,-0.003931333988712389,12.585740565507948
525,confirmation,2038,5,12.662709207270272,12.664992902425116,0.019126492239796417,12.684119394664911
534,confirmation,2038,5,10.579005242826247,10.887517052761911,-0.026865917886691952,10.86065113487522
545,confirmation,2038,5,12.098854850641,12.194065797484368,-0.008227139535290844,12.185838657949077
550,confirmation,2038,5,12.479913113434042,12.369687701465509,0.0032416657809012793,12.37292936724641
558,confirmation,2038,5,11.58989576532275,11.555305198993103,0.028613002787672225,11.583918201780776
559,confirmation,2038,5,12.07254696717504,12.183453679491423,-0.002892236256215453,12.180561443235208
561,confirmation,2038,5,11.707677772181546,11.999238486054503,0.0061169385795040955,12.005355424634008
563,confirmation,2038,5,11.58989576532275,11.66978659957847,-0.0017173959723422287,11.668069203606128
567,confirmation,2038,5,12.691583538230217,12.688157317071154,0.006051691962383701,12.694209009033537
577,confirmation,2038,5,11.884495917930655,11.933034126259896,-0.007741009379737171,11.925293116880159
583,confirmation,2038,5,11.682676678340282,11.63504099409011,0.0013326991911449546,11.636373693281255
587,confirmation,2038,5,11.775297421715827,11.685433048269974,-0.0010351573065712262,11.684397890963403
588,confirmation,2038,5,11.827743504053695,11.809078155894912,0.009057142748968162,11.818135298643881
589,confirmation,2038,5,11.870606902224587,12.382708191676564,0.03956836516963499,12.422276556846198
592,confirmation,2038,5,13.02132904585825,12.995793598917157,-0.010802291830895904,12.984991307086261
594,confirmation,2038,5,11.849404844423074,11.850556926872374,-0.0025018736089076486,11.848055053263465
595,confirmation,2038,5,11.608244735642321,11.676296673540993,0.0003736688450676098,11.67667034238606
606,confirmation,2038,5,12.230770136157428,12.153046064109873,0.006417405088302054,12.159463469198174
612,confirmation,2038,5,11.904974309480181,11.985652160381187,-0.02305881748379447,11.962593342897392
618,confirmation,2038,5,11.566475710526321,11.679099056864064,0.006296987563451443,11.685396044427517
619,confirmation,2038,5,12.659737267217572,12.677298139018276,0.011243654501349006,12.688541793519626
623,confirmation,2038,5,11.813037464800539,11.739728839970844,0.017017483377174,11.756746323348018
626,confirmation,2038,5,11.982935344196433,11.86802016358048,0.014606947706523203,11.882627111287004
634,confirmation,2038,5,11.845109950883979,11.851031866884393,0.003057854302469301,11.854089721186861
635,confirmation,2038,5,11.87757552297847,11.789221952946878,-0.0024723749096695995,11.786749578037208
637,confirmation,2038,5,11.002116507732017,10.864165342146244,-0.04951473525414161,10.814650606892101
645,confirmation,2038,5,12.823631142839984,12.774699750428477,0.0032602428216175245,12.777959993250095
653,confirmation,2038,5,12.160033942617156,12.18091986282248,0.011131235489419177,12.192051098311898
656,confirmation,2038,5,11.385103457032141,11.316839522238062,-0.017407109812083234,11.299432412425979
660,confirmation,2038,5,12.025755079404917,11.985366918380324,-0.0023185105744334437,11.98304840780589
670,confirmation,2038,5,11.83138646878959,11.697108601903864,-0.0054109694657011485,11.691697632438162
673,confirmation,2038,5,12.013706813470414,12.067057879192925,0.01020158049930282,12.077259459692227
682,confirmation,2038,5,11.979391594635791,11.572031491521493,0.020344589952908134,11.5923760814744
685,confirmation,2038,5,12.30592250537653,12.284924510204178,-0.01029272027789069,12.274631789926287
691,confirmation,2038,5,11.856522261533737,11.90881395162039,0.0002672119564279651,11.909081163576818
692,confirmation,2038,5,13.534474352733596,13.20749510349555,0.05185558693733827,13.259350690432887
696,confirmation,2038,5,12.07824495582233,12.08202429618491,-0.0026670319464861623,12.079357264238423
697,confirmation,2038,5,11.39640288460621,11.46576933085418,0.037400895713117485,11.503170226567297
713,confirmation,2038,5,12.149507585033072,12.166688232321542,-0.0021786092759441948,12.164509623045598
716,confirmation,2038,5,12.013706813470414,11.917327512379886,0.002976338833808537,11.920303851213696
722,confirmation,2038,5,11.870606902224587,11.881470411470374,0.004647930419961638,11.886118341890336
725,confirmation,2038,5,12.676079399771027,12.63848533952175,-0.009056969922795295,12.629428369598955
726,confirmation,2038,5,11.699413330633599,11.657471889226988,0.012895555380745471,11.670367444607734
731,confirmation,2038,5,12.373707715234994,12.469023720259448,0.018652771990339486,12.487676492249788
736,confirmation,2038,5,12.001511614739405,12.028649009913496,0.025592064539484274,12.05424107445298
745,confirmation,2038,5,12.100717685412471,12.291940796780242,-0.011584112006338803,12.280356684773903
747,confirmation,2038,5,12.371591321286905,12.356434210328835,0.010570145184005612,12.36700435551284
748,confirmation,2038,5,12.491176396967154,12.39185342336626,-0.015479197139009929,12.37637422622725
756,confirmation,2038,5,12.058158312538197,12.033692477774146,0.010133237642391149,12.043825715416537
757,confirmation,2038,5,12.264346270624157,12.234297466855658,-0.008091297956504618,12.226206168899154
759,confirmation,2038,5,12.097378802727306,12.04123750424606,0.010296434715787364,12.051533938961848
761,confirmation,2038,5,11.755879486687116,11.647632847117835,0.0029409242159376425,11.650573771333773
763,confirmation,2038,5,12.279327754099118,12.2567594006507,0.004164839395391201,12.260924240046092
778,confirmation,2038,5,11.86710429621008,11.81373218053666,0.012257024503155441,11.825989205039814
782,confirmation,2038,5,12.077676615757813,12.101711730767622,0.015911007545923887,12.117622738313546
786,confirmation,2038,5,11.992266613576142,12.011512615666014,0.01565249685567501,12.027165112521688
788,confirmation,2038,5,12.358798024384122,12.341451653625116,0.00044663331321986594,12.341898286938337
793,confirmation,2038,5,12.505402864156405,12.39098152450562,-0.012618475621238233,12.378363048884381
800,confirmation,2038,5,12.07254696717504,12.043032768167246,0.004555624013319606,12.047588392180565
804,confirmation,2038,5,13.275829251377,12.985806468464414,0.0019176772097600555,12.987724145674175
810,confirmation,2038,5,11.571203807011969,11.6911605823692,-0.02526100725252061,11.66589957511668
813,confirmation,2038,5,10.932999821119937,11.466823294313702,0.015169838995860234,11.481993133309562
814,confirmation,2038,5,11.969723533345908,11.937573919598316,0.008663242981033362,11.946237162579349
815,confirmation,2038,5,11.661354090741,11.686534854017555,-0.01300646037308682,11.67352839364447
817,confirmation,2038,5,11.827743504053695,11.84299895929759,0.009370247342252676,11.852369206639843
819,confirmation,2038,5,11.951186847493476,11.926563965093225,-0.009454999372329962,11.917108965720894
823,confirmation,2038,5,12.323860125621126,12.112340079745588,0.0011367206693023236,12.11347680041489
829,confirmation,2038,5,12.128116509451258,12.099091915457784,-0.018958811335040387,12.080133104122744
836,confirmation,2038,5,11.759793355371237,11.80462008994322,-0.0001038880094246616,11.804516201933795
843,confirmation,2038,5,12.071975378543236,11.964608950906277,-0.003045761626177515,11.961563189280099
846,confirmation,2038,5,12.049424683420915,12.102065603313624,0.0069505376524585044,12.109016140966084
851,confirmation,2038,5,11.78676973513378,11.861408047160936,0.0042107642883701,11.865618811449306
870,confirmation,2038,5,12.371591321286905,12.324337100247712,-0.010101118271659144,12.314235981976053
876,confirmation,2038,5,12.623064399210183,12.67917525537588,0.017347523352942568,12.696522778728822
877,confirmation,2038,5,11.792456911128632,11.812722701582013,0.014434972260312184,11.827157673842326
879,confirmation,2038,5,11.904974309480181,11.921368432104012,-0.008914913271502675,11.91245351883251
882,confirmation,2038,5,12.141539457711714,12.262179598331118,0.004142870259115713,12.266322468590234
883,confirmation,2038,5,12.08954444723597,12.059638267787676,0.008197866835389632,12.067836134623066
885,confirmation,2038,5,11.51293546492023,11.702539862358757,0.0010795528657756455,11.703619415224532
892,confirmation,2038,5,12.058158312538197,12.051448233549747,0.010544650281337824,12.061992883831085
894,confirmation,2038,5,12.013706813470414,11.959226383677002,-0.0030689022127219938,11.956157481464281
897,confirmation,2038,5,11.575909653758895,11.31105562700475,-0.014799823356548227,11.296255803648203
909,confirmation,2038,5,11.782960235741939,11.792393154906373,-0.004963786448207816,11.787429368458165
919,confirmation,2038,5,12.380030154325457,12.460766828388516,0.0195536807188302,12.480320509107347
927,confirmation,2038,5,12.560247968016562,12.59790624296393,-0.009729793217295418,12.588176449746635
930,confirmation,2038,5,12.310437165348775,12.293778594685284,-0.010599324284246396,12.283179270401037
936,confirmation,2038,5,11.288543647320601,11.49313582311681,0.00309708364621056,11.496232906763021
939,confirmation,2038,5,12.387560521575551,12.393471909687376,0.017045223220816003,12.410517132908192
953,confirmation,2038,5,11.804855999911272,11.774999947200518,0.00748612741375262,11.78248607461427
955,confirmation,2038,5,11.755879486687116,11.735082596269466,0.015334057274055287,11.750416653543521
960,confirmation,2038,5,11.951186847493476,12.090364113882284,0.00011102711256378942,12.090475140994847
966,confirmation,2038,5,12.094587859196112,12.0173217715282,0.0009234670797395404,12.018245238607939
974,confirmation,2038,5,12.111767460549332,12.311990856812344,0.02557894791093906,12.337569804723282
975,confirmation,2038,5,12.02874460037869,12.029756260804154,0.008226543849501403,12.037982804653655
1010,confirmation,2038,5,11.532737896139919,11.615962405001875,-0.0077820522120442435,11.60818035278983
1016,confirmation,2038,5,12.33270970174018,12.242218373265043,0.013561599933583874,12.255779973198628
1027,confirmation,2038,5,12.02874460037869,11.883231416855354,-0.0002495200249869262,11.882981896830367
1029,confirmation,2038,5,11.561725152903833,11.76497566430714,-0.003941782196099482,11.761033882111041
1036,confirmation,2038,5,11.338583982516495,11.3317763136328,-0.00249119851614432,11.329285115116654
1042,confirmation,2038,5,12.06105265381003,12.000867080639445,-0.022947877605825114,11.97791920303362
1045,confirmation,2038,5,12.535379989788607,12.546215932219637,-0.0036609774456679246,12.54255495477397
1050,confirmation,2038,5,11.349241150793087,11.610830808814235,-0.043694501283815045,11.56713630753042
1055,confirmation,2038,5,12.449022745701502,12.45775712195191,0.00029296776862382126,12.458050089720535
1062,confirmation,2038,5,11.302216779257382,11.56344165131675,-0.011568729874901948,11.551872921441849
1064,confirmation,2038,5,11.612779849672751,11.76391982012558,-0.0010801691137855465,11.762839651011793
1072,confirmation,2038,5,11.944714374881176,11.961024024757158,0.01716266491998263,11.978186689677141
1074,confirmation,2038,5,11.979805470779858,11.938433391000949,0.0005907298683754927,11.939024120869325
1078,confirmation,2038,5,11.840796531639839,11.765356400230988,0.021329345718212857,11.786685745949201
1082,confirmation,2038,5,11.798111925972618,11.77405646616989,-0.0007922211556737425,11.773264245014216
1083,confirmation,2038,5,12.165255859329688,12.17691747533216,-0.014518349440598828,12.162399125891563
1089,confirmation,2038,5,11.83138646878959,11.76404064282143,-0.029776489924488135,11.734264152896941
1090,confirmation,2038,5,12.190964083849375,12.239396164252506,0.003168087580322714,12.242564251832828
1091,confirmation,2038,5,11.439289689006644,11.372415305523628,-0.0067255851606365874,11.365689720362992
1092,confirmation,2038,5,11.982935344196433,11.977782588322308,-0.00794529410396771,11.96983729421834
1094,confirmation,2038,5,11.891368749982085,12.00250527632806,0.000252413904828876,12.002757690232889
1109,confirmation,2038,5,12.10625783509458,12.02012855326758,-0.005535177036435543,12.014593376231145
1127,confirmation,2038,5,12.066816325306588,12.16393490766396,0.020464063068845146,12.184398970732804
1128,confirmation,2038,5,12.464587201678082,12.386701931627735,-0.007211704400505398,12.37949022722723
1138,confirmation,2038,5,11.451060699493427,11.412094484081914,-0.016830803455656584,11.395263680626257
1142,confirmation,2038,5,12.193498926601634,12.179111935316604,0.01003451782398103,12.189146453140584
1144,confirmation,2038,5,11.289794413577894,11.486005689122544,-0.0023396643581130045,11.483666024764432
1155,confirmation,2038,5,12.215037342290755,12.234646291861363,0.01643488880313633,12.2510811806645
1158,confirmation,2038,5,12.345838935721968,12.28602757290222,0.008345463857513674,12.294373036759735
1160,confirmation,2038,5,12.128116509451258,12.184148080187065,0.008535487372186708,12.192683567559252
1163,confirmation,2038,5,11.767575435251748,11.739476380610515,0.002240198792277918,11.741716579402793
1169,confirmation,2038,5,12.367345048436391,12.210466673299496,-0.0023033868894720947,12.208163286410024
1179,confirmation,2038,5,11.950541482162043,11.81165058748435,-0.0012625857500897875,11.81038800173426
1180,confirmation,2038,5,11.440365524765756,11.481309101272718,0.006099274599577611,11.487408375872295
1198,confirmation,2038,5,11.87757552297847,11.963548531122278,-0.011520509544727348,11.95202802157755
1201,confirmation,2038,5,11.6617850286409,11.561681356293272,-0.01584207387031249,11.54583928242296
1208,confirmation,2038,5,12.206077645517674,12.322576049291696,-0.01000189188672152,12.312574157404974
1225,confirmation,2038,5,12.122696471358964,12.182282040919349,0.0036498242269637276,12.185931865146312
1227,confirmation,2038,5,12.273735966890268,12.304719090545223,-0.014796738599448068,12.289922351945775
1231,confirmation,2038,5,12.154784614286667,12.18910234271514,-0.0013907860438153578,12.187711556671324
1234,confirmation,2038,5,11.863589378812122,11.813345428491424,0.011967619553258972,11.825313048044682
1241,confirmation,2038,5,12.323415584358154,12.245861942821929,0.013868009649887766,12.259729952471817
1243,confirmation,2038,5,12.04355959836804,11.966872518790932,-0.003908639314653875,11.962963879476279
1253,confirmation,2038,5,11.775297421715827,11.680320192304778,-0.00822075551557895,11.6720994367892
1264,confirmation,2038,5,12.103491596905931,12.01915658045344,0.013336954256915445,12.032493534710357
1279,confirmation,2038,5,12.37581963951765,12.44736770686405,-0.00042528704353188816,12.446942419820518
1284,confirmation,2038,5,11.842236406331555,11.833082648752445,0.0009588868326991441,11.834041535585143
1287,confirmation,2038,5,11.870606902224587,11.993081222913956,0.012651528058463318,12.005732750972419
1288,confirmation,2038,5,12.154784614286667,12.065906190176712,-0.008159170940533473,12.057747019236178
1294,confirmation,2038,5,12.000897933306716,12.095220595449147,0.006258053376269296,12.101478648825417
1298,confirmation,2038,5,11.849404844423074,11.936529801250463,0.0053035788073789066,11.941833380057842
1299,confirmation,2038,5,11.982935344196433,13.111252212944576,-0.08423344684802776,13.027018766096548
1300,confirmation,2038,5,11.944714374881176,11.975168714995217,0.0049893366955820855,11.980158051690799
1301,confirmation,2038,5,12.323860125621126,12.314059468926583,-0.010266292373050757,12.303793176553533
1302,confirmation,2038,5,12.086731521684555,12.07892815062214,-0.005752687792203693,12.073175462829937
1306,confirmation,2038,5,12.691583538230217,12.654015965776717,-0.0010569962540321262,12.652958969522684
1308,confirmation,2038,5,11.835016210489899,11.882587254660825,0.006453993882756286,11.889041248543581
1312,confirmation,2038,5,12.220966184120165,12.199786334432067,-0.0037420778337800527,12.196044256598288
1317,confirmation,2038,5,12.596403811053621,12.477060349405845,-0.007214532846495097,12.46984581655935
1332,confirmation,2038,5,11.794345471549745,11.79089199803784,0.031115897514205775,11.822007895552044
1333,confirmation,2038,5,11.51293546492023,11.652651017614376,0.03626549874413764,11.688916516358514
1335,confirmation,2038,5,11.736077016252437,11.66080791154104,-0.00413773393850585,11.656670177602534
1345,confirmation,2038,5,11.95655945119582,12.04466819042896,-0.006898652146499402,12.03776953828246
1350,confirmation,2038,5,11.711784520403112,11.723976117757896,-0.010984626462664137,11.712991491295233
1352,confirmation,2038,5,12.049424683420915,11.986067920784146,-0.002307373816733904,11.983760546967412
1361,confirmation,2038,5,12.149507585033072,12.16544881390628,0.010909744884655998,12.176358558790936
1367,confirmation,2038,5,12.170450649220749,12.205321560851498,0.014033516597525225,12.219355077449023
1374,confirmation,2038,5,13.05301544288996,13.035820835102369,0.004875004285368855,13.040695839387737
1375,confirmation,2038,5,12.429220196836383,12.46923165235624,0.020588747263727405,12.489820399619969
1376,confirmation,2038,5,12.384223015005313,12.461711331559492,0.0032390629762689676,12.46495039453576
1378,confirmation,2038,5,11.669937760751914,11.813232189931762,0.01736590559452184,11.830598095526284
1380,confirmation,2038,5,12.02874460037869,12.003263255081182,0.0064092280293664115,12.009672483110547
1385,confirmation,2038,5,11.561725152903833,11.568694138702684,0.008410417051303246,11.577104555753987
1393,confirmation,2038,5,11.719947764402807,11.750484621583723,0.012005882871065817,11.762490504454789
1402,confirmation,2038,5,12.170450649220749,12.119578581859242,0.011696636511695562,12.131275218370938
1403,confirmation,2038,5,12.174994689959313,12.141158330539527,-0.015799120000248048,12.12535921053928
1407,confirmation,2038,5,11.798111925972618,11.818966385051969,0.009018856674410802,11.82798524172638
1412,confirmation,2038,5,11.849404844423074,11.90600851650584,-0.03222448398534801,11.873784032520494
1415,confirmation,2038,5,12.240478903153711,12.21362202727834,0.022662143072558868,12.236284170350899
1424,confirmation,2038,5,12.524420916542532,12.095916542566147,0.015211830292014292,12.111128372858161
1435,confirmation,2038,5,11.982935344196433,12.026940201214446,0.014193435638345525,12.041133636852791
1447,confirmation,2038,5,11.969723533345908,11.868881232908086,0.013001364642026348,11.881882597550112
1448,confirmation,2038,5,12.388398368982115,12.45084687625602,0.002715270181167512,12.453562146437188
1455,confirmation,2038,5,12.128116509451258,12.153439247608148,-0.005018065243253002,12.148421182364896
1458,confirmation,2038,5,12.493133274926212,12.490130444657456,0.016176157386256523,12.506306602043713
1460,confirmation,2038,5,11.901590234400047,11.912195088004813,0.005145911534086051,11.917340999538899
11,confirmation,2039,1,11.771443882099637,11.750930052667842,0.010123548291759984,11.761053600959603
28,confirmation,2039,1,12.631343648903034,12.59502461048726,-0.003574805547093411,12.591449804940167
32,confirmation,2039,1,11.914054519303125,11.876759553846304,-0.0007776462900758407,11.875981907556229
33,confirmation,2039,1,12.100161978566867,12.139427103033094,0.005301575458158567,12.144728678491253
34,confirmation,2039,1,12.016732516077072,12.06931111749884,4.430837090896136e-05,12.069355425869748
38,confirmation,2039,1,11.938199736300925,11.965884567671443,-0.00360844401800889,11.962276123653433
44,confirmation,2039,1,11.777218637129327,11.81790278412741,-0.006540986995675752,11.811361797131735
50,confirmation,2039,1,11.751950239425476,11.74994482120014,0.0030086881726026455,11.752953509372743
58,confirmation,2039,1,12.188422799337028,12.188007986634789,0.0033247005189132907,12.191332687153702
61,confirmation,2039,1,11.970356641102999,12.028321766825105,-0.010420395450410532,12.017901371374695
62,confirmation,2039,1,11.522885696764481,11.448086272471969,0.014446392034706273,11.462532664506675
66,confirmation,2039,1,12.666660207428574,12.652956762114124,0.013388800026340412,12.666345562140465
75,confirmation,2039,1,11.58432477200052,11.611055738660385,-0.0004992688115078277,11.610556469848877
78,confirmation,2039,1,11.751950239425476,11.68113747850725,-0.006845541959540343,11.674291936547709
79,confirmation,2039,1,11.824087219587643,11.800277940813292,-0.017947904416717567,11.782330036396575
83,confirmation,2039,1,12.409017571151187,12.30806635359866,-0.01729433699213534,12.290772016606525
85,confirmation,2039,1,12.034696963475044,12.032811297331444,0.01435305380484394,12.047164351136287
90,confirmation,2039,1,11.724813914587886,11.68494090465078,-0.0007455277296943722,11.684195376921085
92,confirmation,2039,1,11.498836682527127,11.650605226476015,-0.008322636691612047,11.642282589784402
101,confirmation,2039,1,12.230770136157428,12.301624929944472,-0.0036550828065172254,12.297969847137955
113,confirmation,2039,1,12.85832230788469,12.756168506961783,0.014230648065892158,12.770399155027675
131,confirmation,2039,1,12.328294703023396,12.249882602813049,-0.0082628004376358,12.241619802375412
133,confirmation,2039,1,11.923384748066601,11.94084281334836,0.006817163197641041,11.947659976546001
137,confirmation,2039,1,11.870606902224587,11.87054563715311,0.03242215288570359,11.902967790038813
141,confirmation,2039,1,11.652696102959753,11.594779898894732,-0.014764804224327233,11.580015094670404
151,confirmation,2039,1,11.711784520403112,11.82929246582387,0.0018798820368117301,11.831172347860683
155,confirmation,2039,1,11.736077016252437,11.499790139122618,-0.016896167023088007,11.48289397209953
163,confirmation,2039,1,12.301387370778713,12.376652868060136,0.007259397604767671,12.383912265664904
164,confirmation,2039,1,11.544433821905134,11.385286471998285,-0.022139885113717457,11.363146586884568
166,confirmation,2039,1,11.755879486687116,11.757161691069472,0.003115556319762881,11.760277247389235
171,confirmation,2039,1,11.763691965388299,11.683506325219184,0.001213955535157375,11.684720280754341
173,confirmation,2039,1,12.384223015005313,12.268340939128766,-0.014626991294296999,12.25371394783447
177,confirmation,2039,1,12.259618151783465,12.287852807061531,0.01216230240342594,12.300015109464958
178,confirmation,2039,1,12.058158312538197,12.121520257400196,0.010770556455458562,12.132290813855654
179,confirmation,2039,1,13.126032637428713,12.98786653029325,0.029423323105054713,13.017289853398305
181,confirmation,2039,1,12.083910661257521,12.064823698509937,0.00860564746890597,12.073429345978843
188,confirmation,2039,1,11.813037464800539,11.801923424578607,0.024978687796668755,11.826902112375276
194,confirmation,2039,1,11.775297421715827,11.843732551951035,-0.04341479490732499,11.800317757043711
202,confirmation,2039,1,12.052344376474922,12.009134751702002,0.007411751140471213,12.016546502842473
206,confirmation,2039,1,12.103491596905931,12.097351884714037,0.006679369315155014,12.104031254029191
219,confirmation,2039,1,12.649157827477366,12.361387521055676,-0.0032153457197210927,12.358172175335955
229,confirmation,2039,1,11.736077016252437,11.705428476970331,-0.006835650413754148,11.698592826556578
239,confirmation,2039,1,12.669809806411457,12.470584543777704,-0.00021689658615310162,12.470367647191551
243,confirmation,2039,1,11.277215789596893,11.454283716501555,0.006788636856319772,11.461072353357874
244,confirmation,2039,1,11.695255355062795,11.807908143260592,0.008136563187172343,11.816044706447764
249,confirmation,2039,1,12.100717685412471,12.119465509154054,-0.011738568271896925,12.107726940882158
252,confirmation,2039,1,12.367345048436391,12.387665246701888,-0.0008805462212676915,12.38678470048062
254,confirmation,2039,1,11.970356641102999,11.984607347739676,-0.007675947214027865,11.976931400525649
257,confirmation,2039,1,12.242891437918386,12.232463291796806,0.0052046527168125726,12.23766794451362
270,confirmation,2039,1,11.904974309480181,11.92583205533494,-0.011320791119708382,11.914511264215232
274,confirmation,2039,1,11.842236406331555,12.007449867792133,0.002576680165949953,12.010026547958082
281,confirmation,2039,1,12.339295865674435,12.299495662933024,0.017886350762745296,12.31738201369577
282,confirmation,2039,1,12.128116509451258,12.12913214121356,0.001856606521567746,12.130988747735127
299,confirmation,2039,1,12.07254696717504,12.113380465064186,0.020937704616194354,12.13431816968038
307,confirmation,2039,1,12.323860125621126,12.308379074008243,-0.008716380834526917,12.299662693173717
308,confirmation,2039,1,11.402005077384885,11.45606999158342,-0.010564321330135195,11.445505670253285
310,confirmation,2039,1,12.793862088206213,12.835366024617752,-0.005159116054758784,12.830206908562992
311,confirmation,2039,1,12.017336559562407,12.081517738803312,0.011178896176826618,12.092696634980138
315,confirmation,2039,1,12.08954444723597,11.989220422723276,0.012927336815126677,12.002147759538403
318,confirmation,2039,1,12.506180941677357,12.470705835466283,-0.010062992247483601,12.4606428432188
332,confirmation,2039,1,11.842236406331555,11.79599498432857,0.007742979362902256,11.803737963691471
353,confirmation,2039,1,11.461642696843066,11.454097270052904,-0.0035933935772610864,11.450503876475642
354,confirmation,2039,1,11.570259974415547,11.46083093746929,-0.0079544904732269,11.452876446996063
357,confirmation,2039,1,12.06105265381003,12.030039196599846,0.003920549791759592,12.033959746391606
380,confirmation,2039,1,12.095146671399466,12.079082674008207,0.007433918247105787,12.086516592255313
381,confirmation,2039,1,11.751950239425476,11.9792817669892,0.020785576933503868,12.000067343922703
386,confirmation,2039,1,12.165255859329688,12.070190423238731,0.0015850583496477804,12.071775481588379
391,confirmation,2039,1,11.686887175419702,11.76899133277763,-0.04079547866411897,11.72819585411351
394,confirmation,2039,1,11.51293546492023,11.43293921923716,-0.010257578597783838,11.422681640639375
395,confirmation,2039,1,11.599112335481124,11.592527308347488,-0.0023563563561145944,11.590170951991373
396,confirmation,2039,1,11.767575435251748,11.755494517096263,-0.01766536775978212,11.73782914933648
397,confirmation,2039,1,11.719947764402807,11.7447191748148,0.0014080170171220524,11.746127191831922
402,confirmation,2039,1,12.013646205940514,12.115408491776794,-0.0033941570769057115,12.112014334699888
403,confirmation,2039,1,11.58989576532275,11.525451413323792,-0.022190270116459198,11.503261143207332
405,confirmation,2039,1,12.031725210748633,12.058244570828442,0.00040447120534705023,12.058649042033789
416,confirmation,2039,1,12.106997888588934,12.14485806765602,0.009493124823997574,12.154351192480018
418,confirmation,2039,1,12.384223015005313,12.232109643876443,-0.023943634388024267,12.20816600948842
424,confirmation,2039,1,12.660331092405906,12.723951861849388,-0.004995281624938061,12.71895658022445
434,confirmation,2039,1,12.10625783509458,12.089970643492444,0.0018783391196616696,12.091848982612106
435,confirmation,2039,1,11.302216779257382,11.339432365117649,-0.002865410866253004,11.336566954251396
439,confirmation,2039,1,11.411457364027745,11.619719193561398,0.0032934001907906118,11.623012593752188
443,confirmation,2039,1,12.000897933306716,11.955202648912069,0.015585957086287886,11.970788605998356
446,confirmation,2039,1,11.755879486687116,11.910473201709587,0.006934338759450248,11.917407540469037
449,confirmation,2039,1,11.691080018519527,11.740737743539698,0.025706279082080733,11.76644402262178
452,confirmation,2039,1,12.54254845357358,12.329102221173995,-0.00848845087437583,12.32061377029962
453,confirmation,2039,1,12.225880174775122,12.24753504798842,0.00769197309549506,12.255227021083915
454,confirmation,2039,1,12.25486757159303,12.324616262109275,-0.0007214552496417678,12.323894806859634
461,confirmation,2039,1,12.481565733211923,12.35509374881294,0.012133799008733384,12.367227547821674
462,confirmation,2039,1,11.951186847493476,11.9319411654747,0.005533871910451915,11.937475037385152
468,confirmation,2039,1,11.89478753335453,11.974193612254508,-0.024452878301573423,11.949740733952934
470,confirmation,2039,1,12.138869243416009,12.120329939810292,0.007951713008206417,12.128281652818497
473,confirmation,2039,1,11.904974309480181,11.824789394046448,0.009390087020455682,11.834179481066904
474,confirmation,2039,1,12.994532278619134,12.816635999404202,0.02278602145372242,12.839422020857924
475,confirmation,2039,1,12.433212202169729,12.440727244733326,0.014542732273822842,12.455269977007148
481,confirmation,2039,1,12.694655727828803,12.772174615626662,-0.009288421570211154,12.76288619405645
483,confirmation,2039,1,11.951186847493476,12.036923413097751,-0.06999921969799935,11.966924193399752
487,confirmation,2039,1,11.957617696467539,11.922166025614333,-0.014308524884289572,11.907857500730044
493,confirmation,2039,1,12.059809113551397,12.046256364391605,-0.010374811021165102,12.035881553370439
494,confirmation,2039,1,11.951186847493476,11.904977070251087,0.014919853297486713,11.919896923548574
507,confirmation,2039,1,12.278397958261774,12.27080389251311,-0.012321270959174374,12.258482621553934
509,confirmation,2039,1,11.989165855127435,11.903341739658842,-0.005968991024075457,11.897372748634766
512,confirmation,2039,1,12.2193145828011,12.155497460256116,-0.002180289980870944,12.153317170275246
513,confirmation,2039,1,11.774527900858468,11.71645075226209,0.00348025784349528,11.719931010105586
523,confirmation,2039,1,11.976665770490767,11.956540274056572,0.010590414585926584,11.967130688642499
524,confirmation,2039,1,12.126764251515691,13.296223894693709,-0.10365114231848845,13.19257275237522
527,confirmation,2039,1,11.790564777297387,11.82632039687589,0.013936411421789646,11.84025680829768
528,confirmation,2039,1,13.008661502470739,12.974216861349772,-0.0005835576741095762,12.973633303675662
542,confirmation,2039,1,12.421188057397055,12.47655610225395,0.005017255288073879,12.481573357542024
545,confirmation,2039,1,12.098854850641,12.194065797484368,-0.013500752296186027,12.180565045188182
549,confirmation,2039,1,11.736077016252437,11.696538652847938,-0.005561811156465121,11.690976841691473
557,confirmation,2039,1,11.856522261533737,11.907659738024696,0.011919431745397389,11.919579169770094
559,confirmation,2039,1,12.07254696717504,12.183453679491423,0.005654881146289974,12.189108560637713
561,confirmation,2039,1,11.707677772181546,11.999238486054503,0.01058028430988715,12.00981877036439
568,confirmation,2039,1,12.273735966890268,12.209170982853092,0.007301640377787217,12.216472623230878
571,confirmation,2039,1,11.867805799560465,11.81254133940133,-0.030725499618030214,11.781815839783299
577,confirmation,2039,1,11.884495917930655,11.933034126259896,0.012811758253414582,11.94584588451331
579,confirmation,2039,1,11.891368749982085,11.988309482903851,-0.003095685689275275,11.985213797214575
580,confirmation,2039,1,11.78676973513378,11.764676546811558,-0.005913032081466862,11.758763514730092
583,confirmation,2039,1,11.682676678340282,11.63504099409011,-0.02379627680497777,11.611244717285132
588,confirmation,2039,1,11.827743504053695,11.809078155894912,0.011884470309223382,11.820962626204135
596,confirmation,2039,1,12.672949516558306,12.727147133294268,0.005846049395245174,12.732993182689514
597,confirmation,2039,1,11.648373769145277,11.571276323892985,0.009878899615191441,11.581155223508176
599,confirmation,2039,1,12.289958727201455,12.254312704441926,-3.2204208345307205e-05,12.25428050023358
611,confirmation,2039,1,12.653961664405365,12.658496030448251,0.005722462006118601,12.66421849245437
623,confirmation,2039,1,11.813037464800539,11.739728839970844,-0.010751277401686956,11.728977562569158
625,confirmation,2039,1,12.014615485902027,11.946698867687736,-0.007982414117768176,11.938716453569969
631,confirmation,2039,1,11.728044909070785,11.572198918379442,0.017628485030022817,11.589827403409465
634,confirmation,2039,1,11.845109950883979,11.851031866884393,0.006152856135282967,11.857184723019676
642,confirmation,2039,1,12.328294703023396,12.41843167221159,-0.008761629569003448,12.409670042642587
648,confirmation,2039,1,11.951186847493476,11.863611146848031,0.01683406014879013,11.880445206996821
650,confirmation,2039,1,11.344518647594766,11.212359568267384,-0.02002779771883756,11.192331770548547
653,confirmation,2039,1,12.160033942617156,12.18091986282248,0.004602492158928388,12.185522354981408
657,confirmation,2039,1,11.8879382384223,11.877194739954437,-0.012107651652455843,11.865087088301982
660,confirmation,2039,1,12.025755079404917,11.985366918380324,0.010113469296004594,11.995480387676329
661,confirmation,2039,1,12.19552218463499,12.182847150937985,0.009193017558745851,12.19204016849673
662,confirmation,2039,1,12.904209855160254,12.84281765686326,0.013881104072467804,12.856698760935728
666,confirmation,2039,1,12.348010479804223,12.3820934477803,-0.003550935557681018,12.378542512222618
667,confirmation,2039,1,11.767575435251748,12.036243602589266,0.014013968681620319,12.050257571270887
671,confirmation,2039,1,12.063938642041201,12.072369558502425,0.006630038878133986,12.078999597380559
680,confirmation,2039,1,11.763691965388299,11.749725743376183,0.008995325881097341,11.75872106925728
684,confirmation,2039,1,12.560247968016562,12.553687628215735,0.011462522980672256,12.565150151196407
690,confirmation,2039,1,12.179220327453933,12.156858480837736,-0.00024630914308482416,12.15661217169465
697,confirmation,2039,1,11.39640288460621,11.46576933085418,0.0026433927243942642,11.468412723578574
700,confirmation,2039,1,12.185875040240456,12.136035406554022,0.002876697812135967,12.138912104366158
702,confirmation,2039,1,11.849404844423074,11.888010076911256,0.0134848274441929,11.901494904355449
703,confirmation,2039,1,12.799178471909892,12.837348260472847,0.01390924300918869,12.851257503482035
705,confirmation,2039,1,12.269052139516223,12.278214634378584,-0.00572783213097564,12.272486802247608
723,confirmation,2039,1,11.732069026983156,11.679394274106487,0.01222010753194561,11.691614381638432
724,confirmation,2039,1,11.813037464800539,11.81833025290312,0.003769241855079413,11.8220994947582
726,confirmation,2039,1,11.699413330633599,11.657471889226988,0.0015251738558430183,11.65899706308283
735,confirmation,2039,1,11.58989576532275,11.589203190034445,0.006889087355848166,11.596092277390293
736,confirmation,2039,1,12.001511614739405,12.028649009913496,0.04238866524141315,12.071037675154908
741,confirmation,2039,1,11.790564777297387,11.675278415303708,0.02029232673332608,11.695570742037035
748,confirmation,2039,1,12.491176396967154,12.39185342336626,-0.010434451427039734,12.38141897193922
749,confirmation,2039,1,12.469978029554953,12.452255687874196,-0.008897133861630808,12.443358554012566
750,confirmation,2039,1,11.49273296168228,11.24847873753421,0.03718527929540425,11.285664016829614
752,confirmation,2039,1,11.995357787034976,11.980933910944046,-0.007457753890566455,11.97347615705348
757,confirmation,2039,1,12.264346270624157,12.234297466855658,0.003956962032909735,12.238254428888567
763,confirmation,2039,1,12.279327754099118,12.2567594006507,-0.0003911589051319613,12.25636824174557
765,confirmation,2039,1,12.506180941677357,12.430423062203989,0.020672262892743792,12.451095325096732
772,confirmation,2039,1,11.532737896139919,11.715471834590865,0.004090480337838972,11.719562314928703
794,confirmation,2039,1,12.323860125621126,12.3879176982012,0.0034153058637077815,12.391333004064908
801,confirmation,2039,1,12.206077645517674,12.224877276503609,0.00843883966907807,12.233316116172686
803,confirmation,2039,1,12.149507585033072,12.134513602326598,-0.007919693397660018,12.126593908928937
806,confirmation,2039,1,12.335700805443338,12.251325378355238,0.026531883950731097,12.27785726230597
820,confirmation,2039,1,12.319405795112926,12.302321573136998,0.004903845649589517,12.307225418786588
821,confirmation,2039,1,12.117246896289503,12.130019986486998,-0.0021959268409770627,12.12782405964602
827,confirmation,2039,1,11.603688960617083,11.479562130679865,0.0349467371490166,11.514508867828882
828,confirmation,2039,1,12.149507585033072,12.169757911885192,-0.013900959658282686,12.155856952226909
835,confirmation,2039,1,11.849047640327147,11.831669144243811,-0.0024877399798969163,11.829181404263915
836,confirmation,2039,1,11.759793355371237,11.80462008994322,-0.0006701271484183953,11.803949962794803
837,confirmation,2039,1,11.941462360646149,11.77696755423987,-0.026619874528736258,11.750347679711135
843,confirmation,2039,1,12.071975378543236,11.964608950906277,-0.002038791441132617,11.962570159465145
844,confirmation,2039,1,11.856522261533737,11.724519910673791,-0.013908657305708852,11.710611253368082
845,confirmation,2039,1,11.944064817531656,11.844517529174784,0.0322139072192689,11.876731436394053
852,confirmation,2039,1,12.278397958261774,12.119678480896429,0.014523374754971683,12.134201855651401
857,confirmation,2039,1,11.898194668458823,11.909653316918464,-0.015185112314247167,11.894468204604216
868,confirmation,2039,1,11.767575435251748,11.847744971013714,0.004136173254895917,11.85188114426861
871,confirmation,2039,1,11.603688960617083,11.51989822905528,-0.0135789888232464,11.506319240232033
872,confirmation,2039,1,12.208574513247495,12.134713565313373,-0.0030751100848324347,12.13163845522854
890,confirmation,2039,1,11.915058360753719,11.89300872935903,-0.006884737283536297,11.886123992075493
904,confirmation,2039,1,12.388398368982115,12.415039782009371,0.0030140609769883056,12.41805384298636
906,confirmation,2039,1,11.759793355371237,11.750927815718514,0.0008684787387973679,11.75179629445731
917,confirmation,2039,1,10.471978128496518,11.107378379582569,-0.0825011912935091,11.024877188289059
923,confirmation,2039,1,12.043500773454495,12.054386450202966,0.01675805561889727,12.071144505821863
930,confirmation,2039,1,12.310437165348775,12.293778594685284,-0.0012116692149835302,12.2925669254703
933,confirmation,2039,1,12.676079399771027,12.59563186004966,-0.005750543328371796,12.58988131672129
935,confirmation,2039,1,12.396697137361691,12.304707648817445,-0.015575763991927281,12.289131884825517
937,confirmation,2039,1,12.127575825689417,12.121611033949083,0.008378386330725254,12.12998942027981
943,confirmation,2039,1,11.918397239722838,11.767418489123711,0.03829715307800814,11.80571564220172
951,confirmation,2039,1,11.767575435251748,11.858646417172029,0.006704162154204625,11.865350579326233
954,confirmation,2039,1,12.055255569732177,11.96600087807837,0.01900345567630066,11.98500433375467
959,confirmation,2039,1,12.128116509451258,12.173552484740828,-0.004857856823310886,12.168694627917517
965,confirmation,2039,1,12.277932735946903,12.303641048756925,0.0041272562579424766,12.307768305014868
967,confirmation,2039,1,11.982935344196433,11.876194004111865,-0.007831004918868727,11.868362999192996
968,confirmation,2039,1,11.813037464800539,11.835771428660331,-0.005698070722169103,11.830073357938163
974,confirmation,2039,1,12.111767460549332,12.311990856812344,0.01859907904793204,12.330589935860276
977,confirmation,2039,1,11.356283350762888,11.32707508033629,-0.026852830838242824,11.300222249498047
978,confirmation,2039,1,12.20557752297723,12.20146214059968,-0.00946077517579005,12.19200136542389
979,confirmation,2039,1,11.608244735642321,11.552710989976578,-0.008052051218171964,11.544658938758406
982,confirmation,2039,1,12.724869415131389,12.681453646053756,0.012208234325917963,12.693661880379674
983,confirmation,2039,1,11.982278882874377,12.078238251821777,-0.005740395102824408,12.072497856718952
987,confirmation,2039,1,11.669937760751914,11.733950865040203,0.0008445568028116368,11.734795421843014
988,confirmation,2039,1,12.887129532148373,12.987107354600038,0.0255247163503507,13.012632070950389
991,confirmation,2039,1,12.759960632315702,12.67786123733226,0.008340654007940979,12.686201891340202
993,confirmation,2039,1,12.138869243416009,12.201302358154567,-0.006933972852679232,12.194368385301889
994,confirmation,2039,1,12.066241450757124,12.039427701094422,-0.006300970729246955,12.033126730365174
1006,confirmation,2039,1,11.917730355182513,11.85084439607912,0.00429610854126193,11.855140504620381
1011,confirmation,2039,1,11.813037464800539,11.762192333207407,0.043118282256696,11.805310615464103
1013,confirmation,2039,1,12.013706813470414,12.043465083169451,0.02844492524224873,12.0719100084117
1018,confirmation,2039,1,12.141539457711714,12.132543659022469,-0.016238959817899006,12.11630469920457
1019,confirmation,2039,1,11.982935344196433,12.034816938799432,0.014070539339643027,12.048887478139076
1021,confirmation,2039,1,12.07824495582233,12.038172050114648,0.01063923522883379,12.048811285343481
1024,confirmation,2039,1,12.160033942617156,12.160479965896076,0.009340495149970929,12.169820461046047
1031,confirmation,2039,1,11.982935344196433,11.781356720445592,0.011446537190146428,11.792803257635738
1035,confirmation,2039,1,11.693169865968983,11.754954411240666,-0.003446580981810078,11.751507830258856
1039,confirmation,2039,1,11.48247656671073,11.544989758553324,-0.011861401508537638,11.533128357044786
1041,confirmation,2039,1,11.951186847493476,11.968889461012978,0.003723430819837925,11.972612891832815
1058,confirmation,2039,1,12.421188057397055,12.34747657464038,-0.0028661894369256544,12.344610385203454
1060,confirmation,2039,1,12.301387370778713,12.160921558293872,-0.009378437933977725,12.151543120359895
1061,confirmation,2039,1,12.271396795480596,12.243995473782809,0.0005066411980292503,12.244502114980838
1063,confirmation,2039,1,11.407576060361786,11.716905515390046,-0.000623797075445245,11.716281718314601
1065,confirmation,2039,1,11.944714374881176,11.94948759924066,-0.0034755355581664094,11.946012063682494
1068,confirmation,2039,1,12.031129798974042,12.081593460570463,-0.009865762946594957,12.071727697623869
1078,confirmation,2039,1,11.840796531639839,11.765356400230988,0.03798421705400445,11.803340617284993
1082,confirmation,2039,1,11.798111925972618,11.77405646616989,0.015257113785285523,11.789313579955175
1089,confirmation,2039,1,11.83138646878959,11.76404064282143,-0.040033607835550045,11.72400703498588
1096,confirmation,2039,1,12.080696479888445,12.119447627579854,0.0025456104919257595,12.121993238071779
1105,confirmation,2039,1,11.571203807011969,11.69137832438318,-0.002905705805090076,11.688472618578091
1108,confirmation,2039,1,12.52352951631214,12.332328827351551,-0.017376119647687104,12.314952707703863
1112,confirmation,2039,1,12.230770136157428,12.124545005682638,0.009704620515852908,12.134249626198491
1120,confirmation,2039,1,11.803361242493628,11.699953541049569,-0.0059751970726612275,11.693978343976907
1122,confirmation,2039,1,12.268582547911404,12.274897586566222,0.0072237398576012425,12.282121326423823
1123,confirmation,2039,1,11.626263078808801,11.295364178030471,-0.004914941861311038,11.29044923616916
1125,confirmation,2039,1,12.007017865994577,12.014518565498369,0.017501829805634507,12.032020395304004
1127,confirmation,2039,1,12.066816325306588,12.16393490766396,0.012360473201548735,12.176295380865508
1128,confirmation,2039,1,12.464587201678082,12.386701931627735,-0.01318104296349482,12.37352088866424
1129,confirmation,2039,1,12.278397958261774,12.22779835553326,-0.004487478882030542,12.22331087665123
1136,confirmation,2039,1,11.532737896139919,11.578850107859006,0.0034096473268525043,11.58225975518586
1140,confirmation,2039,1,11.87757552297847,11.71389693236912,0.0061433802532973245,11.720040312622418
1149,confirmation,2039,1,11.669082701743504,11.587629642420268,0.016838321093097054,11.604467963513365
1150,confirmation,2039,1,11.870606902224587,11.823376696796256,-0.0037071286690673632,11.819669568127189
1152,confirmation,2039,1,11.917730355182513,11.965643317670436,0.0013628027822893964,11.967006120452725
1158,confirmation,2039,1,12.345838935721968,12.28602757290222,0.0019918926963109866,12.288019465598532
1161,confirmation,2039,1,11.891368749982085,11.860992878604495,0.0061362701854701385,11.867129148789965
1171,confirmation,2039,1,12.049424683420915,11.95702213190981,-0.006045280785331095,11.950976851124478
1175,confirmation,2039,1,12.384223015005313,12.36499996051081,0.021929092723406148,12.386929053234216
1182,confirmation,2039,1,12.880294363972055,12.568990028682784,0.008253439175364634,12.577243467858148
1192,confirmation,2039,1,12.066816325306588,12.01900595417084,0.009194254249942909,12.028200208420783
1193,confirmation,2039,1,11.736077016252437,11.726003604929057,0.039837678011636665,11.765841282940693
1199,confirmation,2039,1,12.08954444723597,12.037246189543298,0.002549325418435075,12.039795514961734
1202,confirmation,2039,1,12.19552218463499,12.173260096207107,0.0008453371295109505,12.174105433336617
1211,confirmation,2039,1,12.149507585033072,12.195161768835488,-0.010326482649640529,12.184835286185848
1216,confirmation,2039,1,11.736077016252437,11.585573065527882,-0.01541184571065179,11.57016121981723
1224,confirmation,2039,1,11.834291315386718,11.81802539494212,-0.00435884779996602,11.813666547142155
1239,confirmation,2039,1,11.86710429621008,11.775656195990123,-0.05138748518145535,11.724268710808667
1241,confirmation,2039,1,12.323415584358154,12.245861942821929,-0.0014329608341210195,12.244428981987808
1245,confirmation,2039,1,12.345838935721968,12.14343910656128,0.03942721361011581,12.182866320171396
1249,confirmation,2039,1,11.771443882099637,11.81174364786401,-0.015358001740593402,11.796385646123417
1254,confirmation,2039,1,12.591338447675579,12.58743650735701,0.011072019904871172,12.598508527261881
1255,confirmation,2039,1,12.016128107502665,12.131342426949873,0.001655694792411306,12.132998121742284
1260,confirmation,2039,1,11.92504173829169,11.894204072932377,-0.009127936665491821,11.885076136266886
1281,confirmation,2039,1,12.33270970174018,12.232201968358822,-0.0073851726132320135,12.22481679574559
1288,confirmation,2039,1,12.154784614286667,12.065906190176712,0.0077943742742248735,12.073700564450936
1291,confirmation,2039,1,12.103491596905931,11.99506650911312,0.01735415334161954,12.012420662454739
1292,confirmation,2039,1,11.691080018519527,11.661339492512544,0.0172740316592524,11.678613524171796
1304,confirmation,2039,1,12.354496960983985,12.317128690869,-0.017884504306757348,12.299244186562243
1313,confirmation,2039,1,12.618185607609803,12.524090478045894,-0.007729097591229398,12.516361380454665
1314,confirmation,2039,1,12.716405147731708,12.73765392940488,-0.006336149115196244,12.731317780289684
1318,confirmation,2039,1,12.249615734512616,12.171632239096205,-0.009767240261979669,12.161864998834226
1332,confirmation,2039,1,11.794345471549745,11.79089199803784,0.025698866540805918,11.816590864578645
1336,confirmation,2039,1,12.031129798974042,11.982738224190362,0.006786407739894911,11.989524631930257
1337,confirmation,2039,1,11.813037464800539,11.858326288470863,0.005085906860387353,11.86341219533125
1343,confirmation,2039,1,12.339295865674435,12.4068052590848,0.0001418389220762391,12.406947098006876
1352,confirmation,2039,1,12.049424683420915,11.986067920784146,-0.0032625525955241918,11.982805368188622
1361,confirmation,2039,1,12.149507585033072,12.16544881390628,-0.011247932035031494,12.15420088187125
1371,confirmation,2039,1,11.561725152903833,11.600047100640795,0.023705881533718588,11.623752982174514
1379,confirmation,2039,1,11.326607934898927,11.526435380336553,-0.002732951232913332,11.52370242910364
1381,confirmation,2039,1,10.97679912709094,11.201901440755195,0.017473344270236058,11.219374785025432
1391,confirmation,2039,1,12.367345048436391,12.33783842820091,-0.005447522769042041,12.332390905431868
1394,confirmation,2039,1,12.001511614739405,11.809563587501902,-0.00026474512825996367,11.809298842373643
1402,confirmation,2039,1,12.170450649220749,12.119578581859242,-0.006871053582482021,12.11270752827676
1413,confirmation,2039,1,11.407576060361786,11.466756905964605,0.003374677494154643,11.470131583458759
1416,confirmation,2039,1,12.077676615757813,12.307739841704729,0.007687405625331644,12.31542724733006
1419,confirmation,2039,1,11.728044909070785,11.821344178647832,0.007407041498301495,11.828751220146135
1421,confirmation,2039,1,12.100161978566867,12.051448621458755,0.012815043228858233,12.064263664687614
1425,confirmation,2039,1,11.87757552297847,11.828021544968106,0.003789802772885529,11.831811347740992
1429,confirmation,2039,1,11.686887175419702,11.62264411012219,-0.012670340830221737,11.609973769291969
1436,confirmation,2039,1,12.066816325306588,12.042951903885276,0.0220514886424012,12.065003392527677
1438,confirmation,2039,1,12.885673487343764,12.837178954722162,0.0052580075949253385,12.842436962317088
1441,confirmation,2039,1,12.160033942617156,12.161746455600785,0.009209055580575897,12.17095551118136
1444,confirmation,2039,1,11.703554089007538,11.581215701649972,0.009330149407440395,11.590545851057412
5,confirmation,2039,2,12.429220196836383,12.649885972497648,-0.0028509460536446747,12.647035026444003
6,confirmation,2039,2,11.870606902224587,11.983887222015191,-0.00404397338761272,11.979843248627578
7,confirmation,2039,2,12.634606283893019,12.496009509965416,-0.00024779664645891813,12.495761713318958
14,confirmation,2039,2,12.540761149388421,12.30858635307733,-0.003302532694254668,12.305283820383075
21,confirmation,2039,2,12.692506186542177,12.76911177994184,0.0018947104446204656,12.77100649038646
24,confirmation,2039,2,11.774527900858468,11.837528430286676,-0.0125482926338389,11.824980137652837
27,confirmation,2039,2,11.811554895830454,11.837248936474635,-0.0021431489959169918,11.835105787478719
35,confirmation,2039,2,12.533579815765737,12.589922976819434,0.008485004291396935,12.598407981110832
36,confirmation,2039,2,12.6410997921206,12.648032345591549,-0.0018303309202513133,12.646202014671298
37,confirmation,2039,2,11.884495917930655,11.924563467733998,0.0062313776151214,11.93079484534912
39,confirmation,2039,2,11.599112335481124,11.748380209494202,-0.0038958292398268055,11.744484380254375
41,confirmation,2039,2,11.982935344196433,11.82900283860672,0.01437483901025468,11.843377677616974
45,confirmation,2039,2,11.856522261533737,11.899952275664498,0.0038513465483050596,11.903803622212804
52,confirmation,2039,2,11.648338835562747,11.716086469368316,0.003104166041799137,11.719190635410115
53,confirmation,2039,2,11.608244735642321,11.490368650088934,0.012308035266452327,11.502676685355386
55,confirmation,2039,2,11.775297421715827,11.722513709067336,0.017278670619268847,11.739792379686605
56,confirmation,2039,2,12.103491596905931,12.007035110940414,0.01672552074780016,12.023760631688214
57,confirmation,2039,2,12.058158312538197,12.18290124426013,-0.007091041713763046,12.175810202546367
71,confirmation,2039,2,12.404927602627597,12.411511630649962,-0.002409464122690875,12.409102166527271
76,confirmation,2039,2,11.418625774449598,11.421128640314612,-0.011639146654530065,11.40948949366008
77,confirmation,2039,2,11.818577604251555,11.66743524596519,-0.004911659370930211,11.66252358659426
81,confirmation,2039,2,12.173037959397275,12.277068381492724,0.007454439661870734,12.284522821154594
91,confirmation,2039,2,11.60733523953139,11.52419104127669,-0.0023148896721078473,11.521876151604582
93,confirmation,2039,2,12.004574385508691,11.873653097862436,0.009592029891698443,11.883245127754133
96,confirmation,2039,2,12.128116509451258,12.137546055678497,-0.007283456681652628,12.130262598996845
97,confirmation,2039,2,12.273735966890268,12.27777326767813,0.015434302178258523,12.293207569856389
102,confirmation,2039,2,12.08954444723597,12.053793813904608,0.004617812401926276,12.058411626306535
105,confirmation,2039,2,12.040614105490253,11.950000996552266,0.007877084974113229,11.95787808152638
109,confirmation,2039,2,11.652696102959753,11.69993506877218,0.024731837396187204,11.724666906168368
111,confirmation,2039,2,11.827013315851762,11.86515714553739,-0.023612996605144813,11.841544148932245
114,confirmation,2039,2,12.28765724080691,12.298347166146636,-0.043310453820620404,12.255036712326016
116,confirmation,2039,2,12.07824495582233,12.028569939108763,0.01689016634842774,12.045460105457192
118,confirmation,2039,2,11.951186847493476,11.884327473097688,-0.016004668606830703,11.868322804490857
123,confirmation,2039,2,11.820417517632333,11.846703967959051,0.008818016046693232,11.855521984005744
129,confirmation,2039,2,11.951186847493476,11.884771529327574,-0.005658002404007287,11.879113526923566
139,confirmation,2039,2,12.345838935721968,12.412621360869634,0.009456611923409408,12.422077972793044
140,confirmation,2039,2,12.352339472153524,12.246152412456482,-0.0008594962618845152,12.245292916194597
142,confirmation,2039,2,12.468440756144114,12.39176638962168,0.01158128851205919,12.403347678133738
144,confirmation,2039,2,12.225880174775122,12.307380291484575,-0.001276653675451381,12.306103637809123
146,confirmation,2039,2,11.775297421715827,11.803232944067748,-0.02011126727800469,11.783121676789744
147,confirmation,2039,2,11.561725152903833,11.553704189639143,0.009452661538048402,11.563156851177192
152,confirmation,2039,2,12.827731880206521,12.7267447628709,0.015012882052588508,12.741757644923489
154,confirmation,2039,2,12.367345048436391,12.180802895033686,0.017375427913091816,12.198178322946777
157,confirmation,2039,2,11.603688960617083,11.64498132377736,0.007825154579350423,11.65280647835671
159,confirmation,2039,2,12.448630513463613,12.38050390973648,0.027813944095378206,12.408317853831859
167,confirmation,2039,2,12.154784614286667,12.284102016492191,-0.02091254090607786,12.263189475586113
170,confirmation,2039,2,12.337105293891872,12.383800818885655,0.00545165105757771,12.389252469943234
172,confirmation,2039,2,12.278397958261774,12.099958698216607,0.036836770889773156,12.13679546910638
175,confirmation,2039,2,12.122696471358964,12.197180672645596,-0.003803996312665443,12.19337667633293
185,confirmation,2039,2,11.751950239425476,11.72022517464567,-0.0003750128945865691,11.719850161751083
187,confirmation,2039,2,12.06105265381003,12.063635638285309,-0.0009178930420393134,12.062717745243269
195,confirmation,2039,2,11.751950239425476,11.743481115517596,0.013633446210004478,11.757114561727601
197,confirmation,2039,2,12.650351332641707,12.633756566625436,0.015182109089141034,12.648938675714577
201,confirmation,2039,2,11.849404844423074,11.874798441549808,0.021156839473961207,11.89595528102377
213,confirmation,2039,2,12.439875187430008,12.3960068397694,0.016829823350658014,12.412836663120059
214,confirmation,2039,2,11.957617696467539,11.961777566995355,0.009669654086754008,11.971447221082109
216,confirmation,2039,2,11.808955099378537,11.852041785472398,0.007661891813065705,11.859703677285463
220,confirmation,2039,2,12.027191164883384,12.043384271653986,-0.01740825250945123,12.025976019144535
223,confirmation,2039,2,12.100161978566867,12.081476564800392,0.008235800293373063,12.089712365093765
225,confirmation,2039,2,12.864242696187505,12.892996194600366,-0.03668784440810023,12.856308350192267
231,confirmation,2039,2,11.904974309480181,11.842552097389945,-0.0032027366917683248,11.839349360698176
240,confirmation,2039,2,11.635151947212842,11.706042504150538,0.00358109050220018,11.709623594652738
241,confirmation,2039,2,12.47801017053037,12.539407831447056,-0.0036588766188038963,12.535748954828252
242,confirmation,2039,2,11.612779849672751,11.41430255112119,0.012000785192560683,11.426303336313751
251,confirmation,2039,2,11.245059091624615,11.408778193915298,-0.02656743880805705,11.382210755107241
258,confirmation,2039,2,12.301387370778713,12.345885521411171,0.004371344401390152,12.350256865812561
268,confirmation,2039,2,12.097936057925594,12.12745126170478,0.034382136848257534,12.161833398553037
269,confirmation,2039,2,11.699413330633599,11.640040822030196,0.0033671930532741916,11.64340801508347
272,confirmation,2039,2,12.394628892852941,12.314010364254525,-0.0491466261917424,12.264863738062783
275,confirmation,2039,2,11.732069026983156,11.780233674693346,0.008005257733238014,11.788238932426584
283,confirmation,2039,2,12.242891437918386,12.319658526182792,0.009423588433745774,12.329082114616538
289,confirmation,2039,2,11.711784520403112,11.638250122019752,-0.009014711301202589,11.629235410718548
294,confirmation,2039,2,12.367345048436391,12.354318565975976,0.01392690492817536,12.368245470904151
295,confirmation,2039,2,12.025755079404917,11.93704537243794,-0.03428102938378088,11.902764343054159
297,confirmation,2039,2,11.931642378754141,11.754144515903723,-0.008688751027111126,11.745455764876612
301,confirmation,2039,2,11.964007453736912,12.009808347026109,-0.00023347198873746177,12.009574875037371
304,confirmation,2039,2,11.917730355182513,11.75215984316569,-0.00774871158123315,11.744411131584458
312,confirmation,2039,2,11.790564777297387,11.82063563296264,0.005371654524998204,11.826007287487638
328,confirmation,2039,2,11.886218559372042,11.87795452509988,0.007301347739064384,11.885255872838945
338,confirmation,2039,2,12.273735966890268,12.300032338774995,-0.00047937263192106034,12.299552966143075
363,confirmation,2039,2,12.198549416880068,12.088393313499823,0.006116449831463845,12.094509763331287
366,confirmation,2039,2,11.898194668458823,11.711559010002066,-0.004533292009524714,11.707025717992542
377,confirmation,2039,2,11.904974309480181,11.841876261434782,0.015380303146003792,11.857256564580785
385,confirmation,2039,2,12.388398368982115,12.530269894322863,0.011123718578350346,12.541393612901214
392,confirmation,2039,2,12.278397958261774,12.299093318859924,0.015271446022682038,12.314364764882606
409,confirmation,2039,2,12.54254845357358,12.542409204186187,0.003128534957087567,12.545537739143274
410,confirmation,2039,2,12.73596827534975,12.62280837390962,0.009802199940282457,12.632610573849902
415,confirmation,2039,2,12.337105293891872,12.372859475396458,-0.003252284699827677,12.36960719069663
422,confirmation,2039,2,12.278397958261774,12.320756328016376,-0.00034826143371323204,12.320408066582663
425,confirmation,2039,2,11.842236406331555,11.870523495825749,0.0015970124991324546,11.872120508324882
426,confirmation,2039,2,11.813037464800539,11.770049083809017,-0.005472950434580911,11.764576133374437
431,confirmation,2039,2,11.355113089309977,11.453617735222588,-0.005265440545672956,11.448352294676916
433,confirmation,2039,2,11.715874472198905,11.737732953068464,0.0036876266388356253,11.7414205797073
437,confirmation,2039,2,11.661354090741,11.531983851117117,-0.020205231741372665,11.511778619375743
455,confirmation,2039,2,12.144202560946876,11.877653232169438,-0.020439831129533438,11.857213401039905
458,confirmation,2039,2,12.45293662970407,12.395310438773908,0.015699555957088145,12.411009994730996
469,confirmation,2039,2,12.429220196836383,12.410684339698738,0.0016722381183076156,12.412356577817047
471,confirmation,2039,2,12.264346270624157,12.237207137907816,-0.0004723757408798831,12.236734762166936
486,confirmation,2039,2,11.898194668458823,11.934486580115513,0.005673677431214559,11.940160257546728
491,confirmation,2039,2,11.652696102959753,11.606866287931725,-0.016211966707199186,11.590654321224525
492,confirmation,2039,2,11.798111925972618,11.900797430585389,-0.018249075661199744,11.88254835492419
495,confirmation,2039,2,11.421917019425596,11.514151435816247,0.009283051709837476,11.523434487526085
500,confirmation,2039,2,11.695255355062795,11.769586313855305,0.0025920566784282608,11.772178370533734
515,confirmation,2039,2,11.477308649967686,11.433161048297588,-0.011659679955116393,11.421501368342472
519,confirmation,2039,2,12.259618151783465,12.159531498299874,0.011039454898201071,12.170570953198075
522,confirmation,2039,2,11.918397239722838,11.942667552269894,-0.00012087715506408522,11.94254667511483
533,confirmation,2039,2,11.58525542883217,11.539765968901357,0.01727790932026667,11.557043878221624
534,confirmation,2039,2,10.579005242826247,10.887517052761911,-0.010911380346517263,10.876605672415394
537,confirmation,2039,2,12.144202560946876,12.181474705064844,-0.004173441297897434,12.177301263766946
546,confirmation,2039,2,12.34148164933907,12.337574736503916,-0.010182626976564541,12.32739210952735
550,confirmation,2039,2,12.479913113434042,12.369687701465509,0.0027412243512740606,12.372428925816783
553,confirmation,2039,2,12.450981602512561,12.494112035099976,-0.0034285829504987564,12.490683452149478
556,confirmation,2039,2,11.635151947212842,11.65457842119219,-0.006987710638865875,11.647590710553324
567,confirmation,2039,2,12.691583538230217,12.688157317071154,-0.006247643895833044,12.681909673175321
574,confirmation,2039,2,12.04355959836804,12.023538346808904,-0.0004851508769146402,12.02305319593199
585,confirmation,2039,2,11.798111925972618,11.874336187606914,0.0027687506509239635,11.877104938257839
587,confirmation,2039,2,11.775297421715827,11.685433048269974,0.03206043082798704,11.71749347909796
591,confirmation,2039,2,12.132969552931216,12.153287149536707,0.01082458186680337,12.16411173140351
592,confirmation,2039,2,13.02132904585825,12.995793598917157,-0.006613660643098548,12.989179938274058
605,confirmation,2039,2,12.30592250537653,12.292308720970048,-0.005545664841133074,12.286763056128915
612,confirmation,2039,2,11.904974309480181,11.985652160381187,-0.009688267134816244,11.975963893246371
613,confirmation,2039,2,12.474193386571581,12.445042814007076,-0.010015132466943443,12.435027681540133
616,confirmation,2039,2,11.83138646878959,11.795070203193395,0.001526519341469919,11.796596722534865
620,confirmation,2039,2,12.628070334272698,12.6952810939634,-0.014805192098089478,12.68047590186531
621,confirmation,2039,2,11.112462823634855,10.985267821578708,-0.025552361481985468,10.959715460096723
629,confirmation,2039,2,11.813037464800539,12.123436675209565,0.014382747294567327,12.137819422504132
641,confirmation,2039,2,12.520887034998584,12.526702665580956,-0.0016076100611322325,12.525095055519824
649,confirmation,2039,2,11.951186847493476,11.952332994911757,-0.018205776498627087,11.93412721841313
665,confirmation,2039,2,12.955129822091815,12.746045033305004,0.019025432975620822,12.765070466280624
668,confirmation,2039,2,12.173037959397275,12.24962402920154,0.01414983344153929,12.26377386264308
670,confirmation,2039,2,11.83138646878959,11.697108601903864,0.03181926949184181,11.728927871395706
679,confirmation,2039,2,12.827995001361906,12.807679292925943,-0.04220763009937221,12.76547166282657
682,confirmation,2039,2,11.979391594635791,11.572031491521493,0.006266240918949221,11.578297732440442
685,confirmation,2039,2,12.30592250537653,12.284924510204178,-0.008276761122276726,12.276647749081901
691,confirmation,2039,2,11.856522261533737,11.90881395162039,-0.0020739093439023472,11.906740042276487
694,confirmation,2039,2,11.59433032142082,11.577040245471228,-0.043423258820734584,11.533616986650493
699,confirmation,2039,2,11.83863282480007,11.80833146383202,-0.0032341219009276766,11.805097341931093
701,confirmation,2039,2,12.652362948153474,12.628498530162917,-0.029616589943996702,12.59888194021892
704,confirmation,2039,2,11.849404844423074,11.834108120344226,0.00047867348393158983,11.834586793828157
707,confirmation,2039,2,12.618185607609803,12.47898969598767,0.01926127238010125,12.49825096836777
709,confirmation,2039,2,12.09815887308463,12.079144843318522,-0.008324785927863617,12.070820057390659
717,confirmation,2039,2,11.979805470779858,12.145149722616782,0.009536175114687549,12.15468589773147
725,confirmation,2039,2,12.676079399771027,12.63848533952175,-0.015215318092260472,12.62327002142949
739,confirmation,2039,2,12.095146671399466,11.801750098652402,0.017888364787237092,11.81963846343964
747,confirmation,2039,2,12.371591321286905,12.356434210328835,-0.01447016209199135,12.341964048236845
754,confirmation,2039,2,12.526346537332584,12.52513352901268,0.007883438365040591,12.53301696737772
755,confirmation,2039,2,11.957617696467539,11.872681331654558,0.0008964263060262553,11.873577757960584
758,confirmation,2039,2,11.97603664577121,11.82336962306403,0.006701651561397318,11.830071274625427
762,confirmation,2039,2,11.51293546492023,11.602013100995112,0.02146702758324525,11.623480128578358
767,confirmation,2039,2,12.188422799337028,12.114875842299476,-0.003368096650715904,12.11150774564876
777,confirmation,2039,2,12.308182383129823,12.32122405542372,-0.005624471688736781,12.315599583734983
788,confirmation,2039,2,12.358798024384122,12.341451653625116,-0.011908592324951556,12.329543061300164
790,confirmation,2039,2,12.141539457711714,12.245028995235376,-0.003390525867745972,12.241638469367631
793,confirmation,2039,2,12.505402864156405,12.39098152450562,-0.002408060739737038,12.388573463765882
798,confirmation,2039,2,11.608244735642321,11.494764098723522,0.011289293032251206,11.506053391755772
800,confirmation,2039,2,12.07254696717504,12.043032768167246,0.007235759967144144,12.05026852813439
804,confirmation,2039,2,13.275829251377,12.985806468464414,0.009905020681493511,12.995711489145908
805,confirmation,2039,2,11.678448377988165,11.621852839320008,0.00407502203322947,11.625927861353237
810,confirmation,2039,2,11.571203807011969,11.6911605823692,-0.024138831526875328,11.667021750842325
812,confirmation,2039,2,11.881041706925902,11.8988505043602,0.003115631789521713,11.90196613614972
823,confirmation,2039,2,12.323860125621126,12.112340079745588,-0.009345285832035567,12.102994793913552
824,confirmation,2039,2,11.845827048676645,11.853716886417498,-0.012161510351694684,11.841555376065804
826,confirmation,2039,2,12.861001210669146,12.944911116868262,0.03624496289049469,12.981156079758756
832,confirmation,2039,2,11.92504173829169,11.947569929586091,-0.0039186053277264635,11.943651324258365
841,confirmation,2039,2,11.849404844423074,11.707036031577406,0.017421731809979402,11.724457763387385
846,confirmation,2039,2,12.049424683420915,12.102065603313624,-0.011144175158339185,12.090921428155285
850,confirmation,2039,2,12.138869243416009,12.07973255543937,0.0016040614379361497,12.081336616877307
855,confirmation,2039,2,12.04355959836804,12.006783986626996,0.014500210474535926,12.021284197101531
859,confirmation,2039,2,11.931642378754141,11.804748446137602,0.020030844582637125,11.824779290720238
861,confirmation,2039,2,12.154521423145216,12.099041645177683,-0.006908476408349229,12.092133168769335
862,confirmation,2039,2,11.78676973513378,11.80315815870206,0.005979577407769457,11.809137736109829
863,confirmation,2039,2,11.931642378754141,11.863859221850795,-0.007546137929071689,11.856313083921723
864,confirmation,2039,2,11.794345471549745,11.846994230617703,0.0060392010336171404,11.85303343165132
875,confirmation,2039,2,11.104972264124868,11.458790358763244,-0.009061218300486406,11.449729140462757
878,confirmation,2039,2,12.765691290604371,12.76353852205244,-0.002618031414985056,12.760920490637456
880,confirmation,2039,2,11.824087219587643,11.828803441649471,-0.001696228052419357,11.827107213597053
886,confirmation,2039,2,12.70351207261035,12.47777986601688,0.011189390087575957,12.488969256104456
887,confirmation,2039,2,11.884495917930655,11.958690921719908,-0.00048319899218550797,11.958207722727723
888,confirmation,2039,2,11.816734299348461,11.809029747775751,0.006825245559704488,11.815854993335456
892,confirmation,2039,2,12.058158312538197,12.051448233549747,0.002918120318838163,12.054366353868586
893,confirmation,2039,2,11.947955847790901,11.86738337318685,0.0028654510101455656,11.870248824196995
894,confirmation,2039,2,12.013706813470414,11.959226383677002,0.010474622907301065,11.969701006584303
895,confirmation,2039,2,11.685693195625964,11.715782926154349,0.006592089418700981,11.72237501557305
902,confirmation,2039,2,11.938199736300925,11.868367658130484,0.00624685882889064,11.874614516959374
924,confirmation,2039,2,12.170450649220749,12.185663143350286,-0.00924481691556336,12.176418326434723
929,confirmation,2039,2,12.373707715234994,12.379012604556896,-0.010437507042944421,12.368575097513952
931,confirmation,2039,2,12.211065162153215,12.299627393574584,-0.007454485953399625,12.292172907621184
938,confirmation,2039,2,12.441148720271016,12.365266899553015,0.0033053761175988387,12.368572275670614
941,confirmation,2039,2,11.924379271639218,12.04441262698404,-0.009883241090620686,12.034529385893418
942,confirmation,2039,2,12.273735966890268,12.337876455644873,-0.001615896285202907,12.336260559359669
945,confirmation,2039,2,11.83138646878959,12.012620443737235,0.019885460516770745,12.032505904254005
953,confirmation,2039,2,11.804855999911272,11.774999947200518,0.006615758713666453,11.781615705914184
966,confirmation,2039,2,12.094587859196112,12.0173217715282,-0.00227922991274742,12.015042541615452
975,confirmation,2039,2,12.02874460037869,12.029756260804154,0.02069008608288996,12.050446346887044
981,confirmation,2039,2,12.091789104493502,12.000007969253923,-0.005381593703146974,11.994626375550776
992,confirmation,2039,2,12.031725210748633,12.034529247557732,0.01279206726771772,12.04732131482545
998,confirmation,2039,2,12.128116509451258,11.986975856917091,0.00497832916464998,11.991954186081742
1002,confirmation,2039,2,11.362114203075018,11.349326527447705,0.0264836392802296,11.375810166727934
1005,confirmation,2039,2,12.10625783509458,12.140552582632212,-0.0005405597069372155,12.140012022925275
1008,confirmation,2039,2,11.385103457032141,11.352443221768748,-0.01878932445204979,11.3336538973167
1010,confirmation,2039,2,11.532737896139919,11.615962405001875,-0.013583830486946002,11.60237857451493
1012,confirmation,2039,2,11.51293546492023,11.516176318169668,0.0153524847970689,11.531528802966736
1014,confirmation,2039,2,11.350418300109132,11.500657228824224,-0.020279578064831907,11.480377650759392
1029,confirmation,2039,2,11.561725152903833,11.76497566430714,-0.0025338479177088973,11.762441816389432
1030,confirmation,2039,2,11.678448377988165,11.693022453618807,-0.004670113756392099,11.688352339862416
1040,confirmation,2039,2,11.289794413577894,11.327347890367273,-0.011646832838727481,11.315701057528546
1050,confirmation,2039,2,11.349241150793087,11.610830808814235,0.011447053527448089,11.622277862341683
1056,confirmation,2039,2,12.100717685412471,11.950243202273416,0.015215831097517504,11.965459033370934
1075,confirmation,2039,2,12.175618592671356,12.098812838708415,0.017097353630340338,12.115910192338756
1076,confirmation,2039,2,12.299112067295642,12.188487002755272,0.025797246529173028,12.214284249284445
1079,confirmation,2039,2,11.956976469393481,11.857221498040944,-0.0030420247793513096,11.854179473261594
1080,confirmation,2039,2,11.744045122410057,11.801984263529151,0.008808206854209348,11.81079247038336
1086,confirmation,2039,2,11.898194668458823,11.977526504967305,-0.0026987273512324504,11.974827777616072
1087,confirmation,2039,2,11.332613886815139,11.49950618668242,-0.023204080373484582,11.476302106308935
1090,confirmation,2039,2,12.190964083849375,12.239396164252506,-0.0039440745894612494,12.235452089663045
1097,confirmation,2039,2,11.751950239425476,11.628418009773023,0.011715653103350905,11.640133662876375
1099,confirmation,2039,2,11.759793355371237,11.604178569671422,0.00895992620108013,11.613138495872501
1106,confirmation,2039,2,12.691583538230217,12.730342535200837,-0.027440093991921703,12.702902441208915
1107,confirmation,2039,2,12.100161978566867,12.132197529858995,0.003879294585644127,12.13607682444464
1109,confirmation,2039,2,12.10625783509458,12.02012855326758,-0.002047889553405037,12.018080663714176
1118,confirmation,2039,2,11.775297421715827,11.844329995276992,0.008866468951162366,11.853196464228153
1138,confirmation,2039,2,11.451060699493427,11.412094484081914,0.017089228805953732,11.429183712887868
1145,confirmation,2039,2,11.289794413577894,11.328960193056853,0.025261297263044706,11.354221490319897
1155,confirmation,2039,2,12.215037342290755,12.234646291861363,0.017056162357211004,12.251702454218574
1156,confirmation,2039,2,12.292254928916668,12.274365497755134,0.009005096267402776,12.283370594022538
1157,confirmation,2039,2,12.100161978566867,12.12283885170438,0.011604211237041816,12.134443062941422
1159,confirmation,2039,2,12.367889578686164,12.362894460859897,-0.00025574016896294066,12.362638720690933
1162,confirmation,2039,2,12.319405795112926,12.24277834746475,0.0013306792312121228,12.244109026695963
1168,confirmation,2039,2,12.06105265381003,12.177350372682511,-0.004418958097330852,12.17293141458518
1174,confirmation,2039,2,12.208574513247495,12.270935267397526,-0.016395624394390927,12.254539643003135
1178,confirmation,2039,2,11.652696102959753,11.601513936593523,-0.010393351483085208,11.591120585110438
1183,confirmation,2039,2,13.521140839642674,13.07592289734247,0.06463026501086079,13.140553162353331
1185,confirmation,2039,2,12.137263685701864,12.229974838202416,0.013425369622285575,12.243400207824703
1191,confirmation,2039,2,12.031725210748633,12.077073099453449,0.021182021401863836,12.098255120855312
1194,confirmation,2039,2,12.013706813470414,11.99705701365648,-0.007833818541278884,11.989223195115201
1197,confirmation,2039,2,12.29779001527865,12.310899431284708,0.01097637621845187,12.32187580750316
1201,confirmation,2039,2,11.6617850286409,11.561681356293272,0.004760362408665611,11.566441718701938
1203,confirmation,2039,2,11.669937760751914,11.807655931716669,-0.01447830243598427,11.793177629280684
1205,confirmation,2039,2,11.941462360646149,11.943807988237642,0.011108299335523354,11.954916287573166
1214,confirmation,2039,2,11.884495917930655,11.700502838395796,0.012292019820765766,11.712794858216562
1222,confirmation,2039,2,11.80560254159177,11.700624049032443,0.010433914544366861,11.71105796357681
1228,confirmation,2039,2,11.898194668458823,11.85302279028741,-0.0066573492754564345,11.846365441011953
1231,confirmation,2039,2,12.154784614286667,12.18910234271514,-0.000543680279106122,12.188558662436034
1232,confirmation,2039,2,11.794345471549745,11.879720894131516,0.003212743425169526,11.882933637556686
1233,confirmation,2039,2,11.530775206233024,11.515210359914557,-0.015104038442674968,11.50010632147188
1238,confirmation,2039,2,12.180759965737863,12.270186709724577,-0.004218490089325126,12.265968219635251
1244,confirmation,2039,2,13.049794835104816,12.94210651562197,0.03747857713742284,12.979585092759393
1248,confirmation,2039,2,12.042971193457888,11.833830983126134,0.0010763236274734863,11.834907306753607
1252,confirmation,2039,2,12.053801032483948,12.212756309357712,0.010222715766346983,12.222979025124058
1265,confirmation,2039,2,12.10625783509458,11.989547493386976,-0.004712521130041229,11.984834972256934
1270,confirmation,2039,2,11.87757552297847,11.813294348961334,0.016960848142429978,11.830255197103764
1274,confirmation,2039,2,12.083910661257521,12.014644821845332,-0.003120369243106574,12.011524452602226
1278,confirmation,2039,2,12.19552218463499,12.174980355863823,-0.06972078249632797,12.105259573367496
1284,confirmation,2039,2,11.842236406331555,11.833082648752445,0.0053575208664954545,11.83844016961894
1294,confirmation,2039,2,12.000897933306716,12.095220595449147,0.0023394831120966057,12.097560078561244
1306,confirmation,2039,2,12.691583538230217,12.654015965776717,-0.01831510711787115,12.635700858658845
1315,confirmation,2039,2,11.686887175419702,11.680857781066328,-0.002679332981638801,11.678178448084688
1323,confirmation,2039,2,12.154784614286667,12.344308431410823,0.0033847278289461913,12.34769315923977
1325,confirmation,2039,2,11.898194668458823,12.602502907233868,-0.004554518507028796,12.59794838872684
1329,confirmation,2039,2,12.45293662970407,12.15250123670656,0.017729268825063645,12.170230505531622
1330,confirmation,2039,2,12.081081821061819,12.10170018980562,-0.0034403839585537914,12.098259805847066
1333,confirmation,2039,2,11.51293546492023,11.652651017614376,0.023382995917771543,11.676034013532147
1341,confirmation,2039,2,11.719947764402807,11.57321688374488,-0.01599104660911119,11.55722583713577
1346,confirmation,2039,2,11.59451466851004,11.419437773137714,-0.01912219332758073,11.400315579810133
1347,confirmation,2039,2,12.47801017053037,12.40393727207801,0.0042211864990728855,12.408158458577084
1349,confirmation,2039,2,12.278397958261774,12.412931399833198,0.019040982937257558,12.431972382770455
1356,confirmation,2039,2,12.04355959836804,12.142554093546092,0.008641708227395344,12.151195801773488
1359,confirmation,2039,2,12.086731521684555,12.052240626052178,0.015180532961959616,12.067421159014138
1362,confirmation,2039,2,12.468440756144114,12.472124174141353,0.007452147875167268,12.47957632201652
1365,confirmation,2039,2,11.878630514504515,11.899915367316847,-0.004510504693653898,11.895404862623193
1370,confirmation,2039,2,12.354496960983985,12.417783837915806,0.005131013165619351,12.422914851081426
1374,confirmation,2039,2,13.05301544288996,13.035820835102369,-0.020569935316359637,13.01525089978601
1376,confirmation,2039,2,12.384223015005313,12.461711331559492,0.010497212688291596,12.472208544247783
1378,confirmation,2039,2,11.669937760751914,11.813232189931762,0.01552679623745761,11.82875898616922
1380,confirmation,2039,2,12.02874460037869,12.003263255081182,0.0007137293964990925,12.003976984477681
1385,confirmation,2039,2,11.561725152903833,11.568694138702684,-0.010677833873510357,11.558016304829174
1387,confirmation,2039,2,12.429220196836383,12.62282794488432,0.023852810245218844,12.646680755129537
1397,confirmation,2039,2,11.982935344196433,12.039890623779687,0.009562074958117834,12.049452698737806
1398,confirmation,2039,2,11.83138646878959,11.845829393582234,0.015539415844091417,11.861368809426326
1400,confirmation,2039,2,11.831022768939789,11.96978726917341,0.02205031455522785,11.991837583728639
1404,confirmation,2039,2,12.552930054797935,12.265885404889325,0.008749919736785095,12.274635324626109
1406,confirmation,2039,2,12.524530013005734,12.552697014441971,0.016820525429007874,12.56951753987098
1409,confirmation,2039,2,11.74006900564972,11.54940666149682,0.006920906410037553,11.556327567906857
1411,confirmation,2039,2,12.345838935721968,12.249177910741954,-0.0030826056426057377,12.246095305099349
1412,confirmation,2039,2,11.849404844423074,11.90600851650584,-0.00442443766048026,11.90158407884536
1415,confirmation,2039,2,12.240478903153711,12.21362202727834,0.02055860560307909,12.234180632881419
1443,confirmation,2039,2,12.644330802262578,12.672147290744688,-0.0067901686072868814,12.6653571221374
1450,confirmation,2039,2,11.429554725537322,11.41860595621502,-0.007927327159912678,11.410678629055107
1452,confirmation,2039,2,12.567554517655415,12.426781866639253,0.0025616357332542473,12.429343502372507
1457,confirmation,2039,2,12.25486757159303,12.182981474409484,-0.012982187374815274,12.169999287034669
1458,confirmation,2039,2,12.493133274926212,12.490130444657456,0.013137897847372591,12.503268342504828
1459,confirmation,2039,2,11.864469267087891,11.79626949274716,0.009818082796908016,11.806087575544067
1,confirmation,2039,3,12.24769911637256,12.1683185261395,0.012497162177080577,12.18081568831658
2,confirmation,2039,3,12.109016442313738,12.097164483743432,0.014262045225535484,12.111426528968968
4,confirmation,2039,3,11.849404844423074,12.066492882574876,-0.011008745357267034,12.055484137217608
9,confirmation,2039,3,11.774527900858468,11.778748410321178,0.0075215900277737285,11.786270000348951
13,confirmation,2039,3,11.87757552297847,11.804864837543873,0.004143795608871242,11.809008633152745
15,confirmation,2039,3,11.964007453736912,11.946191646184804,-0.00860630205227334,11.93758534413253
17,confirmation,2039,3,11.91170829631447,11.917352291915906,-0.011490175498456361,11.905862116417449
18,confirmation,2039,3,11.407576060361786,11.602800977423282,-0.0010169137106443358,11.601784063712637
19,confirmation,2039,3,11.976665770490767,12.008449030077786,-0.011294803356678776,11.997154226721108
20,confirmation,2039,3,11.842236406331555,11.662788324734231,-0.011411848187922997,11.651376476546309
51,confirmation,2039,3,12.083910661257521,12.102243435473516,-0.004962295163170547,12.097281140310345
54,confirmation,2039,3,12.861001210669146,12.770930421063182,0.007754315240926186,12.77868473630411
60,confirmation,2039,3,11.735276702486741,11.721363238390982,0.006360722370064832,11.727723960761047
63,confirmation,2039,3,12.218500103788143,12.23810683534964,0.003507484406584632,12.241614319756225
64,confirmation,2039,3,11.849404844423074,11.807027139006776,0.013799363787576563,11.820826502794352
70,confirmation,2039,3,12.323860125621126,12.28313003724875,-0.014924878159046083,12.268205159089703
74,confirmation,2039,3,11.88380602959621,11.898058254349149,0.008617287321252994,11.9066755416704
86,confirmation,2039,3,12.468440756144114,12.48604050736041,0.0007439156697411052,12.486784423030151
95,confirmation,2039,3,12.229549885708273,12.23372506322,0.012558332860531072,12.24628339608053
99,confirmation,2039,3,11.326607934898927,11.347931179955152,0.013424351764972711,11.361355531720125
100,confirmation,2039,3,11.767187766223199,11.710044161746206,0.008174284065287647,11.718218445811493
103,confirmation,2039,3,11.68658461118553,11.676943784358338,-0.01137827487141202,11.665565509486926
107,confirmation,2039,3,11.51293546492023,11.366999849551323,-0.01617182013154946,11.350828029419773
115,confirmation,2039,3,12.466515835145202,12.387906004335765,-0.017062901292691095,12.370843103043073
120,confirmation,2039,3,12.0075668272517,12.04242655774896,-0.0007517344982473782,12.041674823250712
124,confirmation,2039,3,11.944064817531656,11.983430462970796,0.0030124387599467276,11.986442901730744
126,confirmation,2039,3,11.344518647594766,11.328309707313895,-0.024428735406573372,11.303880971907322
128,confirmation,2039,3,11.373674891823535,11.449128346344995,0.010860339744143882,11.459988686089138
134,confirmation,2039,3,12.301387370778713,12.210836667715084,0.017997715696872307,12.228834383411955
136,confirmation,2039,3,12.066816325306588,12.058150167273425,-0.003597111870946361,12.054553055402478
138,confirmation,2039,3,12.049424683420915,12.188670707558318,-0.03575618815303581,12.152914519405282
148,confirmation,2039,3,12.312686874960354,12.315146218191586,-0.004404286264659668,12.310741931926927
149,confirmation,2039,3,11.856522261533737,11.91263901683676,-0.00044587497446415224,11.912193141862296
161,confirmation,2039,3,11.998439434579149,11.971805433438035,0.005432884505674094,11.97723831794371
162,confirmation,2039,3,12.929993908996359,12.944682392321624,-0.00980473448559142,12.934877657836033
168,confirmation,2039,3,12.693501691489768,12.839582246270654,0.023741549576506586,12.86332379584716
180,confirmation,2039,3,11.51293546492023,11.638620259953775,-0.017022567205428076,11.621597692748347
183,confirmation,2039,3,11.695255355062795,11.68196004693713,-0.003017598728663301,11.678942448208467
186,confirmation,2039,3,13.07107218827772,12.608447134416048,-0.026737318223593185,12.581709816192454
191,confirmation,2039,3,12.660331092405906,12.566509496342444,0.047021977870778144,12.613531474213223
192,confirmation,2039,3,12.122696471358964,12.025989476100476,-0.006994050709185568,12.01899542539129
193,confirmation,2039,3,12.165255859329688,12.19309024773294,0.0008960695869800959,12.19398631731992
205,confirmation,2039,3,11.608244735642321,11.611359485537475,-0.0021391699790062387,11.609220315558469
218,confirmation,2039,3,11.580593459194764,11.324568887828995,-0.05548269638346807,11.269086191445528
221,confirmation,2039,3,12.230282214644559,12.301050436820256,0.00591785429297814,12.306968291113234
226,confirmation,2039,3,11.626263078808801,11.5298980106953,-0.008624013309043048,11.521273997386256
227,confirmation,2039,3,12.577639650232573,12.517587177193011,-0.014703149177122527,12.502884028015888
228,confirmation,2039,3,11.571203807011969,11.490272345658914,-0.008203413065963895,11.48206893259295
230,confirmation,2039,3,12.167856627501678,12.183594992155406,0.0016162775803948144,12.1852112697358
235,confirmation,2039,3,12.285350445351659,12.285987393447284,-0.008487940245984168,12.2774994532013
246,confirmation,2039,3,12.394628892852941,12.281707849130475,-0.019707679173420672,12.262000169957055
247,confirmation,2039,3,11.827743504053695,11.790884664805906,0.007558438898265445,11.798443103704171
248,confirmation,2039,3,11.849404844423074,11.854113040669978,-0.006765429696050741,11.847347610973927
255,confirmation,2039,3,11.884495917930655,11.86172587362279,0.014030828964593177,11.875756702587383
259,confirmation,2039,3,12.352339472153524,12.277211488176782,-0.0019270131267683636,12.275284475050013
260,confirmation,2039,3,11.48247656671073,11.532820861609546,0.00862333193622697,11.541444193545772
263,confirmation,2039,3,11.92504173829169,11.891678001221097,0.023207010301010154,11.914885011522108
266,confirmation,2039,3,12.075400019877522,12.11191007239207,-0.005403852582408857,12.10650621980966
276,confirmation,2039,3,12.230770136157428,12.05855100892815,0.01742993569585082,12.075980944624002
278,confirmation,2039,3,11.856522261533737,11.570573364522172,0.01943313456100523,11.590006499083177
280,confirmation,2039,3,12.165255859329688,12.196800734542649,0.008919272243506656,12.205720006786155
284,confirmation,2039,3,12.407383590534293,12.403734432611492,0.003969867154233296,12.407704299765724
285,confirmation,2039,3,12.09626335986454,12.164906234972207,-0.0019314511042036098,12.162974783868004
286,confirmation,2039,3,12.011886987792716,12.014147143055208,-0.009310855953997912,12.00483628710121
287,confirmation,2039,3,11.976665770490767,12.15318582268108,-0.012176481068537076,12.141009341612543
290,confirmation,2039,3,11.941950837487406,11.86376950525072,-0.0028436975996719025,11.860925807651048
291,confirmation,2039,3,12.359784657728284,12.410748224251142,0.004082922432954741,12.414831146684097
296,confirmation,2039,3,11.86710429621008,11.875653725183756,-0.0005696686541191929,11.875084056529637
300,confirmation,2039,3,11.973516181427835,11.872673070407762,0.012914458718300659,11.885587529126063
309,confirmation,2039,3,11.320565693461432,11.636089066488868,-0.019005531982824567,11.617083534506044
313,confirmation,2039,3,11.694421681264394,11.786557409975911,-0.024228490583197402,11.762328919392713
324,confirmation,2039,3,11.745433036677353,11.678328192812716,-0.0038010699415366327,11.67452712287118
325,confirmation,2039,3,12.396697137361691,12.47052220297056,0.008819711870002203,12.479341914840562
340,confirmation,2039,3,11.951186847493476,11.848658845495924,0.0008664827801717131,11.849525328276096
341,confirmation,2039,3,12.220473454337986,12.248805730147978,-0.00963221936111105,12.239173510786868
343,confirmation,2039,3,11.37940550085183,11.454657634077495,0.004600454701181337,11.459258088778677
344,confirmation,2039,3,12.491255347155265,12.537574814405684,-0.013325458839688505,12.524249355565996
345,confirmation,2039,3,11.350418300109132,11.387733770700637,0.00977261568360366,11.39750638638424
347,confirmation,2039,3,11.928347504569842,11.832296309298394,0.009602560698361672,11.841898869996756
356,confirmation,2039,3,12.086731521684555,12.056229072606838,0.0041321100657041145,12.060361182672542
360,confirmation,2039,3,12.54254845357358,12.53241665048612,0.007288374319673039,12.539705024805793
370,confirmation,2039,3,11.995357787034976,12.02087609607682,-0.019495280210479318,12.00138081586634
371,confirmation,2039,3,12.057578437658945,12.127916039403733,0.00016763827846845276,12.1280836776822
375,confirmation,2039,3,12.299112067295642,12.222620517364096,-0.01462379203885403,12.207996725325241
379,confirmation,2039,3,12.885204569609956,12.879759812246215,0.041984793059426796,12.921744605305642
390,confirmation,2039,3,12.962196972666593,12.936735051544478,-0.0027479935495304526,12.933987057994948
399,confirmation,2039,3,11.112462823634855,11.264961456934929,0.009662193666158007,11.274623650601086
406,confirmation,2039,3,11.918397239722838,11.973482670473144,-0.02055959833079604,11.952923072142347
407,confirmation,2039,3,11.652696102959753,11.655600098379225,-0.002227550510398802,11.653372547868825
408,confirmation,2039,3,12.083910661257521,11.981744646422516,0.003000696669386772,11.984745343091904
411,confirmation,2039,3,11.002116507732017,11.50534893763326,-0.0330061666156832,11.472342771017576
412,confirmation,2039,3,11.884495917930655,11.865718343530038,-0.00536894407532105,11.860349399454716
427,confirmation,2039,3,12.524530013005734,12.38153505141266,-0.004832658250191876,12.376702393162468
428,confirmation,2039,3,11.599185726610004,11.636890736926928,0.012526930750772403,11.6494176676777
429,confirmation,2039,3,12.182809136284991,12.181047841399138,0.0005235899887464946,12.181571431387885
432,confirmation,2039,3,11.288543647320601,11.540295579746422,0.008715485718210072,11.549011065464631
440,confirmation,2039,3,11.608244735642321,11.842629324086827,-0.02637866165930332,11.816250662427525
441,confirmation,2039,3,13.22672519452875,13.087993340980818,0.01582719840987929,13.103820539390696
450,confirmation,2039,3,11.695255355062795,11.656981186690548,0.017094526891850297,11.674075713582397
451,confirmation,2039,3,11.608244735642321,11.517642196646834,-0.0014088808420262078,11.516233315804808
463,confirmation,2039,3,11.04106411122238,11.721324644923424,0.007276240345682713,11.728600885269106
464,confirmation,2039,3,12.147919030759663,12.161002856331972,0.0492051237454372,12.21020798007741
465,confirmation,2039,3,11.728044909070785,11.634647374730582,0.006060402665162375,11.640707777395745
476,confirmation,2039,3,11.794345471549745,11.831091950012096,0.005213201372065928,11.836305151384162
478,confirmation,2039,3,12.847929163278053,12.919343120202162,0.03036540044897877,12.949708520651141
482,confirmation,2039,3,12.832013750189885,12.786550943043675,-0.01699480621414455,12.76955613682953
485,confirmation,2039,3,11.794345471549745,11.787239237775635,-0.009859045173761714,11.777380192601873
498,confirmation,2039,3,12.122696471358964,11.97120284456949,0.005080242776573964,11.976283087346063
502,confirmation,2039,3,12.331387247601905,12.296555538079392,0.007877013144660728,12.304432551224053
504,confirmation,2039,3,12.574185427296195,12.408294470305664,0.0056436800301632875,12.413938150335827
508,confirmation,2039,3,12.246739428005663,12.055124892297226,0.01225960022253,12.067384492519755
510,confirmation,2039,3,11.732069026983156,11.863536293213851,-0.0005123521373195919,11.863023941076532
516,confirmation,2039,3,12.90634935052389,12.84364709317424,-0.0008526755811082302,12.842794417593133
518,confirmation,2039,3,12.487488878546145,12.58967189949666,-0.007597455161685798,12.582074444334973
520,confirmation,2039,3,12.36308066783498,12.470774301680173,0.02958801102728199,12.500362312707455
554,confirmation,2039,3,11.58989576532275,11.656202384464306,-0.014280704749587262,11.641921679714718
555,confirmation,2039,3,12.556733038263905,12.504005907328716,0.0013303812047835923,12.5053362885335
560,confirmation,2039,3,12.36308066783498,12.150308133714752,0.008274016837073121,12.158582150551824
562,confirmation,2039,3,12.04355959836804,12.040524299446863,0.004960538289027242,12.045484837735891
566,confirmation,2039,3,11.759793355371237,11.74520777140192,-0.003908709068515133,11.741299062333406
569,confirmation,2039,3,12.665397584983758,12.589599397283289,0.02371395142787177,12.613313348711161
578,confirmation,2039,3,12.010671928196443,11.93068210659459,-0.005766308384967736,11.924915798209621
584,confirmation,2039,3,12.691583538230217,12.590089363002438,-0.017610490308833358,12.572478872693605
589,confirmation,2039,3,11.870606902224587,12.382708191676564,-0.00010745290281001778,12.382600738773753
594,confirmation,2039,3,11.849404844423074,11.850556926872374,-0.008126856779419097,11.842430070092954
598,confirmation,2039,3,12.176654133447505,12.129789420386462,-0.01876095206588784,12.111028468320574
600,confirmation,2039,3,11.92504173829169,11.948985399063808,-0.006808939743529109,11.94217645932028
603,confirmation,2039,3,12.301387370778713,12.271918670857657,-0.010255824499053259,12.261662846358604
606,confirmation,2039,3,12.230770136157428,12.153046064109873,0.004800537158168317,12.15784660126804
608,confirmation,2039,3,12.323860125621126,12.116749651280562,0.0032862525222855823,12.120035903802847
609,confirmation,2039,3,12.791358964949923,12.522576286210152,0.052709479897365824,12.575285766107518
615,confirmation,2039,3,11.231901180182515,11.271925662541223,0.0025710166169072017,11.27449667915813
627,confirmation,2039,3,11.848690308590857,11.739462552584596,0.00499843492900903,11.744460987513605
633,confirmation,2039,3,11.320565693461432,12.013585623316702,-0.01321957267172335,12.00036605064498
637,confirmation,2039,3,11.002116507732017,10.864165342146244,-0.0690825773431764,10.795082764803068
639,confirmation,2039,3,11.350418300109132,11.388867325305682,0.022249763392487635,11.41111708869817
643,confirmation,2039,3,12.75130259456002,12.71190722771788,-0.014986436985866389,12.696920790732014
644,confirmation,2039,3,11.931642378754141,11.934723372170048,0.0015346894213471263,11.936258061591396
652,confirmation,2039,3,11.58989576532275,11.626360189174846,-0.04447006583130088,11.581890123343545
663,confirmation,2039,3,11.608244735642321,11.797409567182632,-0.002849569134283489,11.794559998048348
675,confirmation,2039,3,11.849404844423074,11.893713986744435,0.008108169296545658,11.90182215604098
678,confirmation,2039,3,11.603688960617083,11.583594652573383,0.02465891140165411,11.608253563975037
681,confirmation,2039,3,11.870606902224587,11.678658416689046,-0.021271941184878393,11.657386475504168
693,confirmation,2039,3,12.721888795877375,12.644788529364384,-0.0038872819377100444,12.640901247426674
696,confirmation,2039,3,12.07824495582233,12.08202429618491,-0.0032244592998619376,12.078799836885048
706,confirmation,2039,3,10.915106645867503,11.061247567155728,-0.03470118785375157,11.026546379301976
710,confirmation,2039,3,11.60733523953139,11.557482520316348,-0.0017527926213332567,11.555729727695015
713,confirmation,2039,3,12.149507585033072,12.166688232321542,-0.021053238484880436,12.145634993836662
720,confirmation,2039,3,11.763691965388299,11.857971434696749,0.0046916963315404075,11.86266313102829
722,confirmation,2039,3,11.870606902224587,11.881470411470374,-0.0059444741270544945,11.875525937343319
730,confirmation,2039,3,11.542493975902508,11.383536138426772,0.011400125250944314,11.394936263677716
731,confirmation,2039,3,12.373707715234994,12.469023720259448,0.018677171722469778,12.487700891981918
733,confirmation,2039,3,12.312686874960354,12.373335315123414,-0.01518209928873322,12.358153215834681
738,confirmation,2039,3,12.3879816172226,12.347521106583748,-0.0014690431858242557,12.346052063397924
743,confirmation,2039,3,12.095146671399466,12.003591999903938,0.0024977153448560467,12.006089715248793
746,confirmation,2039,3,12.61087420020211,12.731850980781816,-0.017309862382738524,12.714541118399078
753,confirmation,2039,3,12.28765724080691,12.249959648802964,-0.0019189043446545457,12.24804074445831
756,confirmation,2039,3,12.058158312538197,12.033692477774146,0.018129172242481038,12.051821650016628
771,confirmation,2039,3,11.812296455066814,11.796976570554378,0.0008433104455461819,11.797819880999924
778,confirmation,2039,3,11.86710429621008,11.81373218053666,0.01861874455566489,11.832350925092324
787,confirmation,2039,3,11.842236406331555,11.718152078435445,-0.011044278205151237,11.707107800230293
795,confirmation,2039,3,12.178192583415596,12.198693112829218,-0.005421799094550679,12.193271313734668
796,confirmation,2039,3,12.049424683420915,12.013233854408227,0.009179234744590144,12.022413089152817
813,confirmation,2039,3,10.932999821119937,11.466823294313702,0.021364269891480766,11.488187564205182
834,confirmation,2039,3,12.025755079404917,11.948720953899764,0.003941501630525638,11.95266245553029
842,confirmation,2039,3,11.967187086434018,11.926361159981,0.004171667975465909,11.930532827956467
853,confirmation,2039,3,12.00762780434872,12.025720475998492,-0.011087887854565518,12.014632588143927
854,confirmation,2039,3,11.970356641102999,12.038836916891228,0.006716755575366696,12.045553672466594
865,confirmation,2039,3,12.43153750053306,12.190244401962053,-0.01678429136297441,12.173460110599079
876,confirmation,2039,3,12.623064399210183,12.67917525537588,0.045408752464687514,12.724584007840567
881,confirmation,2039,3,11.964007453736912,11.980328818715064,0.013267586117782055,11.993596404832847
891,confirmation,2039,3,11.719134432217524,11.706925612069291,-0.011260090357462702,11.69566552171183
896,confirmation,2039,3,11.849404844423074,12.009161736740516,0.004131464823275102,12.013293201563792
909,confirmation,2039,3,11.782960235741939,11.792393154906373,-0.003459335876235831,11.788933819030136
912,confirmation,2039,3,11.874097282798648,11.957171233470657,0.009489503483124944,11.966660736953783
916,confirmation,2039,3,11.225256725762893,11.348316265136283,-0.02450599039647931,11.323810274739804
919,confirmation,2039,3,12.380030154325457,12.460766828388516,-0.009525487153810965,12.451241341234706
934,confirmation,2039,3,12.154784614286667,12.20096160319477,0.0058350272187247315,12.206796630413494
939,confirmation,2039,3,12.387560521575551,12.393471909687376,0.010076521393943817,12.40354843108132
940,confirmation,2039,3,12.406565597924235,12.352053452567416,0.010704316910087816,12.362757769477504
944,confirmation,2039,3,11.870606902224587,11.80752171320015,-0.023679098039793726,11.783842615160356
948,confirmation,2039,3,12.506180941677357,12.539527329589584,-0.008993348311769303,12.530533981277815
955,confirmation,2039,3,11.755879486687116,11.735082596269466,0.018510747710298456,11.753593343979764
956,confirmation,2039,3,11.884495917930655,11.890484379465862,0.027323157679373437,11.917807537145235
958,confirmation,2039,3,11.790564777297387,11.747266174476788,-4.183269856413786e-05,11.747224341778224
960,confirmation,2039,3,11.951186847493476,12.090364113882284,-0.0012511380593988111,12.089112975822886
961,confirmation,2039,3,11.665655135642039,11.68445118757255,0.006026573950458814,11.69047776152301
971,confirmation,2039,3,11.813037464800539,11.26668054819109,-0.008652826926564413,11.258027721264526
995,confirmation,2039,3,12.729323752253295,12.721603943057463,-0.002618305732393075,12.718985637325071
997,confirmation,2039,3,11.824087219587643,11.803871089127473,0.008068493284185796,11.811939582411659
1000,confirmation,2039,3,12.235636302128867,12.153171661159138,0.0014358078664241047,12.154607469025562
1001,confirmation,2039,3,11.314486721293981,11.168162378775936,0.0028082726455977134,11.170970651421534
1003,confirmation,2039,3,12.354496960983985,12.391218601994026,-0.005182451833192688,12.386036150160834
1004,confirmation,2039,3,11.827049837927534,11.92146164268571,-0.014746231810983376,11.906715410874726
1007,confirmation,2039,3,12.004574385508691,11.961541710344818,-0.006515041173542096,11.955026669171277
1009,confirmation,2039,3,12.388398368982115,12.39802031787656,0.01327572596362462,12.411296043840185
1016,confirmation,2039,3,12.33270970174018,12.242218373265043,0.007934754432255381,12.250153127697299
1022,confirmation,2039,3,12.175618592671356,12.22637559506862,0.0031676334216506423,12.22954322849027
1023,confirmation,2039,3,11.373674891823535,11.562470618742887,0.005300112609966264,11.567770731352853
1025,confirmation,2039,3,12.567240979056246,12.60269837173588,-0.0008978087104347428,12.601800563025446
1026,confirmation,2039,3,11.630717389475995,11.734098761077464,-0.001375309051135357,11.732723452026327
1033,confirmation,2039,3,12.644330802262578,12.76471091551927,-0.01837978735740658,12.746331128161863
1034,confirmation,2039,3,12.345838935721968,12.391746807614744,0.009478904774126141,12.40122571238887
1036,confirmation,2039,3,11.338583982516495,11.3317763136328,-0.01433517168051953,11.31744114195228
1044,confirmation,2039,3,12.47717172708952,12.423576361197306,-0.015239191693613255,12.408337169503692
1045,confirmation,2039,3,12.535379989788607,12.546215932219637,-0.011646245736867688,12.534569686482769
1048,confirmation,2039,3,11.884495917930655,11.892653713714283,0.009730976212217524,11.902384689926501
1049,confirmation,2039,3,11.652696102959753,11.795087237275164,0.014309461649875864,11.80939669892504
1055,confirmation,2039,3,12.449022745701502,12.45775712195191,-0.001757294649128524,12.455999827302783
1059,confirmation,2039,3,12.721888795877375,12.806168806757576,-0.0036963712128703567,12.802472435544706
1062,confirmation,2039,3,11.302216779257382,11.56344165131675,0.006354017248426476,11.569795668565177
1070,confirmation,2039,3,11.813037464800539,11.77619463120522,-0.014205905708173334,11.761988725497046
1081,confirmation,2039,3,11.884495917930655,12.008296923506014,0.03102257523758421,12.039319498743598
1083,confirmation,2039,3,12.165255859329688,12.17691747533216,-0.008867255167198818,12.168050220164963
1084,confirmation,2039,3,11.982935344196433,11.971124434576598,0.007941139455951735,11.97906557403255
1091,confirmation,2039,3,11.439289689006644,11.372415305523628,0.004712545643170646,11.377127851166799
1092,confirmation,2039,3,11.982935344196433,11.977782588322308,0.009272889533842468,11.98705547785615
1102,confirmation,2039,3,11.691080018519527,11.663224710170706,-0.0102969105463476,11.652927799624358
1114,confirmation,2039,3,11.80932691294063,11.81838508677356,-0.009066667424763,11.809318419348797
1115,confirmation,2039,3,11.669937760751914,11.662825589321711,0.0029678277234709673,11.665793417045181
1121,confirmation,2039,3,11.681832447342321,11.6477989207478,-0.002871747259168447,11.64492717348863
1133,confirmation,2039,3,11.674202123168433,11.714138558238965,-0.05867288355397498,11.65546567468499
1147,confirmation,2039,3,12.100717685412471,12.097544820623895,-0.022468783528771227,12.075076037095124
1148,confirmation,2039,3,12.069685751267224,12.177069625653328,0.04390538456426142,12.22097501021759
1153,confirmation,2039,3,12.345838935721968,12.191012145010388,0.03424977450703962,12.225261919517427
1166,confirmation,2039,3,12.359527368950229,12.385379994112634,-0.009759687791937937,12.375620306320696
1167,confirmation,2039,3,12.41044511731981,12.386017302749856,-0.018343138813227584,12.367674163936629
1169,confirmation,2039,3,12.367345048436391,12.210466673299496,0.03279596935810599,12.243262642657603
1173,confirmation,2039,3,12.05467400868968,12.003513267716995,-0.013733881641038078,11.989779386075957
1177,confirmation,2039,3,11.691080018519527,11.784650456563522,0.01521530835512034,11.799865764918643
1179,confirmation,2039,3,11.950541482162043,11.81165058748435,0.008658044075304476,11.820308631559653
1181,confirmation,2039,3,12.429220196836383,12.351799130074411,-0.006232008643775136,12.345567121430637
1184,confirmation,2039,3,11.695255355062795,11.8715360223065,0.006592134655155002,11.878128156961656
1186,confirmation,2039,3,11.560772327227417,11.7517798979084,0.021752234232058923,11.773532132140458
1187,confirmation,2039,3,11.461642696843066,11.730040017083349,-0.009296077473239184,11.72074393961011
1188,confirmation,2039,3,12.476103599529843,12.55034065541383,0.0039745505757113695,12.55431520598954
1195,confirmation,2039,3,11.970356641102999,11.875804846182,0.02204655577813324,11.897851401960132
1200,confirmation,2039,3,11.904974309480181,11.864367347964256,0.01487869077155262,11.87924603873581
1204,confirmation,2039,3,12.269052139516223,12.27102678352878,-0.008317914005059157,12.26270886952372
1206,confirmation,2039,3,12.513193308436527,12.517298880880212,-0.02080521396729325,12.496493666912919
1212,confirmation,2039,3,12.00762780434872,12.24833454910814,-0.009483227728686053,12.238851321379453
1213,confirmation,2039,3,11.635151947212842,11.386749026572597,0.01777018893862715,11.404519215511224
1221,confirmation,2039,3,11.652696102959753,11.62254980487674,-0.01061739637320672,11.611932408503534
1223,confirmation,2039,3,11.870606902224587,11.949485448602696,-0.009611654455600744,11.939873794147095
1229,confirmation,2039,3,12.813920618864572,12.82117661559731,0.006240706337266094,12.827417321934576
1234,confirmation,2039,3,11.863589378812122,11.813345428491424,-0.0050561625998918995,11.808289265891531
1243,confirmation,2039,3,12.04355959836804,11.966872518790932,0.009741103277847406,11.976613622068779
1257,confirmation,2039,3,12.616528611893463,12.678020455914536,0.013421323424722846,12.691441779339259
1263,confirmation,2039,3,11.992266613576142,11.907409124186064,0.006803140466084611,11.914212264652148
1271,confirmation,2039,3,12.468440756144114,12.360870082738154,0.01373361647314814,12.374603699211303
1273,confirmation,2039,3,11.827743504053695,11.805593791694356,0.0204266143140167,11.826020406008373
1279,confirmation,2039,3,12.37581963951765,12.44736770686405,-0.0038179365396780233,12.443549770324372
1290,confirmation,2039,3,12.546113507028412,12.56032827418055,-0.007584005607354242,12.552744268573196
1293,confirmation,2039,3,11.58525542883217,11.649419530713672,-0.03421657522111653,11.615202955492556
1301,confirmation,2039,3,12.323860125621126,12.314059468926583,0.003213270645950313,12.317272739572534
1310,confirmation,2039,3,12.09626335986454,12.081575616036403,-0.0015334609024671797,12.080042155133937
1311,confirmation,2039,3,12.721888795877375,12.622018551041055,0.015723820116061063,12.637742371157117
1312,confirmation,2039,3,12.220966184120165,12.199786334432067,0.004499430629497488,12.204285765061565
1317,confirmation,2039,3,12.596403811053621,12.477060349405845,-0.0015744236836988724,12.475485925722145
1319,confirmation,2039,3,12.524530013005734,12.488918598721876,-0.02677615195313409,12.462142446768741
1321,confirmation,2039,3,11.960817678718287,11.923779308926564,-0.004076215165046082,11.919703093761518
1322,confirmation,2039,3,11.19135563385109,11.23178544842469,0.004110713959390463,11.23589616238408
1326,confirmation,2039,3,10.915106645867503,11.133308991992246,0.004437517260521504,11.137746509252768
1327,confirmation,2039,3,11.277215789596893,11.406405896218269,-0.02962797464768764,11.37677792157058
1331,confirmation,2039,3,12.33270970174018,12.3550615828916,0.005272972987908224,12.36033455587951
1342,confirmation,2039,3,11.951186847493476,11.931438903045295,-0.014602114525798404,11.916836788519497
1345,confirmation,2039,3,11.95655945119582,12.04466819042896,-0.0025268028247722694,12.042141387604188
1350,confirmation,2039,3,11.711784520403112,11.723976117757896,-0.03517622467027537,11.688799893087621
1354,confirmation,2039,3,12.923914877701906,12.887332172384056,0.011702653059187444,12.899034825443243
1355,confirmation,2039,3,12.367345048436391,12.36521162741914,0.012452961489009163,12.377664588908148
1360,confirmation,2039,3,12.660331092405906,12.850722404492991,-0.008576421011225133,12.842145983481766
1364,confirmation,2039,3,11.963574241653713,12.031715620615705,-0.002188921949477836,12.029526698666228
1368,confirmation,2039,3,11.751950239425476,11.778014983996515,-0.007962039972984771,11.770052944023531
1373,confirmation,2039,3,12.521981322562505,12.409204925987824,0.011878175080596194,12.42108310106842
1390,confirmation,2039,3,11.782960235741939,11.822402272585297,-0.0036024446023241756,11.818799827982973
1399,confirmation,2039,3,11.835016210489899,11.808027304270192,-0.036666835193515955,11.771360469076676
1401,confirmation,2039,3,11.695255355062795,11.69141761691936,0.003186529674227229,11.694604146593587
1408,confirmation,2039,3,11.626263078808801,11.6548519588412,0.0048480869416139185,11.659700045782813
1414,confirmation,2039,3,12.456835254920371,12.47150197140324,-0.026548703264428933,12.44495326813881
1418,confirmation,2039,3,12.73670383776449,12.733348752206403,-0.012149641756595754,12.721199110449808
1420,confirmation,2039,3,12.314931534737134,12.4150833590257,0.008570610212826001,12.423653969238527
1424,confirmation,2039,3,12.524420916542532,12.095916542566147,0.0003468406948863562,12.096263383261034
1428,confirmation,2039,3,11.849404844423074,11.867940477310608,-0.02765210384135472,11.840288373469253
1431,confirmation,2039,3,12.165984756488543,12.165193068694112,0.0032279513837054036,12.168421020077817
1433,confirmation,2039,3,11.07443600653965,11.532326201043734,-0.013727265752430483,11.518598935291303
1442,confirmation,2039,3,11.913719681428494,11.906629786804809,-0.002202921657809574,11.904426865146998
1445,confirmation,2039,3,12.098493002763465,12.179085415994953,-0.0012364790924907813,12.177848936902462
1446,confirmation,2039,3,11.767575435251748,11.73859165245254,-0.0010179113869402273,11.7375737410656
1447,confirmation,2039,3,11.969723533345908,11.868881232908086,0.018473554575586283,11.887354787483671
1453,confirmation,2039,3,11.884495917930655,11.805599702555892,0.009692907615388324,11.81529261017128
1456,confirmation,2039,3,12.07254696717504,12.09647897093478,0.0015699676399020934,12.098048938574683
1460,confirmation,2039,3,11.901590234400047,11.912195088004813,-0.0059134218334965195,11.906281666171317
3,confirmation,2039,4,12.317171167298682,12.231716328135038,0.018050390482507887,12.249766718617545
12,confirmation,2039,4,12.75130259456002,12.905158977657306,-0.006340941709817856,12.898818035947489
25,confirmation,2039,4,11.944714374881176,11.902979014856683,0.005803373758882846,11.908782388615567
26,confirmation,2039,4,12.454107814022272,12.461114461298536,-0.014799802841889677,12.446314658456647
29,confirmation,2039,4,12.242891437918386,12.217939432371828,0.02034623881462331,12.238285671186452
42,confirmation,2039,4,12.04355959836804,12.070551023364414,0.004608557609098843,12.075159580973514
43,confirmation,2039,4,11.87757552297847,11.930567898954871,0.006289476097658844,11.936857375052531
46,confirmation,2039,4,12.675766851909591,12.575523901698508,-0.012725357847697755,12.56279854385081
47,confirmation,2039,4,12.387089184491993,12.55401980589721,0.01228775238987563,12.566307558287086
65,confirmation,2039,4,12.299112067295642,12.285094551129172,0.009366285703024224,12.294460836832195
67,confirmation,2039,4,12.100717685412471,12.400506975930805,-4.22748543326218e-05,12.400464701076473
68,confirmation,2039,4,12.328294703023396,12.29262046746008,0.007868840281359287,12.30048930774144
72,confirmation,2039,4,11.771443882099637,11.78742997697674,0.003022934992815219,11.790452911969556
80,confirmation,2039,4,11.608244735642321,11.645834249939767,0.04558345031025475,11.691417700250023
82,confirmation,2039,4,11.941462360646149,12.046308916405795,-0.005714624511937927,12.040594291893857
87,confirmation,2039,4,12.066816325306588,12.075571553297,0.01513714077436842,12.090708694071369
89,confirmation,2039,4,11.350418300109132,11.164870396101785,-0.021942167816985277,11.1429282282848
106,confirmation,2039,4,12.429220196836383,12.421798277473425,-0.003589150509734384,12.41820912696369
108,confirmation,2039,4,11.652696102959753,11.49501230456066,-0.0035169890608170457,11.491495315499844
112,confirmation,2039,4,12.100717685412471,12.039120084093817,-0.00028887389837836295,12.038831210195438
125,confirmation,2039,4,12.10625783509458,12.054236052811406,0.007911705451756894,12.062147758263164
127,confirmation,2039,4,11.759793355371237,11.84706370770519,0.0009033867985998357,11.84796709450379
130,confirmation,2039,4,11.918397239722838,11.869840145808006,-0.004024333499824059,11.865815812308181
132,confirmation,2039,4,12.404927602627597,12.316911140027836,-0.0119021735964394,12.305008966431396
153,confirmation,2039,4,12.154784614286667,12.145045998849204,0.008692131022843936,12.153738129872048
156,confirmation,2039,4,11.277215789596893,11.278599588244694,-0.01577276633039544,11.262826821914299
158,confirmation,2039,4,12.504327379899443,12.525676068387162,0.022794303792835216,12.548470372179997
160,confirmation,2039,4,12.676079399771027,12.639273804270085,0.023791422136964425,12.66306522640705
169,confirmation,2039,4,12.119975396053194,12.15149944424824,0.017820401823091532,12.16931984607133
174,confirmation,2039,4,12.001511614739405,11.924714738950398,-0.00023900957133931696,11.924475729379058
176,confirmation,2039,4,12.400820837540556,12.310429421313028,0.00045325197903874146,12.310882673292067
182,confirmation,2039,4,12.206577518060588,12.10157782437104,0.01478219067472336,12.116360015045762
184,confirmation,2039,4,12.206077645517674,12.09626506653764,-0.011901217683769895,12.08436384885387
189,confirmation,2039,4,11.940399914116648,11.87454443057178,0.0028879739628444034,11.877432404534623
190,confirmation,2039,4,12.563750586299374,12.494145533842074,-0.004795804733164696,12.489349729108909
196,confirmation,2039,4,11.908346971208951,11.898666573468416,0.0037582188375151855,11.902424792305931
198,confirmation,2039,4,12.367345048436391,12.435167196720382,0.008820118827465192,12.443987315547847
199,confirmation,2039,4,11.552155793461898,11.588950494620958,-0.03328324930141571,11.555667245319542
203,confirmation,2039,4,11.626263078808801,11.597414159207938,-0.0033860166268116585,11.594028142581127
209,confirmation,2039,4,12.531776395271262,12.42109493815172,-0.004956030391754379,12.416138907759965
210,confirmation,2039,4,11.884495917930655,11.90403940508955,0.012662721803148366,11.916702126892698
211,confirmation,2039,4,11.49273296168228,11.440880608324964,0.02256448158043653,11.4634450899054
212,confirmation,2039,4,12.133507329024972,12.051381294728673,-0.006377270276541357,12.045004024452131
224,confirmation,2039,4,11.48247656671073,11.691527349209563,0.015459537933684842,11.706986887143248
232,confirmation,2039,4,12.90669432231532,12.814283038082143,0.0012335349568029605,12.815516573038947
233,confirmation,2039,4,11.456365695436427,11.48269791546986,-0.009484865708509135,11.47321304976135
234,confirmation,2039,4,11.761354623750297,11.79963722108587,0.008045818095518902,11.80768303918139
237,confirmation,2039,4,12.130815551850676,12.124919294552464,-0.0014934676802265542,12.123425826872237
238,confirmation,2039,4,12.178192583415596,12.305019161891988,0.004981734461306541,12.310000896353294
256,confirmation,2039,4,12.345838935721968,12.30521603785807,-0.006526141609512494,12.298689896248558
264,confirmation,2039,4,11.775297421715827,11.720909049409904,0.01052444674908795,11.731433496158992
265,confirmation,2039,4,11.19822841866684,11.3297269472657,-0.010153381570164837,11.319573565695535
277,confirmation,2039,4,12.211065162153215,12.175360158792358,0.015642556058822067,12.19100271485118
279,confirmation,2039,4,12.936754021718041,12.874472657883173,-0.008816271302524907,12.865656386580648
288,confirmation,2039,4,11.385103457032141,11.514803547897632,0.0026705893366625764,11.517474137234295
293,confirmation,2039,4,11.782960235741939,11.88371954494609,-0.0006034173350067403,11.883116127611082
314,confirmation,2039,4,12.834683971615659,12.42864757150181,-0.01689189196762436,12.411755679534185
319,confirmation,2039,4,12.468440756144114,12.774237911772977,-0.0014189548042415174,12.772818956968734
321,confirmation,2039,4,12.74444728628135,12.695274845148264,0.026365673499531856,12.721640518647796
326,confirmation,2039,4,11.373674891823535,11.358024506247022,0.019610030365663413,11.377634536612685
329,confirmation,2039,4,12.276069679344003,12.071569616027809,0.0009675467625505471,12.07253716279036
333,confirmation,2039,4,12.556733038263905,12.666984246004118,-0.016661215272776093,12.650323030731341
337,confirmation,2039,4,12.841132451487937,12.82857131465572,-0.01679986923408173,12.81177144542164
346,confirmation,2039,4,11.850832386224807,11.83866643025144,0.014156967728358196,11.852823397979797
350,confirmation,2039,4,12.988043102265232,13.108529956563752,0.006403763938863694,13.114933720502615
352,confirmation,2039,4,12.154784614286667,12.231664876488534,-0.013419489195369791,12.218245387293164
355,confirmation,2039,4,11.849404844423074,11.980467607516331,-0.01972502682577304,11.960742580690559
358,confirmation,2039,4,11.80560254159177,11.847519648093456,0.001832520066787289,11.849352168160245
359,confirmation,2039,4,11.775297421715827,11.795826419949684,0.01867082633321965,11.814497246282903
361,confirmation,2039,4,11.957617696467539,11.907504522096971,-0.011191746131384878,11.896312775965587
362,confirmation,2039,4,11.884495917930655,11.856071881851737,-0.0008208138499382463,11.855251068001799
364,confirmation,2039,4,11.678448377988165,11.55865068275377,-0.0012082706880463543,11.557442412065724
368,confirmation,2039,4,12.013706813470414,11.951468843474954,0.008223208010830464,11.959692051485785
369,confirmation,2039,4,11.790564777297387,11.897361238540512,0.015687644590256764,11.913048883130768
372,confirmation,2039,4,11.808821212646512,11.708592686617404,0.018819051884745412,11.72741173850215
374,confirmation,2039,4,11.719947764402807,11.695270578264234,0.02606759784001325,11.721338176104247
382,confirmation,2039,4,12.142871895843887,12.28732410431692,0.020546308359838922,12.307870412676758
383,confirmation,2039,4,12.271396795480596,12.2313811301514,0.0012992179492115974,12.232680348100612
384,confirmation,2039,4,11.23850177707664,11.258807440171656,-0.00929699708691146,11.249510443084745
388,confirmation,2039,4,11.736077016252437,11.736184879868912,0.019111168323589698,11.755296048192502
389,confirmation,2039,4,12.160033942617156,12.1861513964523,-4.583932609496923e-05,12.186105557126204
393,confirmation,2039,4,11.575909653758895,11.61260863204118,-0.0053726232319448635,11.607236008809235
400,confirmation,2039,4,12.392556361841777,12.274621698122685,-0.0032187181966777524,12.271402979926007
404,confirmation,2039,4,12.460718739865236,12.407127813679756,-0.005278822751445131,12.401848990928311
413,confirmation,2039,4,12.310437165348775,12.422782834301664,0.03156653256706349,12.454349366868728
414,confirmation,2039,4,11.652696102959753,11.582014820483716,-0.009572582918988517,11.572442237564728
419,confirmation,2039,4,11.744045122410057,11.570493668394729,0.01834606316726667,11.588839731561995
423,confirmation,2039,4,11.635151947212842,11.664121289245452,-0.010097798112757322,11.654023491132694
436,confirmation,2039,4,12.264346270624157,12.280252179644332,0.013681102777108316,12.29393328242144
438,confirmation,2039,4,11.686887175419702,11.669765019335236,0.0006423091344433496,11.670407328469679
444,confirmation,2039,4,12.058158312538197,12.13515043719543,-0.008282878534788388,12.12686755866064
445,confirmation,2039,4,12.25486757159303,12.293583916418076,-0.02244123473882445,12.271142681679251
457,confirmation,2039,4,11.49273296168228,11.26548530471421,0.01932574385820017,11.28481104857241
459,confirmation,2039,4,11.989165855127435,11.917705469562362,-0.025649626590727698,11.892055842971635
460,confirmation,2039,4,11.608244735642321,11.664855500221806,0.005962291026846118,11.670817791248652
480,confirmation,2039,4,11.401681006153428,11.646132856786652,0.006027865689154826,11.652160722475807
488,confirmation,2039,4,12.07254696717504,12.09172610185676,0.02446867630409796,12.116194778160859
489,confirmation,2039,4,11.982935344196433,11.739135132252454,-0.04227681908545657,11.696858313166997
506,confirmation,2039,4,11.732069026983156,11.717631194155793,-0.007470822892257743,11.710160371263536
514,confirmation,2039,4,11.80560254159177,11.85231307260127,-0.015362302781015512,11.836950769820254
525,confirmation,2039,4,12.662709207270272,12.664992902425116,0.010654584137962225,12.675647486563077
526,confirmation,2039,4,12.07824495582233,12.111027197255495,0.01917162349878314,12.130198820754279
529,confirmation,2039,4,11.362114203075018,11.376578676055347,0.01793592527669785,11.394514601332045
530,confirmation,2039,4,12.209192772866418,12.333871560661382,-0.0071374676133466415,12.326734093048035
531,confirmation,2039,4,12.07254696717504,12.123176271271848,-0.005583590559898854,12.11759268071195
535,confirmation,2039,4,12.08954444723597,12.093131147985751,0.011203378033616684,12.104334526019368
536,confirmation,2039,4,11.58525542883217,11.763281764583208,0.01237147449773114,11.77565323908094
538,confirmation,2039,4,11.619544188752133,11.707686679292337,-0.007681843017241297,11.700004836275095
543,confirmation,2039,4,12.270225154674701,12.247830926244818,-0.012833964393556743,12.23499696185126
544,confirmation,2039,4,11.798111925972618,11.77515341632818,-0.0059831710908317,11.76917024523735
548,confirmation,2039,4,11.771443882099637,11.759297248268622,0.012371634394408821,11.77166888266303
552,confirmation,2039,4,11.630717389475995,11.61332490719452,-0.0003597874315662097,11.612965119762954
565,confirmation,2039,4,12.498745990829315,12.479774257865255,-0.01849223925405817,12.461282018611197
570,confirmation,2039,4,11.820123358887447,11.878442193431187,-0.005538955367374547,11.872903238063813
575,confirmation,2039,4,11.842236406331555,11.716544292711331,0.014750756114103513,11.731295048825436
581,confirmation,2039,4,12.111217862017215,12.112138611601155,-0.005607726441169732,12.106530885159986
582,confirmation,2039,4,12.442306148381938,12.871629227051091,0.006232270684752302,12.877861497735843
586,confirmation,2039,4,12.820990681250251,12.875230027745442,0.033152907580416696,12.908382935325859
604,confirmation,2039,4,11.92504173829169,11.968949153950977,-0.007549114302029333,11.961400039648947
610,confirmation,2039,4,11.682676678340282,11.659132433063006,0.0063894453858383505,11.665521878448844
614,confirmation,2039,4,11.898194668458823,11.605632349604011,-0.00885743537829124,11.59677491422572
617,confirmation,2039,4,12.118339189722553,12.117641361911906,0.0052799100161081015,12.122921271928014
618,confirmation,2039,4,11.566475710526321,11.679099056864064,0.013140085608535405,11.6922391424726
619,confirmation,2039,4,12.659737267217572,12.677298139018276,0.04129348010898812,12.718591619127265
626,confirmation,2039,4,11.982935344196433,11.86802016358048,0.02028524069287447,11.888305404273355
628,confirmation,2039,4,11.938199736300925,12.000107188703218,0.004898944441738497,12.005006133144956
632,confirmation,2039,4,12.252483791602627,12.344221221101863,-0.003977854901658959,12.340243366200204
635,confirmation,2039,4,11.87757552297847,11.789221952946878,-0.008251695848590718,11.780970257098287
636,confirmation,2039,4,12.206077645517674,12.069180293418544,0.005316777121050123,12.074497070539595
640,confirmation,2039,4,12.485830907348902,12.474140985868098,-1.4495195351590923e-05,12.474126490672747
645,confirmation,2039,4,12.823631142839984,12.774699750428477,-0.007233694750083185,12.767466055678394
646,confirmation,2039,4,11.872353615355413,11.822965265182436,-0.010822103267181887,11.812143161915253
647,confirmation,2039,4,11.495789479023493,11.51687077073497,0.009062623567204962,11.525933394302175
654,confirmation,2039,4,11.813037464800539,11.795449601548665,0.006292350275807147,11.801741951824471
655,confirmation,2039,4,12.765691290604371,12.832817322531092,-0.009555552941739731,12.823261769589353
669,confirmation,2039,4,12.031725210748633,12.000575070853818,-0.020244016419317154,11.980331054434501
673,confirmation,2039,4,12.013706813470414,12.067057879192925,-0.004803210567039852,12.062254668625885
674,confirmation,2039,4,12.458778882573533,12.423593925833146,0.03868053820186832,12.462274464035014
676,confirmation,2039,4,11.908346971208951,11.885673313663524,0.004955669812643874,11.890628983476168
686,confirmation,2039,4,12.242891437918386,12.339871955827094,0.009426055167795468,12.34929801099489
689,confirmation,2039,4,12.879019669789754,12.346630938447277,0.019515287736486094,12.366146226183762
698,confirmation,2039,4,11.724004532183379,11.795986124710092,-0.003467953407826683,11.792518171302266
708,confirmation,2039,4,12.445093483000798,12.282038119428105,0.006039088461263283,12.288077207889367
711,confirmation,2039,4,10.859018228147887,11.338355480405612,-0.003097944637644146,11.335257535767967
712,confirmation,2039,4,11.54031687156214,11.454074793729836,-0.0002499678939978534,11.453824825835838
718,confirmation,2039,4,11.964007453736912,12.000444481809692,0.01307267591050287,12.013517157720194
719,confirmation,2039,4,12.739640688812674,12.683678185238524,0.02213316724647945,12.705811352485004
721,confirmation,2039,4,12.524530013005734,12.529069836345302,0.0031698329465676845,12.53223966929187
729,confirmation,2039,4,11.608244735642321,11.799762672179812,-0.036880209226137724,11.762882462953675
732,confirmation,2039,4,12.141539457711714,12.141375778359963,0.012947193420788164,12.15432297178075
734,confirmation,2039,4,11.786008995353765,11.806327638688748,-0.0005834133160242633,11.805744225372724
737,confirmation,2039,4,11.44572741040675,11.345562001394692,-0.004432138214805862,11.341129863179885
740,confirmation,2039,4,12.154784614286667,12.179607847219838,-0.0025791156500773902,12.177028731569761
742,confirmation,2039,4,11.863589378812122,11.81736555445256,0.012323442610933828,11.829688997063494
744,confirmation,2039,4,12.07254696717504,11.937657465906486,0.007588718220852356,11.945246184127338
745,confirmation,2039,4,12.100717685412471,12.291940796780242,-0.004859579830449252,12.287081216949792
751,confirmation,2039,4,11.477308649967686,11.443967365114652,0.023096919856873715,11.467064284971526
759,confirmation,2039,4,12.097378802727306,12.04123750424606,0.0009477303586463764,12.042185234604707
760,confirmation,2039,4,12.577639650232573,12.618794327691974,-0.016269626391905125,12.60252470130007
761,confirmation,2039,4,11.755879486687116,11.647632847117835,0.011468620820569264,11.659101467938404
764,confirmation,2039,4,12.727841176689147,12.694159981829833,0.002627275843099451,12.696787257672932
766,confirmation,2039,4,12.484208043148733,12.577356495413223,0.01762378324995783,12.594980278663181
769,confirmation,2039,4,12.28690580994122,12.3514042966649,0.0031779933254289677,12.354582289990327
773,confirmation,2039,4,11.580593459194764,11.808793430641828,-0.0033054951184178206,11.80548793552341
776,confirmation,2039,4,11.995357787034976,11.971128068932313,-0.007053403863307951,11.964074665069004
780,confirmation,2039,4,11.813037464800539,11.895315630908735,-0.001933109350759152,11.893382521557976
781,confirmation,2039,4,12.07824495582233,12.03346738422226,0.00710094167959445,12.040568325901853
783,confirmation,2039,4,12.139403856983334,12.14959821050767,-0.0001376493809904937,12.149460561126679
784,confirmation,2039,4,12.016732516077072,12.003735348568336,-0.00904115635133462,11.994694192217
786,confirmation,2039,4,11.992266613576142,12.011512615666014,0.035895049097453655,12.047407664763467
791,confirmation,2039,4,11.984184555794167,11.991773570455743,-0.010132402438578108,11.981641168017164
807,confirmation,2039,4,11.816734299348461,11.7900493876865,-0.0024763098829460417,11.787573077803554
808,confirmation,2039,4,12.317171167298682,12.248346170674289,-0.023063059924964466,12.225283110749324
811,confirmation,2039,4,12.10625783509458,12.14106999857628,-0.0013923114795672165,12.139677687096713
816,confirmation,2039,4,12.323415584358154,12.199274162361531,0.008085550623719373,12.20735971298525
817,confirmation,2039,4,11.827743504053695,11.84299895929759,0.015612964262637514,11.858611923560227
818,confirmation,2039,4,12.509877789891931,12.550180475758626,0.0045937152399462035,12.554774190998572
825,confirmation,2039,4,12.357079818283598,12.324141486310642,-0.007222537910601013,12.31691894840004
830,confirmation,2039,4,11.900912042974875,11.966920465817113,-0.005813669173762105,11.961106796643351
838,confirmation,2039,4,11.51293546492023,11.456485203053894,-0.015723947238142338,11.440761255815753
847,confirmation,2039,4,12.269052139516223,12.173350722094384,-0.003146699453612571,12.170204022640771
856,confirmation,2039,4,11.751950239425476,11.863247209274578,-0.007745738083037552,11.85550147119154
860,confirmation,2039,4,12.429220196836383,12.468984336281178,0.0038049482712628722,12.47278928455244
867,confirmation,2039,4,12.424810506025395,12.430588458728112,-0.054374906927829175,12.376213551800282
869,confirmation,2039,4,12.037659911047468,12.035648978947185,0.02109451390535432,12.056743492852538
870,confirmation,2039,4,12.371591321286905,12.324337100247712,-0.030957889750786758,12.293379210496925
877,confirmation,2039,4,11.792456911128632,11.812722701582013,-0.018268655142287645,11.794454046439725
897,confirmation,2039,4,11.575909653758895,11.31105562700475,0.02151162077747074,11.33256724778222
898,confirmation,2039,4,11.870278179170796,11.8198521114912,-0.001959505726531562,11.817892605764667
900,confirmation,2039,4,11.813037464800539,11.820464393340783,0.010794365802108415,11.831258759142893
903,confirmation,2039,4,12.100717685412471,12.095978379592324,-0.005464737299137674,12.090513642293187
907,confirmation,2039,4,12.449022745701502,12.461089556575931,-0.005451746760918999,12.455637809815013
908,confirmation,2039,4,12.429220196836383,12.378433236890867,0.020562296088733816,12.398995532979601
913,confirmation,2039,4,11.385103457032141,11.46498465593384,0.0063415665563841695,11.471326222490225
914,confirmation,2039,4,11.884495917930655,11.884659636976105,-0.011465603632962354,11.873194033343143
920,confirmation,2039,4,12.081081821061819,12.05806399991199,0.009078760805859048,12.06714276071785
925,confirmation,2039,4,12.242891437918386,12.236527496983028,-0.0011447437370833817,12.235382753245945
926,confirmation,2039,4,12.07254696717504,11.966255471015764,-0.0007687813876211493,11.965486689628143
927,confirmation,2039,4,12.560247968016562,12.59790624296393,0.010268542926056688,12.608174785889986
928,confirmation,2039,4,12.07824495582233,12.069598150710313,0.006235369389280375,12.075833520099593
932,confirmation,2039,4,11.674202123168433,11.758416934952043,0.0010097231093366176,11.759426658061379
949,confirmation,2039,4,12.167856627501678,12.19863951384686,-0.014598892609579268,12.184040621237282
952,confirmation,2039,4,11.694421681264394,11.649766773870024,0.008636727802824895,11.658403501672849
957,confirmation,2039,4,11.728044909070785,11.713848965048674,-5.581416452321251e-05,11.71379315088415
962,confirmation,2039,4,12.513561021741964,12.453999225542676,0.0034340670800489044,12.457433292622724
963,confirmation,2039,4,11.951186847493476,11.945509522014405,0.010957925130691552,11.956467447145096
973,confirmation,2039,4,11.507922973347437,11.733416648721017,-0.006526892838844732,11.726889755882171
980,confirmation,2039,4,11.842236406331555,11.787895591576042,0.002810422371868102,11.79070601394791
984,confirmation,2039,4,12.45254592991672,12.401648698564651,-0.0027115014969490768,12.398937197067703
985,confirmation,2039,4,11.744045122410057,11.740111190920382,-0.008206732502191788,11.73190445841819
996,confirmation,2039,4,11.7085004721646,11.607879274571372,-0.005536272358615931,11.602343002212756
1020,confirmation,2039,4,12.271349956195543,12.218568097161148,0.004494072586465407,12.223062169747614
1032,confirmation,2039,4,12.190964083849375,12.173898632741611,0.00811898622092464,12.182017618962536
1051,confirmation,2039,4,12.080996832096167,12.110585713807623,-0.02360354676773201,12.086982167039892
1052,confirmation,2039,4,12.206782393599413,12.13988101011754,-0.021200936393867293,12.118680073723672
1054,confirmation,2039,4,11.881041706925902,11.894536503969864,0.0009973274069760086,11.89553383137684
1067,confirmation,2039,4,12.08954444723597,12.089986511187586,0.002420598828856305,12.092407110016442
1069,confirmation,2039,4,11.927687224983487,12.026690741174486,0.016441312164653794,12.04313205333914
1071,confirmation,2039,4,11.813037464800539,11.785886416537094,0.008657899890446434,11.79454431642754
1074,confirmation,2039,4,11.979805470779858,11.938433391000949,0.00806481981964483,11.946498210820593
1093,confirmation,2039,4,11.824087219587643,12.012121877987743,0.011872979355404718,12.023994857343148
1094,confirmation,2039,4,11.891368749982085,12.00250527632806,-0.001327063718601805,12.001178212609458
1095,confirmation,2039,4,11.767575435251748,11.810080117969925,-0.02152215568350803,11.788557962286417
1104,confirmation,2039,4,11.979805470779858,11.88761918652357,-0.0036250198361266676,11.883994166687444
1111,confirmation,2039,4,12.144202560946876,12.115208346418733,-0.008317056701832705,12.1068912897169
1119,confirmation,2039,4,11.849404844423074,11.793756566323484,0.012739996448508654,11.806496562771994
1126,confirmation,2039,4,11.652696102959753,11.610708728476911,0.03097714303119357,11.641685871508106
1130,confirmation,2039,4,11.849404844423074,11.805052418453297,0.0031914101512005126,11.808243828604498
1131,confirmation,2039,4,11.813037464800539,11.979026375879911,0.010592730930232013,11.989619106810144
1132,confirmation,2039,4,11.44572741040675,11.57477874949936,-0.015784397662336594,11.558994351837024
1134,confirmation,2039,4,12.386312871189734,12.376948378573603,-0.0291016553836266,12.347846723189976
1137,confirmation,2039,4,11.686887175419702,11.674790979388108,0.009712324983681405,11.68450330437179
1141,confirmation,2039,4,11.842236406331555,11.765441347259324,0.0056486650410611195,11.771090012300386
1154,confirmation,2039,4,11.699413330633599,11.640054610502409,-0.003440596985566713,11.636614013516843
1160,confirmation,2039,4,12.128116509451258,12.184148080187065,-0.007565889121820186,12.176582191065245
1164,confirmation,2039,4,11.59873612138334,11.84530402610832,0.022583214059692845,11.867887240168013
1172,confirmation,2039,4,12.001511614739405,11.987895345967924,0.015745040869316544,12.00364038683724
1176,confirmation,2039,4,12.560247968016562,12.587836442965804,-0.010424115037803773,12.577412327928
1189,confirmation,2039,4,12.180759965737863,12.124055518716242,-0.012535730465670811,12.11151978825057
1190,confirmation,2039,4,12.149507585033072,12.166093690355645,-5.84627209377565e-05,12.166035227634707
1196,confirmation,2039,4,12.07824495582233,11.989742239237168,-0.0031236455226626133,11.986618593714505
1198,confirmation,2039,4,11.87757552297847,11.963548531122278,-0.021185283599392417,11.942363247522886
1207,confirmation,2039,4,11.580593459194764,11.640944133816165,-0.0032248955520026885,11.637719238264161
1208,confirmation,2039,4,12.206077645517674,12.322576049291696,0.00026019797843897545,12.322836247270136
1209,confirmation,2039,4,11.849404844423074,11.857379230870086,-0.001353814431335652,11.856025416438749
1210,confirmation,2039,4,12.577639650232573,12.50896732431261,0.010480940924318364,12.51944826523693
1215,confirmation,2039,4,11.80932691294063,11.763390944830377,0.005932004666919774,11.769322949497296
1217,confirmation,2039,4,11.626263078808801,11.705481741786578,-0.005137076135097724,11.70034466565148
1235,confirmation,2039,4,11.775297421715827,11.617242105580363,-0.01672625238957435,11.600515853190789
1237,confirmation,2039,4,12.075400019877522,11.999722752402388,-0.011106040910084564,11.988616711492304
1251,confirmation,2039,4,12.404927602627597,12.390118440189475,-0.011039616538287037,12.379078823651188
1259,confirmation,2039,4,12.154784614286667,12.079648211136004,0.015541709820561755,12.095189920956566
1264,confirmation,2039,4,12.103491596905931,12.01915658045344,0.02118554283064164,12.040342123284082
1266,confirmation,2039,4,12.12215284831553,12.046253914616246,-0.01194101924322461,12.034312895373022
1268,confirmation,2039,4,12.843973993864076,12.779172525259195,0.007427911514984182,12.78660043677418
1269,confirmation,2039,4,12.850557278777309,12.734451754026228,-0.02270627952787133,12.711745474498358
1277,confirmation,2039,4,11.995357787034976,12.027735515316849,0.006741604742316723,12.034477120059165
1283,confirmation,2039,4,11.921725007667265,11.930673302901534,0.006850122515562627,11.937523425417096
1285,confirmation,2039,4,12.037659911047468,12.115023304253118,0.006521933871314902,12.121545238124433
1286,confirmation,2039,4,11.794345471549745,11.72640609807157,-0.0002606614016198988,11.726145436669949
1289,confirmation,2039,4,12.535379989788607,12.494414538159656,0.0038846898720489628,12.498299228031705
1295,confirmation,2039,4,11.652696102959753,11.732242996152726,0.011000835298211555,11.743243831450938
1299,confirmation,2039,4,11.982935344196433,13.111252212944576,-0.11770987964203969,12.993542333302537
1300,confirmation,2039,4,11.944714374881176,11.975168714995217,-0.0025269961515987233,11.972641718843619
1303,confirmation,2039,4,12.577639650232573,12.665562135531813,-0.00046231241210996767,12.665099823119704
1307,confirmation,2039,4,12.218500103788143,12.146263472911048,-0.00750877480312448,12.138754698107924
1308,confirmation,2039,4,11.835016210489899,11.882587254660825,-0.003292997031793679,11.87929425762903
1309,confirmation,2039,4,11.898194668458823,11.878896206534538,0.0008630395994796907,11.879759246134018
1324,confirmation,2039,4,11.320565693461432,11.308756329601918,-0.016043356602841095,11.292712972999077
1340,confirmation,2039,4,11.763691965388299,11.767412863533607,0.008646970640684563,11.776059834174292
1348,confirmation,2039,4,12.554840409959793,12.613213525121289,-0.05540818122727744,12.557805343894012
1351,confirmation,2039,4,12.206077645517674,12.04831402122307,0.0017876835060225407,12.050101704729093
1357,confirmation,2039,4,11.608244735642321,11.65126584705828,-0.0021882207524173123,11.649077626305862
1363,confirmation,2039,4,11.560772327227417,11.827817265680586,-0.016486062154559923,11.811331203526027
1366,confirmation,2039,4,12.283038316285214,12.261698870663036,0.009408982242858124,12.271107852905894
1375,confirmation,2039,4,12.429220196836383,12.46923165235624,0.020129137187585064,12.489360789543825
1377,confirmation,2039,4,11.418625774449598,11.435355471944792,-0.018260213438002226,11.417095258506789
1382,confirmation,2039,4,12.377927112974284,12.225450879488712,0.027977477708407722,12.25342835719712
1384,confirmation,2039,4,11.626263078808801,11.940898233523068,-0.011190282654501563,11.929707950868567
1389,confirmation,2039,4,12.84132849667433,12.785744187256586,-0.022884099944645696,12.76286008731194
1393,confirmation,2039,4,11.719947764402807,11.750484621583723,0.010058249174286512,11.76054287075801
1395,confirmation,2039,4,12.415437707935368,12.30277759093949,-0.021152533606784943,12.281625057332706
1403,confirmation,2039,4,12.174994689959313,12.141158330539527,-0.0069288446548122825,12.134229485884715
1410,confirmation,2039,4,12.278397958261774,12.24089723955716,0.011235814353106154,12.252133053910267
1430,confirmation,2039,4,12.116700301832573,12.19477476154213,0.006945037044938038,12.201719798587067
1434,confirmation,2039,4,12.136191879981927,12.139551019277858,-0.0020205282450264784,12.137530491032832
1435,confirmation,2039,4,11.982935344196433,12.026940201214446,0.002072005212701712,12.029012206427147
1439,confirmation,2039,4,11.916395250412128,11.865367346938,-0.011903948334048118,11.853463398603951
1440,confirmation,2039,4,12.190964083849375,12.058141985298947,0.006055601247041488,12.064197586545989
1449,confirmation,2039,4,11.626263078808801,11.649759879092578,0.027480378281478486,11.677240257374056
1451,confirmation,2039,4,11.820417517632333,11.785348114213855,0.0075645960062631105,11.792912710220119
1454,confirmation,2039,4,11.344518647594766,11.79142411987248,-0.010408222663125844,11.781015897209354
8,confirmation,2039,5,12.206077645517674,12.264869472915496,0.009511881742937215,12.274381354658434
10,confirmation,2039,5,11.678448377988165,11.709053495217685,-0.007173218663401795,11.701880276554283
16,confirmation,2039,5,11.790564777297387,11.76840878372164,0.004434151220915639,11.772842934942556
22,confirmation,2039,5,11.845109950883979,11.757570079116748,0.0067924739565417185,11.76436255307329
23,confirmation,2039,5,12.345838935721968,12.35097154724442,-0.015452611096034458,12.335518936148386
30,confirmation,2039,5,11.134603622683905,11.163917685398012,0.0027410120707275047,11.166658697468739
31,confirmation,2039,5,10.596659732783579,11.461287266598177,0.001468386029484667,11.462755652627662
40,confirmation,2039,5,11.314486721293981,11.354085898105277,-0.009651843817368201,11.344434054287909
48,confirmation,2039,5,12.428019481065613,12.37454164495904,-0.0003160949674054149,12.374225549991634
49,confirmation,2039,5,11.635151947212842,11.46086729336004,0.01527165095865303,11.476138944318693
59,confirmation,2039,5,12.991755706536901,12.907565273521756,0.0044031434047795675,12.911968416926536
69,confirmation,2039,5,11.289794413577894,11.344450828896896,0.013473878057835344,11.357924706954732
73,confirmation,2039,5,12.128116509451258,12.160296676635554,-0.01203081840463526,12.148265858230918
84,confirmation,2039,5,11.748005492256807,11.799162407269694,0.00736523973384019,11.806527647003534
88,confirmation,2039,5,12.010671928196443,12.020164924346544,-0.009521116402723398,12.01064380794382
94,confirmation,2039,5,11.804855999911272,12.0553978427734,0.0017369169102036666,12.057134759683604
98,confirmation,2039,5,11.459007676978688,11.724073503269668,0.011521469715137041,11.735594972984805
104,confirmation,2039,5,12.200562492481511,12.129362559315927,0.011283961186649346,12.140646520502576
110,confirmation,2039,5,12.154784614286667,12.248621648414073,-0.003488386586489,12.245133261827583
117,confirmation,2039,5,11.842236406331555,11.74006465266705,-0.0029568510271316285,11.737107801639917
119,confirmation,2039,5,12.676079399771027,12.725452490044814,-0.00020053521240864195,12.725251954832405
121,confirmation,2039,5,12.100717685412471,12.01059723877706,-0.013316904555023098,11.997280334222037
122,confirmation,2039,5,11.51293546492023,11.484507401735794,0.018147020575529277,11.502654422311323
135,confirmation,2039,5,12.100717685412471,12.058112708359086,0.0062589727808684305,12.064371681139955
143,confirmation,2039,5,12.019749091416921,11.740058231174922,-0.011537892094868952,11.728520339080053
145,confirmation,2039,5,11.736077016252437,11.829810090838588,-0.0051042859954932365,11.824705804843095
150,confirmation,2039,5,11.652696102959753,11.580327877074842,0.005990839786594978,11.586318716861436
165,confirmation,2039,5,11.931642378754141,11.869329851759147,-0.010264922937402684,11.859064928821745
200,confirmation,2039,5,12.524166311833152,12.635169350068889,-0.010161199867472645,12.625008150201417
204,confirmation,2039,5,11.91170829631447,11.851083482583052,0.0049067562423328066,11.855990238825385
207,confirmation,2039,5,11.87688084212164,11.808799965837537,0.02439955864713803,11.833199524484675
208,confirmation,2039,5,11.856522261533737,11.863961294699472,-0.00459491792366052,11.859366376775812
215,confirmation,2039,5,11.993813394724253,11.914919243080204,0.010667219920377242,11.925586463000581
217,confirmation,2039,5,12.25486757159303,12.225323799990743,-0.00019153805127569687,12.225132261939468
222,confirmation,2039,5,12.206077645517674,12.32908652266877,9.5437786693605e-05,12.329181960455465
236,confirmation,2039,5,11.402005077384885,11.345830097168816,-0.005009161514416391,11.3408209356544
245,confirmation,2039,5,12.230770136157428,12.357095021151704,-0.02024766187432144,12.336847359277382
250,confirmation,2039,5,12.531776395271262,12.534531230320582,0.013983019245245814,12.548514249565827
253,confirmation,2039,5,12.06105265381003,12.059809773535749,-0.003193210700017274,12.056616562835732
261,confirmation,2039,5,12.07824495582233,12.051544956423491,0.01992628696676182,12.071471243390253
262,confirmation,2039,5,12.52815976788113,12.770554129185117,-0.02721164793585619,12.743342481249261
267,confirmation,2039,5,12.128116509451258,12.104647691212726,0.008412527882365352,12.113060219095091
271,confirmation,2039,5,12.491255347155265,12.476842771800328,0.0014280113278467808,12.478270783128174
273,confirmation,2039,5,12.577639650232573,12.625084218005744,0.0025071623999845093,12.627591380405729
292,confirmation,2039,5,11.819681958463892,11.799135021774577,0.01552509172800552,11.814660113502581
298,confirmation,2039,5,12.384223015005313,12.321326576932664,-0.019495553639196514,12.301831023293468
302,confirmation,2039,5,12.495007682693725,12.494765995653973,-0.011878613847010513,12.482887381806963
303,confirmation,2039,5,12.230770136157428,12.333218757069584,0.008656984230684856,12.341875741300269
305,confirmation,2039,5,12.59473402514672,12.539919534626168,0.019115606259524312,12.559035140885692
306,confirmation,2039,5,12.631016799175821,12.5880044627941,-0.03158046605410205,12.556423996739998
316,confirmation,2039,5,12.146858590895919,12.12657338192135,0.0012645674741255544,12.127837949395476
317,confirmation,2039,5,12.468440756144114,12.3883265347123,-0.00018717311459875353,12.388139361597702
320,confirmation,2039,5,12.141539457711714,12.155314357653666,0.015329944190629035,12.170644301844295
322,confirmation,2039,5,12.777055016970678,12.739779368299704,-0.0012362132671636756,12.73854315503254
323,confirmation,2039,5,12.614868865984631,12.553495960388137,-0.007339451587878754,12.546156508800259
327,confirmation,2039,5,12.688501881189456,12.540544232124445,0.009702593222768048,12.550246825347212
330,confirmation,2039,5,11.264476926102367,11.265452217196328,-0.012931645684210897,11.252520571512118
331,confirmation,2039,5,11.686887175419702,11.82212811581822,0.002400738745309524,11.82452885456353
334,confirmation,2039,5,12.240478903153711,12.150799798932423,0.010348772238009053,12.161148571170433
335,confirmation,2039,5,12.165255859329688,12.196424393859305,0.002201785605257697,12.198626179464563
336,confirmation,2039,5,12.34126328584159,12.24503852117548,0.0470789124280792,12.29211743360356
339,confirmation,2039,5,12.218500103788143,12.232204458239313,0.0011816194882365695,12.233386077727548
342,confirmation,2039,5,11.314486721293981,11.221568535577298,0.026905650766096637,11.248474186343394
348,confirmation,2039,5,11.967187086434018,12.07379660616498,-0.010590497367388629,12.06320610879759
349,confirmation,2039,5,11.944714374881176,12.167376790188902,0.009956917033541316,12.177333707222443
351,confirmation,2039,5,12.670001611311875,12.643769949216612,-0.007337095974406421,12.636432853242205
365,confirmation,2039,5,12.154784614286667,12.130751702324488,0.004357182096887285,12.135108884421376
367,confirmation,2039,5,11.976665770490767,12.011878955001862,0.021876452795408338,12.03375540779727
373,confirmation,2039,5,11.736077016252437,11.625164186407588,0.0073771164616031224,11.63254130286919
376,confirmation,2039,5,11.0186455364637,11.238687677674372,-0.011032647327517912,11.227655030346854
378,confirmation,2039,5,12.73670383776449,12.581836775644414,-0.01542766176270998,12.566409113881704
387,confirmation,2039,5,11.302216779257382,11.439266297488118,0.011523153645898291,11.450789451134016
398,confirmation,2039,5,12.040614105490253,11.930418649323318,-0.0051758606027882655,11.92524278872053
401,confirmation,2039,5,12.411056299528171,12.312702456233271,-0.007269596275416793,12.305432859957854
417,confirmation,2039,5,11.915058360753719,11.95543463682584,0.014589516649150156,11.970024153474991
420,confirmation,2039,5,11.863589378812122,11.786383185683164,-0.012659715535781416,11.773723470147383
421,confirmation,2039,5,12.237091546357338,12.124096295637267,0.0077547843847740406,12.131851080022042
430,confirmation,2039,5,12.07254696717504,12.07352295500991,0.012841588853743554,12.086364543863654
442,confirmation,2039,5,11.678448377988165,11.673383500374332,0.005079785795405324,11.678463286169738
447,confirmation,2039,5,12.154784614286667,12.296838348820382,0.01943089723883127,12.316269246059212
448,confirmation,2039,5,12.20557752297723,12.23821259136094,-0.004109922107632828,12.234102669253307
456,confirmation,2039,5,12.075400019877522,11.986336746730691,-0.0004252717459263772,11.985911474984764
466,confirmation,2039,5,12.093693109638318,12.152105448984925,0.011389721615040281,12.163495170599965
467,confirmation,2039,5,12.025755079404917,11.980525657330004,0.011111693898744463,11.991637351228748
472,confirmation,2039,5,12.154784614286667,12.172093576281908,-0.008551517717771814,12.163542058564136
477,confirmation,2039,5,12.249615734512616,12.296306980872776,-0.0045866350438900074,12.291720345828887
479,confirmation,2039,5,12.601490784782536,12.601114195687693,0.010331604172686321,12.611445799860379
484,confirmation,2039,5,12.00762780434872,11.9234740487888,-0.013376838006989928,11.91009721078181
490,confirmation,2039,5,11.362114203075018,11.532365321879825,-0.016574391762375684,11.515790930117449
496,confirmation,2039,5,10.460270761075149,11.150218665520208,0.029836146021885196,11.180054811542094
497,confirmation,2039,5,12.971542813248437,12.66785825345264,0.01946836977913249,12.687326623231773
499,confirmation,2039,5,11.775297421715827,11.800589271604192,0.00924315860920498,11.809832430213397
501,confirmation,2039,5,11.635151947212842,11.624203937599704,-0.008979386155267792,11.615224551444436
503,confirmation,2039,5,11.849404844423074,11.78100631720669,0.0031607543919962774,11.784167071598688
505,confirmation,2039,5,11.898194668458823,11.859341528952768,-0.0019759919782222374,11.857365536974546
511,confirmation,2039,5,12.013100572810686,12.02534468521269,-0.006614039907387746,12.018730645305302
517,confirmation,2039,5,11.970356641102999,12.01685183356337,0.002333923897216709,12.019185757460587
521,confirmation,2039,5,11.573559498507079,11.38734148371025,0.0142131727238316,11.401554656434081
532,confirmation,2039,5,11.759793355371237,11.800791643201569,0.00270935728246075,11.80350100048403
539,confirmation,2039,5,11.970356641102999,11.84439168293434,0.015008132973525892,11.859399815907866
540,confirmation,2039,5,12.513561021741964,12.412759907630042,0.01150889419804947,12.424268801828092
541,confirmation,2039,5,12.660331092405906,12.83265798713967,0.01783329013338765,12.850491277273058
547,confirmation,2039,5,12.25486757159303,12.068441502879669,0.0059095953025278215,12.074351098182197
551,confirmation,2039,5,11.849404844423074,11.697133554934048,0.002415443192915857,11.699548998126964
558,confirmation,2039,5,11.58989576532275,11.555305198993103,0.015104616141636317,11.57040981513474
563,confirmation,2039,5,11.58989576532275,11.66978659957847,-0.003299597809754021,11.666487001768717
564,confirmation,2039,5,12.128116509451258,12.100464988106292,0.028905425394703387,12.129370413500995
572,confirmation,2039,5,11.695255355062795,11.686123226405844,0.016810072856558944,11.702933299262403
573,confirmation,2039,5,12.32163544049751,12.249604378030488,-0.010172655256250595,12.239431722774238
576,confirmation,2039,5,11.682676678340282,11.633578363444276,0.008526157326179094,11.642104520770454
590,confirmation,2039,5,11.283524879179666,11.525976622830337,0.010119032992712917,11.536095655823049
593,confirmation,2039,5,11.835016210489899,11.903301787699286,0.006005626894499511,11.909307414593785
595,confirmation,2039,5,11.608244735642321,11.676296673540993,0.0141389381300906,11.690435611671083
601,confirmation,2039,5,12.524530013005734,12.4801567029598,-0.014640835384162198,12.465515867575638
602,confirmation,2039,5,11.856522261533737,11.74911428283267,0.005318048255726489,11.754432331088397
607,confirmation,2039,5,11.931642378754141,11.990394740561069,0.009616749155327207,12.000011489716396
622,confirmation,2039,5,12.388398368982115,12.37457913524394,-0.008065962569160215,12.366513172674779
624,confirmation,2039,5,12.034696963475044,12.116639573708037,0.00897772651158951,12.125617300219627
630,confirmation,2039,5,12.034696963475044,11.970208568129925,-6.559375452255303e-05,11.970142974375403
638,confirmation,2039,5,11.440365524765756,11.55147201725796,-0.0037189077072885073,11.547753109550673
651,confirmation,2039,5,12.235393555399902,12.24776248102149,0.007242849354493567,12.255005330375983
656,confirmation,2039,5,11.385103457032141,11.316839522238062,-0.020151981849415652,11.296687540388646
658,confirmation,2039,5,11.91170829631447,12.01052449509943,0.00939502723701381,12.019919522336444
659,confirmation,2039,5,11.487617913343598,11.741270976193425,0.009505017638990818,11.750775993832416
664,confirmation,2039,5,11.83138646878959,11.86330778725389,-0.006023898653373539,11.857283888600517
672,confirmation,2039,5,11.548302261270587,11.575661239840963,0.006853877300845603,11.582515117141808
677,confirmation,2039,5,11.373674891823535,11.671212938551031,-0.01690113747703062,11.654311801074
683,confirmation,2039,5,12.06105265381003,12.206727110268968,0.004201803054742587,12.21092891332371
687,confirmation,2039,5,12.336556900342153,12.389876135244272,0.0008815997446581128,12.39075773498893
688,confirmation,2039,5,11.910365121788654,11.945255132059671,-0.0017995710983599918,11.943455560961311
692,confirmation,2039,5,13.534474352733596,13.20749510349555,0.019742144963271056,13.22723724845882
695,confirmation,2039,5,11.860062063178267,11.725541609342253,0.006693128097419833,11.732234737439672
714,confirmation,2039,5,11.767575435251748,11.67521334346702,0.016072095068476153,11.691285438535497
715,confirmation,2039,5,11.779136168550774,12.095497346943892,-0.00680114655991793,12.088696200383975
716,confirmation,2039,5,12.013706813470414,11.917327512379886,0.01122410235758766,11.928551614737474
727,confirmation,2039,5,12.310437165348775,12.330028974602326,0.017189829662817038,12.347218804265143
728,confirmation,2039,5,12.178192583415596,12.193830422776598,0.0008511890727137713,12.194681611849312
768,confirmation,2039,5,11.982935344196433,12.065103908767837,0.0063342021056565535,12.071438110873494
770,confirmation,2039,5,13.195615697878253,13.060222703655718,0.020576621161035626,13.080799324816754
774,confirmation,2039,5,11.648338835562747,11.709441727106626,0.0037421602061521748,11.713183887312777
775,confirmation,2039,5,12.886643575525625,12.601452283994378,0.01708373756962851,12.618536021564006
779,confirmation,2039,5,11.87757552297847,11.7960151719092,-0.0016377853831178082,11.794377386526083
782,confirmation,2039,5,12.077676615757813,12.101711730767622,0.004369392522888352,12.10608112329051
785,confirmation,2039,5,11.759793355371237,11.785378504372984,0.023625574544376624,11.809004078917361
789,confirmation,2039,5,11.588969419043874,11.575910856766257,0.015074009367538211,11.590984866133795
792,confirmation,2039,5,11.896833207128452,11.895661924320615,0.0061457358596415795,11.901807660180257
797,confirmation,2039,5,11.874097282798648,11.814006058360404,0.007952023614441158,11.821958081974845
799,confirmation,2039,5,13.091906231773164,13.178103535968807,0.009591943192820036,13.187695479161627
802,confirmation,2039,5,11.60733523953139,11.708646762286682,-0.0015254895833804114,11.7071212727033
809,confirmation,2039,5,11.982622797311857,11.891039562082234,0.028802923689791655,11.919842485772026
814,confirmation,2039,5,11.969723533345908,11.937573919598316,0.00993860720670817,11.947512526805024
815,confirmation,2039,5,11.661354090741,11.686534854017555,0.015325359168792668,11.701860213186349
819,confirmation,2039,5,11.951186847493476,11.926563965093225,0.0015353542021904825,11.928099319295415
822,confirmation,2039,5,11.440365524765756,11.355961438623126,0.009607395829491334,11.365568834452617
829,confirmation,2039,5,12.128116509451258,12.099091915457784,-0.017225629055629903,12.081866286402153
831,confirmation,2039,5,12.019749091416921,12.077841850329737,0.00825143813691101,12.086093288466648
833,confirmation,2039,5,12.37581963951765,12.318669736012312,0.009378871331303943,12.328048607343616
839,confirmation,2039,5,11.87757552297847,11.944287748738349,0.01532618808748484,11.959613936825834
840,confirmation,2039,5,11.779136168550774,11.798103400903496,0.02591679596225339,11.82402019686575
848,confirmation,2039,5,11.80186424743109,11.804330000336178,0.00886406917681588,11.813194069512994
849,confirmation,2039,5,12.388398368982115,12.411560442812442,0.02069104168557653,12.43225148449802
851,confirmation,2039,5,11.78676973513378,11.861408047160936,0.0037786522481358885,11.86518669940907
858,confirmation,2039,5,12.066816325306588,11.98495735707557,0.005397274609163678,11.990354631684735
866,confirmation,2039,5,11.908346971208951,11.826860333369533,-0.006279466074380426,11.820580867295153
873,confirmation,2039,5,11.661354090741,11.683361528150666,0.017056991385752257,11.700418519536418
874,confirmation,2039,5,11.798111925972618,11.78509441005542,0.0075523693290132235,11.792646779384434
879,confirmation,2039,5,11.904974309480181,11.921368432104012,0.015738576744533786,11.937107008848546
882,confirmation,2039,5,12.141539457711714,12.262179598331118,0.006901147302545537,12.269080745633664
883,confirmation,2039,5,12.08954444723597,12.059638267787676,0.007108847306396729,12.066747115094072
884,confirmation,2039,5,11.682676678340282,11.748231771709923,0.0074125744291969956,11.75564434613912
885,confirmation,2039,5,11.51293546492023,11.702539862358757,0.018342315596361097,11.720882177955117
889,confirmation,2039,5,12.498745990829315,12.600927970471291,-0.02489208031424598,12.576035890157046
899,confirmation,2039,5,13.323928581764989,13.081263300557143,0.030390408163306327,13.11165370872045
901,confirmation,2039,5,11.608244735642321,11.653409742429778,0.022731049101419275,11.676140791531198
905,confirmation,2039,5,11.74006900564972,11.705736925471308,0.0005667708617588423,11.706303696333068
910,confirmation,2039,5,12.066816325306588,12.056300382951653,-0.012074829308911454,12.044225553642741
911,confirmation,2039,5,11.946660519211651,11.859865483043844,0.007733055578981136,11.867598538622826
915,confirmation,2039,5,12.065280672855897,12.014487207114833,-0.010640918454670007,12.003846288660164
918,confirmation,2039,5,11.813037464800539,11.810193424248649,-0.00495948775732244,11.805233936491327
921,confirmation,2039,5,12.211065162153215,12.214640974819453,0.00035730769621741083,12.21499828251567
922,confirmation,2039,5,11.890683588496984,11.987613437277671,0.012368082642070928,11.999981519919743
936,confirmation,2039,5,11.288543647320601,11.49313582311681,0.03736764829451212,11.530503471411324
946,confirmation,2039,5,11.735276702486741,11.837019465222278,-0.034896820256177824,11.8021226449661
947,confirmation,2039,5,11.870606902224587,11.909614840072958,-0.006916766727518292,11.902698073345439
950,confirmation,2039,5,12.193498926601634,12.088730101645057,-0.013311244657845731,12.075418856987211
964,confirmation,2039,5,12.384223015005313,12.47633101934952,-0.02668985445267835,12.44964116489684
969,confirmation,2039,5,10.542732775946709,11.092887900130629,-0.004537375941773869,11.088350524188854
970,confirmation,2039,5,11.849404844423074,11.69714601225015,0.0023094850740756206,11.699455497324225
972,confirmation,2039,5,12.06105265381003,12.003461841202563,0.008591231461579502,12.012053072664143
976,confirmation,2039,5,12.013706813470414,12.122375424672253,-0.01044129358322842,12.111934131089024
986,confirmation,2039,5,11.736077016252437,11.64543962467766,0.008288002422215465,11.653727627099876
989,confirmation,2039,5,12.180759965737863,12.190642565560411,0.0031021181902526973,12.193744683750664
990,confirmation,2039,5,12.190964083849375,12.179570727875548,0.00027279704174328697,12.179843524917292
999,confirmation,2039,5,11.418625774449598,11.461321092951264,0.032036773260800365,11.493357866212065
1015,confirmation,2039,5,11.688566422839942,11.718449319940431,0.011537522094305863,11.729986842034737
1017,confirmation,2039,5,12.220966184120165,12.355421084070576,-0.005925972941081108,12.349495111129494
1027,confirmation,2039,5,12.02874460037869,11.883231416855354,0.006127475123892283,11.889358891979246
1028,confirmation,2039,5,12.588194064175278,12.721038700891045,0.015408128384739544,12.736446829275785
1037,confirmation,2039,5,12.66191713053049,12.771703488176588,0.010930015518246157,12.782633503694834
1038,confirmation,2039,5,12.567240979056246,12.410366984370333,-0.006970219655441974,12.403396764714891
1042,confirmation,2039,5,12.06105265381003,12.000867080639445,0.00024488717420050656,12.001111967813646
1043,confirmation,2039,5,12.185875040240456,12.19397250289869,0.011293374587123404,12.205265877485814
1046,confirmation,2039,5,11.846543632608535,11.718790588351332,-0.006906111617615616,11.711884476733717
1047,confirmation,2039,5,13.229569788348705,13.011033187764886,0.009305005281441694,13.020338193046328
1053,confirmation,2039,5,12.013706813470414,11.991236566721293,-0.019105805105788652,11.972130761615505
1057,confirmation,2039,5,12.13270055639427,12.312862907006362,0.00936045883357878,12.32222336583994
1064,confirmation,2039,5,11.612779849672751,11.76391982012558,0.011896906218458684,11.775816726344038
1066,confirmation,2039,5,12.700771936142122,12.500783012477878,-0.01105105245418475,12.489731960023693
1072,confirmation,2039,5,11.944714374881176,11.961024024757158,0.004751444662397227,11.965775469419555
1073,confirmation,2039,5,11.424105180165641,11.598119041393794,-0.018162495660748,11.579956545733046
1077,confirmation,2039,5,12.04355959836804,11.953735910063584,-0.0013039058623172204,11.952432004201267
1085,confirmation,2039,5,12.141539457711714,12.126310262757416,-0.006824654038361892,12.119485608719055
1088,confirmation,2039,5,12.437188334739655,12.456989345191763,0.005863388892439928,12.462852734084203
1098,confirmation,2039,5,12.04355959836804,11.952582844338524,-0.013352372838182766,11.939230471500341
1100,confirmation,2039,5,11.964007453736912,11.876698740334906,-0.06456654327478314,11.812132197060123
1101,confirmation,2039,5,11.002116507732017,10.943437273291352,-0.10464563682877494,10.838791636462577
1103,confirmation,2039,5,11.813037464800539,11.816271416532866,-0.005331378485813386,11.810940038047052
1110,confirmation,2039,5,12.54254845357358,12.662379989007958,-0.015623840521064514,12.646756148486894
1113,confirmation,2039,5,11.774527900858468,11.709811991766028,-0.005393097866473376,11.704418893899554
1116,confirmation,2039,5,12.669809806411457,12.60556450178532,-0.03031876102495246,12.575245740760367
1117,confirmation,2039,5,12.123239799036943,12.100954132646258,-0.0011816649877507063,12.099772467658507
1124,confirmation,2039,5,11.678448377988165,11.488274023295414,0.009158293254346597,11.49743231654976
1135,confirmation,2039,5,12.037659911047468,12.103377371626,0.006383878279418472,12.109761249905418
1139,confirmation,2039,5,12.185875040240456,12.222767310745626,0.014237118978587837,12.237004429724214
1142,confirmation,2039,5,12.193498926601634,12.179111935316604,0.01571563166418599,12.19482756698079
1143,confirmation,2039,5,12.959540872420414,12.859658310497386,0.0057586701481999744,12.865416980645586
1144,confirmation,2039,5,11.289794413577894,11.486005689122544,-0.006128015458462891,11.479877673664081
1146,confirmation,2039,5,11.91170829631447,11.799346403543597,0.01423638064993789,11.813582784193535
1151,confirmation,2039,5,11.728044909070785,11.737314660867952,-0.009955873822869275,11.727358787045082
1163,confirmation,2039,5,11.767575435251748,11.739476380610515,0.007039708457067492,11.746516089067583
1165,confirmation,2039,5,12.175618592671356,12.2125118444909,0.005462764484598704,12.217974608975497
1170,confirmation,2039,5,13.345508528717259,13.292274542609324,0.006741423384322609,13.299015965993647
1180,confirmation,2039,5,11.440365524765756,11.481309101272718,0.01971508737416847,11.501024188646886
1218,confirmation,2039,5,12.343470927093518,12.430550160055352,0.015114036621956674,12.44566419667731
1219,confirmation,2039,5,11.296024885689746,11.157749652329654,-0.04049543435784624,11.117254217971809
1220,confirmation,2039,5,11.424105180165641,11.447759007715534,0.004437310604791751,11.452196318320325
1225,confirmation,2039,5,12.122696471358964,12.182282040919349,-0.009179064976167097,12.173102975943182
1226,confirmation,2039,5,11.884495917930655,11.843593808774283,0.0004791077405961129,11.844072916514879
1227,confirmation,2039,5,12.273735966890268,12.304719090545223,-0.0058057117000880065,12.298913378845135
1230,confirmation,2039,5,11.751950239425476,11.84367645327459,0.011969936003119843,11.855646389277709
1236,confirmation,2039,5,11.841423131921784,11.912527912478316,0.007637310045955045,11.920165222524272
1240,confirmation,2039,5,12.490879338036375,12.307557994243709,-0.02274030807670543,12.284817686167003
1242,confirmation,2039,5,12.42250975887691,12.436230245983642,0.009268646799395801,12.445498892783037
1246,confirmation,2039,5,12.08954444723597,12.18682909139564,0.019373010889044414,12.206202102284685
1247,confirmation,2039,5,12.136191879981927,12.175927990697163,0.0004808113255718965,12.176408802022735
1250,confirmation,2039,5,11.686887175419702,11.735330234565623,0.0020427077360022534,11.737372942301626
1253,confirmation,2039,5,11.775297421715827,11.680320192304778,0.0005815986709642528,11.680901790975742
1256,confirmation,2039,5,11.755879486687116,11.75503125204029,-0.0011002726796906363,11.753930979360598
1258,confirmation,2039,5,11.511934974596555,11.362992550257264,0.016416962712197197,11.379409512969461
1261,confirmation,2039,5,12.10625783509458,12.159778345251452,-0.0019446511512391659,12.157833694100212
1262,confirmation,2039,5,11.766799946849087,11.754025511242908,-0.014941739012620747,11.739083772230288
1267,confirmation,2039,5,11.711784520403112,11.737839024084252,0.015125782440866691,11.752964806525119
1272,confirmation,2039,5,12.132162346145595,12.10215138531474,0.016187931325344674,12.118339316640084
1275,confirmation,2039,5,11.842236406331555,11.876190573514863,0.00915863224027915,11.885349205755142
1276,confirmation,2039,5,11.827743504053695,11.879523426240226,-0.006832661064455642,11.87269076517577
1280,confirmation,2039,5,11.133142723386813,11.498709161331714,0.03022737059379182,11.528936531925506
1282,confirmation,2039,5,12.100717685412471,12.12207974456309,-0.0002855944110900349,12.121794150151999
1287,confirmation,2039,5,11.870606902224587,11.993081222913956,0.008307830227672857,12.00138905314163
1296,confirmation,2039,5,11.83863282480007,11.833020729554482,0.0010331451012957713,11.834053874655778
1297,confirmation,2039,5,11.951186847493476,11.935882174085243,-0.00012265019734098296,11.935759523887903
1298,confirmation,2039,5,11.849404844423074,11.936529801250463,0.009260847518500794,11.945790648768964
1302,confirmation,2039,5,12.086731521684555,12.07892815062214,0.010341261426831425,12.08926941204897
1305,confirmation,2039,5,11.775297421715827,11.878021858125242,-0.024112673801111043,11.85390918432413
1316,confirmation,2039,5,12.239995696974733,12.11655826401283,-0.020853423209792256,12.09570484080304
1320,confirmation,2039,5,11.6172944892629,11.642663507123505,0.006007861203965464,11.64867136832747
1328,confirmation,2039,5,11.779136168550774,11.79291346164348,0.003325528851715761,11.796238990495196
1334,confirmation,2039,5,11.74006900564972,11.78145054985004,0.014352667025170655,11.79580321687521
1335,confirmation,2039,5,11.736077016252437,11.66080791154104,-0.004403505487985934,11.656404406053055
1338,confirmation,2039,5,10.868587496017359,11.016698950093652,-0.028783452804072844,10.98791549728958
1339,confirmation,2039,5,12.206077645517674,12.299142496905448,0.0050085909873858695,12.304151087892834
1344,confirmation,2039,5,12.083910661257521,12.034720131184985,0.0060667104092465745,12.040786841594231
1353,confirmation,2039,5,11.812296455066814,11.758395084438735,0.011290084129702737,11.769685168568438
1358,confirmation,2039,5,11.917730355182513,11.985648143701916,0.003942002582141473,11.989590146284057
1367,confirmation,2039,5,12.170450649220749,12.205321560851498,0.014236099195812259,12.219557660047311
1369,confirmation,2039,5,11.87757552297847,11.848492142344655,-0.0017734142743340113,11.846718728070321
1372,confirmation,2039,5,12.016732516077072,12.066887255019305,-0.008808603631293268,12.058078651388012
1383,confirmation,2039,5,11.964007453736912,11.893246328625878,0.020448614996004054,11.913694943621882
1386,confirmation,2039,5,11.74006900564972,11.645506452759566,0.00800907772904858,11.653515530488615
1388,confirmation,2039,5,11.820417517632333,11.905554088273837,-0.016902511810294823,11.888651576463541
1392,confirmation,2039,5,11.728044909070785,11.713764468227696,-0.014565186189353147,11.699199282038343
1396,confirmation,2039,5,12.546871224308068,12.498051802285577,-0.005733342248842268,12.492318460036735
1405,confirmation,2039,5,11.561725152903833,11.502164417917832,0.03763704652891025,11.539801464446743
1407,confirmation,2039,5,11.798111925972618,11.818966385051969,0.011676030217310517,11.83064241526928
1417,confirmation,2039,5,11.715874472198905,11.779376035659247,-0.005647200826900992,11.773728834832346
1422,confirmation,2039,5,11.755879486687116,11.838684666939034,-0.006310754083668426,11.832373912855367
1423,confirmation,2039,5,11.824087219587643,11.88701061768589,0.00376109238247857,11.89077171006837
1426,confirmation,2039,5,11.863589378812122,11.870424279457254,0.014170281719768323,11.884594561177021
1427,confirmation,2039,5,12.509877789891931,12.495884362343896,0.0010617171463346488,12.49694607949023
1432,confirmation,2039,5,11.87583791515714,11.798469937591715,-0.0033000351079819287,11.795169902483734
1437,confirmation,2039,5,11.699413330633599,11.68295591912686,-0.011440702911429481,11.67151521621543
1448,confirmation,2039,5,12.388398368982115,12.45084687625602,-0.008783781670463706,12.442063094585555
1455,confirmation,2039,5,12.128116509451258,12.153439247608148,-0.0047621401904645285,12.148677107417683
10,confirmation,2040,1,11.678448377988165,11.709053495217685,-0.025529020540966642,11.683524474676718
21,confirmation,2040,1,12.692506186542177,12.76911177994184,0.005042183044930202,12.77415396298677
27,confirmation,2040,1,11.811554895830454,11.837248936474635,0.009290686320416582,11.846539622795053
30,confirmation,2040,1,11.134603622683905,11.163917685398012,0.01668307985427054,11.180600765252283
40,confirmation,2040,1,11.314486721293981,11.354085898105277,0.01218597056202201,11.3662718686673
44,confirmation,2040,1,11.777218637129327,11.81790278412741,0.009674413647862931,11.827577197775273
45,confirmation,2040,1,11.856522261533737,11.899952275664498,0.008481450804297807,11.908433726468797
47,confirmation,2040,1,12.387089184491993,12.55401980589721,0.02617324476788113,12.580193050665091
50,confirmation,2040,1,11.751950239425476,11.74994482120014,0.008770070076676401,11.758714891276817
53,confirmation,2040,1,11.608244735642321,11.490368650088934,0.00513668870745361,11.495505338796388
54,confirmation,2040,1,12.861001210669146,12.770930421063182,0.044227037313522656,12.815157458376705
55,confirmation,2040,1,11.775297421715827,11.722513709067336,-0.011525019655433011,11.710988689411902
63,confirmation,2040,1,12.218500103788143,12.23810683534964,0.00884314693244745,12.246949982282088
72,confirmation,2040,1,11.771443882099637,11.78742997697674,-0.007996361479089494,11.779433615497652
75,confirmation,2040,1,11.58432477200052,11.611055738660385,-0.01608482831486949,11.594970910345515
78,confirmation,2040,1,11.751950239425476,11.68113747850725,-0.028202657432817538,11.652934821074432
79,confirmation,2040,1,11.824087219587643,11.800277940813292,-0.020912840977423214,11.779365099835868
80,confirmation,2040,1,11.608244735642321,11.645834249939767,0.052669802478060586,11.698504052417828
83,confirmation,2040,1,12.409017571151187,12.30806635359866,-0.00402189367727196,12.304044459921387
85,confirmation,2040,1,12.034696963475044,12.032811297331444,-0.001201017899847298,12.031610279431597
91,confirmation,2040,1,11.60733523953139,11.52419104127669,0.0007812552962965833,11.524972296572987
94,confirmation,2040,1,11.804855999911272,12.0553978427734,-0.024284917917586503,12.031112924855814
105,confirmation,2040,1,12.040614105490253,11.950000996552266,-0.006195156680827398,11.943805839871438
107,confirmation,2040,1,11.51293546492023,11.366999849551323,-0.01129434989730782,11.355705499654016
109,confirmation,2040,1,11.652696102959753,11.69993506877218,0.0073439804749314466,11.707279049247113
120,confirmation,2040,1,12.0075668272517,12.04242655774896,-0.016290141790760458,12.0261364159582
137,confirmation,2040,1,11.870606902224587,11.87054563715311,0.021473948917312972,11.892019586070424
141,confirmation,2040,1,11.652696102959753,11.594779898894732,-0.012915174852413534,11.581864724042319
143,confirmation,2040,1,12.019749091416921,11.740058231174922,-0.02379952298188183,11.71625870819304
146,confirmation,2040,1,11.775297421715827,11.803232944067748,-0.0212542255177462,11.781978718550002
152,confirmation,2040,1,12.827731880206521,12.7267447628709,0.02850114843050417,12.755245911301405
153,confirmation,2040,1,12.154784614286667,12.145045998849204,0.010089417147527676,12.155135415996732
155,confirmation,2040,1,11.736077016252437,11.499790139122618,-0.009100190760766722,11.490689948361851
163,confirmation,2040,1,12.301387370778713,12.376652868060136,0.011094482474198288,12.387747350534333
165,confirmation,2040,1,11.931642378754141,11.869329851759147,-0.012881073462581619,11.856448778296565
167,confirmation,2040,1,12.154784614286667,12.284102016492191,0.004315697298867645,12.288417713791059
177,confirmation,2040,1,12.259618151783465,12.287852807061531,0.013469605778891426,12.301322412840422
180,confirmation,2040,1,11.51293546492023,11.638620259953775,0.004689041476930385,11.643309301430707
185,confirmation,2040,1,11.751950239425476,11.72022517464567,0.009048936279980583,11.72927411092565
202,confirmation,2040,1,12.052344376474922,12.009134751702002,0.00463045210018369,12.013765203802185
203,confirmation,2040,1,11.626263078808801,11.597414159207938,-0.029107455047575292,11.568306704160364
212,confirmation,2040,1,12.133507329024972,12.051381294728673,-0.008325773230341536,12.043055521498331
220,confirmation,2040,1,12.027191164883384,12.043384271653986,-0.00713983156347146,12.036244440090515
223,confirmation,2040,1,12.100161978566867,12.081476564800392,0.0009248188608213465,12.082401383661214
230,confirmation,2040,1,12.167856627501678,12.183594992155406,0.016869024280267535,12.200464016435674
242,confirmation,2040,1,11.612779849672751,11.41430255112119,0.0077124953702048,11.422015046491396
246,confirmation,2040,1,12.394628892852941,12.281707849130475,-0.002619594845164892,12.27908825428531
253,confirmation,2040,1,12.06105265381003,12.059809773535749,-0.008324508813135473,12.051485264722613
258,confirmation,2040,1,12.301387370778713,12.345885521411171,0.0003943659468869856,12.346279887358058
261,confirmation,2040,1,12.07824495582233,12.051544956423491,0.01308643798768306,12.064631394411174
264,confirmation,2040,1,11.775297421715827,11.720909049409904,-0.01591532902205278,11.704993720387852
270,confirmation,2040,1,11.904974309480181,11.92583205533494,0.0015787959587278337,11.927410851293669
274,confirmation,2040,1,11.842236406331555,12.007449867792133,-0.02973368940231359,11.97771617838982
276,confirmation,2040,1,12.230770136157428,12.05855100892815,0.01070600971286934,12.06925701864102
277,confirmation,2040,1,12.211065162153215,12.175360158792358,-0.002349949900644619,12.173010208891714
281,confirmation,2040,1,12.339295865674435,12.299495662933024,0.01287483408608236,12.312370497019106
282,confirmation,2040,1,12.128116509451258,12.12913214121356,0.021952465376861408,12.151084606590421
284,confirmation,2040,1,12.407383590534293,12.403734432611492,0.012464042519621368,12.416198475131113
286,confirmation,2040,1,12.011886987792716,12.014147143055208,0.003173888118000227,12.017321031173209
290,confirmation,2040,1,11.941950837487406,11.86376950525072,0.014856766969063873,11.878626272219785
292,confirmation,2040,1,11.819681958463892,11.799135021774577,0.012172526282618166,11.811307548057195
300,confirmation,2040,1,11.973516181427835,11.872673070407762,-0.006958191679110076,11.865714878728651
302,confirmation,2040,1,12.495007682693725,12.494765995653973,-0.01936870290560863,12.475397292748363
305,confirmation,2040,1,12.59473402514672,12.539919534626168,-0.03504105370491949,12.50487848092125
310,confirmation,2040,1,12.793862088206213,12.835366024617752,-0.0008038413859008121,12.834562183231851
314,confirmation,2040,1,12.834683971615659,12.42864757150181,-0.007844135509942977,12.420803435991866
323,confirmation,2040,1,12.614868865984631,12.553495960388137,-0.014530524970244395,12.538965435417893
329,confirmation,2040,1,12.276069679344003,12.071569616027809,-0.0014885955441518266,12.070081020483657
333,confirmation,2040,1,12.556733038263905,12.666984246004118,-0.002969733126397683,12.66401451287772
344,confirmation,2040,1,12.491255347155265,12.537574814405684,0.007814971628620921,12.545389786034304
347,confirmation,2040,1,11.928347504569842,11.832296309298394,0.005630070757431446,11.837926380055826
349,confirmation,2040,1,11.944714374881176,12.167376790188902,0.006197475104779441,12.17357426529368
356,confirmation,2040,1,12.086731521684555,12.056229072606838,0.0010745292720935086,12.057303601878932
361,confirmation,2040,1,11.957617696467539,11.907504522096971,-0.006620402466444007,11.900884119630527
367,confirmation,2040,1,11.976665770490767,12.011878955001862,0.02450997519842638,12.036388930200289
373,confirmation,2040,1,11.736077016252437,11.625164186407588,-0.012293214077086861,11.612870972330501
376,confirmation,2040,1,11.0186455364637,11.238687677674372,-0.012682451152931878,11.22600522652144
387,confirmation,2040,1,11.302216779257382,11.439266297488118,0.010968976405159593,11.450235273893277
390,confirmation,2040,1,12.962196972666593,12.936735051544478,0.0046679669018098455,12.941403018446287
391,confirmation,2040,1,11.686887175419702,11.76899133277763,-0.028990070769134072,11.740001262008494
392,confirmation,2040,1,12.278397958261774,12.299093318859924,0.01006038887874848,12.309153707738673
397,confirmation,2040,1,11.719947764402807,11.7447191748148,-0.006098624649814628,11.738620550164987
403,confirmation,2040,1,11.58989576532275,11.525451413323792,0.0027298637938064233,11.528181277117598
408,confirmation,2040,1,12.083910661257521,11.981744646422516,0.013158036315739936,11.994902682738257
411,confirmation,2040,1,11.002116507732017,11.50534893763326,-0.017648414614200317,11.48770052301906
422,confirmation,2040,1,12.278397958261774,12.320756328016376,-0.006556937650259585,12.314199390366117
423,confirmation,2040,1,11.635151947212842,11.664121289245452,0.010115223281373596,11.674236512526825
428,confirmation,2040,1,11.599185726610004,11.636890736926928,0.0023067258721121476,11.63919746279904
434,confirmation,2040,1,12.10625783509458,12.089970643492444,-0.0012956865149101372,12.088674956977535
438,confirmation,2040,1,11.686887175419702,11.669765019335236,0.008095369500711965,11.677860388835947
447,confirmation,2040,1,12.154784614286667,12.296838348820382,0.019454985644856104,12.316293334465238
464,confirmation,2040,1,12.147919030759663,12.161002856331972,0.027889011722699544,12.188891868054672
466,confirmation,2040,1,12.093693109638318,12.152105448984925,0.016927555165537577,12.169033004150462
467,confirmation,2040,1,12.025755079404917,11.980525657330004,0.02272451865117098,12.003250175981174
468,confirmation,2040,1,11.89478753335453,11.974193612254508,-0.011696627148904602,11.962496985105604
479,confirmation,2040,1,12.601490784782536,12.601114195687693,0.02320688335922561,12.624321079046918
481,confirmation,2040,1,12.694655727828803,12.772174615626662,-0.006480972084333621,12.76569364354233
488,confirmation,2040,1,12.07254696717504,12.09172610185676,0.0023420683120846104,12.094068170168846
490,confirmation,2040,1,11.362114203075018,11.532365321879825,-0.012872763944775857,11.519492557935049
497,confirmation,2040,1,12.971542813248437,12.66785825345264,0.012937842774526184,12.680796096227166
501,confirmation,2040,1,11.635151947212842,11.624203937599704,-0.029307612791091814,11.594896324808612
502,confirmation,2040,1,12.331387247601905,12.296555538079392,0.0106178268340648,12.307173364913456
503,confirmation,2040,1,11.849404844423074,11.78100631720669,0.024208118436697557,11.805214435643387
517,confirmation,2040,1,11.970356641102999,12.01685183356337,0.0023814764447980053,12.019233310008168
521,confirmation,2040,1,11.573559498507079,11.38734148371025,0.01085698818349781,11.398198471893748
526,confirmation,2040,1,12.07824495582233,12.111027197255495,0.01058587387895932,12.121613071134455
533,confirmation,2040,1,11.58525542883217,11.539765968901357,0.0026719064492165636,11.542437875350574
539,confirmation,2040,1,11.970356641102999,11.84439168293434,0.01723309353987878,11.861624776474219
545,confirmation,2040,1,12.098854850641,12.194065797484368,-0.014488260096182613,12.179577537388186
546,confirmation,2040,1,12.34148164933907,12.337574736503916,-0.014941346943173336,12.322633389560743
547,confirmation,2040,1,12.25486757159303,12.068441502879669,-0.00442699625421286,12.064014506625456
552,confirmation,2040,1,11.630717389475995,11.61332490719452,0.00504029810766633,11.618365205302187
554,confirmation,2040,1,11.58989576532275,11.656202384464306,-0.010930555564465884,11.64527182889984
563,confirmation,2040,1,11.58989576532275,11.66978659957847,-0.006758167644092198,11.663028431934379
567,confirmation,2040,1,12.691583538230217,12.688157317071154,-0.02912544625285882,12.659031870818295
569,confirmation,2040,1,12.665397584983758,12.589599397283289,0.029077977207581897,12.61867737449087
570,confirmation,2040,1,11.820123358887447,11.878442193431187,-0.004363268481345232,11.874078924949842
572,confirmation,2040,1,11.695255355062795,11.686123226405844,0.029319908520929996,11.715443134926774
581,confirmation,2040,1,12.111217862017215,12.112138611601155,-0.00196052886299113,12.110178082738164
584,confirmation,2040,1,12.691583538230217,12.590089363002438,0.018439107465243295,12.60852847046768
585,confirmation,2040,1,11.798111925972618,11.874336187606914,0.01871596052339588,11.89305214813031
588,confirmation,2040,1,11.827743504053695,11.809078155894912,0.005130771499772437,11.814208927394684
598,confirmation,2040,1,12.176654133447505,12.129789420386462,-0.009613710909771096,12.12017570947669
602,confirmation,2040,1,11.856522261533737,11.74911428283267,-0.006531517672202822,11.742582765160467
609,confirmation,2040,1,12.791358964949923,12.522576286210152,0.03831666860619995,12.560892954816351
612,confirmation,2040,1,11.904974309480181,11.985652160381187,0.00235164353691528,11.988003803918103
618,confirmation,2040,1,11.566475710526321,11.679099056864064,-0.0030849945768838725,11.67601406228718
619,confirmation,2040,1,12.659737267217572,12.677298139018276,0.042148962726090124,12.719447101744366
620,confirmation,2040,1,12.628070334272698,12.6952810939634,0.0006310078192507401,12.695912101782652
632,confirmation,2040,1,12.252483791602627,12.344221221101863,0.015780947021282583,12.360002168123145
642,confirmation,2040,1,12.328294703023396,12.41843167221159,-0.007589369602661976,12.410842302608927
646,confirmation,2040,1,11.872353615355413,11.822965265182436,-0.013192055048501117,11.809773210133935
649,confirmation,2040,1,11.951186847493476,11.952332994911757,0.007325575159966322,11.959658570071722
659,confirmation,2040,1,11.487617913343598,11.741270976193425,-0.00837467551990713,11.732896300673518
664,confirmation,2040,1,11.83138646878959,11.86330778725389,-0.0038757626001954485,11.859432024653694
678,confirmation,2040,1,11.603688960617083,11.583594652573383,0.008108266249912186,11.591702918823296
682,confirmation,2040,1,11.979391594635791,11.572031491521493,-0.019304491504180746,11.552727000017311
701,confirmation,2040,1,12.652362948153474,12.628498530162917,-0.006272906384007005,12.62222562377891
703,confirmation,2040,1,12.799178471909892,12.837348260472847,-0.017477146806663613,12.819871113666183
723,confirmation,2040,1,11.732069026983156,11.679394274106487,0.018328906210296557,11.697723180316784
730,confirmation,2040,1,11.542493975902508,11.383536138426772,-0.009194834958016828,11.374341303468755
733,confirmation,2040,1,12.312686874960354,12.373335315123414,-0.013693987192057031,12.359641327931357
738,confirmation,2040,1,12.3879816172226,12.347521106583748,-0.0021211229504180702,12.34539998363333
748,confirmation,2040,1,12.491176396967154,12.39185342336626,-0.021205184599330358,12.37064823876693
749,confirmation,2040,1,12.469978029554953,12.452255687874196,-0.002691243270253094,12.449564444603944
759,confirmation,2040,1,12.097378802727306,12.04123750424606,0.008538231317248077,12.049775735563308
760,confirmation,2040,1,12.577639650232573,12.618794327691974,-0.010001007636662783,12.608793320055312
761,confirmation,2040,1,11.755879486687116,11.647632847117835,0.007987749711122183,11.655620596828957
764,confirmation,2040,1,12.727841176689147,12.694159981829833,0.0035617083383149392,12.697721690168148
769,confirmation,2040,1,12.28690580994122,12.3514042966649,-0.012998650155355118,12.338405646509544
771,confirmation,2040,1,11.812296455066814,11.796976570554378,0.0067763975011436006,11.803752968055521
776,confirmation,2040,1,11.995357787034976,11.971128068932313,-0.01665925033609834,11.954468818596213
780,confirmation,2040,1,11.813037464800539,11.895315630908735,-0.001149327132751623,11.894166303775984
783,confirmation,2040,1,12.139403856983334,12.14959821050767,0.006887626695898127,12.156485837203567
790,confirmation,2040,1,12.141539457711714,12.245028995235376,0.0007022638439138749,12.24573125907929
793,confirmation,2040,1,12.505402864156405,12.39098152450562,-0.010126289903835378,12.380855234601784
801,confirmation,2040,1,12.206077645517674,12.224877276503609,0.021900058715592592,12.246777335219202
805,confirmation,2040,1,11.678448377988165,11.621852839320008,-0.013811668960419538,11.608041170359588
807,confirmation,2040,1,11.816734299348461,11.7900493876865,-0.006477735631289094,11.78357165205521
819,confirmation,2040,1,11.951186847493476,11.926563965093225,0.004083159260925879,11.93064712435415
822,confirmation,2040,1,11.440365524765756,11.355961438623126,0.013925874740826282,11.369887313363952
830,confirmation,2040,1,11.900912042974875,11.966920465817113,-0.006937792780601709,11.959982673036512
834,confirmation,2040,1,12.025755079404917,11.948720953899764,-0.00901125107076524,11.939709702829
836,confirmation,2040,1,11.759793355371237,11.80462008994322,0.01866833119275526,11.823288421135976
837,confirmation,2040,1,11.941462360646149,11.77696755423987,0.004325930926582449,11.781293485166453
838,confirmation,2040,1,11.51293546492023,11.456485203053894,-0.005262240368849775,11.451222962685044
852,confirmation,2040,1,12.278397958261774,12.119678480896429,0.020210876309972373,12.139889357206401
853,confirmation,2040,1,12.00762780434872,12.025720475998492,-0.007960472752898407,12.017760003245593
860,confirmation,2040,1,12.429220196836383,12.468984336281178,-0.0027258569099911055,12.466258479371186
869,confirmation,2040,1,12.037659911047468,12.035648978947185,0.013131766677354531,12.048780745624539
871,confirmation,2040,1,11.603688960617083,11.51989822905528,-0.007408256501179536,11.5124899725541
879,confirmation,2040,1,11.904974309480181,11.921368432104012,-0.005327369973196773,11.916041062130816
882,confirmation,2040,1,12.141539457711714,12.262179598331118,0.009815880765863701,12.271995479096981
886,confirmation,2040,1,12.70351207261035,12.47777986601688,0.006894115544684775,12.484673981561563
894,confirmation,2040,1,12.013706813470414,11.959226383677002,-0.0025155218422161694,11.956710861834786
895,confirmation,2040,1,11.685693195625964,11.715782926154349,0.005032901167484829,11.720815827321834
899,confirmation,2040,1,13.323928581764989,13.081263300557143,0.020819061844585263,13.10208236240173
909,confirmation,2040,1,11.782960235741939,11.792393154906373,-0.006053543424756997,11.786339611481615
910,confirmation,2040,1,12.066816325306588,12.056300382951653,-0.011024989224162429,12.04527539372749
912,confirmation,2040,1,11.874097282798648,11.957171233470657,0.009107795353468909,11.966279028824125
913,confirmation,2040,1,11.385103457032141,11.46498465593384,-0.003567182917577968,11.461417473016262
920,confirmation,2040,1,12.081081821061819,12.05806399991199,0.00779109052842454,12.065855090440415
921,confirmation,2040,1,12.211065162153215,12.214640974819453,0.01733071432958833,12.231971689149042
924,confirmation,2040,1,12.170450649220749,12.185663143350286,-0.01630722126353563,12.169355922086751
934,confirmation,2040,1,12.154784614286667,12.20096160319477,-0.0029387670952845143,12.198022836099485
939,confirmation,2040,1,12.387560521575551,12.393471909687376,0.0005175138879911102,12.393989423575366
942,confirmation,2040,1,12.273735966890268,12.337876455644873,0.0008276386279323147,12.338704094272805
943,confirmation,2040,1,11.918397239722838,11.767418489123711,0.02759719413757644,11.795015683261289
944,confirmation,2040,1,11.870606902224587,11.80752171320015,-0.030498738695412097,11.777022974504739
946,confirmation,2040,1,11.735276702486741,11.837019465222278,-0.024122364846237594,11.812897100376041
947,confirmation,2040,1,11.870606902224587,11.909614840072958,-0.008827988462855301,11.900786851610103
965,confirmation,2040,1,12.277932735946903,12.303641048756925,0.004178727001636268,12.307819775758562
969,confirmation,2040,1,10.542732775946709,11.092887900130629,-0.018232279397651444,11.074655620732978
975,confirmation,2040,1,12.02874460037869,12.029756260804154,0.001534572499228584,12.031290833303382
981,confirmation,2040,1,12.091789104493502,12.000007969253923,-0.023044079583127833,11.976963889670795
984,confirmation,2040,1,12.45254592991672,12.401648698564651,-0.016562031452694453,12.385086667111956
986,confirmation,2040,1,11.736077016252437,11.64543962467766,0.017132064676801593,11.662571689354461
990,confirmation,2040,1,12.190964083849375,12.179570727875548,0.004828386316916437,12.184399114192464
992,confirmation,2040,1,12.031725210748633,12.034529247557732,0.03045861184006594,12.064987859397798
993,confirmation,2040,1,12.138869243416009,12.201302358154567,-0.005377357538671441,12.195925000615896
995,confirmation,2040,1,12.729323752253295,12.721603943057463,-0.004501536719337398,12.717102406338126
998,confirmation,2040,1,12.128116509451258,11.986975856917091,0.016174572622551092,12.003150429539643
999,confirmation,2040,1,11.418625774449598,11.461321092951264,0.02156406107516805,11.482885154026432
1001,confirmation,2040,1,11.314486721293981,11.168162378775936,0.012121061514913522,11.180283440290848
1004,confirmation,2040,1,11.827049837927534,11.92146164268571,-0.02032013983418613,11.901141502851523
1009,confirmation,2040,1,12.388398368982115,12.39802031787656,0.004146861594371281,12.402167179470931
1010,confirmation,2040,1,11.532737896139919,11.615962405001875,-0.00724649848164892,11.608715906520226
1013,confirmation,2040,1,12.013706813470414,12.043465083169451,0.025596020902379307,12.06906110407183
1022,confirmation,2040,1,12.175618592671356,12.22637559506862,-8.169022448311498e-05,12.226293904844136
1028,confirmation,2040,1,12.588194064175278,12.721038700891045,0.02008647923765122,12.741125180128696
1041,confirmation,2040,1,11.951186847493476,11.968889461012978,0.0072566209797884145,11.976146081992766
1043,confirmation,2040,1,12.185875040240456,12.19397250289869,0.014799968773131012,12.208772471671821
1044,confirmation,2040,1,12.47717172708952,12.423576361197306,-0.02009328125189089,12.403483079945415
1053,confirmation,2040,1,12.013706813470414,11.991236566721293,-0.014076757496535024,11.977159809224759
1061,confirmation,2040,1,12.271396795480596,12.243995473782809,-0.01707674791194891,12.22691872587086
1073,confirmation,2040,1,11.424105180165641,11.598119041393794,-0.004898708890539849,11.593220332503254
1077,confirmation,2040,1,12.04355959836804,11.953735910063584,0.00042239232189860326,11.954158302385482
1081,confirmation,2040,1,11.884495917930655,12.008296923506014,0.020254928011058965,12.028551851517074
1085,confirmation,2040,1,12.141539457711714,12.126310262757416,0.003175649669539801,12.129485912426956
1088,confirmation,2040,1,12.437188334739655,12.456989345191763,9.41350146827492e-05,12.457083480206446
1102,confirmation,2040,1,11.691080018519527,11.663224710170706,0.0010602010603475212,11.664284911231054
1107,confirmation,2040,1,12.100161978566867,12.132197529858995,0.007317230985156789,12.139514760844152
1120,confirmation,2040,1,11.803361242493628,11.699953541049569,-0.020562541194503903,11.679390999855064
1124,confirmation,2040,1,11.678448377988165,11.488274023295414,0.013910466268219108,11.502184489563634
1129,confirmation,2040,1,12.278397958261774,12.22779835553326,-0.0052587191948484545,12.22253963633841
1130,confirmation,2040,1,11.849404844423074,11.805052418453297,-0.012115610775289982,11.792936807678007
1137,confirmation,2040,1,11.686887175419702,11.674790979388108,-0.013939749053920788,11.660851230334188
1143,confirmation,2040,1,12.959540872420414,12.859658310497386,0.016877426229297266,12.876535736726684
1147,confirmation,2040,1,12.100717685412471,12.097544820623895,0.002418830656698541,12.099963651280593
1153,confirmation,2040,1,12.345838935721968,12.191012145010388,0.009080681980389473,12.200092826990778
1161,confirmation,2040,1,11.891368749982085,11.860992878604495,-0.0008434510138084236,11.860149427590686
1164,confirmation,2040,1,11.59873612138334,11.84530402610832,0.01564780841524744,11.860951834523567
1167,confirmation,2040,1,12.41044511731981,12.386017302749856,0.005339702173538426,12.391357004923394
1169,confirmation,2040,1,12.367345048436391,12.210466673299496,0.014141244739299157,12.224607918038796
1180,confirmation,2040,1,11.440365524765756,11.481309101272718,0.014447247134805658,11.495756348407523
1188,confirmation,2040,1,12.476103599529843,12.55034065541383,-0.01960939953715444,12.530731255876676
1195,confirmation,2040,1,11.970356641102999,11.875804846182,0.02557203019154913,11.901376876373549
1203,confirmation,2040,1,11.669937760751914,11.807655931716669,-0.0003881049318900797,11.807267826784779
1204,confirmation,2040,1,12.269052139516223,12.27102678352878,-0.0076242782434930625,12.263402505285287
1214,confirmation,2040,1,11.884495917930655,11.700502838395796,0.015009700118819629,11.715512538514615
1215,confirmation,2040,1,11.80932691294063,11.763390944830377,-0.019521617681918735,11.743869327148458
1216,confirmation,2040,1,11.736077016252437,11.585573065527882,-0.014246729632040064,11.571326335895842
1218,confirmation,2040,1,12.343470927093518,12.430550160055352,0.009570786202290585,12.440120946257643
1233,confirmation,2040,1,11.530775206233024,11.515210359914557,-0.006345979786814798,11.508864380127742
1235,confirmation,2040,1,11.775297421715827,11.617242105580363,-0.023467926042521122,11.593774179537842
1236,confirmation,2040,1,11.841423131921784,11.912527912478316,0.0043252739440956455,11.916853186422411
1239,confirmation,2040,1,11.86710429621008,11.775656195990123,-0.05362178983202049,11.722034406158103
1256,confirmation,2040,1,11.755879486687116,11.75503125204029,-0.006669307388190121,11.7483619446521
1258,confirmation,2040,1,11.511934974596555,11.362992550257264,-0.007266469888397052,11.355726080368868
1259,confirmation,2040,1,12.154784614286667,12.079648211136004,0.008046823945527377,12.08769503508153
1260,confirmation,2040,1,11.92504173829169,11.894204072932377,0.004287114636897009,11.898491187569274
1262,confirmation,2040,1,11.766799946849087,11.754025511242908,-0.011981015397194225,11.742044495845713
1264,confirmation,2040,1,12.103491596905931,12.01915658045344,0.022001154286494722,12.041157734739935
1265,confirmation,2040,1,12.10625783509458,11.989547493386976,0.002797120257392964,11.992344613644368
1266,confirmation,2040,1,12.12215284831553,12.046253914616246,0.0026417848854657917,12.048895699501712
1269,confirmation,2040,1,12.850557278777309,12.734451754026228,-0.014939453465812042,12.719512300560416
1270,confirmation,2040,1,11.87757552297847,11.813294348961334,-0.004803479609069659,11.808490869352264
1272,confirmation,2040,1,12.132162346145595,12.10215138531474,0.0005130870447060702,12.102664472359445
1283,confirmation,2040,1,11.921725007667265,11.930673302901534,0.018041705527259994,11.948715008428794
1285,confirmation,2040,1,12.037659911047468,12.115023304253118,-0.019056702125542765,12.095966602127575
1286,confirmation,2040,1,11.794345471549745,11.72640609807157,-0.0003980499349669004,11.726008048136602
1289,confirmation,2040,1,12.535379989788607,12.494414538159656,0.0010257514038816225,12.495440289563538
1292,confirmation,2040,1,11.691080018519527,11.661339492512544,0.00270266148953701,11.66404215400208
1294,confirmation,2040,1,12.000897933306716,12.095220595449147,0.00662245770073514,12.101843053149882
1300,confirmation,2040,1,11.944714374881176,11.975168714995217,0.01527165058727933,11.990440365582495
1301,confirmation,2040,1,12.323860125621126,12.314059468926583,-0.0024296028540213414,12.311629866072561
1315,confirmation,2040,1,11.686887175419702,11.680857781066328,-0.002691780097418961,11.67816600096891
1326,confirmation,2040,1,10.915106645867503,11.133308991992246,0.005113821240822672,11.138422813233069
1327,confirmation,2040,1,11.277215789596893,11.406405896218269,-0.01983969955575384,11.386566196662516
1332,confirmation,2040,1,11.794345471549745,11.79089199803784,0.03576656567930952,11.82665856371715
1336,confirmation,2040,1,12.031129798974042,11.982738224190362,0.015553955669868476,11.998292179860231
1343,confirmation,2040,1,12.339295865674435,12.4068052590848,-0.004660072677512693,12.402145186407287
1350,confirmation,2040,1,11.711784520403112,11.723976117757896,-0.02621014636856663,11.69776597138933
1351,confirmation,2040,1,12.206077645517674,12.04831402122307,0.0070787382567313265,12.055392759479803
1355,confirmation,2040,1,12.367345048436391,12.36521162741914,-0.0015023570151468484,12.363709270403993
1358,confirmation,2040,1,11.917730355182513,11.985648143701916,0.001825503811924281,11.98747364751384
1359,confirmation,2040,1,12.086731521684555,12.052240626052178,0.012895761939609984,12.065136387991789
1379,confirmation,2040,1,11.326607934898927,11.526435380336553,-0.00560667965550731,11.520828700681045
1386,confirmation,2040,1,11.74006900564972,11.645506452759566,0.0029435340290239883,11.64844998678859
1394,confirmation,2040,1,12.001511614739405,11.809563587501902,-0.0009229904793469361,11.808640597022555
1396,confirmation,2040,1,12.546871224308068,12.498051802285577,-0.01055380417016237,12.487497998115414
1401,confirmation,2040,1,11.695255355062795,11.69141761691936,-0.004582581741006821,11.686835035178353
1415,confirmation,2040,1,12.240478903153711,12.21362202727834,0.011056773801548667,12.22467880107989
1419,confirmation,2040,1,11.728044909070785,11.821344178647832,-0.008563865291077525,11.812780313356756
1421,confirmation,2040,1,12.100161978566867,12.051448621458755,0.004591437866324481,12.05604005932508
1427,confirmation,2040,1,12.509877789891931,12.495884362343896,-0.004054993662779753,12.491829368681115
1433,confirmation,2040,1,11.07443600653965,11.532326201043734,-0.003162473204212602,11.52916372783952
1440,confirmation,2040,1,12.190964083849375,12.058141985298947,0.012783369586778904,12.070925354885727
1441,confirmation,2040,1,12.160033942617156,12.161746455600785,0.009740462520484746,12.17148691812127
1449,confirmation,2040,1,11.626263078808801,11.649759879092578,0.022219851777246537,11.671979730869824
1450,confirmation,2040,1,11.429554725537322,11.41860595621502,-0.004352846685638976,11.41425310952938
1460,confirmation,2040,1,11.901590234400047,11.912195088004813,-0.016061998812043645,11.89613308919277
12,confirmation,2040,2,12.75130259456002,12.905158977657306,0.003210571856900666,12.908369549514207
13,confirmation,2040,2,11.87757552297847,11.804864837543873,-0.007752486462872462,11.797112351081001
15,confirmation,2040,2,11.964007453736912,11.946191646184804,0.006489155305538371,11.952680801490342
20,confirmation,2040,2,11.842236406331555,11.662788324734231,0.006230400957699436,11.66901872569193
32,confirmation,2040,2,11.914054519303125,11.876759553846304,0.0009385442148002793,11.877698098061105
34,confirmation,2040,2,12.016732516077072,12.06931111749884,-0.00506909361395661,12.064242023884884
36,confirmation,2040,2,12.6410997921206,12.648032345591549,0.009275932754185076,12.657308278345734
42,confirmation,2040,2,12.04355959836804,12.070551023364414,0.0069017268846559435,12.077452750249071
51,confirmation,2040,2,12.083910661257521,12.102243435473516,0.006856623481343121,12.10910005895486
56,confirmation,2040,2,12.103491596905931,12.007035110940414,0.02275715812462755,12.029792269065043
61,confirmation,2040,2,11.970356641102999,12.028321766825105,0.0004914325227283052,12.028813199347834
67,confirmation,2040,2,12.100717685412471,12.400506975930805,-0.012204928191880285,12.388302047738925
70,confirmation,2040,2,12.323860125621126,12.28313003724875,0.051633479865232,12.334763517113982
74,confirmation,2040,2,11.88380602959621,11.898058254349149,0.006099459597443354,11.904157713946592
84,confirmation,2040,2,11.748005492256807,11.799162407269694,-0.007349282433172822,11.791813124836521
86,confirmation,2040,2,12.468440756144114,12.48604050736041,-0.011882573976914982,12.474157933383495
93,confirmation,2040,2,12.004574385508691,11.873653097862436,0.007596201612292622,11.881249299474728
101,confirmation,2040,2,12.230770136157428,12.301624929944472,0.0031033930798103136,12.304728323024282
106,confirmation,2040,2,12.429220196836383,12.421798277473425,-0.010182729524848087,12.411615547948577
111,confirmation,2040,2,11.827013315851762,11.86515714553739,-0.04817452789195529,11.816982617645435
118,confirmation,2040,2,11.951186847493476,11.884327473097688,0.008938699202011274,11.893266172299699
122,confirmation,2040,2,11.51293546492023,11.484507401735794,-0.0032979637986801586,11.481209437937114
123,confirmation,2040,2,11.820417517632333,11.846703967959051,0.0048585360753367595,11.851562504034389
131,confirmation,2040,2,12.328294703023396,12.249882602813049,0.007557241201880542,12.257439844014929
134,confirmation,2040,2,12.301387370778713,12.210836667715084,0.017064591391566644,12.22790125910665
138,confirmation,2040,2,12.049424683420915,12.188670707558318,-0.014386326709731256,12.174284380848587
144,confirmation,2040,2,12.225880174775122,12.307380291484575,-0.012937064337037538,12.294443227147537
150,confirmation,2040,2,11.652696102959753,11.580327877074842,0.024698576171472485,11.605026453246314
151,confirmation,2040,2,11.711784520403112,11.82929246582387,0.014076727271006936,11.843369193094878
156,confirmation,2040,2,11.277215789596893,11.278599588244694,-0.028204104143033627,11.25039548410166
160,confirmation,2040,2,12.676079399771027,12.639273804270085,0.0021462396546808936,12.641420043924766
162,confirmation,2040,2,12.929993908996359,12.944682392321624,-0.011269347308948494,12.933413045012676
164,confirmation,2040,2,11.544433821905134,11.385286471998285,0.0034967658425524768,11.388783237840837
168,confirmation,2040,2,12.693501691489768,12.839582246270654,0.010124434647338145,12.849706680917992
181,confirmation,2040,2,12.083910661257521,12.064823698509937,0.02160899677398859,12.086432695283925
186,confirmation,2040,2,13.07107218827772,12.608447134416048,-0.011483863135893902,12.596963271280154
187,confirmation,2040,2,12.06105265381003,12.063635638285309,-0.00653691637499656,12.057098721910313
188,confirmation,2040,2,11.813037464800539,11.801923424578607,0.007656196414957399,11.809579620993565
190,confirmation,2040,2,12.563750586299374,12.494145533842074,-0.008678127466942468,12.485467406375133
195,confirmation,2040,2,11.751950239425476,11.743481115517596,0.0036111204665864754,11.747092235984184
196,confirmation,2040,2,11.908346971208951,11.898666573468416,0.0013628108538460237,11.900029384322263
197,confirmation,2040,2,12.650351332641707,12.633756566625436,0.010083776163783599,12.64384034278922
207,confirmation,2040,2,11.87688084212164,11.808799965837537,0.02011561102582898,11.828915576863366
209,confirmation,2040,2,12.531776395271262,12.42109493815172,-0.01720408699583619,12.403890851155884
210,confirmation,2040,2,11.884495917930655,11.90403940508955,0.0021359001627396373,11.90617530525229
211,confirmation,2040,2,11.49273296168228,11.440880608324964,0.011754399478763252,11.452635007803726
215,confirmation,2040,2,11.993813394724253,11.914919243080204,0.013562325386639257,11.928481568466843
218,confirmation,2040,2,11.580593459194764,11.324568887828995,0.04954900133936752,11.374117889168362
219,confirmation,2040,2,12.649157827477366,12.361387521055676,0.007238205824002699,12.368625726879678
221,confirmation,2040,2,12.230282214644559,12.301050436820256,0.015342430809373666,12.31639286762963
222,confirmation,2040,2,12.206077645517674,12.32908652266877,-0.0027071540207153555,12.326379368648055
225,confirmation,2040,2,12.864242696187505,12.892996194600366,0.019541491518765924,12.912537686119132
226,confirmation,2040,2,11.626263078808801,11.5298980106953,-0.006457789574101504,11.523440221121199
231,confirmation,2040,2,11.904974309480181,11.842552097389945,0.00936075615519109,11.851912853545135
232,confirmation,2040,2,12.90669432231532,12.814283038082143,-0.012293354087841728,12.801989683994302
239,confirmation,2040,2,12.669809806411457,12.470584543777704,-0.007246721070996107,12.463337822706709
241,confirmation,2040,2,12.47801017053037,12.539407831447056,0.0007764933238595881,12.540184324770916
248,confirmation,2040,2,11.849404844423074,11.854113040669978,-0.015061996091287704,11.83905104457869
249,confirmation,2040,2,12.100717685412471,12.119465509154054,-0.014034740252509831,12.105430768901543
252,confirmation,2040,2,12.367345048436391,12.387665246701888,0.01663452301869259,12.40429976972058
254,confirmation,2040,2,11.970356641102999,11.984607347739676,-0.010790625534788727,11.973816722204887
255,confirmation,2040,2,11.884495917930655,11.86172587362279,0.008987585474879453,11.870713459097669
259,confirmation,2040,2,12.352339472153524,12.277211488176782,0.007422973192808734,12.28463446136959
285,confirmation,2040,2,12.09626335986454,12.164906234972207,-0.013168531729634957,12.151737703242572
289,confirmation,2040,2,11.711784520403112,11.638250122019752,-0.005386302872864205,11.632863819146888
295,confirmation,2040,2,12.025755079404917,11.93704537243794,-0.011429113129153123,11.925616259308786
296,confirmation,2040,2,11.86710429621008,11.875653725183756,-0.0017997243196770146,11.87385400086408
308,confirmation,2040,2,11.402005077384885,11.45606999158342,0.010709894754969617,11.466779886338388
309,confirmation,2040,2,11.320565693461432,11.636089066488868,0.010168154167519596,11.646257220656388
311,confirmation,2040,2,12.017336559562407,12.081517738803312,0.011641435196798729,12.09315917400011
315,confirmation,2040,2,12.08954444723597,11.989220422723276,0.014841178319335891,12.004061601042613
327,confirmation,2040,2,12.688501881189456,12.540544232124445,-0.013363832093488688,12.527180400030955
335,confirmation,2040,2,12.165255859329688,12.196424393859305,-0.000327910585876844,12.196096483273427
336,confirmation,2040,2,12.34126328584159,12.24503852117548,0.004812455903677207,12.249850977079157
340,confirmation,2040,2,11.951186847493476,11.848658845495924,0.006435903822411503,11.855094749318337
342,confirmation,2040,2,11.314486721293981,11.221568535577298,0.008602964738682082,11.23017150031598
343,confirmation,2040,2,11.37940550085183,11.454657634077495,0.016204023799291055,11.470861657876787
353,confirmation,2040,2,11.461642696843066,11.454097270052904,0.0031070031361529,11.457204273189056
355,confirmation,2040,2,11.849404844423074,11.980467607516331,-0.029671642630294186,11.950795964886037
362,confirmation,2040,2,11.884495917930655,11.856071881851737,6.5765718384928685e-06,11.856078458423575
369,confirmation,2040,2,11.790564777297387,11.897361238540512,0.009969581384070772,11.907330819924583
370,confirmation,2040,2,11.995357787034976,12.02087609607682,-0.012869090111755572,12.008007005965066
371,confirmation,2040,2,12.057578437658945,12.127916039403733,-0.010220800208371487,12.117695239195362
374,confirmation,2040,2,11.719947764402807,11.695270578264234,0.0085030519041109,11.703773630168344
383,confirmation,2040,2,12.271396795480596,12.2313811301514,0.009285664452589186,12.240666794603989
399,confirmation,2040,2,11.112462823634855,11.264961456934929,-0.02731984967041933,11.237641607264509
405,confirmation,2040,2,12.031725210748633,12.058244570828442,0.009979865034254617,12.068224435862698
407,confirmation,2040,2,11.652696102959753,11.655600098379225,0.019803708117301123,11.675403806496526
409,confirmation,2040,2,12.54254845357358,12.542409204186187,0.018656916567359058,12.561066120753546
416,confirmation,2040,2,12.106997888588934,12.14485806765602,0.007876104294267687,12.152734171950287
418,confirmation,2040,2,12.384223015005313,12.232109643876443,-0.006044975839586533,12.226064668036857
430,confirmation,2040,2,12.07254696717504,12.07352295500991,-0.0002503918964639242,12.073272563113447
433,confirmation,2040,2,11.715874472198905,11.737732953068464,0.0012915828171186274,11.739024535885584
435,confirmation,2040,2,11.302216779257382,11.339432365117649,0.027209087710200915,11.36664145282785
436,confirmation,2040,2,12.264346270624157,12.280252179644332,0.01332882932044248,12.293581008964775
437,confirmation,2040,2,11.661354090741,11.531983851117117,-0.0026855311697974674,11.52929831994732
442,confirmation,2040,2,11.678448377988165,11.673383500374332,0.04925816099080875,11.72264166136514
445,confirmation,2040,2,12.25486757159303,12.293583916418076,-0.012873448365952429,12.280710468052122
454,confirmation,2040,2,12.25486757159303,12.324616262109275,-0.0030969192563891,12.321519342852886
455,confirmation,2040,2,12.144202560946876,11.877653232169438,-0.02695303785748326,11.850700194311955
461,confirmation,2040,2,12.481565733211923,12.35509374881294,0.010498065965484908,12.365591814778426
469,confirmation,2040,2,12.429220196836383,12.410684339698738,-0.02236052221078648,12.388323817487953
470,confirmation,2040,2,12.138869243416009,12.120329939810292,0.00927564443621055,12.129605584246502
477,confirmation,2040,2,12.249615734512616,12.296306980872776,-0.010179670247778752,12.286127310624998
480,confirmation,2040,2,11.401681006153428,11.646132856786652,-0.010026873800144926,11.636105982986507
492,confirmation,2040,2,11.798111925972618,11.900797430585389,-0.021790293086781147,11.879007137498608
496,confirmation,2040,2,10.460270761075149,11.150218665520208,0.03615851988634219,11.18637718540655
504,confirmation,2040,2,12.574185427296195,12.408294470305664,0.013310023448392662,12.421604493754057
505,confirmation,2040,2,11.898194668458823,11.859341528952768,0.0008976864547128718,11.860239215407482
507,confirmation,2040,2,12.278397958261774,12.27080389251311,-0.021277775095474568,12.249526117417634
508,confirmation,2040,2,12.246739428005663,12.055124892297226,0.023445675157655686,12.07857056745488
515,confirmation,2040,2,11.477308649967686,11.433161048297588,-0.045272727179488256,11.3878883211181
518,confirmation,2040,2,12.487488878546145,12.58967189949666,-0.005125572524849845,12.58454632697181
525,confirmation,2040,2,12.662709207270272,12.664992902425116,-0.001639319472208293,12.663353582952908
528,confirmation,2040,2,13.008661502470739,12.974216861349772,0.020363134210788274,12.99457999556056
529,confirmation,2040,2,11.362114203075018,11.376578676055347,0.041647929090890136,11.418226605146238
531,confirmation,2040,2,12.07254696717504,12.123176271271848,-0.014829085111679753,12.108347186160168
535,confirmation,2040,2,12.08954444723597,12.093131147985751,-0.011729042315517964,12.081402105670234
551,confirmation,2040,2,11.849404844423074,11.697133554934048,-0.00984588096459395,11.687287673969454
556,confirmation,2040,2,11.635151947212842,11.65457842119219,0.0027243787790808,11.657302799971271
571,confirmation,2040,2,11.867805799560465,11.81254133940133,-0.021646615208881784,11.790894724192448
575,confirmation,2040,2,11.842236406331555,11.716544292711331,0.004020177895216277,11.720564470606547
576,confirmation,2040,2,11.682676678340282,11.633578363444276,-0.00383007452140879,11.629748288922867
582,confirmation,2040,2,12.442306148381938,12.871629227051091,0.019920994377735313,12.891550221428826
583,confirmation,2040,2,11.682676678340282,11.63504099409011,0.003938014596780634,11.63897900868689
586,confirmation,2040,2,12.820990681250251,12.875230027745442,0.044582039441454245,12.919812067186896
590,confirmation,2040,2,11.283524879179666,11.525976622830337,0.008001225553199846,11.533977848383536
592,confirmation,2040,2,13.02132904585825,12.995793598917157,0.0002106585786614769,12.996004257495818
600,confirmation,2040,2,11.92504173829169,11.948985399063808,-0.007399477020448466,11.941585922043359
613,confirmation,2040,2,12.474193386571581,12.445042814007076,-0.014922261893343346,12.430120552113733
615,confirmation,2040,2,11.231901180182515,11.271925662541223,0.019317658037587927,11.291243320578811
617,confirmation,2040,2,12.118339189722553,12.117641361911906,0.00039569669011232125,12.118037058602019
624,confirmation,2040,2,12.034696963475044,12.116639573708037,0.017732964258226375,12.134372537966263
627,confirmation,2040,2,11.848690308590857,11.739462552584596,0.019922210527782855,11.75938476311238
630,confirmation,2040,2,12.034696963475044,11.970208568129925,0.013084275483194803,11.98329284361312
635,confirmation,2040,2,11.87757552297847,11.789221952946878,-0.009308610964853362,11.779913341982025
637,confirmation,2040,2,11.002116507732017,10.864165342146244,-0.08169146764832405,10.782473874497919
638,confirmation,2040,2,11.440365524765756,11.55147201725796,-0.012658658217385864,11.538813359040574
641,confirmation,2040,2,12.520887034998584,12.526702665580956,0.00791514366254573,12.534617809243501
643,confirmation,2040,2,12.75130259456002,12.71190722771788,0.0254158516789242,12.737323079396804
648,confirmation,2040,2,11.951186847493476,11.863611146848031,0.011667282501241615,11.875278429349272
653,confirmation,2040,2,12.160033942617156,12.18091986282248,0.0011987747240375444,12.182118637546518
654,confirmation,2040,2,11.813037464800539,11.795449601548665,0.020852725311795807,11.81630232686046
656,confirmation,2040,2,11.385103457032141,11.316839522238062,-0.024134980476407965,11.292704541761655
662,confirmation,2040,2,12.904209855160254,12.84281765686326,0.021392944255999972,12.864210601119261
667,confirmation,2040,2,11.767575435251748,12.036243602589266,0.0017871346718690286,12.038030737261135
670,confirmation,2040,2,11.83138646878959,11.697108601903864,-0.0058131437278945985,11.691295458175968
674,confirmation,2040,2,12.458778882573533,12.423593925833146,0.024374927701127494,12.447968853534274
679,confirmation,2040,2,12.827995001361906,12.807679292925943,-0.06357172297063958,12.744107569955304
683,confirmation,2040,2,12.06105265381003,12.206727110268968,-0.0029016430341363844,12.203825467234832
684,confirmation,2040,2,12.560247968016562,12.553687628215735,-0.024611789330559807,12.529075838885175
685,confirmation,2040,2,12.30592250537653,12.284924510204178,-0.01667089755488762,12.268253612649291
688,confirmation,2040,2,11.910365121788654,11.945255132059671,-0.001966284755742186,11.94328884730393
691,confirmation,2040,2,11.856522261533737,11.90881395162039,-0.005915290305727421,11.902898661314662
702,confirmation,2040,2,11.849404844423074,11.888010076911256,0.013700873958314017,11.90171095086957
707,confirmation,2040,2,12.618185607609803,12.47898969598767,0.01679257813720858,12.495782274124878
709,confirmation,2040,2,12.09815887308463,12.079144843318522,-0.011750106199818124,12.067394737118704
714,confirmation,2040,2,11.767575435251748,11.67521334346702,-0.004296087582081047,11.67091725588494
715,confirmation,2040,2,11.779136168550774,12.095497346943892,-0.0069046595205022,12.08859268742339
720,confirmation,2040,2,11.763691965388299,11.857971434696749,0.007306319103152552,11.865277753799901
726,confirmation,2040,2,11.699413330633599,11.657471889226988,0.005131544120957603,11.662603433347945
741,confirmation,2040,2,11.790564777297387,11.675278415303708,0.01163579794393624,11.686914213247645
745,confirmation,2040,2,12.100717685412471,12.291940796780242,-0.010228069067435041,12.281712727712806
757,confirmation,2040,2,12.264346270624157,12.234297466855658,-0.004467834051574234,12.229829632804083
766,confirmation,2040,2,12.484208043148733,12.577356495413223,0.02772367229335098,12.605080167706575
798,confirmation,2040,2,11.608244735642321,11.494764098723522,0.004763204712364569,11.499527303435887
800,confirmation,2040,2,12.07254696717504,12.043032768167246,0.015859640259489285,12.058892408426734
810,confirmation,2040,2,11.571203807011969,11.6911605823692,-0.016942561423376475,11.674218020945823
813,confirmation,2040,2,10.932999821119937,11.466823294313702,0.010121708008466178,11.476945002322168
816,confirmation,2040,2,12.323415584358154,12.199274162361531,0.022509279814619854,12.221783442176152
821,confirmation,2040,2,12.117246896289503,12.130019986486998,-0.006815566115197962,12.123204420371799
823,confirmation,2040,2,12.323860125621126,12.112340079745588,-0.010730810992329342,12.101609268753258
828,confirmation,2040,2,12.149507585033072,12.169757911885192,-0.01119600370097393,12.158561908184218
832,confirmation,2040,2,11.92504173829169,11.947569929586091,-0.003932514175367384,11.943637415410723
833,confirmation,2040,2,12.37581963951765,12.318669736012312,0.015971116353600493,12.334640852365913
835,confirmation,2040,2,11.849047640327147,11.831669144243811,-0.01329543885488636,11.818373705388925
843,confirmation,2040,2,12.071975378543236,11.964608950906277,0.001488818445134075,11.96609776935141
850,confirmation,2040,2,12.138869243416009,12.07973255543937,-0.0008918513571886216,12.078840704082182
861,confirmation,2040,2,12.154521423145216,12.099041645177683,-0.011913978886225538,12.087127666291458
866,confirmation,2040,2,11.908346971208951,11.826860333369533,-0.003901546923646719,11.822958786445886
867,confirmation,2040,2,12.424810506025395,12.430588458728112,-0.041471696998750585,12.389116761729362
868,confirmation,2040,2,11.767575435251748,11.847744971013714,0.01051809463736655,11.85826306565108
872,confirmation,2040,2,12.208574513247495,12.134713565313373,0.0039574520634961495,12.138671017376868
876,confirmation,2040,2,12.623064399210183,12.67917525537588,0.030704449582644438,12.709879704958524
897,confirmation,2040,2,11.575909653758895,11.31105562700475,0.02554224745383882,11.336597874458588
914,confirmation,2040,2,11.884495917930655,11.884659636976105,-0.016938736256209612,11.867720900719895
918,confirmation,2040,2,11.813037464800539,11.810193424248649,0.014080018858373141,11.824273443107021
923,confirmation,2040,2,12.043500773454495,12.054386450202966,-0.004390808780469647,12.049995641422496
926,confirmation,2040,2,12.07254696717504,11.966255471015764,-0.009488096125166557,11.956767374890598
933,confirmation,2040,2,12.676079399771027,12.59563186004966,-0.006177384525511104,12.58945447552415
950,confirmation,2040,2,12.193498926601634,12.088730101645057,0.010974345741933927,12.09970444738699
954,confirmation,2040,2,12.055255569732177,11.96600087807837,-0.005627853467154783,11.960373024611215
957,confirmation,2040,2,11.728044909070785,11.713848965048674,0.000266005914766702,11.714114970963442
960,confirmation,2040,2,11.951186847493476,12.090364113882284,0.0027454626980428463,12.093109576580327
963,confirmation,2040,2,11.951186847493476,11.945509522014405,0.0035817946201456763,11.94909131663455
972,confirmation,2040,2,12.06105265381003,12.003461841202563,0.0002472785995413236,12.003709119802105
973,confirmation,2040,2,11.507922973347437,11.733416648721017,0.002467495193943999,11.73588414391496
974,confirmation,2040,2,12.111767460549332,12.311990856812344,0.021144395568452854,12.333135252380796
976,confirmation,2040,2,12.013706813470414,12.122375424672253,0.015762906252840214,12.138138330925093
983,confirmation,2040,2,11.982278882874377,12.078238251821777,-0.009391243005215303,12.068847008816562
987,confirmation,2040,2,11.669937760751914,11.733950865040203,0.003938859840105206,11.737889724880308
989,confirmation,2040,2,12.180759965737863,12.190642565560411,0.014253491564901842,12.204896057125314
991,confirmation,2040,2,12.759960632315702,12.67786123733226,-0.025183332494650736,12.65267790483761
1002,confirmation,2040,2,11.362114203075018,11.349326527447705,0.01695490716643992,11.366281434614145
1003,confirmation,2040,2,12.354496960983985,12.391218601994026,0.0033027633906026923,12.394521365384628
1011,confirmation,2040,2,11.813037464800539,11.762192333207407,0.016325595617172003,11.778517928824579
1015,confirmation,2040,2,11.688566422839942,11.718449319940431,0.010096687880992931,11.728546007821423
1016,confirmation,2040,2,12.33270970174018,12.242218373265043,0.008063836584289144,12.250282209849333
1026,confirmation,2040,2,11.630717389475995,11.734098761077464,0.022005947590928214,11.756104708668392
1027,confirmation,2040,2,12.02874460037869,11.883231416855354,0.0034317493492198193,11.886663166204574
1032,confirmation,2040,2,12.190964083849375,12.173898632741611,0.015761159694874058,12.189659792436485
1039,confirmation,2040,2,11.48247656671073,11.544989758553324,0.01623507833964278,11.561224836892967
1042,confirmation,2040,2,12.06105265381003,12.000867080639445,-0.007063951049330472,11.993803129590114
1046,confirmation,2040,2,11.846543632608535,11.718790588351332,0.002466525383685364,11.721257113735017
1047,confirmation,2040,2,13.229569788348705,13.011033187764886,0.006500111704730826,13.017533299469617
1048,confirmation,2040,2,11.884495917930655,11.892653713714283,0.01564600911938376,11.908299722833668
1051,confirmation,2040,2,12.080996832096167,12.110585713807623,-0.0026174196212529733,12.10796829418637
1059,confirmation,2040,2,12.721888795877375,12.806168806757576,-0.008793516323078681,12.797375290434497
1060,confirmation,2040,2,12.301387370778713,12.160921558293872,-0.004617740817184749,12.156303817476687
1063,confirmation,2040,2,11.407576060361786,11.716905515390046,-0.013003531992785672,11.70390198339726
1064,confirmation,2040,2,11.612779849672751,11.76391982012558,-0.008199134808237578,11.755720685317343
1065,confirmation,2040,2,11.944714374881176,11.94948759924066,-0.0012857729126677317,11.948201826327992
1071,confirmation,2040,2,11.813037464800539,11.785886416537094,0.005255799416131214,11.791142215953226
1076,confirmation,2040,2,12.299112067295642,12.188487002755272,0.03276981843054023,12.221256821185811
1086,confirmation,2040,2,11.898194668458823,11.977526504967305,-0.0019826184366359637,11.97554388653067
1090,confirmation,2040,2,12.190964083849375,12.239396164252506,0.01132450645580512,12.250720670708311
1097,confirmation,2040,2,11.751950239425476,11.628418009773023,0.01089325454063513,11.639311264313658
1103,confirmation,2040,2,11.813037464800539,11.816271416532866,0.010946416371507006,11.827217832904372
1106,confirmation,2040,2,12.691583538230217,12.730342535200837,-0.012254833044913871,12.718087702155923
1109,confirmation,2040,2,12.10625783509458,12.02012855326758,-0.004461816535308226,12.015666736732273
1117,confirmation,2040,2,12.123239799036943,12.100954132646258,0.0012698632668217786,12.10222399591308
1122,confirmation,2040,2,12.268582547911404,12.274897586566222,0.01588187185349965,12.290779458419722
1126,confirmation,2040,2,11.652696102959753,11.610708728476911,0.0011638839562059169,11.611872612433118
1134,confirmation,2040,2,12.386312871189734,12.376948378573603,-0.023686852553794147,12.353261526019809
1142,confirmation,2040,2,12.193498926601634,12.179111935316604,0.016801864594029613,12.195913799910633
1151,confirmation,2040,2,11.728044909070785,11.737314660867952,-0.008815488589467667,11.728499172278484
1154,confirmation,2040,2,11.699413330633599,11.640054610502409,0.000640198960569255,11.640694809462978
1156,confirmation,2040,2,12.292254928916668,12.274365497755134,-0.017750026573625333,12.25661547118151
1158,confirmation,2040,2,12.345838935721968,12.28602757290222,0.0021190916454027374,12.288146664547623
1166,confirmation,2040,2,12.359527368950229,12.385379994112634,0.034024157621216126,12.41940415173385
1168,confirmation,2040,2,12.06105265381003,12.177350372682511,0.00045291275668109764,12.177803285439193
1202,confirmation,2040,2,12.19552218463499,12.173260096207107,-0.008255066549286916,12.16500502965782
1210,confirmation,2040,2,12.577639650232573,12.50896732431261,-0.001069026083827864,12.507898298228783
1211,confirmation,2040,2,12.149507585033072,12.195161768835488,-0.00867674332450333,12.186485025510985
1223,confirmation,2040,2,11.870606902224587,11.949485448602696,-0.0053089188166452455,11.94417652978605
1229,confirmation,2040,2,12.813920618864572,12.82117661559731,0.019066273000034634,12.840242888597345
1230,confirmation,2040,2,11.751950239425476,11.84367645327459,0.004200418688371825,11.847876871962962
1231,confirmation,2040,2,12.154784614286667,12.18910234271514,-0.01889602185589805,12.170206320859242
1234,confirmation,2040,2,11.863589378812122,11.813345428491424,0.007830457405974137,11.821175885897398
1238,confirmation,2040,2,12.180759965737863,12.270186709724577,-0.0037176231889390677,12.266469086535638
1241,confirmation,2040,2,12.323415584358154,12.245861942821929,0.003992678148629773,12.249854620970558
1244,confirmation,2040,2,13.049794835104816,12.94210651562197,0.027330526992346837,12.969437042614318
1251,confirmation,2040,2,12.404927602627597,12.390118440189475,-0.015231851032653338,12.374886589156821
1253,confirmation,2040,2,11.775297421715827,11.680320192304778,-0.010810108128651484,11.669510084176126
1255,confirmation,2040,2,12.016128107502665,12.131342426949873,-0.005288612632308442,12.126053814317565
1271,confirmation,2040,2,12.468440756144114,12.360870082738154,0.008246092255572171,12.369116174993726
1275,confirmation,2040,2,11.842236406331555,11.876190573514863,0.01512365555851367,11.891314229073377
1277,confirmation,2040,2,11.995357787034976,12.027735515316849,0.005599672771253621,12.033335188088103
1282,confirmation,2040,2,12.100717685412471,12.12207974456309,-0.0034769726791985755,12.118602771883891
1287,confirmation,2040,2,11.870606902224587,11.993081222913956,0.01290127432195749,12.005982497235914
1293,confirmation,2040,2,11.58525542883217,11.649419530713672,-0.012563484635883007,11.636856046077789
1297,confirmation,2040,2,11.951186847493476,11.935882174085243,-0.008352993592341495,11.927529180492902
1299,confirmation,2040,2,11.982935344196433,13.111252212944576,-0.10567441331453516,13.005577799630041
1310,confirmation,2040,2,12.09626335986454,12.081575616036403,-0.014994048715878937,12.066581567320524
1322,confirmation,2040,2,11.19135563385109,11.23178544842469,0.032455817326890346,11.264241265751581
1323,confirmation,2040,2,12.154784614286667,12.344308431410823,0.0022545439741795785,12.346562975385003
1324,confirmation,2040,2,11.320565693461432,11.308756329601918,-0.03741052028391797,11.271345809318
1328,confirmation,2040,2,11.779136168550774,11.79291346164348,0.006227842799885115,11.799141304443365
1346,confirmation,2040,2,11.59451466851004,11.419437773137714,-0.018749737418857566,11.400688035718856
1347,confirmation,2040,2,12.47801017053037,12.40393727207801,0.005065154141200311,12.40900242621921
1348,confirmation,2040,2,12.554840409959793,12.613213525121289,-0.04367751983452622,12.569536005286762
1363,confirmation,2040,2,11.560772327227417,11.827817265680586,0.003101090445891616,11.830918356126478
1369,confirmation,2040,2,11.87757552297847,11.848492142344655,-0.005742415716143751,11.842749726628512
1374,confirmation,2040,2,13.05301544288996,13.035820835102369,0.007260486464775315,13.043081321567144
1377,confirmation,2040,2,11.418625774449598,11.435355471944792,-0.000910060038298907,11.434445411906493
1380,confirmation,2040,2,12.02874460037869,12.003263255081182,0.003495577242171602,12.006758832323353
1387,confirmation,2040,2,12.429220196836383,12.62282794488432,-0.023266323601533453,12.599561621282787
1389,confirmation,2040,2,12.84132849667433,12.785744187256586,0.016199982208332384,12.80194416946492
1391,confirmation,2040,2,12.367345048436391,12.33783842820091,0.0006802863169731717,12.338518714517884
1393,confirmation,2040,2,11.719947764402807,11.750484621583723,0.000631348620844807,11.751115970204568
1398,confirmation,2040,2,11.83138646878959,11.845829393582234,0.0009867514143069502,11.846816144996541
1399,confirmation,2040,2,11.835016210489899,11.808027304270192,-0.04535625527746158,11.76267104899273
1413,confirmation,2040,2,11.407576060361786,11.466756905964605,0.01366019600091205,11.480417101965516
1416,confirmation,2040,2,12.077676615757813,12.307739841704729,0.0018053285423821953,12.30954517024711
1418,confirmation,2040,2,12.73670383776449,12.733348752206403,-0.023018633972862978,12.710330118233541
1424,confirmation,2040,2,12.524420916542532,12.095916542566147,-0.0012440400155382869,12.094672502550608
1428,confirmation,2040,2,11.849404844423074,11.867940477310608,-0.00267504680605259,11.865265430504556
1429,confirmation,2040,2,11.686887175419702,11.62264411012219,-0.0008248017844634063,11.621819308337727
1430,confirmation,2040,2,12.116700301832573,12.19477476154213,0.01883182331270921,12.213606584854839
1434,confirmation,2040,2,12.136191879981927,12.139551019277858,-0.01663629102920168,12.122914728248658
1439,confirmation,2040,2,11.916395250412128,11.865367346938,-0.0037772305746262285,11.861590116363374
1444,confirmation,2040,2,11.703554089007538,11.581215701649972,0.012657541503244694,11.593873243153217
2,confirmation,2040,3,12.109016442313738,12.097164483743432,0.013589120150406694,12.110753603893839
4,confirmation,2040,3,11.849404844423074,12.066492882574876,-0.001070935606548464,12.065421946968327
14,confirmation,2040,3,12.540761149388421,12.30858635307733,-0.008425201480000968,12.300161151597328
17,confirmation,2040,3,11.91170829631447,11.917352291915906,-0.004772662174461483,11.912579629741444
19,confirmation,2040,3,11.976665770490767,12.008449030077786,-0.010005851671543076,11.998443178406243
23,confirmation,2040,3,12.345838935721968,12.35097154724442,-0.02248028454000097,12.32849126270442
24,confirmation,2040,3,11.774527900858468,11.837528430286676,0.0039025706666656252,11.841431000953342
28,confirmation,2040,3,12.631343648903034,12.59502461048726,0.003562750515877883,12.598587361003137
35,confirmation,2040,3,12.533579815765737,12.589922976819434,0.01899384569735844,12.608916822516793
43,confirmation,2040,3,11.87757552297847,11.930567898954871,0.015561167820150528,11.946129066775022
46,confirmation,2040,3,12.675766851909591,12.575523901698508,-0.01762486549709063,12.557899036201418
48,confirmation,2040,3,12.428019481065613,12.37454164495904,-0.0037568484272337216,12.370784796531806
57,confirmation,2040,3,12.058158312538197,12.18290124426013,0.006015876657926352,12.188917120918056
64,confirmation,2040,3,11.849404844423074,11.807027139006776,0.010791854457191214,11.817818993463966
68,confirmation,2040,3,12.328294703023396,12.29262046746008,-0.005230803134980407,12.2873896643251
71,confirmation,2040,3,12.404927602627597,12.411511630649962,-0.016885406524379885,12.394626224125581
81,confirmation,2040,3,12.173037959397275,12.277068381492724,-0.004627694952727214,12.272440686539996
87,confirmation,2040,3,12.066816325306588,12.075571553297,0.001260547285900855,12.0768321005829
90,confirmation,2040,3,11.724813914587886,11.68494090465078,0.00815343134394775,11.693094335994727
92,confirmation,2040,3,11.498836682527127,11.650605226476015,0.018707394078383056,11.669312620554399
99,confirmation,2040,3,11.326607934898927,11.347931179955152,0.0017344243832002418,11.349665604338352
103,confirmation,2040,3,11.68658461118553,11.676943784358338,-0.002249239527856841,11.674694544830482
108,confirmation,2040,3,11.652696102959753,11.49501230456066,0.009090852936186875,11.504103157496846
112,confirmation,2040,3,12.100717685412471,12.039120084093817,-0.0021113660874525894,12.037008718006364
113,confirmation,2040,3,12.85832230788469,12.756168506961783,0.00014047344606080554,12.756308980407844
117,confirmation,2040,3,11.842236406331555,11.74006465266705,-0.016680218327358096,11.72338443433969
124,confirmation,2040,3,11.944064817531656,11.983430462970796,-0.004793279205637729,11.978637183765159
125,confirmation,2040,3,12.10625783509458,12.054236052811406,-0.008357347593828987,12.045878705217577
127,confirmation,2040,3,11.759793355371237,11.84706370770519,-0.0184101222991951,11.828653585405995
129,confirmation,2040,3,11.951186847493476,11.884771529327574,-0.018259806582265902,11.866511722745308
133,confirmation,2040,3,11.923384748066601,11.94084281334836,-0.005848573342438072,11.93499424000592
142,confirmation,2040,3,12.468440756144114,12.39176638962168,0.011981673141289959,12.40374806276297
147,confirmation,2040,3,11.561725152903833,11.553704189639143,0.019975089049889497,11.573679278689033
149,confirmation,2040,3,11.856522261533737,11.91263901683676,0.00491689808057858,11.917555914917338
157,confirmation,2040,3,11.603688960617083,11.64498132377736,0.021397700326025077,11.666379024103385
158,confirmation,2040,3,12.504327379899443,12.525676068387162,-0.001702126432677948,12.523973941954484
169,confirmation,2040,3,12.119975396053194,12.15149944424824,0.00867134901642857,12.160170793264667
173,confirmation,2040,3,12.384223015005313,12.268340939128766,-0.007086350750739742,12.261254588378026
176,confirmation,2040,3,12.400820837540556,12.310429421313028,-0.0015996566012675462,12.30882976471176
182,confirmation,2040,3,12.206577518060588,12.10157782437104,0.010630617665002746,12.112208442036042
183,confirmation,2040,3,11.695255355062795,11.68196004693713,0.0020440038348512146,11.68400405077198
189,confirmation,2040,3,11.940399914116648,11.87454443057178,0.004018825164040377,11.87856325573582
198,confirmation,2040,3,12.367345048436391,12.435167196720382,0.021959529790055596,12.457126726510438
200,confirmation,2040,3,12.524166311833152,12.635169350068889,-0.017678441135749907,12.617490908933139
201,confirmation,2040,3,11.849404844423074,11.874798441549808,0.027229620089028895,11.902028061638838
204,confirmation,2040,3,11.91170829631447,11.851083482583052,0.004537732899421672,11.855621215482474
213,confirmation,2040,3,12.439875187430008,12.3960068397694,0.012047260829645277,12.408054100599045
216,confirmation,2040,3,11.808955099378537,11.852041785472398,0.02644279853324682,11.878484584005644
229,confirmation,2040,3,11.736077016252437,11.705428476970331,-0.002265238028700623,11.703163238941631
234,confirmation,2040,3,11.761354623750297,11.79963722108587,0.013013733819968523,11.81265095490584
236,confirmation,2040,3,11.402005077384885,11.345830097168816,-0.013232138637696629,11.33259795853112
240,confirmation,2040,3,11.635151947212842,11.706042504150538,-0.012165162253498752,11.69387734189704
243,confirmation,2040,3,11.277215789596893,11.454283716501555,-0.0017964474343911134,11.452487269067165
244,confirmation,2040,3,11.695255355062795,11.807908143260592,0.013428968279847112,11.821337111540439
260,confirmation,2040,3,11.48247656671073,11.532820861609546,0.009017549132005816,11.541838410741551
263,confirmation,2040,3,11.92504173829169,11.891678001221097,-0.005763529394605606,11.88591447182649
268,confirmation,2040,3,12.097936057925594,12.12745126170478,0.00517343846088262,12.132624700165662
272,confirmation,2040,3,12.394628892852941,12.314010364254525,0.05396043354572676,12.367970797800252
273,confirmation,2040,3,12.577639650232573,12.625084218005744,-0.0003836278068118195,12.624700590198932
275,confirmation,2040,3,11.732069026983156,11.780233674693346,0.011361309696223431,11.791594984389569
278,confirmation,2040,3,11.856522261533737,11.570573364522172,-0.00157980827701851,11.568993556245154
279,confirmation,2040,3,12.936754021718041,12.874472657883173,-0.053532799257242906,12.82093985862593
287,confirmation,2040,3,11.976665770490767,12.15318582268108,-0.013031939990739472,12.14015388269034
288,confirmation,2040,3,11.385103457032141,11.514803547897632,-0.004182921691504076,11.510620626206128
299,confirmation,2040,3,12.07254696717504,12.113380465064186,0.012583433355814614,12.12596389842
306,confirmation,2040,3,12.631016799175821,12.5880044627941,-0.02796128420086806,12.560043178593231
325,confirmation,2040,3,12.396697137361691,12.47052220297056,0.0006704614706314244,12.471192664441192
326,confirmation,2040,3,11.373674891823535,11.358024506247022,-0.0009089125114585627,11.357115593735562
328,confirmation,2040,3,11.886218559372042,11.87795452509988,-0.0025831676084037,11.875371357491478
331,confirmation,2040,3,11.686887175419702,11.82212811581822,0.005952562407008259,11.828080678225229
332,confirmation,2040,3,11.842236406331555,11.79599498432857,0.007760148159573418,11.803755132488142
337,confirmation,2040,3,12.841132451487937,12.82857131465572,-0.029563684390471353,12.79900763026525
341,confirmation,2040,3,12.220473454337986,12.248805730147978,-0.017593311060989932,12.231212419086988
348,confirmation,2040,3,11.967187086434018,12.07379660616498,-0.0033567813831012223,12.070439824781879
350,confirmation,2040,3,12.988043102265232,13.108529956563752,0.019048742631038375,13.12757869919479
354,confirmation,2040,3,11.570259974415547,11.46083093746929,-0.016565270810711605,11.444265666658577
357,confirmation,2040,3,12.06105265381003,12.030039196599846,0.0009477548748869287,12.030986951474732
358,confirmation,2040,3,11.80560254159177,11.847519648093456,-0.004458866785500521,11.843060781307956
359,confirmation,2040,3,11.775297421715827,11.795826419949684,0.026177191525029467,11.822003611474713
364,confirmation,2040,3,11.678448377988165,11.55865068275377,-0.008160891143973852,11.550489791609797
372,confirmation,2040,3,11.808821212646512,11.708592686617404,0.02008257833644388,11.728675264953848
378,confirmation,2040,3,12.73670383776449,12.581836775644414,-0.03706792135183935,12.544768854292574
380,confirmation,2040,3,12.095146671399466,12.079082674008207,-0.0012455035748295887,12.077837170433378
382,confirmation,2040,3,12.142871895843887,12.28732410431692,0.0013156494037696014,12.28863975372069
385,confirmation,2040,3,12.388398368982115,12.530269894322863,0.023454038110652036,12.553723932433515
386,confirmation,2040,3,12.165255859329688,12.070190423238731,-0.008912413140717328,12.061278010098015
396,confirmation,2040,3,11.767575435251748,11.755494517096263,-0.008320346484453999,11.747174170611808
398,confirmation,2040,3,12.040614105490253,11.930418649323318,0.0009449750035406685,11.93136362432686
410,confirmation,2040,3,12.73596827534975,12.62280837390962,0.006874296785889127,12.62968267069551
419,confirmation,2040,3,11.744045122410057,11.570493668394729,0.00018330739813000188,11.570676975792859
421,confirmation,2040,3,12.237091546357338,12.124096295637267,0.020764917436013865,12.14486121307328
424,confirmation,2040,3,12.660331092405906,12.723951861849388,0.009323989290777296,12.733275851140165
425,confirmation,2040,3,11.842236406331555,11.870523495825749,0.0009229349457477308,11.871446430771497
427,confirmation,2040,3,12.524530013005734,12.38153505141266,0.020762469216634792,12.402297520629295
440,confirmation,2040,3,11.608244735642321,11.842629324086827,0.012711604969251344,11.855340929056078
441,confirmation,2040,3,13.22672519452875,13.087993340980818,0.03826264241259237,13.12625598339341
443,confirmation,2040,3,12.000897933306716,11.955202648912069,0.004715853981679017,11.959918502893748
444,confirmation,2040,3,12.058158312538197,12.13515043719543,-0.006901738641131496,12.128248698554298
453,confirmation,2040,3,12.225880174775122,12.24753504798842,0.013713525697790512,12.26124857368621
457,confirmation,2040,3,11.49273296168228,11.26548530471421,0.03120706194620327,11.296692366660412
462,confirmation,2040,3,11.951186847493476,11.9319411654747,0.005522526542653702,11.937463692017355
471,confirmation,2040,3,12.264346270624157,12.237207137907816,0.01671159163428389,12.2539187295421
473,confirmation,2040,3,11.904974309480181,11.824789394046448,0.016114499989573844,11.840903894036021
475,confirmation,2040,3,12.433212202169729,12.440727244733326,-0.0012824826629660112,12.43944476207036
478,confirmation,2040,3,12.847929163278053,12.919343120202162,0.021806983452322827,12.941150103654484
486,confirmation,2040,3,11.898194668458823,11.934486580115513,-0.008883366868324204,11.925603213247188
489,confirmation,2040,3,11.982935344196433,11.739135132252454,-0.046677031934964405,11.69245810031749
494,confirmation,2040,3,11.951186847493476,11.904977070251087,0.01644645554699008,11.921423525798078
495,confirmation,2040,3,11.421917019425596,11.514151435816247,0.011241105646510747,11.525392541462757
506,confirmation,2040,3,11.732069026983156,11.717631194155793,0.00025076397983585024,11.717881958135628
510,confirmation,2040,3,11.732069026983156,11.863536293213851,0.009380647387169597,11.872916940601021
514,confirmation,2040,3,11.80560254159177,11.85231307260127,-0.011713107084665001,11.840599965516605
520,confirmation,2040,3,12.36308066783498,12.470774301680173,0.019080226054494102,12.489854527734668
527,confirmation,2040,3,11.790564777297387,11.82632039687589,0.007022061082388601,11.833342457958278
530,confirmation,2040,3,12.209192772866418,12.333871560661382,0.03348032765094985,12.367351888312331
538,confirmation,2040,3,11.619544188752133,11.707686679292337,-0.001975546512828279,11.70571113277951
541,confirmation,2040,3,12.660331092405906,12.83265798713967,0.001485665789311038,12.834143652928981
542,confirmation,2040,3,12.421188057397055,12.47655610225395,-0.013434145306603282,12.463121956947347
544,confirmation,2040,3,11.798111925972618,11.77515341632818,0.0020634159359460415,11.777216832264127
555,confirmation,2040,3,12.556733038263905,12.504005907328716,-0.0013504058345004855,12.502655501494216
559,confirmation,2040,3,12.07254696717504,12.183453679491423,-0.007833375903983395,12.17562030358744
568,confirmation,2040,3,12.273735966890268,12.209170982853092,-0.0027154605394635618,12.206455522313629
574,confirmation,2040,3,12.04355959836804,12.023538346808904,0.017065377561566942,12.04060372437047
579,confirmation,2040,3,11.891368749982085,11.988309482903851,0.0037643786956913787,11.992073861599543
589,confirmation,2040,3,11.870606902224587,12.382708191676564,0.04016901796774002,12.422877209644303
595,confirmation,2040,3,11.608244735642321,11.676296673540993,-0.0012223660309482471,11.675074307510044
597,confirmation,2040,3,11.648373769145277,11.571276323892985,-0.011834410242692989,11.559441913650291
603,confirmation,2040,3,12.301387370778713,12.271918670857657,-0.006702817506747702,12.26521585335091
604,confirmation,2040,3,11.92504173829169,11.968949153950977,-0.0022432611389180276,11.966705892812058
606,confirmation,2040,3,12.230770136157428,12.153046064109873,-0.00112654629412012,12.151919517815752
608,confirmation,2040,3,12.323860125621126,12.116749651280562,-0.008661149055683371,12.108088502224879
614,confirmation,2040,3,11.898194668458823,11.605632349604011,-0.040043947289869854,11.565588402314141
616,confirmation,2040,3,11.83138646878959,11.795070203193395,-0.001939976859907001,11.793130226333489
628,confirmation,2040,3,11.938199736300925,12.000107188703218,-0.007814965709605508,11.992292222993612
629,confirmation,2040,3,11.813037464800539,12.123436675209565,0.00837927254562887,12.131815947755193
633,confirmation,2040,3,11.320565693461432,12.013585623316702,-0.009587917080209863,12.003997706236492
634,confirmation,2040,3,11.845109950883979,11.851031866884393,0.0015319563747596167,11.852563823259151
636,confirmation,2040,3,12.206077645517674,12.069180293418544,0.0090028420985149,12.078183135517058
639,confirmation,2040,3,11.350418300109132,11.388867325305682,0.02008615803757683,11.408953483343259
645,confirmation,2040,3,12.823631142839984,12.774699750428477,-0.0046151385909403075,12.770084611837536
652,confirmation,2040,3,11.58989576532275,11.626360189174846,-0.005225854983572448,11.621134334191273
661,confirmation,2040,3,12.19552218463499,12.182847150937985,0.0023087848844732936,12.185155935822458
672,confirmation,2040,3,11.548302261270587,11.575661239840963,0.006988081564948932,11.582649321405912
676,confirmation,2040,3,11.908346971208951,11.885673313663524,0.004750367501603755,11.890423681165128
696,confirmation,2040,3,12.07824495582233,12.08202429618491,-0.024950868854839728,12.05707342733007
706,confirmation,2040,3,10.915106645867503,11.061247567155728,-0.01085458825228951,11.050392978903439
719,confirmation,2040,3,12.739640688812674,12.683678185238524,-0.009388899513610967,12.674289285724912
724,confirmation,2040,3,11.813037464800539,11.81833025290312,0.017602760525781008,11.835933013428901
725,confirmation,2040,3,12.676079399771027,12.63848533952175,-0.017793663600352665,12.620691675921398
728,confirmation,2040,3,12.178192583415596,12.193830422776598,0.0030971915318137627,12.19692761430841
736,confirmation,2040,3,12.001511614739405,12.028649009913496,0.0010565823954676984,12.029705592308963
743,confirmation,2040,3,12.095146671399466,12.003591999903938,-0.004716827838387572,11.99887517206555
746,confirmation,2040,3,12.61087420020211,12.731850980781816,0.00541584535383254,12.737266826135649
751,confirmation,2040,3,11.477308649967686,11.443967365114652,0.0410276046369114,11.484994969751563
752,confirmation,2040,3,11.995357787034976,11.980933910944046,-0.0061127908482881965,11.974821120095758
753,confirmation,2040,3,12.28765724080691,12.249959648802964,-0.011187455204179195,12.238772193598784
755,confirmation,2040,3,11.957617696467539,11.872681331654558,-0.0025421257972235334,11.870139205857335
762,confirmation,2040,3,11.51293546492023,11.602013100995112,0.038334282985304335,11.640347383980416
767,confirmation,2040,3,12.188422799337028,12.114875842299476,0.0014471240217713796,12.116322966321247
772,confirmation,2040,3,11.532737896139919,11.715471834590865,0.007622251121835382,11.7230940857127
774,confirmation,2040,3,11.648338835562747,11.709441727106626,-0.009152459882161736,11.700289267224464
784,confirmation,2040,3,12.016732516077072,12.003735348568336,-0.011882938964994502,11.991852409603341
785,confirmation,2040,3,11.759793355371237,11.785378504372984,0.022364606337476275,11.80774311071046
786,confirmation,2040,3,11.992266613576142,12.011512615666014,0.015099134196194028,12.026611749862209
787,confirmation,2040,3,11.842236406331555,11.718152078435445,0.018477901127345476,11.73662997956279
788,confirmation,2040,3,12.358798024384122,12.341451653625116,0.012586649533207633,12.354038303158324
796,confirmation,2040,3,12.049424683420915,12.013233854408227,-0.003282483168905778,12.009951371239321
812,confirmation,2040,3,11.881041706925902,11.8988505043602,0.006473636241828805,11.905324140602028
817,confirmation,2040,3,11.827743504053695,11.84299895929759,0.002056350606222319,11.845055309903813
824,confirmation,2040,3,11.845827048676645,11.853716886417498,-0.0010972485569653973,11.852619637860533
841,confirmation,2040,3,11.849404844423074,11.707036031577406,0.02341507689802421,11.73045110847543
847,confirmation,2040,3,12.269052139516223,12.173350722094384,-0.004717732667788943,12.168632989426595
849,confirmation,2040,3,12.388398368982115,12.411560442812442,0.006301232865221889,12.417861675677665
856,confirmation,2040,3,11.751950239425476,11.863247209274578,-0.0005761847863957954,11.862671024488181
858,confirmation,2040,3,12.066816325306588,11.98495735707557,-0.005537667839455212,11.979419689236115
863,confirmation,2040,3,11.931642378754141,11.863859221850795,0.0031276573975776833,11.866986879248373
864,confirmation,2040,3,11.794345471549745,11.846994230617703,-0.007934694879458328,11.839059535738246
878,confirmation,2040,3,12.765691290604371,12.76353852205244,-0.004839352921726169,12.758699169130715
883,confirmation,2040,3,12.08954444723597,12.059638267787676,-0.003753275913613764,12.055884991874063
887,confirmation,2040,3,11.884495917930655,11.958690921719908,-0.006247425093709031,11.952443496626199
888,confirmation,2040,3,11.816734299348461,11.809029747775751,-0.010643626327039662,11.798386121448711
889,confirmation,2040,3,12.498745990829315,12.600927970471291,-0.017623803623636757,12.583304166847654
891,confirmation,2040,3,11.719134432217524,11.706925612069291,-0.005544765272026104,11.701380846797266
893,confirmation,2040,3,11.947955847790901,11.86738337318685,-0.0008378008935412692,11.86654557229331
901,confirmation,2040,3,11.608244735642321,11.653409742429778,0.009862027369912069,11.66327176979969
902,confirmation,2040,3,11.938199736300925,11.868367658130484,0.0024709475661346928,11.870838605696619
915,confirmation,2040,3,12.065280672855897,12.014487207114833,-0.0019181056442686274,12.012569101470564
925,confirmation,2040,3,12.242891437918386,12.236527496983028,-0.009213095669924544,12.227314401313103
927,confirmation,2040,3,12.560247968016562,12.59790624296393,0.002847909227863158,12.600754152191794
929,confirmation,2040,3,12.373707715234994,12.379012604556896,-0.022171261083482826,12.356841343473414
931,confirmation,2040,3,12.211065162153215,12.299627393574584,-0.017501257792726772,12.282126135781857
932,confirmation,2040,3,11.674202123168433,11.758416934952043,0.002676979453021991,11.761093914405066
949,confirmation,2040,3,12.167856627501678,12.19863951384686,-0.01062193843543743,12.188017575411422
953,confirmation,2040,3,11.804855999911272,11.774999947200518,0.00012251831108228058,11.7751224655116
958,confirmation,2040,3,11.790564777297387,11.747266174476788,-0.005333996425887815,11.7419321780509
961,confirmation,2040,3,11.665655135642039,11.68445118757255,0.015107288570888623,11.699558476143439
967,confirmation,2040,3,11.982935344196433,11.876194004111865,0.009651334895711471,11.885845339007576
977,confirmation,2040,3,11.356283350762888,11.32707508033629,-0.009788639712724014,11.317286440623565
978,confirmation,2040,3,12.20557752297723,12.20146214059968,0.0015765473490852065,12.203038687948766
994,confirmation,2040,3,12.066241450757124,12.039427701094422,-0.009439274446445621,12.029988426647975
996,confirmation,2040,3,11.7085004721646,11.607879274571372,-0.024252895745781988,11.58362637882559
997,confirmation,2040,3,11.824087219587643,11.803871089127473,0.00659954687220394,11.810470635999677
1020,confirmation,2040,3,12.271349956195543,12.218568097161148,0.006824916229453216,12.225393013390601
1023,confirmation,2040,3,11.373674891823535,11.562470618742887,0.001905665148810556,11.564376283891699
1025,confirmation,2040,3,12.567240979056246,12.60269837173588,-0.016624974678882028,12.586073397056998
1029,confirmation,2040,3,11.561725152903833,11.76497566430714,-0.008582492894783555,11.756393171412357
1034,confirmation,2040,3,12.345838935721968,12.391746807614744,-0.01824317461362698,12.373503633001118
1035,confirmation,2040,3,11.693169865968983,11.754954411240666,0.010239997972859537,11.765194409213526
1036,confirmation,2040,3,11.338583982516495,11.3317763136328,-0.0002831210082234911,11.331493192624576
1038,confirmation,2040,3,12.567240979056246,12.410366984370333,-0.007421580770016947,12.402945403600315
1066,confirmation,2040,3,12.700771936142122,12.500783012477878,0.008297903088523819,12.509080915566402
1067,confirmation,2040,3,12.08954444723597,12.089986511187586,-0.01261922208117744,12.077367289106409
1074,confirmation,2040,3,11.979805470779858,11.938433391000949,-0.0024148387289390544,11.93601855227201
1079,confirmation,2040,3,11.956976469393481,11.857221498040944,0.002372288388263777,11.859593786429208
1080,confirmation,2040,3,11.744045122410057,11.801984263529151,0.005697215410856186,11.807681478940008
1089,confirmation,2040,3,11.83138646878959,11.76404064282143,-0.014132247640565284,11.749908395180864
1091,confirmation,2040,3,11.439289689006644,11.372415305523628,-0.007989755015239287,11.364425550508388
1094,confirmation,2040,3,11.891368749982085,12.00250527632806,0.0029671935435248357,12.005472469871584
1098,confirmation,2040,3,12.04355959836804,11.952582844338524,-0.011229122072400441,11.941353722266124
1099,confirmation,2040,3,11.759793355371237,11.604178569671422,0.0122277726290764,11.616406342300499
1101,confirmation,2040,3,11.002116507732017,10.943437273291352,-0.06012124218149287,10.883316031109858
1112,confirmation,2040,3,12.230770136157428,12.124545005682638,0.002728728930893892,12.127273734613532
1114,confirmation,2040,3,11.80932691294063,11.81838508677356,0.005933594810605937,11.824318681584167
1123,confirmation,2040,3,11.626263078808801,11.295364178030471,0.00662638935073278,11.301990567381203
1127,confirmation,2040,3,12.066816325306588,12.16393490766396,-0.013366716751298295,12.150568190912661
1136,confirmation,2040,3,11.532737896139919,11.578850107859006,0.011473187985142231,11.590323295844149
1139,confirmation,2040,3,12.185875040240456,12.222767310745626,-0.004733113728955055,12.21803419701667
1152,confirmation,2040,3,11.917730355182513,11.965643317670436,0.005638349839722516,11.971281667510159
1159,confirmation,2040,3,12.367889578686164,12.362894460859897,-0.005927853136216273,12.356966607723681
1163,confirmation,2040,3,11.767575435251748,11.739476380610515,-0.010517790826166714,11.728958589784348
1175,confirmation,2040,3,12.384223015005313,12.36499996051081,0.008833021186889436,12.3738329816977
1176,confirmation,2040,3,12.560247968016562,12.587836442965804,-0.025236255683163598,12.56260018728264
1184,confirmation,2040,3,11.695255355062795,11.8715360223065,0.007578378604650288,11.879114400911151
1185,confirmation,2040,3,12.137263685701864,12.229974838202416,0.01871139452065428,12.24868623272307
1190,confirmation,2040,3,12.149507585033072,12.166093690355645,-0.0013630267758726637,12.164730663579771
1192,confirmation,2040,3,12.066816325306588,12.01900595417084,0.016902771078336425,12.035908725249177
1201,confirmation,2040,3,11.6617850286409,11.561681356293272,-0.002812533694270605,11.558868822599
1209,confirmation,2040,3,11.849404844423074,11.857379230870086,0.001784546171798096,11.859163777041884
1220,confirmation,2040,3,11.424105180165641,11.447759007715534,0.0043492659970042254,11.452108273712538
1225,confirmation,2040,3,12.122696471358964,12.182282040919349,-0.004453019199436461,12.177829021719912
1240,confirmation,2040,3,12.490879338036375,12.307557994243709,0.0017693674664857769,12.309327361710194
1242,confirmation,2040,3,12.42250975887691,12.436230245983642,-0.0074573545397094605,12.428772891443932
1243,confirmation,2040,3,12.04355959836804,11.966872518790932,0.005241645398796622,11.97211416418973
1257,confirmation,2040,3,12.616528611893463,12.678020455914536,-0.02232870399546414,12.655691751919072
1267,confirmation,2040,3,11.711784520403112,11.737839024084252,0.0014324823734298783,11.739271506457682
1268,confirmation,2040,3,12.843973993864076,12.779172525259195,0.002616558693562364,12.781789083952757
1274,confirmation,2040,3,12.083910661257521,12.014644821845332,-0.021667498349769457,11.992977323495563
1281,confirmation,2040,3,12.33270970174018,12.232201968358822,-0.00831670575344462,12.223885262605378
1290,confirmation,2040,3,12.546113507028412,12.56032827418055,0.009124459556618671,12.569452733737169
1295,confirmation,2040,3,11.652696102959753,11.732242996152726,0.0033277917151382625,11.735570787867864
1298,confirmation,2040,3,11.849404844423074,11.936529801250463,0.014690504794613592,11.951220306045077
1302,confirmation,2040,3,12.086731521684555,12.07892815062214,-0.005395089985870213,12.07353306063627
1307,confirmation,2040,3,12.218500103788143,12.146263472911048,-0.0037154861378524418,12.142547986773195
1311,confirmation,2040,3,12.721888795877375,12.622018551041055,0.009006971051429733,12.631025522092484
1314,confirmation,2040,3,12.716405147731708,12.73765392940488,-0.02265506646716689,12.714998862937714
1317,confirmation,2040,3,12.596403811053621,12.477060349405845,0.0012822496940294828,12.478342599099873
1320,confirmation,2040,3,11.6172944892629,11.642663507123505,0.009960488963336877,11.652623996086842
1321,confirmation,2040,3,11.960817678718287,11.923779308926564,-0.0012636287201555868,11.92251568020641
1325,confirmation,2040,3,11.898194668458823,12.602502907233868,-0.0050961701998445495,12.597406737034023
1329,confirmation,2040,3,12.45293662970407,12.15250123670656,0.01379383599726392,12.166295072703823
1330,confirmation,2040,3,12.081081821061819,12.10170018980562,-0.003759160582289227,12.09794102922333
1333,confirmation,2040,3,11.51293546492023,11.652651017614376,0.037013998334889435,11.689665015949267
1334,confirmation,2040,3,11.74006900564972,11.78145054985004,-0.005157955004897438,11.776292594845144
1338,confirmation,2040,3,10.868587496017359,11.016698950093652,0.007233286170071412,11.023932236263724
1356,confirmation,2040,3,12.04355959836804,12.142554093546092,0.0017660213608225324,12.144320114906915
1365,confirmation,2040,3,11.878630514504515,11.899915367316847,-0.0026214911815136714,11.897293876135333
1367,confirmation,2040,3,12.170450649220749,12.205321560851498,0.003602053662607495,12.208923614514106
1375,confirmation,2040,3,12.429220196836383,12.46923165235624,0.016865522274109014,12.48609717463035
1382,confirmation,2040,3,12.377927112974284,12.225450879488712,0.01910420439717216,12.244555083885883
1383,confirmation,2040,3,11.964007453736912,11.893246328625878,0.01963549192111081,11.912881820546989
1384,confirmation,2040,3,11.626263078808801,11.940898233523068,0.00045921081286696774,11.941357444335935
1392,confirmation,2040,3,11.728044909070785,11.713764468227696,-0.02968445473906263,11.684080013488634
1395,confirmation,2040,3,12.415437707935368,12.30277759093949,-0.005896683627976868,12.296880907311513
1402,confirmation,2040,3,12.170450649220749,12.119578581859242,-0.0009395060410193096,12.118639075818223
1403,confirmation,2040,3,12.174994689959313,12.141158330539527,0.005224797357485155,12.146383127897012
1405,confirmation,2040,3,11.561725152903833,11.502164417917832,0.015715552442753314,11.517879970360585
1408,confirmation,2040,3,11.626263078808801,11.6548519588412,-0.008265539356975193,11.646586419484224
1410,confirmation,2040,3,12.278397958261774,12.24089723955716,0.007747743858600066,12.24864498341576
1412,confirmation,2040,3,11.849404844423074,11.90600851650584,-0.04022748352805546,11.865781032977786
1414,confirmation,2040,3,12.456835254920371,12.47150197140324,-0.012350668509198734,12.459151302894043
1417,confirmation,2040,3,11.715874472198905,11.779376035659247,-0.04094935635957247,11.738426679299675
1420,confirmation,2040,3,12.314931534737134,12.4150833590257,0.024257414142144697,12.439340773167846
1425,confirmation,2040,3,11.87757552297847,11.828021544968106,-0.003100935654456497,11.824920609313649
1431,confirmation,2040,3,12.165984756488543,12.165193068694112,0.004442979005960685,12.169636047700072
1435,confirmation,2040,3,11.982935344196433,12.026940201214446,0.008130087490433325,12.03507028870488
1443,confirmation,2040,3,12.644330802262578,12.672147290744688,-0.011819002354583686,12.660328288390104
1446,confirmation,2040,3,11.767575435251748,11.73859165245254,-0.008000510528982194,11.730591141923558
1447,confirmation,2040,3,11.969723533345908,11.868881232908086,0.021561375148319684,11.890442608056405
1448,confirmation,2040,3,12.388398368982115,12.45084687625602,0.003191310967356511,12.454038187223375
1452,confirmation,2040,3,12.567554517655415,12.426781866639253,0.0010484547195053619,12.427830321358758
1455,confirmation,2040,3,12.128116509451258,12.153439247608148,0.006063620829877366,12.159502868438025
1456,confirmation,2040,3,12.07254696717504,12.09647897093478,-0.0006402380419935531,12.095838732892787
5,confirmation,2040,4,12.429220196836383,12.649885972497648,0.0079630091227963,12.657848981620445
8,confirmation,2040,4,12.206077645517674,12.264869472915496,0.017265502597816024,12.282134975513312
9,confirmation,2040,4,11.774527900858468,11.778748410321178,-0.0020900963901135513,11.776658313931065
18,confirmation,2040,4,11.407576060361786,11.602800977423282,-0.005741823381633008,11.597059154041649
29,confirmation,2040,4,12.242891437918386,12.217939432371828,-0.02154928560341527,12.196390146768413
33,confirmation,2040,4,12.100161978566867,12.139427103033094,-0.006467395173481712,12.132959707859612
38,confirmation,2040,4,11.938199736300925,11.965884567671443,0.00864030613273896,11.974524873804182
41,confirmation,2040,4,11.982935344196433,11.82900283860672,0.013646110232476392,11.842648948839196
69,confirmation,2040,4,11.289794413577894,11.344450828896896,-0.011636264892550053,11.332814564004346
73,confirmation,2040,4,12.128116509451258,12.160296676635554,-0.0021272298418158328,12.158169446793737
77,confirmation,2040,4,11.818577604251555,11.66743524596519,-0.0024065430773354637,11.665028702887856
82,confirmation,2040,4,11.941462360646149,12.046308916405795,0.008582714384872956,12.054891630790669
88,confirmation,2040,4,12.010671928196443,12.020164924346544,0.0038370492415891366,12.024001973588133
89,confirmation,2040,4,11.350418300109132,11.164870396101785,-0.03921297437169891,11.125657421730086
95,confirmation,2040,4,12.229549885708273,12.23372506322,0.0003464033744101459,12.23407146659441
97,confirmation,2040,4,12.273735966890268,12.27777326767813,0.015716178330390223,12.29348944600852
100,confirmation,2040,4,11.767187766223199,11.710044161746206,0.00893850988205452,11.718982671628261
102,confirmation,2040,4,12.08954444723597,12.053793813904608,-0.005143892958726209,12.048649920945882
110,confirmation,2040,4,12.154784614286667,12.248621648414073,-0.007047621066943709,12.241574027347129
115,confirmation,2040,4,12.466515835145202,12.387906004335765,-0.007685093260444741,12.38022091107532
116,confirmation,2040,4,12.07824495582233,12.028569939108763,0.0096644633946198,12.038234402503383
121,confirmation,2040,4,12.100717685412471,12.01059723877706,-0.012152711081383612,11.998444527695675
126,confirmation,2040,4,11.344518647594766,11.328309707313895,-0.0051189375136218495,11.323190769800274
136,confirmation,2040,4,12.066816325306588,12.058150167273425,0.0155134103479314,12.073663577621357
139,confirmation,2040,4,12.345838935721968,12.412621360869634,0.013349907755108154,12.425971268624743
140,confirmation,2040,4,12.352339472153524,12.246152412456482,-0.002688965192035445,12.243463447264446
159,confirmation,2040,4,12.448630513463613,12.38050390973648,0.0034725256733693843,12.383976435409851
166,confirmation,2040,4,11.755879486687116,11.757161691069472,0.008511257035992315,11.765672948105465
170,confirmation,2040,4,12.337105293891872,12.383800818885655,0.007117604259049486,12.390918423144704
171,confirmation,2040,4,11.763691965388299,11.683506325219184,-5.491693259185975e-05,11.683451408286592
178,confirmation,2040,4,12.058158312538197,12.121520257400196,0.014864232679560403,12.136384490079756
191,confirmation,2040,4,12.660331092405906,12.566509496342444,0.02598510351064706,12.592494599853092
192,confirmation,2040,4,12.122696471358964,12.025989476100476,-0.016308637895202777,12.009680838205274
193,confirmation,2040,4,12.165255859329688,12.19309024773294,-0.0006092930594184415,12.19248095467352
199,confirmation,2040,4,11.552155793461898,11.588950494620958,-0.010617993604158322,11.5783325010168
214,confirmation,2040,4,11.957617696467539,11.961777566995355,0.010738447901104314,11.97251601489646
224,confirmation,2040,4,11.48247656671073,11.691527349209563,-0.010546526017786136,11.680980823191778
227,confirmation,2040,4,12.577639650232573,12.517587177193011,0.003683160270086464,12.521270337463097
228,confirmation,2040,4,11.571203807011969,11.490272345658914,-0.017188922522010597,11.473083423136904
235,confirmation,2040,4,12.285350445351659,12.285987393447284,0.022881121471590833,12.308868514918874
238,confirmation,2040,4,12.178192583415596,12.305019161891988,0.002375906617875641,12.307395068509862
245,confirmation,2040,4,12.230770136157428,12.357095021151704,-0.004704887394352855,12.352390133757352
247,confirmation,2040,4,11.827743504053695,11.790884664805906,-0.0073268033650969915,11.78355786144081
250,confirmation,2040,4,12.531776395271262,12.534531230320582,-0.0050600460951448715,12.529471184225438
251,confirmation,2040,4,11.245059091624615,11.408778193915298,-0.0029241459421866047,11.405854047973111
256,confirmation,2040,4,12.345838935721968,12.30521603785807,-0.00751025992256457,12.297705777935505
262,confirmation,2040,4,12.52815976788113,12.770554129185117,0.016286122124007093,12.786840251309124
266,confirmation,2040,4,12.075400019877522,12.11191007239207,0.011887184510981088,12.12379725690305
269,confirmation,2040,4,11.699413330633599,11.640040822030196,-0.016991385200972004,11.623049436829223
271,confirmation,2040,4,12.491255347155265,12.476842771800328,0.01323620008619221,12.49007897188652
280,confirmation,2040,4,12.165255859329688,12.196800734542649,-0.008256693544385999,12.188544040998263
291,confirmation,2040,4,12.359784657728284,12.410748224251142,0.010353552771455029,12.421101777022598
293,confirmation,2040,4,11.782960235741939,11.88371954494609,0.013218039351620694,11.89693758429771
294,confirmation,2040,4,12.367345048436391,12.354318565975976,-0.0018886616187749733,12.352429904357201
301,confirmation,2040,4,11.964007453736912,12.009808347026109,0.001649917043539257,12.011458264069647
304,confirmation,2040,4,11.917730355182513,11.75215984316569,0.030288199565129802,11.78244804273082
316,confirmation,2040,4,12.146858590895919,12.12657338192135,-0.0028093928689353295,12.123763989052415
318,confirmation,2040,4,12.506180941677357,12.470705835466283,0.002613222536982028,12.473319058003266
319,confirmation,2040,4,12.468440756144114,12.774237911772977,0.01737894160789379,12.791616853380871
334,confirmation,2040,4,12.240478903153711,12.150799798932423,0.0031221154846195463,12.153921914417044
345,confirmation,2040,4,11.350418300109132,11.387733770700637,0.008133336639988551,11.395867107340624
346,confirmation,2040,4,11.850832386224807,11.83866643025144,0.017788926035174183,11.856455356286613
352,confirmation,2040,4,12.154784614286667,12.231664876488534,0.010721016329837511,12.24238589281837
360,confirmation,2040,4,12.54254845357358,12.53241665048612,0.0024087674689453296,12.534825417955066
363,confirmation,2040,4,12.198549416880068,12.088393313499823,0.013693046448849201,12.102086359948673
365,confirmation,2040,4,12.154784614286667,12.130751702324488,0.007442526656721519,12.13819422898121
368,confirmation,2040,4,12.013706813470414,11.951468843474954,-0.0009815129397337241,11.95048733053522
375,confirmation,2040,4,12.299112067295642,12.222620517364096,-0.010927809616621969,12.211692707747474
381,confirmation,2040,4,11.751950239425476,11.9792817669892,0.00612848438925242,11.985410251378452
388,confirmation,2040,4,11.736077016252437,11.736184879868912,0.004083187789524033,11.740268067658436
393,confirmation,2040,4,11.575909653758895,11.61260863204118,-0.02609004806720317,11.586518583973977
402,confirmation,2040,4,12.013646205940514,12.115408491776794,-0.00801358307287732,12.107394908703917
412,confirmation,2040,4,11.884495917930655,11.865718343530038,0.002518377357095043,11.868236720887133
417,confirmation,2040,4,11.915058360753719,11.95543463682584,0.019855973113869427,11.97529060993971
449,confirmation,2040,4,11.691080018519527,11.740737743539698,0.009324279493081402,11.750062023032779
451,confirmation,2040,4,11.608244735642321,11.517642196646834,-0.01518651454326359,11.502455682103571
452,confirmation,2040,4,12.54254845357358,12.329102221173995,0.009609621959199769,12.338711843133195
456,confirmation,2040,4,12.075400019877522,11.986336746730691,0.008343957849336689,11.994680704580027
458,confirmation,2040,4,12.45293662970407,12.395310438773908,0.004076053775815437,12.399386492549723
460,confirmation,2040,4,11.608244735642321,11.664855500221806,0.002421311224107209,11.667276811445914
472,confirmation,2040,4,12.154784614286667,12.172093576281908,0.0018795544095712108,12.17397313069148
474,confirmation,2040,4,12.994532278619134,12.816635999404202,-0.005750297000416358,12.810885702403786
476,confirmation,2040,4,11.794345471549745,11.831091950012096,0.006881082202089469,11.837973032214185
482,confirmation,2040,4,12.832013750189885,12.786550943043675,0.006424001648846852,12.792974944692522
483,confirmation,2040,4,11.951186847493476,12.036923413097751,-0.03612717820331322,12.000796234894437
484,confirmation,2040,4,12.00762780434872,11.9234740487888,0.0013898191533598015,11.92486386794216
485,confirmation,2040,4,11.794345471549745,11.787239237775635,-0.02960645586526397,11.757632781910372
487,confirmation,2040,4,11.957617696467539,11.922166025614333,0.010975994570311783,11.933142020184645
493,confirmation,2040,4,12.059809113551397,12.046256364391605,-0.004329773738682704,12.041926590652922
499,confirmation,2040,4,11.775297421715827,11.800589271604192,-0.005900725449564877,11.794688546154628
509,confirmation,2040,4,11.989165855127435,11.903341739658842,-0.003955841048977229,11.899385898609864
522,confirmation,2040,4,11.918397239722838,11.942667552269894,-0.004373057073377936,11.938294495196516
532,confirmation,2040,4,11.759793355371237,11.800791643201569,0.012182951641627334,11.812974594843196
534,confirmation,2040,4,10.579005242826247,10.887517052761911,-0.026217467723297402,10.861299585038614
536,confirmation,2040,4,11.58525542883217,11.763281764583208,0.006507662797031741,11.76978942738024
537,confirmation,2040,4,12.144202560946876,12.181474705064844,-0.004991105567523844,12.17648359949732
548,confirmation,2040,4,11.771443882099637,11.759297248268622,0.005360266229385122,11.764657514498007
561,confirmation,2040,4,11.707677772181546,11.999238486054503,0.01664137796068296,12.015879864015186
566,confirmation,2040,4,11.759793355371237,11.74520777140192,-0.0070168992271286285,11.738190872174792
577,confirmation,2040,4,11.884495917930655,11.933034126259896,0.012350653564546763,11.945384779824442
580,confirmation,2040,4,11.78676973513378,11.764676546811558,0.009727564109335847,11.774404110920893
587,confirmation,2040,4,11.775297421715827,11.685433048269974,0.0026693322861229573,11.688102380556098
591,confirmation,2040,4,12.132969552931216,12.153287149536707,0.0004780105633986727,12.153765160100106
593,confirmation,2040,4,11.835016210489899,11.903301787699286,0.002168572647630216,11.905470360346916
605,confirmation,2040,4,12.30592250537653,12.292308720970048,0.00537977990709683,12.297688500877145
607,confirmation,2040,4,11.931642378754141,11.990394740561069,0.007949209555132359,11.998343950116201
610,confirmation,2040,4,11.682676678340282,11.659132433063006,-0.012738496902042817,11.646393936160962
611,confirmation,2040,4,12.653961664405365,12.658496030448251,-0.0004198635935558961,12.658076166854695
625,confirmation,2040,4,12.014615485902027,11.946698867687736,-0.01736393730121125,11.929334930386526
626,confirmation,2040,4,11.982935344196433,11.86802016358048,0.0251268247143348,11.893146988294815
640,confirmation,2040,4,12.485830907348902,12.474140985868098,-0.005321152402862595,12.468819833465236
650,confirmation,2040,4,11.344518647594766,11.212359568267384,-0.011228940558709826,11.201130627708675
660,confirmation,2040,4,12.025755079404917,11.985366918380324,-0.00598113272402306,11.979385785656302
665,confirmation,2040,4,12.955129822091815,12.746045033305004,0.0390143144310101,12.785059347736015
666,confirmation,2040,4,12.348010479804223,12.3820934477803,-0.007372187589255303,12.374721260191045
668,confirmation,2040,4,12.173037959397275,12.24962402920154,0.005519970228632839,12.255143999430173
673,confirmation,2040,4,12.013706813470414,12.067057879192925,0.015721977793228512,12.082779856986154
675,confirmation,2040,4,11.849404844423074,11.893713986744435,0.02040429746905649,11.914118284213492
677,confirmation,2040,4,11.373674891823535,11.671212938551031,-0.020262700947284346,11.650950237603746
687,confirmation,2040,4,12.336556900342153,12.389876135244272,-0.0006718651060458004,12.389204270138226
689,confirmation,2040,4,12.879019669789754,12.346630938447277,0.020371062950778715,12.367002001398054
690,confirmation,2040,4,12.179220327453933,12.156858480837736,-0.019575650606063102,12.137282830231673
693,confirmation,2040,4,12.721888795877375,12.644788529364384,0.006117695318491819,12.650906224682876
695,confirmation,2040,4,11.860062063178267,11.725541609342253,0.018255485866219414,11.743797095208473
698,confirmation,2040,4,11.724004532183379,11.795986124710092,-0.0009381206843184934,11.795048004025773
700,confirmation,2040,4,12.185875040240456,12.136035406554022,-0.016105667913458042,12.119929738640565
708,confirmation,2040,4,12.445093483000798,12.282038119428105,-0.01440562145973573,12.26763249796837
710,confirmation,2040,4,11.60733523953139,11.557482520316348,-0.00813411929855696,11.549348401017792
711,confirmation,2040,4,10.859018228147887,11.338355480405612,-0.020719837474677885,11.317635642930934
712,confirmation,2040,4,11.54031687156214,11.454074793729836,-0.03318377875324595,11.42089101497659
713,confirmation,2040,4,12.149507585033072,12.166688232321542,-0.010248607931333925,12.156439624390208
721,confirmation,2040,4,12.524530013005734,12.529069836345302,0.010966815126087735,12.54003665147139
722,confirmation,2040,4,11.870606902224587,11.881470411470374,-0.0038562099219867263,11.877614201548388
729,confirmation,2040,4,11.608244735642321,11.799762672179812,-0.03957609498533463,11.760186577194476
731,confirmation,2040,4,12.373707715234994,12.469023720259448,0.020792771972686745,12.489816492232135
744,confirmation,2040,4,12.07254696717504,11.937657465906486,0.018917691046285757,11.956575156952772
747,confirmation,2040,4,12.371591321286905,12.356434210328835,0.0005913217819412577,12.357025532110777
756,confirmation,2040,4,12.058158312538197,12.033692477774146,0.01112211601294179,12.044814593787088
765,confirmation,2040,4,12.506180941677357,12.430423062203989,0.023273484300187348,12.453696546504176
770,confirmation,2040,4,13.195615697878253,13.060222703655718,0.014543618036442801,13.074766321692161
775,confirmation,2040,4,12.886643575525625,12.601452283994378,-0.01954842905182478,12.581903854942553
777,confirmation,2040,4,12.308182383129823,12.32122405542372,0.022438582659609078,12.343662638083329
789,confirmation,2040,4,11.588969419043874,11.575910856766257,-0.008623142332587607,11.567287714433668
791,confirmation,2040,4,11.984184555794167,11.991773570455743,-0.014586006441876201,11.977187564013867
794,confirmation,2040,4,12.323860125621126,12.3879176982012,-0.0026664903971036088,12.385251207804096
806,confirmation,2040,4,12.335700805443338,12.251325378355238,0.004217762583022674,12.255543140938261
809,confirmation,2040,4,11.982622797311857,11.891039562082234,0.021527530638066335,11.9125670927203
811,confirmation,2040,4,12.10625783509458,12.14106999857628,0.00896849974202176,12.1500384983183
814,confirmation,2040,4,11.969723533345908,11.937573919598316,-0.0021315684482053525,11.93544235115011
815,confirmation,2040,4,11.661354090741,11.686534854017555,0.0038830695755865357,11.690417923593142
818,confirmation,2040,4,12.509877789891931,12.550180475758626,-0.003932138456300614,12.546248337302325
820,confirmation,2040,4,12.319405795112926,12.302321573136998,0.010196403228835594,12.312517976365834
825,confirmation,2040,4,12.357079818283598,12.324141486310642,-0.009104851168318374,12.315036635142324
829,confirmation,2040,4,12.128116509451258,12.099091915457784,-0.023358759686937357,12.075733155770846
831,confirmation,2040,4,12.019749091416921,12.077841850329737,0.001351245173668835,12.079193095503406
840,confirmation,2040,4,11.779136168550774,11.798103400903496,0.030491090412094697,11.828594491315592
842,confirmation,2040,4,11.967187086434018,11.926361159981,-0.001374751225495284,11.924986408755506
844,confirmation,2040,4,11.856522261533737,11.724519910673791,-0.002416731992545689,11.722103178681246
845,confirmation,2040,4,11.944064817531656,11.844517529174784,0.02030235973280005,11.864819888907585
848,confirmation,2040,4,11.80186424743109,11.804330000336178,0.016845197109466404,11.821175197445644
851,confirmation,2040,4,11.78676973513378,11.861408047160936,0.006275477544531108,11.867683524705466
854,confirmation,2040,4,11.970356641102999,12.038836916891228,0.028557769164219947,12.067394686055447
857,confirmation,2040,4,11.898194668458823,11.909653316918464,-0.012962226185274794,11.896691090733189
859,confirmation,2040,4,11.931642378754141,11.804748446137602,0.025646726081091028,11.830395172218692
862,confirmation,2040,4,11.78676973513378,11.80315815870206,-0.0026493039261705153,11.800508854775888
870,confirmation,2040,4,12.371591321286905,12.324337100247712,-0.024744462657510603,12.299592637590202
873,confirmation,2040,4,11.661354090741,11.683361528150666,-0.024875384193173145,11.658486143957493
874,confirmation,2040,4,11.798111925972618,11.78509441005542,0.0173471812644698,11.802441591319889
875,confirmation,2040,4,11.104972264124868,11.458790358763244,-0.008326859703006879,11.450463499060236
877,confirmation,2040,4,11.792456911128632,11.812722701582013,-0.0063332438719865,11.806389457710026
892,confirmation,2040,4,12.058158312538197,12.051448233549747,-0.02172538085044898,12.029722852699297
898,confirmation,2040,4,11.870278179170796,11.8198521114912,0.008414458720909214,11.828266570212108
900,confirmation,2040,4,11.813037464800539,11.820464393340783,0.0005891796921654139,11.821053573032948
904,confirmation,2040,4,12.388398368982115,12.415039782009371,-0.001058602304942647,12.413981179704429
905,confirmation,2040,4,11.74006900564972,11.705736925471308,0.004123328984836098,11.709860254456144
906,confirmation,2040,4,11.759793355371237,11.750927815718514,0.013916907555731163,11.764844723274246
907,confirmation,2040,4,12.449022745701502,12.461089556575931,0.0035228107588625075,12.464612367334794
911,confirmation,2040,4,11.946660519211651,11.859865483043844,0.012587811552468124,11.872453294596312
917,confirmation,2040,4,10.471978128496518,11.107378379582569,-0.0332472934830483,11.07413108609952
930,confirmation,2040,4,12.310437165348775,12.293778594685284,-0.0004849934106098586,12.293293601274675
935,confirmation,2040,4,12.396697137361691,12.304707648817445,-0.013608967326082399,12.291098681491363
936,confirmation,2040,4,11.288543647320601,11.49313582311681,-0.006757419917353068,11.486378403199458
938,confirmation,2040,4,12.441148720271016,12.365266899553015,0.0005880502546286828,12.365854949807645
940,confirmation,2040,4,12.406565597924235,12.352053452567416,0.022472139451101755,12.374525592018518
945,confirmation,2040,4,11.83138646878959,12.012620443737235,0.01422236420896218,12.026842807946197
952,confirmation,2040,4,11.694421681264394,11.649766773870024,0.0033052932065243514,11.653072067076549
955,confirmation,2040,4,11.755879486687116,11.735082596269466,0.030528219473003073,11.76561081574247
956,confirmation,2040,4,11.884495917930655,11.890484379465862,0.006291149198789305,11.896775528664651
959,confirmation,2040,4,12.128116509451258,12.173552484740828,0.002778383847127822,12.176330868587955
962,confirmation,2040,4,12.513561021741964,12.453999225542676,-0.0044537684321983104,12.449545457110478
964,confirmation,2040,4,12.384223015005313,12.47633101934952,0.0034868733383332847,12.479817892687853
966,confirmation,2040,4,12.094587859196112,12.0173217715282,0.0027476561875869783,12.020069427715788
971,confirmation,2040,4,11.813037464800539,11.26668054819109,0.041236972736854026,11.307917520927944
980,confirmation,2040,4,11.842236406331555,11.787895591576042,0.026428850323740295,11.814324441899782
982,confirmation,2040,4,12.724869415131389,12.681453646053756,0.0017010572764356142,12.68315470333019
1000,confirmation,2040,4,12.235636302128867,12.153171661159138,0.00289148213104373,12.156063143290183
1006,confirmation,2040,4,11.917730355182513,11.85084439607912,0.004165133228864827,11.855009529307985
1014,confirmation,2040,4,11.350418300109132,11.500657228824224,-0.012295867323659044,11.488361361500566
1017,confirmation,2040,4,12.220966184120165,12.355421084070576,0.0023174803969432524,12.35773856446752
1018,confirmation,2040,4,12.141539457711714,12.132543659022469,-0.006186602728247258,12.126357056294221
1019,confirmation,2040,4,11.982935344196433,12.034816938799432,0.012470903460820306,12.047287842260252
1030,confirmation,2040,4,11.678448377988165,11.693022453618807,-0.0049941657452185146,11.688028287873589
1031,confirmation,2040,4,11.982935344196433,11.781356720445592,0.012147746601415666,11.793504467047008
1037,confirmation,2040,4,12.66191713053049,12.771703488176588,0.006148758378045951,12.777852246554634
1049,confirmation,2040,4,11.652696102959753,11.795087237275164,0.012285212238583159,11.807372449513746
1054,confirmation,2040,4,11.881041706925902,11.894536503969864,-0.004604247984988383,11.889932255984876
1055,confirmation,2040,4,12.449022745701502,12.45775712195191,0.006115017259098778,12.46387213921101
1056,confirmation,2040,4,12.100717685412471,11.950243202273416,0.007199163640798598,11.957442365914215
1057,confirmation,2040,4,12.13270055639427,12.312862907006362,0.017122753341492082,12.329985660347855
1058,confirmation,2040,4,12.421188057397055,12.34747657464038,-0.006394871597713239,12.341081703042667
1068,confirmation,2040,4,12.031129798974042,12.081593460570463,-0.009674275747929005,12.071919184822534
1069,confirmation,2040,4,11.927687224983487,12.026690741174486,0.009095961383535453,12.03578670255802
1070,confirmation,2040,4,11.813037464800539,11.77619463120522,0.0016733181571913708,11.777867949362411
1078,confirmation,2040,4,11.840796531639839,11.765356400230988,0.010955778508132277,11.77631217873912
1084,confirmation,2040,4,11.982935344196433,11.971124434576598,0.017421904790524845,11.988546339367122
1087,confirmation,2040,4,11.332613886815139,11.49950618668242,-0.01299108208277164,11.486515104599649
1095,confirmation,2040,4,11.767575435251748,11.810080117969925,-0.007268068603108324,11.802812049366816
1096,confirmation,2040,4,12.080696479888445,12.119447627579854,-0.005935462495763518,12.11351216508409
1104,confirmation,2040,4,11.979805470779858,11.88761918652357,0.0031511524944660948,11.890770339018037
1111,confirmation,2040,4,12.144202560946876,12.115208346418733,0.00022906150512260536,12.115437407923855
1115,confirmation,2040,4,11.669937760751914,11.662825589321711,0.0013981186506412068,11.664223707972353
1118,confirmation,2040,4,11.775297421715827,11.844329995276992,0.006227623484918591,11.85055761876191
1132,confirmation,2040,4,11.44572741040675,11.57477874949936,-0.00867894880409885,11.566099800695262
1133,confirmation,2040,4,11.674202123168433,11.714138558238965,-0.05402507342830206,11.660113484810662
1135,confirmation,2040,4,12.037659911047468,12.103377371626,0.006658423678810012,12.110035795304809
1141,confirmation,2040,4,11.842236406331555,11.765441347259324,0.012758129244358632,11.778199476503683
1144,confirmation,2040,4,11.289794413577894,11.486005689122544,-0.001743215827321619,11.484262473295223
1145,confirmation,2040,4,11.289794413577894,11.328960193056853,0.02181638046019395,11.350776573517047
1148,confirmation,2040,4,12.069685751267224,12.177069625653328,0.03030895457945443,12.207378580232783
1150,confirmation,2040,4,11.870606902224587,11.823376696796256,-0.01121604040095496,11.812160656395301
1155,confirmation,2040,4,12.215037342290755,12.234646291861363,0.0066267549061274,12.24127304676749
1160,confirmation,2040,4,12.128116509451258,12.184148080187065,-0.011993299096970039,12.172154781090095
1165,confirmation,2040,4,12.175618592671356,12.2125118444909,0.020905978020921267,12.233417822511822
1170,confirmation,2040,4,13.345508528717259,13.292274542609324,0.07053610057877172,13.362810643188096
1177,confirmation,2040,4,11.691080018519527,11.784650456563522,0.017190584440332515,11.801841041003854
1182,confirmation,2040,4,12.880294363972055,12.568990028682784,-0.005597519772991184,12.563392508909793
1183,confirmation,2040,4,13.521140839642674,13.07592289734247,0.08222374819901651,13.158146645541487
1187,confirmation,2040,4,11.461642696843066,11.730040017083349,-0.01703086855746665,11.713009148525883
1189,confirmation,2040,4,12.180759965737863,12.124055518716242,-0.00255245477122241,12.121503063945019
1193,confirmation,2040,4,11.736077016252437,11.726003604929057,-0.0034230522757855374,11.722580552653271
1194,confirmation,2040,4,12.013706813470414,11.99705701365648,0.01591115900329328,12.012968172659773
1199,confirmation,2040,4,12.08954444723597,12.037246189543298,0.010925863640797288,12.048172053184095
1207,confirmation,2040,4,11.580593459194764,11.640944133816165,0.00914580165208578,11.65008993546825
1212,confirmation,2040,4,12.00762780434872,12.24833454910814,-0.009454003802681847,12.238880545305458
1219,confirmation,2040,4,11.296024885689746,11.157749652329654,-0.025006750980406778,11.132742901349248
1221,confirmation,2040,4,11.652696102959753,11.62254980487674,-0.004451890075444499,11.618097914801297
1224,confirmation,2040,4,11.834291315386718,11.81802539494212,-0.009947050522990202,11.80807834441913
1232,confirmation,2040,4,11.794345471549745,11.879720894131516,0.0034001100008740617,11.88312100413239
1237,confirmation,2040,4,12.075400019877522,11.999722752402388,-0.01162663548697293,11.988096116915415
1245,confirmation,2040,4,12.345838935721968,12.14343910656128,0.037401550495418295,12.180840657056699
1246,confirmation,2040,4,12.08954444723597,12.18682909139564,0.012734942295740017,12.19956403369138
1247,confirmation,2040,4,12.136191879981927,12.175927990697163,-0.00301971793620785,12.172908272760955
1254,confirmation,2040,4,12.591338447675579,12.58743650735701,0.01695299319160783,12.604389500548617
1261,confirmation,2040,4,12.10625783509458,12.159778345251452,-0.0014301872513573074,12.158348158000095
1263,confirmation,2040,4,11.992266613576142,11.907409124186064,0.020282768026418097,11.927691892212481
1276,confirmation,2040,4,11.827743504053695,11.879523426240226,0.011783418704809817,11.891306844945037
1279,confirmation,2040,4,12.37581963951765,12.44736770686405,-0.015924552632878307,12.431443154231172
1280,confirmation,2040,4,11.133142723386813,11.498709161331714,0.04340284704584114,11.542112008377556
1288,confirmation,2040,4,12.154784614286667,12.065906190176712,-0.010482238682546106,12.055423951494166
1291,confirmation,2040,4,12.103491596905931,11.99506650911312,0.023551970369036473,12.018618479482155
1296,confirmation,2040,4,11.83863282480007,11.833020729554482,0.014566119684414377,11.847586849238896
1304,confirmation,2040,4,12.354496960983985,12.317128690869,-0.0010554547885245932,12.316073236080475
1312,confirmation,2040,4,12.220966184120165,12.199786334432067,-0.0074401868960641375,12.192346147536004
1313,confirmation,2040,4,12.618185607609803,12.524090478045894,-0.0005891845416377538,12.523501293504255
1318,confirmation,2040,4,12.249615734512616,12.171632239096205,0.0011224718531050602,12.17275471094931
1319,confirmation,2040,4,12.524530013005734,12.488918598721876,-0.02223185607669455,12.46668674264518
1335,confirmation,2040,4,11.736077016252437,11.66080791154104,-0.01370717121047314,11.647100740330567
1337,confirmation,2040,4,11.813037464800539,11.858326288470863,-0.009626105439656021,11.848700183031207
1339,confirmation,2040,4,12.206077645517674,12.299142496905448,-0.0032932867883896867,12.295849210117058
1340,confirmation,2040,4,11.763691965388299,11.767412863533607,-0.00793350003682677,11.75947936349678
1341,confirmation,2040,4,11.719947764402807,11.57321688374488,0.011935472996097112,11.585152356740977
1342,confirmation,2040,4,11.951186847493476,11.931438903045295,-0.004176102056406711,11.927262800988888
1349,confirmation,2040,4,12.278397958261774,12.412931399833198,0.02713866491434652,12.440070064747545
1354,confirmation,2040,4,12.923914877701906,12.887332172384056,0.053405758238836636,12.940737930622893
1362,confirmation,2040,4,12.468440756144114,12.472124174141353,0.011871431982646915,12.483995606124
1366,confirmation,2040,4,12.283038316285214,12.261698870663036,0.008685697633271592,12.270384568296308
1368,confirmation,2040,4,11.751950239425476,11.778014983996515,-0.00019754793775015152,11.777817436058765
1370,confirmation,2040,4,12.354496960983985,12.417783837915806,0.006890677346733248,12.42467451526254
1372,confirmation,2040,4,12.016732516077072,12.066887255019305,-0.015334488783191212,12.051552766236114
1376,confirmation,2040,4,12.384223015005313,12.461711331559492,0.014464214207686715,12.476175545767179
1388,confirmation,2040,4,11.820417517632333,11.905554088273837,-0.023064055972946827,11.88249003230089
1400,confirmation,2040,4,11.831022768939789,11.96978726917341,0.0031202260547588123,11.972907495228169
1406,confirmation,2040,4,12.524530013005734,12.552697014441971,-0.00018936519067136524,12.5525076492513
1409,confirmation,2040,4,11.74006900564972,11.54940666149682,0.0390115622471231,11.588418223743943
1411,confirmation,2040,4,12.345838935721968,12.249177910741954,0.01209550120881095,12.261273411950766
1426,confirmation,2040,4,11.863589378812122,11.870424279457254,0.002495954336399034,11.872920233793653
1432,confirmation,2040,4,11.87583791515714,11.798469937591715,0.005308282462176061,11.803778220053891
1436,confirmation,2040,4,12.066816325306588,12.042951903885276,0.013549767625480139,12.056501671510757
1438,confirmation,2040,4,12.885673487343764,12.837178954722162,0.0021809371978568646,12.839359891920019
1442,confirmation,2040,4,11.913719681428494,11.906629786804809,0.001711744629219477,11.908341531434028
1445,confirmation,2040,4,12.098493002763465,12.179085415994953,0.0014637075466209888,12.180549123541574
1453,confirmation,2040,4,11.884495917930655,11.805599702555892,0.026164199181556613,11.831763901737448
1,confirmation,2040,5,12.24769911637256,12.1683185261395,0.007237763792572173,12.175556289932072
3,confirmation,2040,5,12.317171167298682,12.231716328135038,0.008048776121979958,12.239765104257017
6,confirmation,2040,5,11.870606902224587,11.983887222015191,0.012342644120092514,11.996229866135284
7,confirmation,2040,5,12.634606283893019,12.496009509965416,-0.00533323905510039,12.490676270910317
11,confirmation,2040,5,11.771443882099637,11.750930052667842,0.0010651884139962363,11.751995241081838
16,confirmation,2040,5,11.790564777297387,11.76840878372164,-0.0059456278309968445,11.762463155890643
22,confirmation,2040,5,11.845109950883979,11.757570079116748,0.006913017748043013,11.764483096864792
25,confirmation,2040,5,11.944714374881176,11.902979014856683,-0.00384631898034214,11.899132695876341
26,confirmation,2040,5,12.454107814022272,12.461114461298536,0.011493694328744749,12.472608155627281
31,confirmation,2040,5,10.596659732783579,11.461287266598177,-0.02481284635133025,11.436474420246846
37,confirmation,2040,5,11.884495917930655,11.924563467733998,0.00864293850940859,11.933206406243407
39,confirmation,2040,5,11.599112335481124,11.748380209494202,0.010026357074636802,11.758406566568839
49,confirmation,2040,5,11.635151947212842,11.46086729336004,0.01683473825898844,11.47770203161903
52,confirmation,2040,5,11.648338835562747,11.716086469368316,0.02081085054702821,11.736897319915343
58,confirmation,2040,5,12.188422799337028,12.188007986634789,0.0071636844850143655,12.195171671119803
59,confirmation,2040,5,12.991755706536901,12.907565273521756,0.023090498699762194,12.930655772221519
60,confirmation,2040,5,11.735276702486741,11.721363238390982,0.00028689555742319567,11.721650133948405
62,confirmation,2040,5,11.522885696764481,11.448086272471969,0.0050168895069324475,11.4531031619789
65,confirmation,2040,5,12.299112067295642,12.285094551129172,0.007623607384337212,12.292718158513509
66,confirmation,2040,5,12.666660207428574,12.652956762114124,-0.0007677349534782002,12.652189027160647
76,confirmation,2040,5,11.418625774449598,11.421128640314612,-0.03545863437383022,11.385670005940781
96,confirmation,2040,5,12.128116509451258,12.137546055678497,-0.006825180999294411,12.130720874679202
98,confirmation,2040,5,11.459007676978688,11.724073503269668,0.0035151362314116384,11.72758863950108
104,confirmation,2040,5,12.200562492481511,12.129362559315927,0.018131286418238867,12.147493845734166
114,confirmation,2040,5,12.28765724080691,12.298347166146636,-0.0361803623968935,12.262166803749743
119,confirmation,2040,5,12.676079399771027,12.725452490044814,0.027813987729031542,12.753266477773845
128,confirmation,2040,5,11.373674891823535,11.449128346344995,0.004331959970919616,11.453460306315915
130,confirmation,2040,5,11.918397239722838,11.869840145808006,0.001269826835834996,11.87110997264384
132,confirmation,2040,5,12.404927602627597,12.316911140027836,-0.010553643502456331,12.30635749652538
135,confirmation,2040,5,12.100717685412471,12.058112708359086,0.0008056262316697125,12.058918334590755
145,confirmation,2040,5,11.736077016252437,11.829810090838588,0.013839942015412478,11.843650032854
148,confirmation,2040,5,12.312686874960354,12.315146218191586,-0.01338973001254003,12.301756488179047
154,confirmation,2040,5,12.367345048436391,12.180802895033686,0.026239557754506,12.207042452788192
161,confirmation,2040,5,11.998439434579149,11.971805433438035,0.004509620530777852,11.976315053968813
172,confirmation,2040,5,12.278397958261774,12.099958698216607,-0.0020600923605511197,12.097898605856056
174,confirmation,2040,5,12.001511614739405,11.924714738950398,0.003519648257815648,11.928234387208214
175,confirmation,2040,5,12.122696471358964,12.197180672645596,-0.0020398072470124602,12.195140865398583
179,confirmation,2040,5,13.126032637428713,12.98786653029325,0.012227205508215294,13.000093735801466
184,confirmation,2040,5,12.206077645517674,12.09626506653764,-0.017345069629930883,12.07891999690771
194,confirmation,2040,5,11.775297421715827,11.843732551951035,-0.008714470529866902,11.835018081421168
205,confirmation,2040,5,11.608244735642321,11.611359485537475,-0.0014842117741453022,11.60987527376333
206,confirmation,2040,5,12.103491596905931,12.097351884714037,-0.009767989433993523,12.087583895280043
208,confirmation,2040,5,11.856522261533737,11.863961294699472,0.014664841758571754,11.878626136458044
217,confirmation,2040,5,12.25486757159303,12.225323799990743,0.0019515044066980086,12.227275304397441
233,confirmation,2040,5,11.456365695436427,11.48269791546986,-0.018536916213551604,11.464160999256308
237,confirmation,2040,5,12.130815551850676,12.124919294552464,-0.013158437694043713,12.111760856858421
257,confirmation,2040,5,12.242891437918386,12.232463291796806,0.010935048450326695,12.243398340247133
265,confirmation,2040,5,11.19822841866684,11.3297269472657,-0.020300079380575563,11.309426867885124
267,confirmation,2040,5,12.128116509451258,12.104647691212726,-0.010514984716155999,12.09413270649657
283,confirmation,2040,5,12.242891437918386,12.319658526182792,0.01799663145978336,12.337655157642576
297,confirmation,2040,5,11.931642378754141,11.754144515903723,-0.005338703446397937,11.748805812457325
298,confirmation,2040,5,12.384223015005313,12.321326576932664,-0.01587998303830346,12.305446593894361
303,confirmation,2040,5,12.230770136157428,12.333218757069584,0.006950148891616316,12.340168905961201
307,confirmation,2040,5,12.323860125621126,12.308379074008243,-0.0013775378026049494,12.307001536205638
312,confirmation,2040,5,11.790564777297387,11.82063563296264,0.006509920491316716,11.827145553453956
313,confirmation,2040,5,11.694421681264394,11.786557409975911,-0.016535080867272543,11.770022329108638
317,confirmation,2040,5,12.468440756144114,12.3883265347123,-0.009693992107308815,12.378632542604992
320,confirmation,2040,5,12.141539457711714,12.155314357653666,0.0009108918504510321,12.156225249504116
321,confirmation,2040,5,12.74444728628135,12.695274845148264,0.026374292410774068,12.721649137559037
322,confirmation,2040,5,12.777055016970678,12.739779368299704,-0.00672148356035357,12.73305788473935
324,confirmation,2040,5,11.745433036677353,11.678328192812716,-0.0003143489919211178,11.678013843820795
330,confirmation,2040,5,11.264476926102367,11.265452217196328,-0.01602318379592922,11.2494290334004
338,confirmation,2040,5,12.273735966890268,12.300032338774995,0.013033656632876875,12.313065995407872
339,confirmation,2040,5,12.218500103788143,12.232204458239313,-0.009018048587866187,12.223186409651447
351,confirmation,2040,5,12.670001611311875,12.643769949216612,-0.020793654008983302,12.622976295207629
366,confirmation,2040,5,11.898194668458823,11.711559010002066,0.012729239028876752,11.724288249030943
377,confirmation,2040,5,11.904974309480181,11.841876261434782,0.012579002739796171,11.854455264174579
379,confirmation,2040,5,12.885204569609956,12.879759812246215,0.0017681744611646357,12.881527986707379
384,confirmation,2040,5,11.23850177707664,11.258807440171656,0.014030182812956269,11.272837622984612
389,confirmation,2040,5,12.160033942617156,12.1861513964523,-0.002179341379155263,12.183972055073143
394,confirmation,2040,5,11.51293546492023,11.43293921923716,0.016562776289860442,11.44950199552702
395,confirmation,2040,5,11.599112335481124,11.592527308347488,0.012930271339770368,11.60545757968726
400,confirmation,2040,5,12.392556361841777,12.274621698122685,0.0028078055572308153,12.277429503679915
401,confirmation,2040,5,12.411056299528171,12.312702456233271,0.001108467806219102,12.31381092403949
404,confirmation,2040,5,12.460718739865236,12.407127813679756,-0.007264146081627466,12.399863667598128
406,confirmation,2040,5,11.918397239722838,11.973482670473144,-0.006040398644827563,11.967442271828316
413,confirmation,2040,5,12.310437165348775,12.422782834301664,0.021126583391638615,12.443909417693302
414,confirmation,2040,5,11.652696102959753,11.582014820483716,0.010125450502322528,11.592140270986038
415,confirmation,2040,5,12.337105293891872,12.372859475396458,-0.01685756928844591,12.356001906108013
420,confirmation,2040,5,11.863589378812122,11.786383185683164,-0.0027964500017326,11.783586735681432
426,confirmation,2040,5,11.813037464800539,11.770049083809017,-0.005451676341497536,11.76459740746752
429,confirmation,2040,5,12.182809136284991,12.181047841399138,0.005147193971885569,12.186195035371023
431,confirmation,2040,5,11.355113089309977,11.453617735222588,-0.017533409564768437,11.43608432565782
432,confirmation,2040,5,11.288543647320601,11.540295579746422,-0.0014203712164031989,11.538875208530019
439,confirmation,2040,5,11.411457364027745,11.619719193561398,0.02012709139373183,11.63984628495513
446,confirmation,2040,5,11.755879486687116,11.910473201709587,0.004354696487787829,11.914827898197375
448,confirmation,2040,5,12.20557752297723,12.23821259136094,0.0017698694565745745,12.239982460817513
450,confirmation,2040,5,11.695255355062795,11.656981186690548,-0.014350843909598955,11.642630342780949
459,confirmation,2040,5,11.989165855127435,11.917705469562362,-0.015866454256411863,11.901839015305951
463,confirmation,2040,5,11.04106411122238,11.721324644923424,-0.008555325917525426,11.712769319005899
465,confirmation,2040,5,11.728044909070785,11.634647374730582,-0.005352995957615552,11.629294378772967
491,confirmation,2040,5,11.652696102959753,11.606866287931725,-0.028915272012749408,11.577951015918975
498,confirmation,2040,5,12.122696471358964,11.97120284456949,-0.002620615826965312,11.968582228742525
500,confirmation,2040,5,11.695255355062795,11.769586313855305,-0.005244074200423764,11.764342239654882
511,confirmation,2040,5,12.013100572810686,12.02534468521269,0.008819008485788695,12.03416369369848
512,confirmation,2040,5,12.2193145828011,12.155497460256116,-0.008640458865475502,12.146857001390641
513,confirmation,2040,5,11.774527900858468,11.71645075226209,-0.0008436133516379702,11.715607138910453
516,confirmation,2040,5,12.90634935052389,12.84364709317424,-0.008513992265171577,12.835133100909069
519,confirmation,2040,5,12.259618151783465,12.159531498299874,0.013138715568786244,12.17267021386866
523,confirmation,2040,5,11.976665770490767,11.956540274056572,0.02397271390665959,11.98051298796323
524,confirmation,2040,5,12.126764251515691,13.296223894693709,-0.10590643454470451,13.190317460149004
540,confirmation,2040,5,12.513561021741964,12.412759907630042,-0.0024436376194788495,12.410316270010563
543,confirmation,2040,5,12.270225154674701,12.247830926244818,-0.010544134413416723,12.237286791831401
549,confirmation,2040,5,11.736077016252437,11.696538652847938,-0.007605654340778576,11.688932998507159
550,confirmation,2040,5,12.479913113434042,12.369687701465509,0.0018012836491429908,12.371488985114652
553,confirmation,2040,5,12.450981602512561,12.494112035099976,-0.010697504015736194,12.48341453108424
557,confirmation,2040,5,11.856522261533737,11.907659738024696,0.014401898168420895,11.922061636193117
558,confirmation,2040,5,11.58989576532275,11.555305198993103,-0.021299077798237604,11.534006121194865
560,confirmation,2040,5,12.36308066783498,12.150308133714752,0.03021619228946853,12.180524326004221
562,confirmation,2040,5,12.04355959836804,12.040524299446863,0.020088128104637983,12.0606124275515
564,confirmation,2040,5,12.128116509451258,12.100464988106292,0.007493162616842983,12.107958150723135
565,confirmation,2040,5,12.498745990829315,12.479774257865255,-0.018081406373311435,12.461692851491945
573,confirmation,2040,5,12.32163544049751,12.249604378030488,-0.000509329995882205,12.249095048034606
578,confirmation,2040,5,12.010671928196443,11.93068210659459,-0.007194799115394947,11.923487307479196
594,confirmation,2040,5,11.849404844423074,11.850556926872374,0.003712315798971407,11.854269242671345
596,confirmation,2040,5,12.672949516558306,12.727147133294268,-0.009390899930937637,12.71775623336333
599,confirmation,2040,5,12.289958727201455,12.254312704441926,0.007825066910861126,12.262137771352787
601,confirmation,2040,5,12.524530013005734,12.4801567029598,-0.009142442210249768,12.47101426074955
621,confirmation,2040,5,11.112462823634855,10.985267821578708,0.014876922282720266,11.000144743861428
622,confirmation,2040,5,12.388398368982115,12.37457913524394,0.003135317978247051,12.377714453222186
623,confirmation,2040,5,11.813037464800539,11.739728839970844,0.0072596645444342875,11.74698850451528
631,confirmation,2040,5,11.728044909070785,11.572198918379442,-0.010734988052784151,11.561463930326658
644,confirmation,2040,5,11.931642378754141,11.934723372170048,0.0030285449015760775,11.937751917071624
647,confirmation,2040,5,11.495789479023493,11.51687077073497,0.016049768343586828,11.532920539078557
651,confirmation,2040,5,12.235393555399902,12.24776248102149,-0.0019014685296591947,12.24586101249183
655,confirmation,2040,5,12.765691290604371,12.832817322531092,0.0021635531091859775,12.834980875640278
657,confirmation,2040,5,11.8879382384223,11.877194739954437,-0.0110311910461637,11.866163548908274
658,confirmation,2040,5,11.91170829631447,12.01052449509943,-0.0022098831328202953,12.00831461196661
663,confirmation,2040,5,11.608244735642321,11.797409567182632,0.012756314038196182,11.810165881220827
669,confirmation,2040,5,12.031725210748633,12.000575070853818,0.006859133471213895,12.007434204325032
671,confirmation,2040,5,12.063938642041201,12.072369558502425,-0.004209423849216499,12.068160134653208
680,confirmation,2040,5,11.763691965388299,11.749725743376183,-0.001396038759104684,11.74832970461708
681,confirmation,2040,5,11.870606902224587,11.678658416689046,-0.009163294108133295,11.669495122580914
686,confirmation,2040,5,12.242891437918386,12.339871955827094,-0.0015001307853484992,12.338371825041746
692,confirmation,2040,5,13.534474352733596,13.20749510349555,0.07893857352924898,13.2864336770248
694,confirmation,2040,5,11.59433032142082,11.577040245471228,-0.005435848609921992,11.571604396861305
697,confirmation,2040,5,11.39640288460621,11.46576933085418,0.015434157873320324,11.4812034887275
699,confirmation,2040,5,11.83863282480007,11.80833146383202,-0.016726465061311393,11.79160499877071
704,confirmation,2040,5,11.849404844423074,11.834108120344226,0.012106824154664513,11.84621494449889
705,confirmation,2040,5,12.269052139516223,12.278214634378584,-0.01697357621005619,12.261241058168528
716,confirmation,2040,5,12.013706813470414,11.917327512379886,0.01582120298755764,11.933148715367444
717,confirmation,2040,5,11.979805470779858,12.145149722616782,-0.00684582674117374,12.138303895875609
718,confirmation,2040,5,11.964007453736912,12.000444481809692,0.00658937991105868,12.007033861720751
727,confirmation,2040,5,12.310437165348775,12.330028974602326,0.030943666349921555,12.360972640952248
732,confirmation,2040,5,12.141539457711714,12.141375778359963,0.010978754424542193,12.152354532784505
734,confirmation,2040,5,11.786008995353765,11.806327638688748,0.011837155922032522,11.81816479461078
735,confirmation,2040,5,11.58989576532275,11.589203190034445,0.007577077127985861,11.59678026716243
737,confirmation,2040,5,11.44572741040675,11.345562001394692,-0.007889472168143343,11.337672529226548
739,confirmation,2040,5,12.095146671399466,11.801750098652402,0.001640342319197308,11.803390440971599
740,confirmation,2040,5,12.154784614286667,12.179607847219838,-0.0035655510089219735,12.176042296210916
742,confirmation,2040,5,11.863589378812122,11.81736555445256,0.013869277493598503,11.83123483194616
750,confirmation,2040,5,11.49273296168228,11.24847873753421,-0.011608285901566578,11.236870451632644
754,confirmation,2040,5,12.526346537332584,12.52513352901268,-9.08722423905233e-05,12.525042656770289
758,confirmation,2040,5,11.97603664577121,11.82336962306403,0.002291649185791389,11.825661272249821
763,confirmation,2040,5,12.279327754099118,12.2567594006507,0.001965122697646014,12.258724523348347
768,confirmation,2040,5,11.982935344196433,12.065103908767837,0.0029309518959285473,12.068034860663765
773,confirmation,2040,5,11.580593459194764,11.808793430641828,-0.0034867174749587232,11.80530671316687
778,confirmation,2040,5,11.86710429621008,11.81373218053666,-0.008795145014724866,11.804937035521935
779,confirmation,2040,5,11.87757552297847,11.7960151719092,-0.0036977113817334476,11.792317460527467
781,confirmation,2040,5,12.07824495582233,12.03346738422226,0.008226904799331658,12.04169428902159
782,confirmation,2040,5,12.077676615757813,12.101711730767622,0.00793279897476319,12.109644529742386
792,confirmation,2040,5,11.896833207128452,11.895661924320615,-0.012726496283339118,11.882935428037277
795,confirmation,2040,5,12.178192583415596,12.198693112829218,-0.0019433884735398756,12.196749724355678
797,confirmation,2040,5,11.874097282798648,11.814006058360404,-0.0005613084672034524,11.8134447498932
799,confirmation,2040,5,13.091906231773164,13.178103535968807,0.016794032936135465,13.194897568904942
802,confirmation,2040,5,11.60733523953139,11.708646762286682,-0.013155151095229849,11.695491611191452
803,confirmation,2040,5,12.149507585033072,12.134513602326598,-0.0005818862419589263,12.13393171608464
804,confirmation,2040,5,13.275829251377,12.985806468464414,-0.010521981839454804,12.97528448662496
808,confirmation,2040,5,12.317171167298682,12.248346170674289,0.00883672143082137,12.25718289210511
826,confirmation,2040,5,12.861001210669146,12.944911116868262,0.04497226349979135,12.989883380368054
827,confirmation,2040,5,11.603688960617083,11.479562130679865,0.00927660083965094,11.488838731519516
839,confirmation,2040,5,11.87757552297847,11.944287748738349,0.001290134448914007,11.945577883187262
846,confirmation,2040,5,12.049424683420915,12.102065603313624,0.0018568105236661582,12.10392241383729
855,confirmation,2040,5,12.04355959836804,12.006783986626996,0.005381579193037966,12.012165565820034
865,confirmation,2040,5,12.43153750053306,12.190244401962053,-0.010494586793208633,12.179749815168844
880,confirmation,2040,5,11.824087219587643,11.828803441649471,-0.0048263169383335885,11.823977124711138
881,confirmation,2040,5,11.964007453736912,11.980328818715064,0.011712317879858615,11.992041136594922
884,confirmation,2040,5,11.682676678340282,11.748231771709923,0.00573662745487321,11.753968399164796
885,confirmation,2040,5,11.51293546492023,11.702539862358757,0.002282554355551755,11.704822416714308
890,confirmation,2040,5,11.915058360753719,11.89300872935903,-0.003795680268593609,11.889213049090436
896,confirmation,2040,5,11.849404844423074,12.009161736740516,0.0033864580483683893,12.012548194788884
903,confirmation,2040,5,12.100717685412471,12.095978379592324,-0.00561009962525872,12.090368279967066
908,confirmation,2040,5,12.429220196836383,12.378433236890867,0.039858564303105325,12.418291801193973
916,confirmation,2040,5,11.225256725762893,11.348316265136283,-0.023316294080108185,11.324999971056174
919,confirmation,2040,5,12.380030154325457,12.460766828388516,0.014311683104729068,12.475078511493246
922,confirmation,2040,5,11.890683588496984,11.987613437277671,-0.010180372171265795,11.977433065106405
928,confirmation,2040,5,12.07824495582233,12.069598150710313,0.009115839290590049,12.078713990000903
937,confirmation,2040,5,12.127575825689417,12.121611033949083,0.006902736922152192,12.128513770871235
941,confirmation,2040,5,11.924379271639218,12.04441262698404,0.006435129600864394,12.050847756584904
948,confirmation,2040,5,12.506180941677357,12.539527329589584,-0.017229304994246228,12.522298024595338
951,confirmation,2040,5,11.767575435251748,11.858646417172029,-0.00315906612850643,11.855487351043521
968,confirmation,2040,5,11.813037464800539,11.835771428660331,0.005619881924288819,11.841391310584621
970,confirmation,2040,5,11.849404844423074,11.69714601225015,-0.006258646509994385,11.690887365740155
979,confirmation,2040,5,11.608244735642321,11.552710989976578,-0.0033541103170172957,11.54935687965956
985,confirmation,2040,5,11.744045122410057,11.740111190920382,-0.005897674091776911,11.734213516828605
988,confirmation,2040,5,12.887129532148373,12.987107354600038,0.017129539393900464,13.004236893993939
1005,confirmation,2040,5,12.10625783509458,12.140552582632212,0.02726063738090609,12.167813220013118
1007,confirmation,2040,5,12.004574385508691,11.961541710344818,-0.009715882153550117,11.951825828191268
1008,confirmation,2040,5,11.385103457032141,11.352443221768748,-0.013130608072353675,11.339312613696395
1012,confirmation,2040,5,11.51293546492023,11.516176318169668,0.012576907617094268,11.528753225786762
1021,confirmation,2040,5,12.07824495582233,12.038172050114648,0.011403884699929964,12.049575934814579
1024,confirmation,2040,5,12.160033942617156,12.160479965896076,0.02804584382953463,12.188525809725611
1033,confirmation,2040,5,12.644330802262578,12.76471091551927,-0.010958712094809343,12.753752203424462
1040,confirmation,2040,5,11.289794413577894,11.327347890367273,-0.008952175623196118,11.318395714744076
1045,confirmation,2040,5,12.535379989788607,12.546215932219637,-0.012347249775258924,12.533868682444378
1050,confirmation,2040,5,11.349241150793087,11.610830808814235,0.0037323158492765206,11.614563124663512
1052,confirmation,2040,5,12.206782393599413,12.13988101011754,-0.01838312632536263,12.121497883792177
1062,confirmation,2040,5,11.302216779257382,11.56344165131675,0.01147333989355376,11.574914991210305
1072,confirmation,2040,5,11.944714374881176,11.961024024757158,0.005246264293060504,11.966270289050218
1075,confirmation,2040,5,12.175618592671356,12.098812838708415,0.0009987111004108368,12.099811549808827
1082,confirmation,2040,5,11.798111925972618,11.77405646616989,0.0013433036627626467,11.775399769832653
1083,confirmation,2040,5,12.165255859329688,12.17691747533216,-0.0008458597505332332,12.176071615581627
1092,confirmation,2040,5,11.982935344196433,11.977782588322308,0.010429298253920772,11.988211886576229
1093,confirmation,2040,5,11.824087219587643,12.012121877987743,-0.0011462756513527519,12.01097560233639
1100,confirmation,2040,5,11.964007453736912,11.876698740334906,-0.06159351940125906,11.815105220933647
1105,confirmation,2040,5,11.571203807011969,11.69137832438318,0.0038465623730422048,11.695224886756222
1108,confirmation,2040,5,12.52352951631214,12.332328827351551,-0.002710497059636122,12.329618330291915
1110,confirmation,2040,5,12.54254845357358,12.662379989007958,-0.017447628596155756,12.644932360411802
1113,confirmation,2040,5,11.774527900858468,11.709811991766028,-0.007945497541945418,11.701866494224083
1116,confirmation,2040,5,12.669809806411457,12.60556450178532,-0.010258079545866371,12.595306422239453
1119,confirmation,2040,5,11.849404844423074,11.793756566323484,0.014237574213339184,11.807994140536824
1121,confirmation,2040,5,11.681832447342321,11.6477989207478,0.011859716306480752,11.65965863705428
1125,confirmation,2040,5,12.007017865994577,12.014518565498369,-0.008147107420301152,12.006371458078068
1128,confirmation,2040,5,12.464587201678082,12.386701931627735,0.0027669906749943516,12.38946892230273
1131,confirmation,2040,5,11.813037464800539,11.979026375879911,0.018611644079420796,11.997638019959332
1138,confirmation,2040,5,11.451060699493427,11.412094484081914,0.004303039149791012,11.416397523231705
1140,confirmation,2040,5,11.87757552297847,11.71389693236912,-0.0030012001993943212,11.710895732169726
1146,confirmation,2040,5,11.91170829631447,11.799346403543597,0.006934521375743296,11.80628092491934
1149,confirmation,2040,5,11.669082701743504,11.587629642420268,0.0011677359743003381,11.588797378394569
1157,confirmation,2040,5,12.100161978566867,12.12283885170438,0.026041330961921995,12.148880182666302
1162,confirmation,2040,5,12.319405795112926,12.24277834746475,0.005377208950781742,12.248155556415531
1171,confirmation,2040,5,12.049424683420915,11.95702213190981,-0.007190123260155721,11.949832008649654
1172,confirmation,2040,5,12.001511614739405,11.987895345967924,0.027647161707855264,12.01554250767578
1173,confirmation,2040,5,12.05467400868968,12.003513267716995,-0.010532906216990282,11.992980361500004
1174,confirmation,2040,5,12.208574513247495,12.270935267397526,-0.004488749576551441,12.266446517820974
1178,confirmation,2040,5,11.652696102959753,11.601513936593523,-0.01022347264635148,11.591290463947171
1179,confirmation,2040,5,11.950541482162043,11.81165058748435,0.0028815242827580447,11.814532111767107
1181,confirmation,2040,5,12.429220196836383,12.351799130074411,-0.009243269520535502,12.342555860553876
1186,confirmation,2040,5,11.560772327227417,11.7517798979084,-0.014853407851187427,11.736926490057211
1191,confirmation,2040,5,12.031725210748633,12.077073099453449,0.05482186193016683,12.131894961383615
1196,confirmation,2040,5,12.07824495582233,11.989742239237168,-0.0001328675912717547,11.989609371645896
1197,confirmation,2040,5,12.29779001527865,12.310899431284708,-0.009759835124189552,12.30113959616052
1198,confirmation,2040,5,11.87757552297847,11.963548531122278,-0.00045274617128366923,11.963095784950994
1200,confirmation,2040,5,11.904974309480181,11.864367347964256,-0.007728907132690019,11.856638440831567
1205,confirmation,2040,5,11.941462360646149,11.943807988237642,-0.009304690227361887,11.93450329801028
1206,confirmation,2040,5,12.513193308436527,12.517298880880212,0.0014952497035690627,12.51879413058378
1208,confirmation,2040,5,12.206077645517674,12.322576049291696,0.008656151984351627,12.331232201276048
1213,confirmation,2040,5,11.635151947212842,11.386749026572597,0.030123016197998256,11.416872042770596
1217,confirmation,2040,5,11.626263078808801,11.705481741786578,-0.004008418874509771,11.701473322912069
1222,confirmation,2040,5,11.80560254159177,11.700624049032443,-0.011157141726360731,11.689466907306082
1226,confirmation,2040,5,11.884495917930655,11.843593808774283,0.007609536374415413,11.851203345148699
1227,confirmation,2040,5,12.273735966890268,12.304719090545223,-0.0114687167613908,12.293250373783833
1228,confirmation,2040,5,11.898194668458823,11.85302279028741,-0.00483280196932253,11.848189988318087
1248,confirmation,2040,5,12.042971193457888,11.833830983126134,-0.004720374761762111,11.829110608364372
1249,confirmation,2040,5,11.771443882099637,11.81174364786401,0.025193958759437446,11.836937606623447
1250,confirmation,2040,5,11.686887175419702,11.735330234565623,0.002061238005171974,11.737391472570796
1252,confirmation,2040,5,12.053801032483948,12.212756309357712,0.0366641467708767,12.249420456128588
1273,confirmation,2040,5,11.827743504053695,11.805593791694356,0.005285569733374601,11.81087936142773
1278,confirmation,2040,5,12.19552218463499,12.174980355863823,-0.057355721979983294,12.11762463388384
1284,confirmation,2040,5,11.842236406331555,11.833082648752445,0.012290951309897073,11.845373600062342
1303,confirmation,2040,5,12.577639650232573,12.665562135531813,-0.01379486409232657,12.651767271439486
1305,confirmation,2040,5,11.775297421715827,11.878021858125242,-0.008693290501400238,11.869328567623842
1306,confirmation,2040,5,12.691583538230217,12.654015965776717,0.005279784000029294,12.659295749776746
1308,confirmation,2040,5,11.835016210489899,11.882587254660825,0.009192674739377286,11.891779929400203
1309,confirmation,2040,5,11.898194668458823,11.878896206534538,0.001463092335617503,11.880359298870156
1316,confirmation,2040,5,12.239995696974733,12.11655826401283,-0.024391010569829757,12.092167253443002
1331,confirmation,2040,5,12.33270970174018,12.3550615828916,0.0068716743683003186,12.361933257259901
1344,confirmation,2040,5,12.083910661257521,12.034720131184985,0.01189401956345666,12.046614150748441
1345,confirmation,2040,5,11.95655945119582,12.04466819042896,0.0017355645157897852,12.04640375494475
1352,confirmation,2040,5,12.049424683420915,11.986067920784146,-0.005674104160424792,11.980393816623721
1353,confirmation,2040,5,11.812296455066814,11.758395084438735,0.022483009445339833,11.780878093884075
1357,confirmation,2040,5,11.608244735642321,11.65126584705828,0.0033551100982559083,11.654620957156537
1360,confirmation,2040,5,12.660331092405906,12.850722404492991,-0.0056157984879908135,12.845106606005
1361,confirmation,2040,5,12.149507585033072,12.16544881390628,0.006049094002958183,12.171497907909238
1364,confirmation,2040,5,11.963574241653713,12.031715620615705,0.0012375350405653244,12.03295315565627
1371,confirmation,2040,5,11.561725152903833,11.600047100640795,0.0021482877260474978,11.602195388366843
1373,confirmation,2040,5,12.521981322562505,12.409204925987824,-0.00503263925337903,12.404172286734445
1378,confirmation,2040,5,11.669937760751914,11.813232189931762,0.01323116309637078,11.826463353028133
1381,confirmation,2040,5,10.97679912709094,11.201901440755195,0.017230760587860848,11.219132201343056
1385,confirmation,2040,5,11.561725152903833,11.568694138702684,0.005840724417137706,11.57453486311982
1390,confirmation,2040,5,11.782960235741939,11.822402272585297,0.00918380237229805,11.831586074957595
1397,confirmation,2040,5,11.982935344196433,12.039890623779687,0.0023147218907469762,12.042205345670434
1404,confirmation,2040,5,12.552930054797935,12.265885404889325,0.01379578321573175,12.279681188105057
1407,confirmation,2040,5,11.798111925972618,11.818966385051969,0.010551945408225223,11.829518330460195
1422,confirmation,2040,5,11.755879486687116,11.838684666939034,-0.016989643770535117,11.8216950231685
1423,confirmation,2040,5,11.824087219587643,11.88701061768589,0.003814810619146867,11.890825428305037
1437,confirmation,2040,5,11.699413330633599,11.68295591912686,-0.007424976255973203,11.675530942870887
1451,confirmation,2040,5,11.820417517632333,11.785348114213855,-0.011841899594914189,11.77350621461894
1454,confirmation,2040,5,11.344518647594766,11.79142411987248,0.007164265779300122,11.79858838565178
1457,confirmation,2040,5,12.25486757159303,12.182981474409484,-0.06141289710399326,12.12156857730549
1458,confirmation,2040,5,12.493133274926212,12.490130444657456,0.019854108545239616,12.509984553202695
1459,confirmation,2040,5,11.864469267087891,11.79626949274716,-0.003519553951789373,11.79274993879537
