Id,stage,seed,fold,y_log,champion_oof_log,residual_correction,candidate_log
1,discovery,19,1,12.24769911637256,12.172961036658052,0.0018838008379962225,12.17437388728655
12,discovery,19,1,12.75130259456002,12.877284558707563,0.024462652979306106,12.895631548442044
19,discovery,19,1,11.976665770490767,11.995214999851713,0.04691744692861989,12.030403085048178
27,discovery,19,1,11.811554895830454,11.826737606463855,0.022227588639526116,11.8434082979435
29,discovery,19,1,12.242891437918386,12.212168139818328,0.007369849135418351,12.21769552666989
31,discovery,19,1,10.596659732783579,11.487548618683181,-0.10350264958092838,11.409921631497484
48,discovery,19,1,12.428019481065613,12.378733274391555,-0.009278799277660357,12.37177417493331
50,discovery,19,1,11.751950239425476,11.743879057827181,0.004926768163389297,11.747574133949723
53,discovery,19,1,11.608244735642321,11.501100829080974,-0.03840524659137519,11.472296894137443
61,discovery,19,1,11.970356641102999,12.04595040434691,-0.01968443795577149,12.03118707588008
67,discovery,19,1,12.100717685412471,12.417452595768202,-0.03202389917391338,12.393434671387768
70,discovery,19,1,12.323860125621126,12.282174338169584,0.002183756616769065,12.28381215563216
78,discovery,19,1,11.751950239425476,11.680051570866903,-0.008175665407269524,11.67391982181145
81,discovery,19,1,12.173037959397275,12.282067428071192,-0.00973772542592397,12.27476413400175
94,discovery,19,1,11.804855999911272,12.07177254326509,-0.048169461859947166,12.03564544687013
97,discovery,19,1,12.273735966890268,12.276203653962567,0.0030160313102991047,12.278465677445292
99,discovery,19,1,11.326607934898927,11.371466605237305,-0.046039139573600785,11.336937250557105
103,discovery,19,1,11.68658461118553,11.665127322582393,0.00620739056182908,11.669782865503764
106,discovery,19,1,12.429220196836383,12.42385899372476,-0.0032520163210006947,12.421419981484009
112,discovery,19,1,12.100717685412471,12.048577948535781,-0.012266712448739009,12.039377914199227
115,discovery,19,1,12.466515835145202,12.356588128448843,0.05341772342486077,12.396651421017488
121,discovery,19,1,12.100717685412471,11.989449009472636,0.001651070549396217,11.990687312384683
122,discovery,19,1,11.51293546492023,11.493787261261845,-0.07333228385055209,11.438788048373931
124,discovery,19,1,11.944064817531656,11.99093834345069,-0.012746542399351213,11.981378436651177
136,discovery,19,1,12.066816325306588,12.066890232634991,-0.020288895762611926,12.051673560813033
141,discovery,19,1,11.652696102959753,11.555243041590696,0.026521945875038606,11.575134500996976
154,discovery,19,1,12.367345048436391,12.151061393574624,0.031717662571559724,12.174849640503293
158,discovery,19,1,12.504327379899443,12.519616982158638,0.02671468066702871,12.53965299265891
161,discovery,19,1,11.998439434579149,11.960411673996427,0.03859980407139178,11.98936152704997
164,discovery,19,1,11.544433821905134,11.38429192108901,-0.021578023290874892,11.368108403620854
165,discovery,19,1,11.931642378754141,11.882453647683702,-0.026846418836763565,11.86231883355613
172,discovery,19,1,12.278397958261774,12.11054310765836,-0.021916950746001918,12.09410539459886
174,discovery,19,1,12.001511614739405,11.93873447279414,-0.027757169894130566,11.917916595373542
175,discovery,19,1,12.122696471358964,12.191805980796438,0.022450094398731867,12.208643551595488
176,discovery,19,1,12.400820837540556,12.313105044205932,-0.02424148633333803,12.294923929455928
185,discovery,19,1,11.751950239425476,11.691450623214633,0.03825771402128014,11.720143908730593
188,discovery,19,1,11.813037464800539,11.805484146850986,-0.010993447187388311,11.797239061460445
193,discovery,19,1,12.165255859329688,12.198811530308024,-0.0011458263599815905,12.197952160538039
205,discovery,19,1,11.608244735642321,11.612796527685951,-0.010993447187388311,11.60455144229541
207,discovery,19,1,11.87688084212164,11.820234255144836,-0.0262720543310771,11.800530214396527
209,discovery,19,1,12.531776395271262,12.429141203779613,-0.026562558723738024,12.40921928473681
212,discovery,19,1,12.133507329024972,12.071199137711904,-0.05474659891791772,12.030139188523465
215,discovery,19,1,11.993813394724253,11.895336946113414,0.03743483086242086,11.92341306926023
216,discovery,19,1,11.808955099378537,11.84367625233684,0.007369849135418351,11.849203639188403
226,discovery,19,1,11.626263078808801,11.536566426640947,-0.013159439739975904,11.526696846835966
230,discovery,19,1,12.167856627501678,12.190455350261661,-0.012391298069911674,12.181161876709227
237,discovery,19,1,12.130815551850676,12.130738867727239,-0.003449272208776737,12.128151913570656
239,discovery,19,1,12.669809806411457,12.455222842514932,0.07599950624950431,12.51222247220206
240,discovery,19,1,11.635151947212842,11.741795152526517,-0.09094374760495365,11.673587341822802
250,discovery,19,1,12.531776395271262,12.503832629527393,0.02569087961490008,12.523100789238567
253,discovery,19,1,12.06105265381003,12.06940877181583,-0.012746542399351213,12.059848865016317
255,discovery,19,1,11.884495917930655,11.86030643246813,0.0009045456163425218,11.860984841680388
263,discovery,19,1,11.92504173829169,11.885642987920477,0.01578157746807599,11.897479171021534
264,discovery,19,1,11.775297421715827,11.72591087564073,-0.013296893036183458,11.715938205863592
294,discovery,19,1,12.367345048436391,12.353866230477797,0.0021663777328745464,12.355491013777453
300,discovery,19,1,11.973516181427835,11.864464222468337,0.006315318808091379,11.869200711574406
303,discovery,19,1,12.230770136157428,12.330570624638321,0.0030160313102991047,12.332832648121046
308,discovery,19,1,11.402005077384885,11.4568956602775,0.018655939346650403,11.470887614787488
322,discovery,19,1,12.777055016970678,12.739786336777554,-0.015064151458678045,12.728488223183545
324,discovery,19,1,11.745433036677353,11.658827870071446,0.026271565022893722,11.678531543838616
327,discovery,19,1,12.688501881189456,12.51451952818596,0.03332853953137155,12.539515932834489
334,discovery,19,1,12.240478903153711,12.141524382821784,-0.026661209540495306,12.121528475666413
338,discovery,19,1,12.273735966890268,12.303081244965,0.0018838008379962225,12.304494095593498
346,discovery,19,1,11.850832386224807,11.820967796755271,0.030441651910870175,11.843799035688424
355,discovery,19,1,11.849404844423074,11.979566139775866,-0.03235932080797939,11.955296649169881
367,discovery,19,1,11.976665770490767,12.022320336938423,-0.01961350489720677,12.007610208265518
384,discovery,19,1,11.23850177707664,11.296633897312475,-0.06286148928311351,11.24948778035014
392,discovery,19,1,12.278397958261774,12.31942401154884,-0.0208939696614988,12.303753534302716
397,discovery,19,1,11.719947764402807,11.740118301681699,0.0058613215268328266,11.744514292826823
398,discovery,19,1,12.040614105490253,11.933549253727218,-0.009664943764826975,11.926300545903597
399,discovery,19,1,11.112462823634855,11.311476051335111,-0.1359314828582837,11.209527439191397
407,discovery,19,1,11.652696102959753,11.65840543617035,-0.033491551280282264,11.633286772710138
412,discovery,19,1,11.884495917930655,11.838771516726363,0.040938927497762886,11.869475712349685
415,discovery,19,1,12.337105293891872,12.379015312293596,-0.020535775767078365,12.363613480468288
416,discovery,19,1,12.106997888588934,12.136351471353056,0.026658179225773664,12.156345105772386
418,discovery,19,1,12.384223015005313,12.216108982456737,0.017992353939896778,12.229603247911658
419,discovery,19,1,11.744045122410057,11.587979398524004,-0.03340038395685831,11.562929110556361
422,discovery,19,1,12.278397958261774,12.304322295853025,0.035511673493678855,12.330956050973285
430,discovery,19,1,12.07254696717504,12.070239876655213,0.019420467200754053,12.084805227055778
431,discovery,19,1,11.355113089309977,11.47615543506458,-0.03677442313168854,11.448574617715813
432,discovery,19,1,11.288543647320601,11.54574410052681,-0.018063417367278345,11.532196537501353
445,discovery,19,1,12.25486757159303,12.29730505753197,0.0018838008379962225,12.298717908160468
454,discovery,19,1,12.25486757159303,12.326139133999268,-0.006281643518978509,12.321427901360034
460,discovery,19,1,11.608244735642321,11.673039418812468,-0.04740244129228327,11.637487587843255
466,discovery,19,1,12.093693109638318,12.146468379628052,-0.008229440399630987,12.140296299328329
467,discovery,19,1,12.025755079404917,11.99971517091794,-0.03271760908380007,11.97517696410509
470,discovery,19,1,12.138869243416009,12.127954707219185,-0.012746542399351213,12.118394800419672
473,discovery,19,1,11.904974309480181,11.840742229119794,-0.04941352587114477,11.803682084716435
480,discovery,19,1,11.401681006153428,11.631665798101775,-0.009200139633312851,11.62476569337679
482,discovery,19,1,12.832013750189885,12.786766180680381,-0.03046220074658787,12.76391953012044
483,discovery,19,1,11.951186847493476,12.051236372762906,0.00889841242493888,12.05791018208161
485,discovery,19,1,11.794345471549745,11.780812679561892,0.004926768163389297,11.784507755684434
487,discovery,19,1,11.957617696467539,11.911368393186356,0.02153387872963942,11.927518802233585
490,discovery,19,1,11.362114203075018,11.511482747939056,0.035173999974642656,11.537863247920038
491,discovery,19,1,11.652696102959753,11.611156519888892,0.0073843144229750295,11.616694755706124
493,discovery,19,1,12.059809113551397,12.04952667708277,0.010073243829554622,12.057081609954936
495,discovery,19,1,11.421917019425596,11.51319983066612,0.003108879274392077,11.515531490121914
504,discovery,19,1,12.574185427296195,12.374679458082689,0.06074440973579252,12.420237765384533
505,discovery,19,1,11.898194668458823,11.863366658660167,-0.008266911480452277,11.857166475049828
513,discovery,19,1,11.774527900858468,11.715249144313646,-0.0025059303358644456,11.713369696561747
515,discovery,19,1,11.477308649967686,11.405091901104065,0.0455664233652783,11.439266718628023
520,discovery,19,1,12.36308066783498,12.424413472420836,0.06017600500656328,12.469545476175758
524,discovery,19,1,12.126764251515691,13.338535273044494,-0.17595879410449902,13.20656617746612
525,discovery,19,1,12.662709207270272,12.63430952819296,0.027558211542154636,12.654978186849576
538,discovery,19,1,11.619544188752133,11.701659106045573,-0.00305448115499566,11.699368245179327
543,discovery,19,1,12.270225154674701,12.26766566097473,-0.03319430243187253,12.242769934150825
545,discovery,19,1,12.098854850641,12.18256211174152,0.03381719265473619,12.207925006232571
550,discovery,19,1,12.479913113434042,12.36121622784349,0.02023972933237857,12.376396024842775
555,discovery,19,1,12.556733038263905,12.50168782607001,-0.026661209540495306,12.481691918914638
557,discovery,19,1,11.856522261533737,11.902769661282994,-0.0025059303358644456,11.900890213531095
564,discovery,19,1,12.128116509451258,12.098923516735017,-0.018214703376678368,12.085262489202508
577,discovery,19,1,11.884495917930655,11.927812085563074,0.03721298938232817,11.95572182759982
579,discovery,19,1,11.891368749982085,11.993928223977736,-0.030244145475624817,11.971245114871017
582,discovery,19,1,12.442306148381938,12.843614349370917,0.07899666200818616,12.902861845877057
584,discovery,19,1,12.691583538230217,12.586808329712717,0.08561409161214721,12.651018898421828
588,discovery,19,1,11.827743504053695,11.813503437297884,-0.013399119101112453,11.80345409797205
589,discovery,19,1,11.870606902224587,12.345887460637055,0.080162277600584,12.406009168837492
591,discovery,19,1,12.132969552931216,12.156823826821753,0.0018838008379962225,12.158236677450251
595,discovery,19,1,11.608244735642321,11.665388787557273,0.01876672819609344,11.679463833704343
609,discovery,19,1,12.791358964949923,12.532027599145726,-0.028522215367183,12.51063593762034
614,discovery,19,1,11.898194668458823,11.63938575271588,-0.04558611165044342,11.605196168978047
630,discovery,19,1,12.034696963475044,11.978989646791224,-0.016583877699228956,11.966551738516802
634,discovery,19,1,11.845109950883979,11.838674350439614,0.02153387872963942,11.854824759486844
645,discovery,19,1,12.823631142839984,12.74549826869532,0.01731168020697924,12.758482028850555
646,discovery,19,1,11.872353615355413,11.83292620685844,-0.022610660655888612,11.815968211366524
647,discovery,19,1,11.495789479023493,11.519359550313126,-0.003638160808167321,11.516630929707
654,discovery,19,1,11.813037464800539,11.800957147862125,0.018655939346650403,11.814949102372113
659,discovery,19,1,11.487617913343598,11.77059444884235,-0.06036905967501921,11.725317654086087
669,discovery,19,1,12.031725210748633,11.99386991870918,-0.009237261430831764,11.986941972636057
675,discovery,19,1,11.849404844423074,11.897662129912028,-0.006708098227946156,11.892631056241068
695,discovery,19,1,11.860062063178267,11.72312806549547,-0.00132951313396454,11.722130930644996
697,discovery,19,1,11.39640288460621,11.435350599406714,0.024155387559499742,11.45346714007634
710,discovery,19,1,11.60733523953139,11.562189228191059,-0.0010646588515813623,11.561390734052374
715,discovery,19,1,11.779136168550774,12.086759477591263,0.023418600410780543,12.104323427899349
718,discovery,19,1,11.964007453736912,11.98663617046875,0.039070567581575,12.01593909615493
719,discovery,19,1,12.739640688812674,12.653399023091016,0.0335849944988143,12.678587768965127
720,discovery,19,1,11.763691965388299,11.839934550134426,0.019898958668396315,11.854858769135724
721,discovery,19,1,12.524530013005734,12.502774109176704,0.04714980083780285,12.538136459805056
722,discovery,19,1,11.870606902224587,11.877872226527508,0.006236008367954463,11.882549232803473
723,discovery,19,1,11.732069026983156,11.661840651975586,0.05701485930165398,11.704601796451827
737,discovery,19,1,11.44572741040675,11.36596428853635,-0.0358044195703911,11.339110973858556
745,discovery,19,1,12.100717685412471,12.272372453534096,0.04601757036549997,12.306885631308221
752,discovery,19,1,11.995357787034976,11.985459354152551,-0.012960422358625706,11.975739037383581
760,discovery,19,1,12.577639650232573,12.626029185494291,-0.008122214609713019,12.619937524537006
763,discovery,19,1,12.279327754099118,12.205118776816416,0.04501709400020823,12.238881597316572
765,discovery,19,1,12.506180941677357,12.442121200419923,-0.007917007766744838,12.436183444594864
768,discovery,19,1,11.982935344196433,12.06137080826035,0.013334480030945412,12.07137166828356
769,discovery,19,1,12.28690580994122,12.348811500758453,0.0030160313102991047,12.351073524241178
774,discovery,19,1,11.648338835562747,11.698045708957089,0.010292689783412062,11.705765226294648
776,discovery,19,1,11.995357787034976,11.986311605738308,-0.0208939696614988,11.970641128492185
783,discovery,19,1,12.139403856983334,12.154170661948298,-0.0011458263599815905,12.153311292178312
789,discovery,19,1,11.588969419043874,11.564023365168367,0.005771802688968361,11.568352217185094
793,discovery,19,1,12.505402864156405,12.36625722632106,0.027558211542154636,12.386925884977677
795,discovery,19,1,12.178192583415596,12.202009986850959,-0.006933639401966054,12.196809757299484
796,discovery,19,1,12.049424683420915,12.011923165669025,-0.008203835974841374,12.005770288687893
797,discovery,19,1,11.874097282798648,11.83202892663783,-0.022576258455352938,11.815096732796317
800,discovery,19,1,12.07254696717504,12.020529498319334,0.054219059088109395,12.061193792635416
811,discovery,19,1,12.10625783509458,12.128532617493446,0.018350488140775955,12.142295483599028
823,discovery,19,1,12.323860125621126,12.137132932383446,-0.0330727433158674,12.112328374896546
827,discovery,19,1,11.603688960617083,11.46740326434766,0.001700114064013273,11.468678349895669
831,discovery,19,1,12.019749091416921,12.086823340106635,-0.016583877699228956,12.074385431832214
840,discovery,19,1,11.779136168550774,11.804875420528814,-0.026856745359574132,11.784732861509134
843,discovery,19,1,12.071975378543236,11.96085029305326,0.01461494479523744,11.971811501649688
847,discovery,19,1,12.269052139516223,12.187314870611319,-0.02356540296505618,12.169640818387526
849,discovery,19,1,12.388398368982115,12.381697144004015,0.045819989033340114,12.41606213577902
852,discovery,19,1,12.278397958261774,12.130786585488556,-0.035210298237198207,12.104378861810657
855,discovery,19,1,12.04355959836804,12.035705460787053,-0.06732839956078082,11.985209161116467
856,discovery,19,1,11.751950239425476,11.848438588863006,0.01972280453505638,11.863230692264299
858,discovery,19,1,12.066816325306588,11.984521334740174,0.006699533317085154,11.989545984727988
861,discovery,19,1,12.154521423145216,12.070873309700442,0.060050699825905815,12.115911334569871
865,discovery,19,1,12.43153750053306,12.184106733295716,0.01752669400186203,12.197251753797111
872,discovery,19,1,12.208574513247495,12.132191591900714,0.006236008367954463,12.13686859817668
874,discovery,19,1,11.798111925972618,11.775357357757658,0.024531034488321262,11.7937556336239
875,discovery,19,1,11.104972264124868,11.462052073028497,0.002737616246299212,11.464105285213222
880,discovery,19,1,11.824087219587643,11.805795789296456,0.051162470483079606,11.844167642158766
883,discovery,19,1,12.08954444723597,12.056706772936726,0.006699533317085154,12.06173142292454
886,discovery,19,1,12.70351207261035,12.464772200310788,-0.024599915208752144,12.446322263904225
896,discovery,19,1,11.849404844423074,12.02013801800387,-0.016583877699228956,12.007700109729448
897,discovery,19,1,11.575909653758895,11.334164467021154,-0.0780592905784314,11.275619999087331
901,discovery,19,1,11.608244735642321,11.645371189940487,0.032694660519788546,11.669892185330328
905,discovery,19,1,11.74006900564972,11.707336549864356,-0.016396274859794294,11.695039343719511
912,discovery,19,1,11.874097282798648,11.936416743384965,0.03706014402129923,11.96421185140094
923,discovery,19,1,12.043500773454495,12.054212410495289,0.010073243829554622,12.061767343367455
943,discovery,19,1,11.918397239722838,11.801542560337378,-0.0815806507192081,11.740357072297972
944,discovery,19,1,11.870606902224587,11.834891594368745,-0.06075324661085389,11.789326659410605
946,discovery,19,1,11.735276702486741,11.8485091625325,-0.03231649021057191,11.824271794874571
949,discovery,19,1,12.167856627501678,12.197413084658464,0.0030160313102991047,12.19967510814119
955,discovery,19,1,11.755879486687116,11.753602042133805,-0.06761084445290999,11.702893908794122
957,discovery,19,1,11.728044909070785,11.708147607405714,0.00850980217045048,11.714529959033552
958,discovery,19,1,11.790564777297387,11.756414952862599,-0.0262720543310771,11.73671091211429
960,discovery,19,1,11.951186847493476,12.07898471809475,0.017936283483583424,12.092436930707438
970,discovery,19,1,11.849404844423074,11.695723004456854,-0.00838008797895505,11.689437938472638
975,discovery,19,1,12.02874460037869,12.014544710959317,0.019970011002124744,12.02952221921091
984,discovery,19,1,12.45254592991672,12.422812718597001,-0.024380883699830477,12.404527055822129
991,discovery,19,1,12.759960632315702,12.675755237788762,-0.0009632011807504948,12.675032836903199
994,discovery,19,1,12.066241450757124,12.044915552654034,-0.0021127474771305277,12.043330992046187
996,discovery,19,1,11.7085004721646,11.591344471506487,0.03629095191483575,11.618562685442614
1000,discovery,19,1,12.235636302128867,12.157535232855786,-0.003449272208776737,12.154948278699203
1004,discovery,19,1,11.827049837927534,11.910039758356554,0.033043784624915334,11.93482259682524
1028,discovery,19,1,12.588194064175278,12.714457208639587,0.03204775371380167,12.738493023924939
1034,discovery,19,1,12.345838935721968,12.390446472568822,0.0030160313102991047,12.392708496051547
1039,discovery,19,1,11.48247656671073,11.543960866283603,-0.00025136951032132815,11.543772339150863
1041,discovery,19,1,11.951186847493476,11.991674320583995,-0.0553101895891505,11.950191678392132
1049,discovery,19,1,11.652696102959753,11.819907922193062,-0.05775609085217205,11.776590854053934
1050,discovery,19,1,11.349241150793087,11.602168747274376,0.016180311465505127,11.614303980873505
1052,discovery,19,1,12.206782393599413,12.147474175645927,-0.005502724710748941,12.143347132112865
1056,discovery,19,1,12.100717685412471,11.97689424028478,-0.047234432929783805,11.941468415587442
1065,discovery,19,1,11.944714374881176,11.946185694199846,0.0032079914651376683,11.948591687798698
1066,discovery,19,1,12.700771936142122,12.492699482188057,0.03191560178472916,12.516636183526604
1067,discovery,19,1,12.08954444723597,12.068383999460362,0.03789835581155154,12.096807766319026
1073,discovery,19,1,11.424105180165641,11.639016818344967,-0.08268561404433855,11.577002607811712
1074,discovery,19,1,11.979805470779858,11.946737576960883,-0.04256737359783977,11.914812046762503
1076,discovery,19,1,12.299112067295642,12.14398610767972,0.0568025565801884,12.18658802511486
1079,discovery,19,1,11.956976469393481,11.847033304079222,0.0127013118870303,11.856559287994495
1090,discovery,19,1,12.190964083849375,12.23748746381957,-0.0021197858486978194,12.235897624433045
1094,discovery,19,1,11.891368749982085,11.979853075527418,0.04279521862038234,12.011949489492704
1099,discovery,19,1,11.759793355371237,11.58747292916579,0.027000338111941056,11.607723182749746
1104,discovery,19,1,11.979805470779858,11.886757710267517,-0.0055758677556432806,11.882575809450785
1107,discovery,19,1,12.100161978566867,12.144202593979077,-0.026562558723738024,12.124280674936275
1108,discovery,19,1,12.52352951631214,12.327872033090962,0.03381719265473619,12.353234927582013
1109,discovery,19,1,12.10625783509458,12.033050886559579,-0.03432412777748464,12.007307790726465
1110,discovery,19,1,12.54254845357358,12.66268649552062,-0.012066995699996197,12.653636248745624
1117,discovery,19,1,12.123239799036943,12.109600151825928,-0.018390925373672443,12.095806957795673
1123,discovery,19,1,11.626263078808801,11.365775007556774,-0.09170053002611166,11.29699961003719
1126,discovery,19,1,11.652696102959753,11.605018436634241,0.025816036807187578,11.624380464239632
1131,discovery,19,1,11.813037464800539,11.99685113620689,0.004803942442685092,12.000454093038904
1147,discovery,19,1,12.100717685412471,12.100264989293366,-0.011614311927048338,12.09155425534808
1152,discovery,19,1,11.917730355182513,11.989997223200191,-0.07179744304558999,11.936149140916
1158,discovery,19,1,12.345838935721968,12.280121416050093,-0.02969083673847312,12.25785328849624
1168,discovery,19,1,12.06105265381003,12.16845971795475,0.010861390987365844,12.176605761195274
1169,discovery,19,1,12.367345048436391,12.213082266286277,-0.018214703376678368,12.199421238753768
1176,discovery,19,1,12.560247968016562,12.586731650895565,-0.008122214609713019,12.58063998993828
1187,discovery,19,1,11.461642696843066,11.745530179854745,-0.06290976781912788,11.698347853990398
1195,discovery,19,1,11.970356641102999,11.878675995041597,0.009316273949000153,11.885663200503346
1197,discovery,19,1,12.29779001527865,12.307282805732989,0.03381719265473619,12.33264570022404
1198,discovery,19,1,11.87757552297847,11.961839837299465,-0.011980338161719662,11.952854583678175
1202,discovery,19,1,12.19552218463499,12.178275326779277,-0.0011458263599815905,12.177415957009291
1203,discovery,19,1,11.669937760751914,11.782090126245338,0.03409585635099946,11.807662018508587
1208,discovery,19,1,12.206077645517674,12.3114263403183,0.0127013118870303,12.320952324233573
1212,discovery,19,1,12.00762780434872,12.235883341260756,0.010504451271998817,12.243761679714755
1215,discovery,19,1,11.80932691294063,11.759710086829159,-0.0025059303358644456,11.75783063907726
1218,discovery,19,1,12.343470927093518,12.427665655267509,-0.0004696582677482519,12.427313411566697
1223,discovery,19,1,11.870606902224587,11.955186316039402,-0.012734881184605815,11.945635155150947
1226,discovery,19,1,11.884495917930655,11.83620005331214,0.022690488300358174,11.853217919537409
1231,discovery,19,1,12.154784614286667,12.199407242817069,-0.0262720543310771,12.17970320206876
1246,discovery,19,1,12.08954444723597,12.189858330462872,-0.010889101197075469,12.181691504565066
1250,discovery,19,1,11.686887175419702,11.721610745877927,0.02153387872963942,11.737761154925156
1256,discovery,19,1,11.755879486687116,11.737365865433814,0.03315841795319044,11.762234678898707
1260,discovery,19,1,11.92504173829169,11.884812661758328,0.028717271257017816,11.906350615201092
1261,discovery,19,1,12.10625783509458,12.156217355968444,0.006699533317085154,12.161242005956257
1278,discovery,19,1,12.19552218463499,12.171969925035125,0.004312850999212463,12.175204563284534
1280,discovery,19,1,11.133142723386813,11.556243295262087,-0.16249766741598703,11.434370044700097
1283,discovery,19,1,11.921725007667265,11.910757985047617,0.03706014402129923,11.938553093063591
1292,discovery,19,1,11.691080018519527,11.638005029683534,0.051562678912086365,11.676677038867599
1296,discovery,19,1,11.83863282480007,11.82937137045492,-0.0025059303358644456,11.827491922703022
1297,discovery,19,1,11.951186847493476,11.931216129620172,0.006237618663115476,11.935894343617509
1307,discovery,19,1,12.218500103788143,12.136181565517012,0.012942379364305263,12.14588835004024
1314,discovery,19,1,12.716405147731708,12.712362411519326,0.041797783213797915,12.743710748929674
1320,discovery,19,1,11.6172944892629,11.6438958748476,0.004881829175868102,11.6475572467295
1328,discovery,19,1,11.779136168550774,11.774100934090896,0.02389998341106409,11.792025921649193
1329,discovery,19,1,12.45293662970407,12.174286031430489,-0.020819635880103902,12.15867130452041
1332,discovery,19,1,11.794345471549745,11.78367092753848,0.01002317919711351,11.791188311936315
1337,discovery,19,1,11.813037464800539,11.850354967167073,0.029194788110292195,11.872251058249793
1344,discovery,19,1,12.083910661257521,12.018032435547655,0.020989509698578625,12.033774567821588
1345,discovery,19,1,11.95655945119582,12.045286362377944,-0.005502724710748941,12.041159318844882
1351,discovery,19,1,12.206077645517674,12.05224994909871,-0.006667788006145136,12.047249108094102
1356,discovery,19,1,12.04355959836804,12.142710229513082,-0.01915666529030905,12.12834273054535
1361,discovery,19,1,12.149507585033072,12.147608816619778,0.038922799021585464,12.176800915885966
1362,discovery,19,1,12.468440756144114,12.453850647379971,0.04677508780178026,12.488931963231305
1365,discovery,19,1,11.878630514504515,11.89743994088794,-0.029111915003321942,11.875606004635449
1371,discovery,19,1,11.561725152903833,11.602717780867836,-0.018580867532193044,11.588782130218691
1376,discovery,19,1,12.384223015005313,12.458147330976136,0.026020970757142017,12.477663059043993
1388,discovery,19,1,11.820417517632333,11.92089126165456,-0.05654691089045413,11.87848107848672
1393,discovery,19,1,11.719947764402807,11.748255442858467,-0.0025059303358644456,11.746375995106568
1396,discovery,19,1,12.546871224308068,12.515884928671216,-0.04039274709107119,12.485590368352913
1397,discovery,19,1,11.982935344196433,12.017221371444952,0.03451175371395683,12.04310518673042
1399,discovery,19,1,11.835016210489899,11.831556361969472,-0.04286493669318106,11.799407659449587
1406,discovery,19,1,12.524530013005734,12.548085058888692,0.01907182077734763,12.562388924471703
1415,discovery,19,1,12.240478903153711,12.18759651179523,0.06050824393303371,12.232977694745005
1416,discovery,19,1,12.077676615757813,12.308280845216398,-0.012391298069911674,12.298987371663964
1419,discovery,19,1,11.728044909070785,11.809037237187631,0.016319472740071724,11.821276841742685
1422,discovery,19,1,11.755879486687116,11.837802642514452,-0.010570357329247425,11.829874874517516
1423,discovery,19,1,11.824087219587643,11.880817921444553,0.011569081414727424,11.889494732505598
1424,discovery,19,1,12.524420916542532,12.124015985425638,-0.057788444515347884,12.080674652039127
1426,discovery,19,1,11.863589378812122,11.871485169812843,-0.006708098227946156,11.866454096141883
1427,discovery,19,1,12.509877789891931,12.466584167037812,0.0335849944988143,12.491772912911923
1429,discovery,19,1,11.686887175419702,11.619920590246727,0.02175721342068766,11.636238500312242
1434,discovery,19,1,12.136191879981927,12.13406154932403,0.009729160515062969,12.141358419710327
1436,discovery,19,1,12.066816325306588,12.054629256466777,-0.023779980444925443,12.036794271133083
1453,discovery,19,1,11.884495917930655,11.812868720066868,-0.03560029435855406,11.786168499297952
1455,discovery,19,1,12.128116509451258,12.1437262225498,0.02023972933237857,12.158906019549084
1460,discovery,19,1,11.901590234400047,11.921717742791015,-0.026856745359574132,11.901575183771335
3,discovery,19,2,12.317171167298682,12.23417385707729,-0.012806273311817955,12.224569152093427
17,discovery,19,2,11.91170829631447,11.910462350781616,0.006847485789839734,11.915597965123997
20,discovery,19,2,11.842236406331555,11.667270933574905,-0.002638059259865641,11.665292389130006
24,discovery,19,2,11.774527900858468,11.831706831699053,0.028420997732528687,11.85302257999845
39,discovery,19,2,11.599112335481124,11.7454713710768,-0.018063105759362034,11.731924041757278
47,discovery,19,2,12.387089184491993,12.585421665426077,-0.11143085170979714,12.501848526643728
62,discovery,19,2,11.522885696764481,11.444557087083096,0.020024695152915564,11.459575608447782
65,discovery,19,2,12.299112067295642,12.290242627892408,-0.007481777689862178,12.284631294625012
71,discovery,19,2,12.404927602627597,12.420443243200483,-0.031101563629443954,12.3971170704784
74,discovery,19,2,11.88380602959621,11.886267131726543,0.009547565978283252,11.893427806210255
75,discovery,19,2,11.58432477200052,11.611354715760854,-0.03235289165377754,11.58709004702052
84,discovery,19,2,11.748005492256807,11.783907544755001,0.010247193376417893,11.791592939787314
88,discovery,19,2,12.010671928196443,12.029969579947197,0.03458003710504646,12.055904607775982
90,discovery,19,2,11.724813914587886,11.67582939584779,0.020492703042865365,11.691198923129939
101,discovery,19,2,12.230770136157428,12.284989938498407,0.027928408270982377,12.305936244701645
111,discovery,19,2,11.827013315851762,11.887734555114362,-0.04314283682590436,11.855377427494933
119,discovery,19,2,12.676079399771027,12.73449273820725,-0.021062928233925846,12.718695542031805
133,discovery,19,2,11.923384748066601,11.9386499613763,-0.004877800629925861,11.934991610903856
140,discovery,19,2,12.352339472153524,12.24545168362777,0.011538069350146321,12.254105235640381
142,discovery,19,2,12.468440756144114,12.38973421114625,0.0046542718171243645,12.393224915009093
145,discovery,19,2,11.736077016252437,11.812618167774684,0.07557780281995444,11.86930151988965
146,discovery,19,2,11.775297421715827,11.8090664140512,-0.0014160121735450632,11.808004404921041
153,discovery,19,2,12.154784614286667,12.138955691083137,0.018924319872722393,12.153148930987678
159,discovery,19,2,12.448630513463613,12.371219334468027,0.02611322311315869,12.390804251802896
166,discovery,19,2,11.755879486687116,11.757548480492007,-0.020672024740985694,11.742044461936267
168,discovery,19,2,12.693501691489768,12.812688638248689,0.05061112802928158,12.85064698427065
170,discovery,19,2,12.337105293891872,12.385845514019815,0.003207270391125781,12.388250966813159
173,discovery,19,2,12.384223015005313,12.226265909089523,0.07845693189722741,12.285108608012443
178,discovery,19,2,12.058158312538197,12.12185046129021,-0.00013838463878227195,12.121746672811122
181,discovery,19,2,12.083910661257521,12.0544970299575,0.04431563539981373,12.08773375650736
187,discovery,19,2,12.06105265381003,12.079098965420474,-0.07277586334725017,12.024517067910036
191,discovery,19,2,12.660331092405906,12.553889905521727,0.03900132541009607,12.583140899579298
196,discovery,19,2,11.908346971208951,11.893260289285143,-0.012806999082559127,11.883655039973224
197,discovery,19,2,12.650351332641707,12.623553057889286,0.01883342205781946,12.63767812443265
208,discovery,19,2,11.856522261533737,11.857656798669272,0.03375341045573331,11.882971856511071
211,discovery,19,2,11.49273296168228,11.451848056797276,-0.03491234643616085,11.425663796970156
235,discovery,19,2,12.285350445351659,12.283854154397522,0.005609643086538536,12.288061386712426
238,discovery,19,2,12.178192583415596,12.299799766442543,0.0038974886604488754,12.30272288293788
241,discovery,19,2,12.47801017053037,12.543195072804352,-0.0032297140624121864,12.540772787257543
246,discovery,19,2,12.394628892852941,12.294744251547979,-0.023622377971017648,12.277027468069715
258,discovery,19,2,12.301387370778713,12.364645493243994,-0.04366142660978474,12.331899423286655
262,discovery,19,2,12.52815976788113,12.773137123310553,0.023187074027322042,12.790527428831044
266,discovery,19,2,12.075400019877522,12.10046924133101,0.012183869942979644,12.109607143788246
270,discovery,19,2,11.904974309480181,11.923102298628393,0.0074030313116809476,11.928654572112153
271,discovery,19,2,12.491255347155265,12.478114860513603,0.005408253841329388,12.4821710508946
273,discovery,19,2,12.577639650232573,12.614005589336644,0.019078956622363474,12.628314806803417
275,discovery,19,2,11.732069026983156,11.775871879527628,-0.0005778655958280123,11.775438480330758
277,discovery,19,2,12.211065162153215,12.188399590119325,-0.07659614233637838,12.130952483367041
278,discovery,19,2,11.856522261533737,11.559202109604003,0.03152083770289887,11.582842737881178
279,discovery,19,2,12.936754021718041,12.862126185311523,0.06015938502566388,12.90724572408077
280,discovery,19,2,12.165255859329688,12.183717261185482,0.06601713152694064,12.233230109830687
282,discovery,19,2,12.128116509451258,12.135381298796002,0.046716086612033,12.170418363755026
287,discovery,19,2,11.976665770490767,12.140009757373727,0.022803814285954477,12.157112618088194
291,discovery,19,2,12.359784657728284,12.407110703157644,0.03932844743647075,12.436607038734996
298,discovery,19,2,12.384223015005313,12.310520408224447,0.025928178200124725,12.32996654187454
305,discovery,19,2,12.59473402514672,12.532930458406858,0.023608871018581924,12.550637111670794
306,discovery,19,2,12.631016799175821,12.608931274124572,-0.03306229106416941,12.584134555826445
317,discovery,19,2,12.468440756144114,12.397105733888454,-0.010798010583629463,12.389007225950731
319,discovery,19,2,12.468440756144114,12.739268817497935,0.06107815160642616,12.785077431202755
325,discovery,19,2,12.396697137361691,12.473696953578974,-0.016676197021234837,12.461189805813047
330,discovery,19,2,11.264476926102367,11.27379425527992,-0.0009303978392969925,11.273096456900447
332,discovery,19,2,11.842236406331555,11.794312026570294,-0.004877800629925861,11.79065367609785
335,discovery,19,2,12.165255859329688,12.191931765965657,0.004105426453710958,12.19501083580594
353,discovery,19,2,11.461642696843066,11.424720462629239,0.050482892689783405,11.462582632146576
359,discovery,19,2,11.775297421715827,11.800921053898522,-0.0485865445908489,11.764481145455385
360,discovery,19,2,12.54254845357358,12.532407827367019,0.010074868224103471,12.539963978535097
361,discovery,19,2,11.957617696467539,11.918749759007955,-0.02184465131446202,11.902366270522108
379,discovery,19,2,12.885204569609956,12.853990579673933,0.03043607111461917,12.876817633009898
381,discovery,19,2,11.751950239425476,11.962077631589015,0.025189168288432685,11.980969507805339
382,discovery,19,2,12.142871895843887,12.266931049298273,0.03497479546696817,12.2931621458985
389,discovery,19,2,12.160033942617156,12.191601050423992,-0.012806273311817955,12.18199634544013
394,discovery,19,2,11.51293546492023,11.432840618779581,0.019189703971390155,11.447232896758123
396,discovery,19,2,11.767575435251748,11.761346574274059,-0.03340812980333326,11.736290476921559
400,discovery,19,2,12.392556361841777,12.267348281443349,0.029933502102286895,12.289798408020063
401,discovery,19,2,12.411056299528171,12.33042644952887,-0.041456812393110366,12.299333840234038
403,discovery,19,2,11.58989576532275,11.514742669507777,0.018286026800659938,11.528457189608272
406,discovery,19,2,11.918397239722838,11.98638017430593,-0.01875900861349511,11.972310917845808
413,discovery,19,2,12.310437165348775,12.414991885776141,0.019018466970853423,12.429255736004281
420,discovery,19,2,11.863589378812122,11.783441615783056,-0.004692755716891895,11.779922048995388
423,discovery,19,2,11.635151947212842,11.671758032712768,-0.026857454209996343,11.651614942055271
446,discovery,19,2,11.755879486687116,11.928740771607883,-0.012163630694033962,11.919618048587358
452,discovery,19,2,12.54254845357358,12.314510590147039,0.08347767665588296,12.37711884763895
455,discovery,19,2,12.144202560946876,11.902173561055289,-0.06921080605237456,11.850265456516007
456,discovery,19,2,12.075400019877522,11.998921689228828,-0.029043656180966777,11.977138947093103
462,discovery,19,2,11.951186847493476,11.915793429082802,0.03759449820544847,11.943989302736888
463,discovery,19,2,11.04106411122238,11.726547310750089,-0.01227443414576881,11.717341485140762
468,discovery,19,2,11.89478753335453,11.961459003917307,0.009362521065249289,11.968480894716244
496,discovery,19,2,10.460270761075149,11.173743680626313,-0.041950866960967864,11.142280530405587
503,discovery,19,2,11.849404844423074,11.781762194088568,-0.019352853021192086,11.767247554322674
516,discovery,19,2,12.90634935052389,12.866988903942742,-0.08236605001367432,12.805214366432486
518,discovery,19,2,12.487488878546145,12.561887140119682,0.06107815160642616,12.607695753824501
526,discovery,19,2,12.07824495582233,12.092437539162129,0.042069551609273434,12.123989702869084
528,discovery,19,2,13.008661502470739,12.95111652495476,0.05884021330587026,12.995246684934163
529,discovery,19,2,11.362114203075018,11.357956796024872,0.01833147239508994,11.37170540032119
533,discovery,19,2,11.58525542883217,11.526862911819796,0.009547565978283252,11.534023586303508
539,discovery,19,2,11.970356641102999,11.84825892235488,-0.00013838463878227195,11.848155133875792
544,discovery,19,2,11.798111925972618,11.792400834285305,-0.04182165882864353,11.761034590163822
546,discovery,19,2,12.34148164933907,12.347965223102747,-0.023622377971017648,12.330248439624484
547,discovery,19,2,12.25486757159303,12.044146609863603,0.052689239683355975,12.08366353962612
551,discovery,19,2,11.849404844423074,11.721199218248302,-0.046369794756180645,11.686421872181166
552,discovery,19,2,11.630717389475995,11.625030593475115,-0.03411272960842107,11.599446046268799
554,discovery,19,2,11.58989576532275,11.661331299444903,-0.0026236205971226154,11.659363583997061
558,discovery,19,2,11.58989576532275,11.572077070542328,-0.09938235649361869,11.497540303172114
559,discovery,19,2,12.07254696717504,12.18601068493961,-0.008132629680443726,12.179911212679277
573,discovery,19,2,12.32163544049751,12.252879865484793,-0.04435334718850629,12.219614855093413
576,discovery,19,2,11.682676678340282,11.632476536382745,-0.018682650081020998,11.61846454882198
603,discovery,19,2,12.301387370778713,12.299839767527352,-0.08709813320867184,12.234516167620848
604,discovery,19,2,11.92504173829169,11.956776685203387,0.02611322311315869,11.976361602538256
621,discovery,19,2,11.112462823634855,11.053016920371078,-0.14638878320067825,10.94322533297057
626,discovery,19,2,11.982935344196433,11.871288900200346,-0.007392835905335413,11.865744273271345
627,discovery,19,2,11.848690308590857,11.741014171498867,-0.015597895829125437,11.729315749627023
633,discovery,19,2,11.320565693461432,12.035235501553139,-0.045652156681163035,12.000996384042267
637,discovery,19,2,11.002116507732017,10.901811615570606,-0.06831629289499451,10.850574395899361
642,discovery,19,2,12.328294703023396,12.406595886147777,0.025928178200124725,12.42604201979787
643,discovery,19,2,12.75130259456002,12.728163651879632,-0.05147251019871281,12.689559269230596
644,discovery,19,2,11.931642378754141,11.931371742258117,-0.01655201705013387,11.918957729470517
649,discovery,19,2,11.951186847493476,11.963310206678884,-0.018112931104534984,11.949725508350483
653,discovery,19,2,12.160033942617156,12.186343494410586,-0.007481777689862178,12.18073216114319
661,discovery,19,2,12.19552218463499,12.188270131873814,-0.01480333448579164,12.177167631009471
670,discovery,19,2,11.83138646878959,11.663146620983062,0.05074085562500873,11.701202262701818
671,discovery,19,2,12.063938642041201,12.068321987228328,0.011538069350146321,12.076975539240939
681,discovery,19,2,11.870606902224587,11.688361093476187,-0.017341011995718095,11.675355334479399
684,discovery,19,2,12.560247968016562,12.562590002935684,-0.02330574191885766,12.54511069649654
692,discovery,19,2,13.534474352733596,13.189564376950994,0.0901670824041275,13.257189688754089
694,discovery,19,2,11.59433032142082,11.576893464133564,-0.017557675843482376,11.563725207250952
701,discovery,19,2,12.652362948153474,12.638326588208344,-0.0075128248080737915,12.632691969602288
703,discovery,19,2,12.799178471909892,12.796370653271005,0.11357126522137591,12.881549102187037
706,discovery,19,2,10.915106645867503,11.075633569446858,-0.07941049203046785,11.016075700424006
713,discovery,19,2,12.149507585033072,12.149100955528514,0.032149870500501214,12.17321335840389
731,discovery,19,2,12.373707715234994,12.442965523664144,0.033654087133328806,12.46820608901414
732,discovery,19,2,12.141539457711714,12.137253838864469,-0.010694728453352962,12.129232792524455
738,discovery,19,2,12.3879816172226,12.34913484826913,-0.040789606654127834,12.318542643278535
744,discovery,19,2,12.07254696717504,11.941554428991425,-0.0015543389465692316,11.940388674781499
747,discovery,19,2,12.371591321286905,12.361858274141756,-0.0028081340584879422,12.35975217359789
748,discovery,19,2,12.491176396967154,12.413904696858317,-0.013026519321180445,12.404134807367432
751,discovery,19,2,11.477308649967686,11.437824693194136,0.009573509903235931,11.445004825621563
764,discovery,19,2,12.727841176689147,12.698664314061709,-0.002061181282883068,12.697118428099547
766,discovery,19,2,12.484208043148733,12.547573269940528,0.03648656939796483,12.574938196989002
771,discovery,19,2,11.812296455066814,11.808971597739225,-0.01227443414576881,11.799765772129899
775,discovery,19,2,12.886643575525625,12.580405877818162,0.05061112802928158,12.618364223840123
787,discovery,19,2,11.842236406331555,11.7311241734816,-0.0326085129755935,11.706667788749906
790,discovery,19,2,12.141539457711714,12.208384429819743,0.08312285665177764,12.270726572308575
806,discovery,19,2,12.335700805443338,12.246423428095403,0.017514250338025845,12.259559115848923
807,discovery,19,2,11.816734299348461,11.78640002858694,0.0005434775800232713,11.786807636771957
809,discovery,19,2,11.982622797311857,11.88895430180034,0.0005434775800232713,11.889361909985357
813,discovery,19,2,10.932999821119937,11.472049845599036,-0.02473287804881926,11.453500187062422
814,discovery,19,2,11.969723533345908,11.94588955636334,-0.006189449831871729,11.941247468989436
826,discovery,19,2,12.861001210669146,12.956950660138041,-0.0876905456356301,12.891182750911318
828,discovery,19,2,12.149507585033072,12.17867086610312,-0.01724264924479764,12.165738879169522
830,discovery,19,2,11.900912042974875,11.945841101488975,0.042069551609273434,11.97739326519593
833,discovery,19,2,12.37581963951765,12.315463587942174,-0.0005819614797908032,12.315027116832331
834,discovery,19,2,12.025755079404917,11.953176257737494,-0.0035725569162072066,11.95049684005034
836,discovery,19,2,11.759793355371237,11.781289074431202,0.0441079539441107,11.814370039889285
839,discovery,19,2,11.87757552297847,11.933664558538164,0.005558007279987381,11.937833063998154
846,discovery,19,2,12.049424683420915,12.114101747149451,-0.016279758047930977,12.101891928613503
848,discovery,19,2,11.80186424743109,11.796163128267636,0.010882502901943166,11.804325005444094
853,discovery,19,2,12.00762780434872,12.015043649116665,0.009293511032683098,12.022013782391177
857,discovery,19,2,11.898194668458823,11.896717609074365,0.016933668927390108,11.909417860769908
862,discovery,19,2,11.78676973513378,11.827144172890891,-0.057821537787256294,11.78377801955045
868,discovery,19,2,11.767575435251748,11.842222082031295,0.018962492136702012,11.856443951133821
871,discovery,19,2,11.603688960617083,11.52415859691256,-0.011592571926963268,11.515464167967338
877,discovery,19,2,11.792456911128632,11.809425341735542,-0.021563272496559788,11.793252887363122
881,discovery,19,2,11.964007453736912,11.991603921762986,-0.04431326991556681,11.95836896932631
895,discovery,19,2,11.685693195625964,11.710834512751683,0.026021574556343442,11.73035069366894
907,discovery,19,2,12.449022745701502,12.462058037507758,-0.003414758975446153,12.459496968276174
909,discovery,19,2,11.782960235741939,11.794296870824686,-0.009396909081054021,11.787249189013895
911,discovery,19,2,11.946660519211651,11.862995332408348,-0.015412850916091474,11.85143569422128
913,discovery,19,2,11.385103457032141,11.452703832108234,0.007292728710880518,11.458173378641394
917,discovery,19,2,10.471978128496518,11.190867730387033,-0.23477762176419648,11.014784514063885
919,discovery,19,2,12.380030154325457,12.473463819914532,-0.02124797314695981,12.457527840054311
920,discovery,19,2,12.081081821061819,12.048260440416273,0.016267808831021965,12.06046129703954
928,discovery,19,2,12.07824495582233,12.09108110940347,-0.041082923099959964,12.060268917078501
930,discovery,19,2,12.310437165348775,12.293612508094544,0.009327915448498602,12.300608444680918
934,discovery,19,2,12.154784614286667,12.20629110614251,-0.007481777689862178,12.200679772875114
936,discovery,19,2,11.288543647320601,11.472591700154343,0.032967461125460486,11.497317295998439
939,discovery,19,2,12.387560521575551,12.39361631148455,-0.002345542374355046,12.391857154703784
940,discovery,19,2,12.406565597924235,12.328141299508166,0.05722344873890253,12.371058886062343
945,discovery,19,2,11.83138646878959,12.018394950963035,0.0008103579931727032,12.019002719457914
947,discovery,19,2,11.870606902224587,11.901367744491916,0.01126357277922285,11.909815424076333
948,discovery,19,2,12.506180941677357,12.557390116830794,-0.023654198217222498,12.539649468167877
952,discovery,19,2,11.694421681264394,11.647258773227811,-0.02242854075963456,11.630437367658086
953,discovery,19,2,11.804855999911272,11.75448859812286,0.03604736427112812,11.781524121326205
959,discovery,19,2,12.128116509451258,12.176767441501376,-0.011487101592024348,12.168152115307358
961,discovery,19,2,11.665655135642039,11.65892942272883,0.033402411089757326,11.683981231046149
968,discovery,19,2,11.813037464800539,11.824236149778441,0.008043349345455674,11.830268661787533
969,discovery,19,2,10.542732775946709,11.104467370750221,-0.0671876010271963,11.054076669979825
974,discovery,19,2,12.111767460549332,12.29538376361521,0.017514250338025845,12.30851945136873
986,discovery,19,2,11.736077016252437,11.642535564504069,-0.016646770757248575,11.630050486436133
990,discovery,19,2,12.190964083849375,12.161136003938214,0.03497479546696817,12.18736710053844
1003,discovery,19,2,12.354496960983985,12.393216812104157,-0.004733930695239764,12.389666364082727
1008,discovery,19,2,11.385103457032141,11.372004186360613,-0.07367597548530412,11.316747204746635
1009,discovery,19,2,12.388398368982115,12.413170193983312,-0.07277586334725017,12.358588296472874
1013,discovery,19,2,12.013706813470414,12.018539883459292,0.0440974011266248,12.051612934304261
1015,discovery,19,2,11.688566422839942,11.728216034263227,-0.018297976017568947,11.71449255225005
1021,discovery,19,2,12.07824495582233,12.041696596284405,-0.007948116219078394,12.035735509120096
1022,discovery,19,2,12.175618592671356,12.228979271254943,-0.002345542374355046,12.227220114474177
1035,discovery,19,2,11.693169865968983,11.713614575872333,0.05270077109514567,11.753140154193693
1048,discovery,19,2,11.884495917930655,11.889754391668298,-0.005162087919212197,11.885882825728888
1055,discovery,19,2,12.449022745701502,12.475698298828693,-0.016920917655020698,12.463007610587427
1060,discovery,19,2,12.301387370778713,12.137589787080916,0.0440974011266248,12.170662837925885
1061,discovery,19,2,12.271396795480596,12.226657160064368,0.033654087133328806,12.251897725414365
1068,discovery,19,2,12.031129798974042,12.08427913260952,-0.008897052538162984,12.077606343205899
1078,discovery,19,2,11.840796531639839,11.77579250987632,-0.027067194157622015,11.755492114258104
1082,discovery,19,2,11.798111925972618,11.784592720322676,-0.016094713134897014,11.772521685471503
1083,discovery,19,2,12.165255859329688,12.18379898025836,-0.011487101592024348,12.175183654064341
1085,discovery,19,2,12.141539457711714,12.116181793271679,0.021565971582653283,12.132356271958669
1089,discovery,19,2,11.83138646878959,11.79626893356924,-0.07512590530757152,11.739924504588561
1091,discovery,19,2,11.439289689006644,11.3945859509211,-0.07381521184199875,11.3392245420396
1092,discovery,19,2,11.982935344196433,11.962931841792365,0.02460900648033111,11.981388596652613
1096,discovery,19,2,12.080696479888445,12.113671282629275,0.007532745447984145,12.119320841715263
1098,discovery,19,2,12.04355959836804,11.93602904453038,0.03346904222029484,11.961130826195602
1100,discovery,19,2,11.964007453736912,11.928467729818568,-0.09816632217526836,11.854842988187116
1112,discovery,19,2,12.230770136157428,12.13739827597333,-0.030362827900760392,12.11462615504776
1114,discovery,19,2,11.80932691294063,11.808993002409967,0.009362521065249289,11.816014893208903
1125,discovery,19,2,12.007017865994577,12.021500199459554,-0.006813457960650115,12.016390105989066
1127,discovery,19,2,12.066816325306588,12.168479972171006,-0.016143002031903164,12.156372720647079
1135,discovery,19,2,12.037659911047468,12.10018812322228,0.005424598173504573,12.104256571852408
1136,discovery,19,2,11.532737896139919,11.56459578708033,0.027728822788981256,11.585392404172067
1137,discovery,19,2,11.686887175419702,11.704956493470643,-0.08608468190685521,11.640392982040503
1150,discovery,19,2,11.870606902224587,11.823935694474308,0.028933366640537708,11.84563571945471
1151,discovery,19,2,11.728044909070785,11.747688240615554,-0.018297976017568947,11.733964758602378
1155,discovery,19,2,12.215037342290755,12.246066830325583,-0.03242073534923756,12.221751278813656
1160,discovery,19,2,12.128116509451258,12.17390615655091,0.012183869942979644,12.183044059008145
1161,discovery,19,2,11.891368749982085,11.860899381467569,-0.027347373270886904,11.840388851514403
1162,discovery,19,2,12.319405795112926,12.217733796273182,0.042778229406831195,12.249817468328304
1163,discovery,19,2,11.767575435251748,11.746660184255932,-0.016279758047930977,11.734450365719983
1166,discovery,19,2,12.359527368950229,12.38137395237294,0.015459067494536604,12.392968252993843
1167,discovery,19,2,12.41044511731981,12.40928155507066,-0.03287724615113544,12.384623620457308
1180,discovery,19,2,11.440365524765756,11.49363085314421,-0.028171896506418097,11.472501930764397
1181,discovery,19,2,12.429220196836383,12.345032371273785,0.005446644955795754,12.349117354990632
1182,discovery,19,2,12.880294363972055,12.557604941170295,0.00981299463275573,12.564964687144862
1186,discovery,19,2,11.560772327227417,11.744016618016532,-0.0032114796120433723,11.7416080083075
1188,discovery,19,2,12.476103599529843,12.551152248813676,0.010074868224103471,12.558708399981754
1191,discovery,19,2,12.031725210748633,12.089868186035737,-0.06329009714891908,12.042400613174047
1199,discovery,19,2,12.08954444723597,12.041000896288466,-0.007481777689862178,12.03538956302107
1201,discovery,19,2,11.6617850286409,11.539045554572976,0.03660678600592229,11.566500644077417
1204,discovery,19,2,12.269052139516223,12.276497640324308,-0.007481777689862178,12.270886307056912
1205,discovery,19,2,11.941462360646149,11.9268666509562,0.010309451558214415,11.93459873962486
1210,discovery,19,2,12.577639650232573,12.503597041276386,0.005408253841329388,12.507653231657383
1214,discovery,19,2,11.884495917930655,11.665665982831692,0.1020241684019436,11.74218410913315
1217,discovery,19,2,11.626263078808801,11.719837132175531,-0.03977245671726136,11.690007789637585
1233,discovery,19,2,11.530775206233024,11.51195336187832,0.035072582175526924,11.538257798509965
1234,discovery,19,2,11.863589378812122,11.820127056457265,-0.01717843344819342,11.80724323137112
1239,discovery,19,2,11.86710429621008,11.793815936087407,-0.034456770383659796,11.767973358299662
1244,discovery,19,2,13.049794835104816,12.95139272112108,-0.07023000050668779,12.898720220741064
1247,discovery,19,2,12.136191879981927,12.159652109362755,0.03497479546696817,12.18588320596298
1251,discovery,19,2,12.404927602627597,12.409408607449324,-0.04163661391560956,12.378181147012617
1252,discovery,19,2,12.053801032483948,12.19589753779528,0.043668114949365115,12.228648624007304
1254,discovery,19,2,12.591338447675579,12.57284825819039,0.04329823168172108,12.605321931951682
1263,discovery,19,2,11.992266613576142,11.87252004834298,0.040062214573116206,11.902566709272817
1266,discovery,19,2,12.12215284831553,12.030303590225577,0.042069551609273434,12.061855753932532
1267,discovery,19,2,11.711784520403112,11.78273686924829,-0.08371908477007664,11.719947555670732
1270,discovery,19,2,11.87757552297847,11.815785545406495,-0.015597895829125437,11.804087123534652
1273,discovery,19,2,11.827743504053695,11.806101507954734,0.01058171056041731,11.814037790875048
1274,discovery,19,2,12.083910661257521,12.017443229729071,0.00608385959188734,12.022006124422987
1277,discovery,19,2,11.995357787034976,12.018941524476585,0.017508365564935433,12.032072798650287
1279,discovery,19,2,12.37581963951765,12.467625506191714,-0.03438146278396302,12.441839409103743
1282,discovery,19,2,12.100717685412471,12.117553960055734,0.005446644955795754,12.12163894377258
1284,discovery,19,2,11.842236406331555,11.846200333622487,-0.03237970160062763,11.821915557422017
1288,discovery,19,2,12.154784614286667,12.028163381343246,0.03179526842405736,12.05200983266129
1291,discovery,19,2,12.103491596905931,11.985188940308973,0.009547565978283252,11.992349614792685
1303,discovery,19,2,12.577639650232573,12.661918808178285,0.010074868224103471,12.669474959346363
1304,discovery,19,2,12.354496960983985,12.299852084285092,0.042069551609273434,12.331404247992047
1309,discovery,19,2,11.898194668458823,11.879539906156072,-0.019872407913245925,11.864635600221138
1315,discovery,19,2,11.686887175419702,11.674941556238666,0.004091150699914788,11.678009919263602
1330,discovery,19,2,12.081081821061819,12.10104187816781,0.009327915448498602,12.108037814754185
1333,discovery,19,2,11.51293546492023,11.640031312080078,0.008096474602076971,11.646103668031635
1346,discovery,19,2,11.59451466851004,11.444792713291939,-0.05729877655653205,11.40181863087454
1363,discovery,19,2,11.560772327227417,11.8305576221904,-0.002648918574670202,11.828570933259396
1364,discovery,19,2,11.963574241653713,12.038236076574014,0.00010027697157827774,12.038311284302697
1367,discovery,19,2,12.170450649220749,12.228673933954349,-0.04898592223174052,12.191934492280543
1381,discovery,19,2,10.97679912709094,11.24643378556533,-0.14488456656785068,11.137770360639442
1386,discovery,19,2,11.74006900564972,11.641315475426769,-0.04352553546208332,11.608671323830206
1391,discovery,19,2,12.367345048436391,12.336329858757384,0.0046542718171243645,12.339820562620227
1400,discovery,19,2,11.831022768939789,11.967688912923673,-0.02404851190366873,11.949652528995921
1402,discovery,19,2,12.170450649220749,12.115993813442397,0.004105426453710958,12.11907288328268
1405,discovery,19,2,11.561725152903833,11.549154019513887,-0.14109581691365217,11.443332156828648
1408,discovery,19,2,11.626263078808801,11.666534494366907,-0.02153295858804056,11.650384775425877
1409,discovery,19,2,11.74006900564972,11.540746192828493,0.009573509903235931,11.54792632525592
1410,discovery,19,2,12.278397958261774,12.25642623099351,-0.030362827900760392,12.23365411006794
1411,discovery,19,2,12.345838935721968,12.254317948720292,-0.007481777689862178,12.248706615452896
1413,discovery,19,2,11.407576060361786,11.460716406633393,0.0390779060776891,11.49002483619166
1417,discovery,19,2,11.715874472198905,11.779724828406216,-0.004666811791939217,11.776224719562261
1420,discovery,19,2,12.314931534737134,12.39828049358283,0.03527835764139879,12.424739261813878
1425,discovery,19,2,11.87757552297847,11.830843061603149,-0.015597895829125437,11.819144639731306
1428,discovery,19,2,11.849404844423074,11.863642522034594,-0.006196972349719472,11.858994792772304
1433,discovery,19,2,11.07443600653965,11.519803153382258,-0.00485185670497318,11.516164260853527
1435,discovery,19,2,11.982935344196433,12.029662024495053,-0.009396909081054021,12.022614342684262
1442,discovery,19,2,11.913719681428494,11.90050211847284,0.006213573728190537,11.905162298768984
1445,discovery,19,2,12.098493002763465,12.18259660554948,-0.011487101592024348,12.173981279355461
1447,discovery,19,2,11.969723533345908,11.862468652978706,-0.0003928206827940456,11.86217403746661
1456,discovery,19,2,12.07254696717504,12.09232874366646,0.005424598173504573,12.096397192296589
2,discovery,19,3,12.109016442313738,12.068940104926428,0.05947747519381434,12.113548211321788
7,discovery,19,3,12.634606283893019,12.501863674612006,-0.016736445433704727,12.489311340536727
11,discovery,19,3,11.771443882099637,11.758115962701037,-0.008176902718347671,11.751983285662277
14,discovery,19,3,12.540761149388421,12.317297242500432,-0.02432273656053177,12.299055190080033
15,discovery,19,3,11.964007453736912,11.954934202024141,-0.016240913275280898,11.94275351706768
22,discovery,19,3,11.845109950883979,11.765178684870053,-0.0389361883358486,11.735976543618166
23,discovery,19,3,12.345838935721968,12.371291793858866,-0.03573467077279606,12.344490790779268
25,discovery,19,3,11.944714374881176,11.893000823834596,0.03507304986460707,11.919305611233051
28,discovery,19,3,12.631343648903034,12.595328050877752,0.0022641451137991996,12.597026159713101
30,discovery,19,3,11.134603622683905,11.139689277542704,0.07203201744836112,11.193713290628976
33,discovery,19,3,12.100161978566867,12.15732528360663,-0.03573467077279606,12.130524280527032
38,discovery,19,3,11.938199736300925,11.959325490130897,0.014733306956321704,11.970375470348138
42,discovery,19,3,12.04355959836804,12.048269784505711,0.05783522229796266,12.091646201229183
46,discovery,19,3,12.675766851909591,12.578086415653539,-0.01693874959321407,12.565382353458629
49,discovery,19,3,11.635151947212842,11.485517875702554,-0.053946093710228224,11.445058305419883
55,discovery,19,3,11.775297421715827,11.725182513357236,-0.007418737618507349,11.719618460143355
59,discovery,19,3,12.991755706536901,12.910002352048757,-0.12087646595874416,12.819345002579698
63,discovery,19,3,12.218500103788143,12.24327079583174,0.0032167242191175043,12.245683338996079
76,discovery,19,3,11.418625774449598,11.422789697484138,-0.05052255597195701,11.38489778050517
77,discovery,19,3,11.818577604251555,11.644002034627347,0.036012844034352565,11.671011667653111
79,discovery,19,3,11.824087219587643,11.796219038520174,0.0044701889558820505,11.799571680237086
82,discovery,19,3,11.941462360646149,12.05505026105805,-0.03321386385740521,12.030139863164996
86,discovery,19,3,12.468440756144114,12.485664911668705,0.004435763909575162,12.488991734600885
87,discovery,19,3,12.066816325306588,12.070233861664056,0.001786462447366256,12.07157370849958
92,discovery,19,3,11.498836682527127,11.69543335110005,-0.0806274244331106,11.634962782775217
93,discovery,19,3,12.004574385508691,11.833562772639509,0.07797753072733651,11.89204592068501
95,discovery,19,3,12.229549885708273,12.232960231975362,-0.003579862462240733,12.230275335128681
96,discovery,19,3,12.128116509451258,12.11767158071468,0.05394267750611173,12.158128588844264
98,discovery,19,3,11.459007676978688,11.721468234688551,0.015587505840677229,11.73315886406906
102,discovery,19,3,12.08954444723597,12.063442821995372,-0.0221887867564559,12.046801231928029
104,discovery,19,3,12.200562492481511,12.136123974959862,-0.01574478761009568,12.12431538425229
105,discovery,19,3,12.040614105490253,11.996590526651424,-0.10721770948714228,11.916177244536067
107,discovery,19,3,11.51293546492023,11.368036540064747,0.015303016686636164,11.379513802579725
118,discovery,19,3,11.951186847493476,11.92267174461948,-0.08912086518921661,11.855831095727568
120,discovery,19,3,12.0075668272517,12.05225216228473,-0.018560267666850074,12.038331961534594
123,discovery,19,3,11.820417517632333,11.839693108438064,0.015812732662830207,11.851552657935187
125,discovery,19,3,12.10625783509458,12.053725431852516,0.010909174183939418,12.06190731249047
129,discovery,19,3,11.951186847493476,11.889409087335688,-0.009550493535867283,11.882246217183788
130,discovery,19,3,11.918397239722838,11.863432463698853,0.01733954709430042,11.876437124019578
134,discovery,19,3,12.301387370778713,12.229521998542634,-0.031068170759602227,12.206220870472931
135,discovery,19,3,12.100717685412471,12.054522149492895,0.01935750209354864,12.069040276063056
139,discovery,19,3,12.345838935721968,12.431069579696024,-0.03573467077279606,12.404268576616426
148,discovery,19,3,12.312686874960354,12.31870311656057,-0.022021769230298117,12.302186789637847
157,discovery,19,3,11.603688960617083,11.625325182043998,0.039279011429489794,11.654784440616115
162,discovery,19,3,12.929993908996359,12.952296873952951,-0.008032487117423331,12.946272508614884
169,discovery,19,3,12.119975396053194,12.15629869878048,-0.021069190124979806,12.140496806186745
171,discovery,19,3,11.763691965388299,11.69675480193152,-0.02742465008691229,11.676186314366337
177,discovery,19,3,12.259618151783465,12.272288506401818,0.024382281154847703,12.290575217267953
182,discovery,19,3,12.206577518060588,12.084642622051625,0.03505289682180967,12.110932294667982
183,discovery,19,3,11.695255355062795,11.693522362418525,-0.03874392492795798,11.664464418722556
186,discovery,19,3,13.07107218827772,12.613573685718661,0.1306519154423708,12.71156262230044
200,discovery,19,3,12.524166311833152,12.634908542278305,0.004524783721463853,12.638302130069404
203,discovery,19,3,11.626263078808801,11.61804091438206,-0.022647801109428677,11.601055063549989
220,discovery,19,3,12.027191164883384,12.042170199097846,0.0054680208471470145,12.046271214733206
227,discovery,19,3,12.577639650232573,12.513988267845534,0.02755834303948728,12.53465702512515
228,discovery,19,3,11.571203807011969,11.488658879877393,0.026700577383696182,11.508684312915165
233,discovery,19,3,11.456365695436427,11.479573869117672,0.012547012050627079,11.488984128155643
242,discovery,19,3,11.612779849672751,11.412529037534412,0.02395972575632855,11.430498831851658
244,discovery,19,3,11.695255355062795,11.810933159367309,0.0009158369236914651,11.811620037060077
248,discovery,19,3,11.849404844423074,11.856096609167048,-0.009550493535867283,11.848933739015148
251,discovery,19,3,11.245059091624615,11.40901724215379,-0.0016373007893282186,11.407789266561794
257,discovery,19,3,12.242891437918386,12.221839934018561,0.056215687503963385,12.264001699646533
259,discovery,19,3,12.352339472153524,12.279509086290142,-0.0068385251343049385,12.274380192439413
261,discovery,19,3,12.07824495582233,12.061716008949952,-0.02288653714340698,12.044551106092397
283,discovery,19,3,12.242891437918386,12.284051618664654,0.04138829862206964,12.315092842631206
284,discovery,19,3,12.407383590534293,12.407631621697954,-0.009787762697058914,12.40029079967516
292,discovery,19,3,11.819681958463892,11.786719734033495,0.047053055599257494,11.822009525732938
293,discovery,19,3,11.782960235741939,11.914564694274713,-0.09450772571127689,11.843683899991255
297,discovery,19,3,11.931642378754141,11.774069725570325,-0.014372406249844117,11.763290420882942
299,discovery,19,3,12.07254696717504,12.1025340605732,0.030445099754075777,12.125367885388757
312,discovery,19,3,11.790564777297387,11.823597342956893,-0.002042552070924278,11.822065428903699
315,discovery,19,3,12.08954444723597,12.008435853069257,-0.006385376319839259,12.003646820829378
318,discovery,19,3,12.506180941677357,12.472219865434061,-0.016736445433704727,12.459667531358782
336,discovery,19,3,12.34126328584159,12.221129585036747,0.0657889056684351,12.270471264288073
342,discovery,19,3,11.314486721293981,11.21682036453789,0.0037379157778701915,11.219623801371293
351,discovery,19,3,12.670001611311875,12.621568171549605,0.04228893503132959,12.653284872823102
352,discovery,19,3,12.154784614286667,12.234212121526209,-0.00016180445244109304,12.234090768186878
354,discovery,19,3,11.570259974415547,11.470024806264979,-0.008633351261722802,11.463549792818686
357,discovery,19,3,12.06105265381003,12.018057992142753,0.022630447519848954,12.03503082778264
363,discovery,19,3,12.198549416880068,12.085829273480725,-0.032418915457995974,12.061515086887228
364,discovery,19,3,11.678448377988165,11.543634985034007,0.051367183501832864,11.582160372660383
370,discovery,19,3,11.995357787034976,12.008219061530035,0.023682329214285446,12.02598080844075
374,discovery,19,3,11.719947764402807,11.693658200081469,0.014733306956321704,11.70470818029871
376,discovery,19,3,11.0186455364637,11.288445298013727,-0.15108909632275963,11.175128475771658
378,discovery,19,3,12.73670383776449,12.592117288685923,-0.016736445433704727,12.579564954610644
388,discovery,19,3,11.736077016252437,11.770328687017525,-0.058560021027172296,11.726408671247146
393,discovery,19,3,11.575909653758895,11.601314959824215,0.02463490831960375,11.619791141063917
395,discovery,19,3,11.599112335481124,11.607541057690678,-0.02742465008691229,11.586972570125495
402,discovery,19,3,12.013646205940514,12.11378377367443,-0.009678633450645737,12.106524798586445
404,discovery,19,3,12.460718739865236,12.415362305653318,0.003493371426407198,12.417982334223122
409,discovery,19,3,12.54254845357358,12.533754689228111,0.01738846819582037,12.546796040374977
411,discovery,19,3,11.002116507732017,11.531485451906498,-0.09881048971549966,11.457377584619874
417,discovery,19,3,11.915058360753719,11.945676028991837,-0.010477360804992323,11.937818008388092
424,discovery,19,3,12.660331092405906,12.725539447496347,-0.0022546558298384544,12.723848455623969
433,discovery,19,3,11.715874472198905,11.728899473632982,0.024102858052664773,11.74697661717248
435,discovery,19,3,11.302216779257382,11.328781806042395,-0.01182328616571982,11.319914341418105
438,discovery,19,3,11.686887175419702,11.645107306715731,0.03376530352849566,11.670431284362103
439,discovery,19,3,11.411457364027745,11.587349394073021,0.06545981035936176,11.636444251842542
440,discovery,19,3,11.608244735642321,11.831416643512974,0.019216545865425066,11.845829052912043
448,discovery,19,3,12.20557752297723,12.236185755655063,-0.006425087015093768,12.231366940393743
469,discovery,19,3,12.429220196836383,12.418015739102865,0.0032167242191175043,12.420428282267203
471,discovery,19,3,12.264346270624157,12.213909773577937,0.028976199276969997,12.235641923035665
472,discovery,19,3,12.154784614286667,12.189569637758392,-0.029865724924285783,12.167170344065179
476,discovery,19,3,11.794345471549745,11.833306346434028,0.004713398983662607,11.836841395671776
478,discovery,19,3,12.847929163278053,12.923531018228477,-0.015986170487895753,12.911541390362554
492,discovery,19,3,11.798111925972618,11.888585298645905,0.022503152402243813,11.905462662947588
494,discovery,19,3,11.951186847493476,11.902646794184053,0.021378930824447785,11.918680992302388
497,discovery,19,3,12.971542813248437,12.677947804155961,-0.010208339200310874,12.670291549755728
498,discovery,19,3,12.122696471358964,11.976176599437487,-0.030175802500070605,11.953544747562434
500,discovery,19,3,11.695255355062795,11.759156091456974,0.02463490831960375,11.777632272696676
502,discovery,19,3,12.331387247601905,12.286139660833292,0.03380187205502064,12.311491064874557
507,discovery,19,3,12.278397958261774,12.282262889726212,-0.029850230042725835,12.259875217194168
519,discovery,19,3,12.259618151783465,12.15379869245873,-0.003579862462240733,12.15111379561205
521,discovery,19,3,11.573559498507079,11.382748569044852,0.023256700057108594,11.400191094087683
532,discovery,19,3,11.759793355371237,11.76675805704558,0.06051349651725611,11.812143179433523
537,discovery,19,3,12.144202560946876,12.185298725413572,-0.0068385251343049385,12.180169831562843
549,discovery,19,3,11.736077016252437,11.697609887537237,-0.008261305850811468,11.691413908149128
553,discovery,19,3,12.450981602512561,12.497895715036512,0.004524783721463853,12.50128930282761
562,discovery,19,3,12.04355959836804,12.045024820138595,-0.007335306595204634,12.039523340192192
567,discovery,19,3,12.691583538230217,12.664180861125857,0.06996025610150507,12.716651053201986
568,discovery,19,3,12.273735966890268,12.20426972155552,0.005653480125163679,12.208509831649392
569,discovery,19,3,12.665397584983758,12.591833907886684,0.008969941408479948,12.598561363943045
571,discovery,19,3,11.867805799560465,11.81360022589256,0.0005349457519650824,11.814001435206535
574,discovery,19,3,12.04355959836804,12.02940476892813,-0.021069190124979806,12.013602876334394
575,discovery,19,3,11.842236406331555,11.703006345963745,0.02463490831960375,11.721482527203447
578,discovery,19,3,12.010671928196443,11.934923932613742,-0.004080158162310927,11.93186381399201
583,discovery,19,3,11.682676678340282,11.65511780403356,-0.036167650435053725,11.62799206620727
587,discovery,19,3,11.775297421715827,11.658521629329796,0.04041092739662175,11.688829824877262
590,discovery,19,3,11.283524879179666,11.505652584823475,0.026468644741795735,11.52550406837982
592,discovery,19,3,13.02132904585825,12.965290487194425,0.0709119371166083,13.01847444003188
593,discovery,19,3,11.835016210489899,11.894467885290032,0.038130488724127234,11.923065751833127
596,discovery,19,3,12.672949516558306,12.67454470984899,0.10628494080943726,12.754258415456068
597,discovery,19,3,11.648373769145277,11.576564337441923,-0.01313923816715284,11.566709908816557
599,discovery,19,3,12.289958727201455,12.216901114842397,0.08010391346924778,12.276979049944332
601,discovery,19,3,12.524530013005734,12.47131703932876,0.017860827329003542,12.484712659825512
608,discovery,19,3,12.323860125621126,12.114311347481939,0.007212408168190825,12.119720653608082
611,discovery,19,3,12.653961664405365,12.664543511276925,-0.005270672333949575,12.660590507026463
619,discovery,19,3,12.659737267217572,12.657676479423948,0.04228893503132959,12.689393180697445
620,discovery,19,3,12.628070334272698,12.71250961359003,-0.024422546891476146,12.694192703421422
622,discovery,19,3,12.388398368982115,12.353083250427332,0.049608443990176596,12.390289583419964
624,discovery,19,3,12.034696963475044,12.104565407217716,0.04826200413349096,12.140761910317835
625,discovery,19,3,12.014615485902027,11.938374923083524,0.024245217791479104,11.956558836427133
651,discovery,19,3,12.235393555399902,12.227828720220712,0.05464585712750334,12.26881311306634
662,discovery,19,3,12.904209855160254,12.834907076858983,0.0231533662401466,12.852272101539093
663,discovery,19,3,11.608244735642321,11.83478570991325,-0.08879986273270692,11.76818581286372
667,discovery,19,3,11.767575435251748,12.06151521726143,-0.05858712380168765,12.017574874410164
668,discovery,19,3,12.173037959397275,12.254155878671263,-0.013282524280665156,12.244193985460765
673,discovery,19,3,12.013706813470414,12.049689320167113,0.0428093483174376,12.081796331405192
674,discovery,19,3,12.458778882573533,12.393624608461728,0.04889721167904419,12.43029751722101
676,discovery,19,3,11.908346971208951,11.880862152967989,0.004014336462955409,11.883872905315206
677,discovery,19,3,11.373674891823535,11.6755820318007,0.012092837990331683,11.684651660293449
678,discovery,19,3,11.603688960617083,11.582023413926647,0.005195639401696819,11.585920143477919
682,discovery,19,3,11.979391594635791,11.587296286553192,-0.007660407261588455,11.581550981107
687,discovery,19,3,12.336556900342153,12.375102595141668,0.03256631809928945,12.399527333716135
702,discovery,19,3,11.849404844423074,11.910723199801936,-0.019902603609112807,11.8957962470951
714,discovery,19,3,11.767575435251748,11.658490010362854,0.057878452115292016,11.701898849449323
716,discovery,19,3,12.013706813470414,11.916772175206129,0.010909174183939418,11.924954055844083
717,discovery,19,3,11.979805470779858,12.146659141710803,-0.0009269103090909173,12.145963958978985
729,discovery,19,3,11.608244735642321,11.802598437110566,0.0014215633932481032,11.803664609655502
743,discovery,19,3,12.095146671399466,12.019779818966287,-0.022012435109201457,12.003270492634385
753,discovery,19,3,12.28765724080691,12.2380635172171,0.011064240647645303,12.246361697702834
755,discovery,19,3,11.957617696467539,11.864519991007738,0.029269677915338493,11.88647224944424
756,discovery,19,3,12.058158312538197,12.022427060431953,0.049570063635837304,12.059604608158832
757,discovery,19,3,12.264346270624157,12.253431184527322,-0.04238029464092214,12.221645963546631
770,discovery,19,3,13.195615697878253,13.052465307056302,0.028976199276969997,13.07419745651403
777,discovery,19,3,12.308182383129823,12.319505220459748,-0.009678633450645737,12.312246245371764
782,discovery,19,3,12.077676615757813,12.102179594055876,-0.006592104541251554,12.097235515649938
784,discovery,19,3,12.016732516077072,12.011374679791867,0.00017263486973838164,12.011504155944172
786,discovery,19,3,11.992266613576142,12.011714477561544,0.010909174183939418,12.019896358199498
792,discovery,19,3,11.896833207128452,11.911370673976267,-0.04785796696729125,11.875477198750799
815,discovery,19,3,11.661354090741,11.681979224376747,-0.012890160952443547,11.672311603662415
820,discovery,19,3,12.319405795112926,12.295127701386217,0.016435889090502066,12.307454618204094
829,discovery,19,3,12.128116509451258,12.092009446411643,-0.013235278661767923,12.082082987415317
837,discovery,19,3,11.941462360646149,11.775769120630544,0.0020470557576861784,11.777304412448808
842,discovery,19,3,11.967187086434018,11.926428491770979,0.011841263269822908,11.935309439223346
844,discovery,19,3,11.856522261533737,11.744995439153122,-0.043646612831689906,11.712260479529355
859,discovery,19,3,11.931642378754141,11.847532681019414,-0.09941369686791567,11.772972408368478
863,discovery,19,3,11.931642378754141,11.872077384317373,-0.0221887867564559,11.855435794250031
864,discovery,19,3,11.794345471549745,11.850467971634307,-0.006110678116161004,11.845884963047187
885,discovery,19,3,11.51293546492023,11.705760750106343,-0.006110678116161004,11.701177741519222
887,discovery,19,3,11.884495917930655,11.966460306243004,-0.017133944149615617,11.953609848130792
888,discovery,19,3,11.816734299348461,11.806137200290708,-0.019580580691857148,11.791451764771816
890,discovery,19,3,11.915058360753719,11.920487454950555,-0.05911441235658953,11.876151645683112
892,discovery,19,3,12.058158312538197,12.06635931790025,-0.05586705035064311,12.024459030137269
898,discovery,19,3,11.870278179170796,11.814192611444275,0.02466388700953443,11.832690526701425
904,discovery,19,3,12.388398368982115,12.407939004302131,0.01391942016165775,12.418378569423375
914,discovery,19,3,11.884495917930655,11.854040583144693,0.06545981035936176,11.903135440914214
918,discovery,19,3,11.813037464800539,11.801175471535263,0.037739550415506286,11.829480134346893
922,discovery,19,3,11.890683588496984,11.985954261106945,-0.019580580691857148,11.971268825588053
932,discovery,19,3,11.674202123168433,11.754500907472636,0.014733306956321704,11.765550887689876
933,discovery,19,3,12.676079399771027,12.594140067936658,0.010588305398101175,12.602081296985235
935,discovery,19,3,12.396697137361691,12.31066462456345,-0.02586170529492668,12.291268345592256
954,discovery,19,3,12.055255569732177,11.993925006440366,-0.0502536015478008,11.956234805279514
964,discovery,19,3,12.384223015005313,12.476033357393046,-0.005270672333949575,12.472080353142584
966,discovery,19,3,12.094587859196112,12.023533555958089,-0.018626335426384824,12.0095638043883
971,discovery,19,3,11.813037464800539,11.287890977906656,-0.0501037412412843,11.250313171975693
978,discovery,19,3,12.20557752297723,12.18973193511377,0.011722333026806737,12.198523684883874
980,discovery,19,3,11.842236406331555,11.787986821573556,0.006021458486008952,11.792502915438062
982,discovery,19,3,12.724869415131389,12.687837294966828,-0.008900279697964515,12.681162085193355
983,discovery,19,3,11.982278882874377,12.079682329870682,-0.010127593366976344,12.07208663484545
987,discovery,19,3,11.669937760751914,11.73262950423802,0.006963330953481539,11.737852002453131
992,discovery,19,3,12.031725210748633,12.036480107235734,-0.014199122189060958,12.025830765593938
999,discovery,19,3,11.418625774449598,11.484504614589405,-0.045028695670861506,11.45073309283626
1002,discovery,19,3,11.362114203075018,11.356840891875633,-0.024195369578306147,11.338694364691904
1005,discovery,19,3,12.10625783509458,12.143966291796128,-0.01677321723510243,12.1313863788698
1007,discovery,19,3,12.004574385508691,12.009099402920002,-0.09010792223505328,11.941518461243712
1010,discovery,19,3,11.532737896139919,11.604599545452418,0.032899490266188394,11.62927416315206
1014,discovery,19,3,11.350418300109132,11.532775565895255,-0.0831884508702312,11.470384227742581
1016,discovery,19,3,12.33270970174018,12.261458780818822,-0.041553420216936324,12.23029371565612
1017,discovery,19,3,12.220966184120165,12.361910353592865,-0.013484149002431027,12.351797241841043
1019,discovery,19,3,11.982935344196433,12.043492971290608,-0.021069190124979806,12.027691078696872
1029,discovery,19,3,11.561725152903833,11.767468957467063,-0.007418737618507349,11.761904904253182
1037,discovery,19,3,12.66191713053049,12.774915220347633,0.011813945956447578,12.783775679814969
1042,discovery,19,3,12.06105265381003,11.978863834739123,0.06971101311081097,12.031147094572232
1045,discovery,19,3,12.535379989788607,12.574187629397727,-0.06239740528941902,12.527389575430663
1051,discovery,19,3,12.080996832096167,12.105533429256853,-0.0007246829482282936,12.104989917045682
1063,discovery,19,3,11.407576060361786,11.729011211851091,-0.048268635159395,11.692809735481545
1064,discovery,19,3,11.612779849672751,11.774773107387102,-0.024348899032781215,11.756511433112516
1084,discovery,19,3,11.982935344196433,11.969804650151112,0.011293491536615413,11.978274768803573
1086,discovery,19,3,11.898194668458823,11.97939406495278,-0.001344801683973192,11.9783854636898
1097,discovery,19,3,11.751950239425476,11.639175027510825,-0.006004889822991017,11.634671360143582
1101,discovery,19,3,11.002116507732017,11.003522874010724,-0.09931876641192094,10.929033799201783
1115,discovery,19,3,11.669937760751914,11.658436897392706,-0.001570886111397862,11.657258732809158
1124,discovery,19,3,11.678448377988165,11.48087690407523,0.013948510417629213,11.491338286888451
1128,discovery,19,3,12.464587201678082,12.407355582162996,-0.03143722286114619,12.383777665017137
1129,discovery,19,3,12.278397958261774,12.23525938544841,-0.021069190124979806,12.219457492854675
1130,discovery,19,3,11.849404844423074,11.822736891510434,-0.048268635159395,11.786535415140888
1132,discovery,19,3,11.44572741040675,11.547180326021104,0.018813027530415728,11.561290096668916
1133,discovery,19,3,11.674202123168433,11.764691531665262,-0.09606486242833255,11.692642884844012
1140,discovery,19,3,11.87757552297847,11.717426730086771,-0.002329023701159406,11.715679962310901
1141,discovery,19,3,11.842236406331555,11.75117165678003,0.040120833199485284,11.781262281679645
1142,discovery,19,3,12.193498926601634,12.159317429325888,0.02397548616244611,12.177299043947723
1143,discovery,19,3,12.959540872420414,12.86338787745109,-0.021393183368291206,12.847342989924872
1144,discovery,19,3,11.289794413577894,11.521785278784183,-0.0740902283076476,11.466217607553448
1149,discovery,19,3,11.669082701743504,11.603733876766976,-0.013075796059252862,11.593927029722536
1153,discovery,19,3,12.345838935721968,12.18248272557279,0.02570290473439906,12.20175990412359
1156,discovery,19,3,12.292254928916668,12.241009233835001,0.08265245976552088,12.302998578659142
1157,discovery,19,3,12.100161978566867,12.105023683834515,0.052691160810710555,12.144542054442548
1159,discovery,19,3,12.367889578686164,12.357843584382383,-0.0004290548635677346,12.357521793234708
1170,discovery,19,3,13.345508528717259,13.262390977805689,0.20069786467127979,13.412914376309148
1171,discovery,19,3,12.049424683420915,11.9668855936819,-0.01906029852433612,11.952590369788648
1175,discovery,19,3,12.384223015005313,12.331239022392733,0.08364388390956462,12.393971935324906
1178,discovery,19,3,11.652696102959753,11.616846356495254,-0.006372712654058152,11.61206682200471
1184,discovery,19,3,11.695255355062795,11.874539608629384,-0.012780546977026257,11.864954198396614
1189,discovery,19,3,12.180759965737863,12.130028530781885,-0.013484149002431027,12.119915419030063
1193,discovery,19,3,11.736077016252437,11.726930418871197,0.003887579899350474,11.72984610379571
1224,discovery,19,3,11.834291315386718,11.845720608031044,-0.05868796009792124,11.801704637957604
1229,discovery,19,3,12.813920618864572,12.796382436745526,0.05024261840180201,12.834064400546877
1230,discovery,19,3,11.751950239425476,11.846206754396588,0.0005349457519650824,11.846607963710563
1232,discovery,19,3,11.794345471549745,11.871177055428161,0.028069350563861395,11.892229068351057
1236,discovery,19,3,11.841423131921784,11.878051075787205,0.05925992839676508,11.922496022084779
1241,discovery,19,3,12.323415584358154,12.249842648045638,-0.0068385251343049385,12.244713754194908
1245,discovery,19,3,12.345838935721968,12.126583606883063,0.06313938176910606,12.173938143209893
1249,discovery,19,3,11.771443882099637,11.838683968153866,-0.05188330384467753,11.799771490270357
1253,discovery,19,3,11.775297421715827,11.682073046342847,0.00017263486973838164,11.682202522495151
1255,discovery,19,3,12.016128107502665,12.15640540085276,-0.09326692703442772,12.08645520557694
1262,discovery,19,3,11.766799946849087,11.752031268514768,0.014733306956321704,11.763081248732009
1281,discovery,19,3,12.33270970174018,12.238928108557511,-0.013484149002431027,12.228814996805689
1287,discovery,19,3,11.870606902224587,11.989105501404644,0.008648535576274768,11.99559190308685
1289,discovery,19,3,12.535379989788607,12.479009207747563,0.031236837884634647,12.502436836161039
1290,discovery,19,3,12.546113507028412,12.531468806782328,0.06501424712056168,12.580229492122749
1295,discovery,19,3,11.652696102959753,11.72412429197561,-0.012890160952443547,11.714456671261278
1300,discovery,19,3,11.944714374881176,11.96354395555871,0.023682329214285446,11.981305702469426
1305,discovery,19,3,11.775297421715827,11.904489075920521,-0.08657650729501414,11.83955669544926
1313,discovery,19,3,12.618185607609803,12.532406694218635,-0.010208339200310874,12.524750439818401
1318,discovery,19,3,12.249615734512616,12.164963915710517,0.011722333026806737,12.173755665480622
1322,discovery,19,3,11.19135563385109,11.221110008378387,0.013913582627024641,11.231545195348655
1323,discovery,19,3,12.154784614286667,12.313434089543692,0.05669225812323224,12.355953283136117
1326,discovery,19,3,10.915106645867503,11.156471829793727,-0.08297812004181578,11.094238239762365
1327,discovery,19,3,11.277215789596893,11.41069916986713,-0.03628724020532222,11.383483739713137
1334,discovery,19,3,11.74006900564972,11.779349954148664,0.021115681932524624,11.795186715598057
1338,discovery,19,3,10.868587496017359,11.030309634539096,-0.038334401354771466,11.001558833523017
1339,discovery,19,3,12.206077645517674,12.297053020507931,-0.00014810539489133571,12.296941941461762
1340,discovery,19,3,11.763691965388299,11.743092488657023,0.04986075008243715,11.780488051218851
1349,discovery,19,3,12.278397958261774,12.423795803526238,-0.022012435109201457,12.407286477194337
1352,discovery,19,3,12.049424683420915,11.988479351068136,0.00460307179720181,11.991931654916037
1354,discovery,19,3,12.923914877701906,12.894976323876126,-0.011160918305629193,12.886605635146903
1372,discovery,19,3,12.016732516077072,12.069760170368069,0.00460307179720181,12.07321247421597
1374,discovery,19,3,13.05301544288996,13.014821813071213,0.18605376156139375,13.154362134242259
1377,discovery,19,3,11.418625774449598,11.440439214070956,-0.047219008593433656,11.40502495762588
1389,discovery,19,3,12.84132849667433,12.785623386002332,0.010809183661384237,12.79373027374837
1395,discovery,19,3,12.415437707935368,12.30244868767189,0.0054680208471470145,12.30654970330725
1401,discovery,19,3,11.695255355062795,11.660415634196108,0.04041092739662175,11.690723829743574
1407,discovery,19,3,11.798111925972618,11.798788992324706,0.036524706474897466,11.82618252218088
1414,discovery,19,3,12.456835254920371,12.499155765123168,-0.0421266920755613,12.467560746066498
1418,discovery,19,3,12.73670383776449,12.738610535915852,-0.008900279697964515,12.731935326142379
1430,discovery,19,3,12.116700301832573,12.175604409178087,0.04165476061970417,12.206845479642865
1440,discovery,19,3,12.190964083849375,12.077053259499142,-0.029865724924285783,12.054653965805928
1443,discovery,19,3,12.644330802262578,12.68605530665568,0.10922299511396161,12.767972552991152
1451,discovery,19,3,11.820417517632333,11.7894385271328,-0.006110678116161004,11.78485551854568
1454,discovery,19,3,11.344518647594766,11.798042517180338,-0.011376419109251175,11.7895102028484
1459,discovery,19,3,11.864469267087891,11.79447334695175,0.01247266834865705,11.803827848213244
8,discovery,19,4,12.206077645517674,12.276966861468948,-0.01785792246631396,12.263573419619211
9,discovery,19,4,11.774527900858468,11.815302847063805,-0.0955902601908696,11.743610151920652
13,discovery,19,4,11.87757552297847,11.804128409941136,-0.0037260159485953273,11.801333897979688
16,discovery,19,4,11.790564777297387,11.760313349363257,0.045376594621263686,11.794345795329205
18,discovery,19,4,11.407576060361786,11.5855774964346,0.04139790535361011,11.616625925449808
21,discovery,19,4,12.692506186542177,12.741777133628315,0.04419978843208966,12.774926974952383
26,discovery,19,4,12.454107814022272,12.46086938604504,-0.014121019723805205,12.450278621252187
32,discovery,19,4,11.914054519303125,11.874447142424115,-0.0037260159485953273,11.871652630462668
37,discovery,19,4,11.884495917930655,11.921214364490503,-0.004082530574457128,11.91815246655966
41,discovery,19,4,11.982935344196433,11.857031259491585,-0.06804637934462905,11.805996474983113
43,discovery,19,4,11.87757552297847,11.901114858498987,0.05411170120167766,11.941698634400245
51,discovery,19,4,12.083910661257521,12.094716874428912,0.033819026094185675,12.12008114399955
60,discovery,19,4,11.735276702486741,11.697965622197541,0.027630252562924732,11.718688311619735
66,discovery,19,4,12.666660207428574,12.654590977036412,-0.011107606709332262,12.646260272004412
68,discovery,19,4,12.328294703023396,12.298071322238801,-0.009748267585855192,12.29076012154941
69,discovery,19,4,11.289794413577894,11.338771992131276,-0.02892226212127438,11.31708029554032
72,discovery,19,4,11.771443882099637,11.77861439040848,0.03023322324204113,11.80128930784001
80,discovery,19,4,11.608244735642321,11.65946835828985,-0.02097156573531041,11.643739683988366
85,discovery,19,4,12.034696963475044,12.041042691282602,-0.015114720417031026,12.029706650969828
100,discovery,19,4,11.767187766223199,11.70605810691796,0.01469945063899857,11.717082694897208
109,discovery,19,4,11.652696102959753,11.69632582534347,-0.002245370536723838,11.694641797440926
114,discovery,19,4,12.28765724080691,12.305789023883278,-0.014988829531919465,12.294547401734338
116,discovery,19,4,12.07824495582233,12.015868422714773,0.030215411793195934,12.03852998155967
128,discovery,19,4,11.373674891823535,11.452964876213056,-0.0044480329363660595,11.44962885151078
131,discovery,19,4,12.328294703023396,12.257453786572416,-0.04626185626979232,12.222757394370072
137,discovery,19,4,11.870606902224587,11.87390756822505,-0.0051776580774266605,11.87002432466698
138,discovery,19,4,12.049424683420915,12.209781238329594,-0.04363198541090817,12.177057249271412
143,discovery,19,4,12.019749091416921,11.764383344274252,-0.05734184378548622,11.721376961435137
144,discovery,19,4,12.225880174775122,12.31313914105985,-0.012761680600328135,12.303567880609604
147,discovery,19,4,11.561725152903833,11.535175146903267,0.02029758467368279,11.550398335408529
151,discovery,19,4,11.711784520403112,11.819950425874298,0.014014814897145154,11.830461537047157
152,discovery,19,4,12.827731880206521,12.703837043973895,0.03683440322994819,12.731462846396356
155,discovery,19,4,11.736077016252437,11.543280426420212,-0.08910427432262286,11.476452220678246
156,discovery,19,4,11.277215789596893,11.294366839901645,-0.021404639832479568,11.278313360027285
180,discovery,19,4,11.51293546492023,11.651606191185044,-0.017958152720837468,11.638137576644416
189,discovery,19,4,11.940399914116648,11.869236533848351,-0.013719271512947127,11.85894708021364
190,discovery,19,4,12.563750586299374,12.471561618278095,0.03255992817035187,12.49598156440586
194,discovery,19,4,11.775297421715827,11.870885293198514,-0.022929904421414304,11.853687864882453
198,discovery,19,4,12.367345048436391,12.49231101113106,-0.09672379746417435,12.419768163032929
206,discovery,19,4,12.103491596905931,12.102573605084155,-0.015114720417031026,12.091237564771381
214,discovery,19,4,11.957617696467539,11.952763367120792,0.006401585523465464,11.95756455626339
217,discovery,19,4,12.25486757159303,12.228181329799774,-0.00964294970454702,12.220949117521364
218,discovery,19,4,11.580593459194764,11.363120213724159,-0.09716512578404558,11.290246369386125
219,discovery,19,4,12.649157827477366,12.325578850651032,0.051127784809987975,12.363924689258523
222,discovery,19,4,12.206077645517674,12.317721147881102,0.019914772956247072,12.332657227598286
223,discovery,19,4,12.100161978566867,12.067652467787216,0.022560630312180616,12.084572940521351
224,discovery,19,4,11.48247656671073,11.677873457998077,0.03082056018122131,11.700988878133993
225,discovery,19,4,12.864242696187505,12.896689067300455,0.08886355495164489,12.96333673351419
231,discovery,19,4,11.904974309480181,11.847936290821352,-0.016118936722233503,11.835847088279676
236,discovery,19,4,11.402005077384885,11.384101349011218,-0.08158343304012687,11.322913774231122
247,discovery,19,4,11.827743504053695,11.799510897483321,-0.011218715846274985,11.791096860598614
252,discovery,19,4,12.367345048436391,12.406626349414095,-0.004580216348988024,12.403191187152354
256,discovery,19,4,12.345838935721968,12.306204901877873,-0.004630604319108436,12.302731948638542
265,discovery,19,4,11.19822841866684,11.344468822736898,-0.03293676729665862,11.319766247264404
268,discovery,19,4,12.097936057925594,12.09567884745105,0.08699110655612627,12.160922177368144
269,discovery,19,4,11.699413330633599,11.644264239838373,-0.01565017243988707,11.632526610508458
281,discovery,19,4,12.339295865674435,12.310755616585297,-0.00831395300140975,12.30452015183424
286,discovery,19,4,12.011886987792716,12.007661388023706,0.025720488262422736,12.026951754220523
288,discovery,19,4,11.385103457032141,11.51948828250999,-0.01258214976215548,11.510051670188373
289,discovery,19,4,11.711784520403112,11.649803755026468,-0.02762120739876077,11.629087849477397
296,discovery,19,4,11.86710429621008,11.885595270872024,-0.01852520430078635,11.871701367646434
302,discovery,19,4,12.495007682693725,12.515352769233864,-0.04903904715630464,12.478573483866636
304,discovery,19,4,11.917730355182513,11.744731784751576,-0.005001998758204629,11.740980285682921
316,discovery,19,4,12.146858590895919,12.134141481387593,-0.015114720417031026,12.122805441074819
321,discovery,19,4,12.74444728628135,12.67288345635492,0.018776966424112754,12.686966181173005
323,discovery,19,4,12.614868865984631,12.56917344687802,-0.023397885458539085,12.551625032784116
329,discovery,19,4,12.276069679344003,12.058994891318356,0.027763085166143682,12.079817205192963
331,discovery,19,4,11.686887175419702,11.844591439814382,-0.04863590267375828,11.808114512809063
337,discovery,19,4,12.841132451487937,12.806040782604958,0.04520240568716748,12.839942586870334
339,discovery,19,4,12.218500103788143,12.228632785940365,0.006136313416080037,12.233235021002425
340,discovery,19,4,11.951186847493476,11.84482861767058,0.0030837111594928975,11.847141401040199
344,discovery,19,4,12.491255347155265,12.542904155304077,-0.0360264132832203,12.515884345341663
345,discovery,19,4,11.350418300109132,11.422660841310691,-0.07188204530066235,11.368749307335195
349,discovery,19,4,11.944714374881176,12.151901749507347,0.013071823932473886,12.161705617456702
350,discovery,19,4,12.988043102265232,13.083831644733884,0.018776966424112754,13.097914369551969
356,discovery,19,4,12.086731521684555,12.0534638742362,0.011555100124286878,12.062130199329415
366,discovery,19,4,11.898194668458823,11.705781131071433,-0.005258783551196782,11.701837043408036
371,discovery,19,4,12.057578437658945,12.116739039545049,0.026205796720505988,12.136393387085429
372,discovery,19,4,11.808821212646512,11.691509028570227,0.015400863896168666,11.703059676492353
377,discovery,19,4,11.904974309480181,11.834095360212526,0.006401585523465464,11.838896549355125
386,discovery,19,4,12.165255859329688,12.084268180742908,-0.007085263571303355,12.078954233064431
390,discovery,19,4,12.962196972666593,12.957952511272843,-0.05302685293466067,12.918182371571849
405,discovery,19,4,12.031725210748633,12.054950029525124,0.018735093637056343,12.069001349752916
414,discovery,19,4,11.652696102959753,11.59450202516156,-0.026664093832565395,11.574503954787136
421,discovery,19,4,12.237091546357338,12.151892899355023,-0.05934193374497804,12.10738644904629
428,discovery,19,4,11.599185726610004,11.621246563461249,0.03859464208916401,11.650192545028121
429,discovery,19,4,12.182809136284991,12.190623529481313,-0.008256063721910609,12.184431481689879
441,discovery,19,4,13.22672519452875,13.091341023095042,0.08886355495164489,13.157988689308777
442,discovery,19,4,11.678448377988165,11.693611275923477,-0.0628968115406091,11.64643866726802
443,discovery,19,4,12.000897933306716,11.926760690958876,0.023416315569463907,11.944322927635973
444,discovery,19,4,12.058158312538197,12.137083981226471,0.021009873332985776,12.15284138622621
449,discovery,19,4,11.691080018519527,11.755029085683528,-0.005363627277541055,11.751006365225372
451,discovery,19,4,11.608244735642321,11.52191129867679,-0.011218715846274985,11.513497261792082
453,discovery,19,4,12.225880174775122,12.246263478264273,0.0009193114898871993,12.24695296188169
457,discovery,19,4,11.49273296168228,11.283716195752408,-0.04796749418865248,11.24774057511092
458,discovery,19,4,12.45293662970407,12.35716708610231,0.07394304094962964,12.412624366814532
464,discovery,19,4,12.147919030759663,12.134709874900723,0.058917536124905134,12.178898026994402
465,discovery,19,4,11.728044909070785,11.631655186706894,-0.004082530574457128,11.62859328877605
475,discovery,19,4,12.433212202169729,12.419264826925044,0.0324546102890437,12.443605784641827
477,discovery,19,4,12.249615734512616,12.29018368345406,0.011660418005595051,12.298928996958256
479,discovery,19,4,12.601490784782536,12.620572916251138,-0.05205246017077758,12.581533571123055
484,discovery,19,4,12.00762780434872,11.937351352211996,-0.033609136757915686,11.91214449964356
486,discovery,19,4,11.898194668458823,11.924275487016468,0.02040298114970113,11.939577722878743
488,discovery,19,4,12.07254696717504,12.082269290656212,-0.005766399914852354,12.077944490720073
501,discovery,19,4,11.635151947212842,11.626814363275956,-0.023374376769523933,11.609283580698813
506,discovery,19,4,11.732069026983156,11.726697770185234,-0.01969704470327072,11.711924986657781
508,discovery,19,4,12.246739428005663,12.070101694917428,0.008546349878451015,12.076511457326266
509,discovery,19,4,11.989165855127435,11.903853286465125,-0.01321594390301467,11.893941328537863
510,discovery,19,4,11.732069026983156,11.861007535616713,0.006892861365229733,11.866177181640635
514,discovery,19,4,11.80560254159177,11.867848040798568,-0.04107983984136533,11.837038160917544
523,discovery,19,4,11.976665770490767,11.92248195178497,0.05175732104853768,11.961299942571374
530,discovery,19,4,12.209192772866418,12.360641101411996,-0.06115325633981941,12.314776159157132
536,discovery,19,4,11.58525542883217,11.759549921537984,0.007610608380619956,11.765257877823448
540,discovery,19,4,12.513561021741964,12.434546558090009,-0.05774498826803258,12.391237816888985
548,discovery,19,4,11.771443882099637,11.751447792795023,0.006747433907217677,11.756508368225436
556,discovery,19,4,11.635151947212842,11.636891970234986,0.01727158098713398,11.649845655975337
561,discovery,19,4,11.707677772181546,12.001001910907648,-0.01253727494163143,11.991598954701425
572,discovery,19,4,11.695255355062795,11.709648784521095,-0.05296244688749972,11.66992694935547
585,discovery,19,4,11.798111925972618,11.84094988095476,0.08225588830069683,11.902641797180282
602,discovery,19,4,11.856522261533737,11.769399552888324,-0.0128343303609907,11.75977380511758
610,discovery,19,4,11.682676678340282,11.655591680264507,0.03392720227016047,11.681037081967128
616,discovery,19,4,11.83138646878959,11.81278598588007,-0.05562897129820589,11.771064257406417
629,discovery,19,4,11.813037464800539,12.126779348538273,-0.022944035500652205,12.109571321912783
631,discovery,19,4,11.728044909070785,11.586185584778997,-0.041876630018550715,11.554778112265085
639,discovery,19,4,11.350418300109132,11.385756847878085,0.007610608380619956,11.39146480416355
641,discovery,19,4,12.520887034998584,12.527007491884403,-0.011002288828024093,12.518755775263385
650,discovery,19,4,11.344518647594766,11.215159932234513,-0.04846572173833495,11.178810640930763
652,discovery,19,4,11.58989576532275,11.621651640260646,-0.022557297840058593,11.604733666880602
655,discovery,19,4,12.765691290604371,12.829545656904987,0.003584279746846733,12.832233866715121
656,discovery,19,4,11.385103457032141,11.342531469707522,-0.062489563192631006,11.29566429731305
657,discovery,19,4,11.8879382384223,11.86409799437964,0.023521712045482247,11.88173927841375
658,discovery,19,4,11.91170829631447,11.989361990191206,0.02177790251075751,12.005695417074275
672,discovery,19,4,11.548302261270587,11.582648390107957,-0.009439438271131341,11.575568811404608
686,discovery,19,4,12.242891437918386,12.31436409834067,0.05432832579469933,12.355110342686695
689,discovery,19,4,12.879019669789754,12.316173651452035,0.08518252033247849,12.380060541701393
691,discovery,19,4,11.856522261533737,11.901382488053077,0.011660418005595051,11.910127801557273
693,discovery,19,4,12.721888795877375,12.635430725046463,0.01748456546071631,12.648544149142001
698,discovery,19,4,11.724004532183379,11.789804621252914,0.014975993582761433,11.801036616439985
699,discovery,19,4,11.83863282480007,11.797620772711722,0.02120005700585531,11.813520815466115
700,discovery,19,4,12.185875040240456,12.12216483405867,0.023460020817305142,12.13975984967165
704,discovery,19,4,11.849404844423074,11.831148719441845,0.002685788466665065,11.833163060791843
705,discovery,19,4,12.269052139516223,12.281831058206187,-0.018454208697583126,12.267990401682999
712,discovery,19,4,11.54031687156214,11.476682410827319,-0.09626448783958477,11.40448404494763
724,discovery,19,4,11.813037464800539,11.801692011624246,-0.004354634487148141,11.798426035758885
727,discovery,19,4,12.310437165348775,12.290777807645188,0.07163856774388308,12.3445067334531
730,discovery,19,4,11.542493975902508,11.410156687393224,-0.10445343368877402,11.331816612126643
733,discovery,19,4,12.312686874960354,12.376538630889463,-0.00964294970454702,12.369306418611053
734,discovery,19,4,11.786008995353765,11.811787157683215,-0.006844746844376446,11.806653597549932
735,discovery,19,4,11.58989576532275,11.610276242195981,-0.03890992125386364,11.581093801255584
736,discovery,19,4,12.001511614739405,12.03125213997364,-0.02169032121563225,12.014984399061916
739,discovery,19,4,12.095146671399466,11.828190100950838,-0.06768739491295042,11.777424554766124
750,discovery,19,4,11.49273296168228,11.292038358529066,-0.08087167199196969,11.231384604535089
761,discovery,19,4,11.755879486687116,11.651089632949263,-0.010426408624978505,11.64326982648053
762,discovery,19,4,11.51293546492023,11.595144947314955,-0.008296467567917947,11.588922596639016
767,discovery,19,4,12.188422799337028,12.139357040307106,-0.038634383020698285,12.110381253041583
785,discovery,19,4,11.759793355371237,11.807333527763596,-0.052321432995903194,11.768092453016669
788,discovery,19,4,12.358798024384122,12.349543306963854,-0.032103826570267016,12.325465437036154
791,discovery,19,4,11.984184555794167,11.998098301516187,-0.010476392372857923,11.990241007236543
799,discovery,19,4,13.091906231773164,13.160354821857302,0.00829285032619016,13.166574459601945
801,discovery,19,4,12.206077645517674,12.207396290187713,0.022849961817936377,12.224533761551166
802,discovery,19,4,11.60733523953139,11.70285052456834,-0.07284596843270033,11.648216048243816
804,discovery,19,4,13.275829251377,12.966138459179659,0.00829285032619016,12.972358096924301
805,discovery,19,4,11.678448377988165,11.63275472074133,-0.015473332417202553,11.621149721428429
808,discovery,19,4,12.317171167298682,12.239642059121925,0.006787464889211388,12.244732657788834
817,discovery,19,4,11.827743504053695,11.836216327985694,0.01737697746315232,11.849249061083059
819,discovery,19,4,11.951186847493476,11.899619629102661,0.04263275506650102,11.931594195402537
822,discovery,19,4,11.440365524765756,11.385580015573362,-0.08177191107748036,11.324251082265253
832,discovery,19,4,11.92504173829169,11.93251293608464,0.030825406019446618,11.955631990599224
841,discovery,19,4,11.849404844423074,11.690890587545232,-0.008013014592101589,11.684880826601155
845,discovery,19,4,11.944064817531656,11.840572222752346,0.01588449710795745,11.852485595583314
860,discovery,19,4,12.429220196836383,12.44450406266281,0.03607075009665202,12.4715571252353
867,discovery,19,4,12.424810506025395,12.430675328928508,0.002983184607562004,12.43291271738418
869,discovery,19,4,12.037659911047468,12.008417436159096,0.0656211691438778,12.057633313017005
876,discovery,19,4,12.623064399210183,12.679879210607604,0.04111743487924574,12.710717286767037
884,discovery,19,4,11.682676678340282,11.728631882559364,0.04840642145863622,11.764936698653342
889,discovery,19,4,12.498745990829315,12.617404216815055,-0.00319042815329792,12.615011395700082
893,discovery,19,4,11.947955847790901,11.85667851987257,0.017040549901784153,11.869458932298908
899,discovery,19,4,13.323928581764989,13.07101065622137,0.0026003222289351785,13.072960897893072
915,discovery,19,4,12.065280672855897,12.025277056458837,0.008546349878451015,12.031686818867675
916,discovery,19,4,11.225256725762893,11.349695478979086,-0.06354965419546428,11.302033238332488
925,discovery,19,4,12.242891437918386,12.223094433473978,0.022560630312180616,12.240014906208113
926,discovery,19,4,12.07254696717504,11.974097075584641,-0.041221940585981984,11.943180620145155
927,discovery,19,4,12.560247968016562,12.596260060690257,-0.011107606709332262,12.587929355658257
950,discovery,19,4,12.193498926601634,12.067904697681614,0.01989410590147445,12.08282527710772
951,discovery,19,4,11.767575435251748,11.843110729318497,0.04364360632718943,11.875843434063889
956,discovery,19,4,11.884495917930655,11.87353439816596,0.045302098459125556,11.907510972010304
963,discovery,19,4,11.951186847493476,11.938862186290466,0.002944778822925098,11.94107077040766
965,discovery,19,4,12.277932735946903,12.305840394751138,0.001307921265538737,12.306821335700292
967,discovery,19,4,11.982935344196433,11.8309757818981,0.07550593451505307,11.88760523278439
973,discovery,19,4,11.507922973347437,11.739584112488838,-0.009045462794435903,11.732800015393012
976,discovery,19,4,12.013706813470414,12.106481129838363,0.030825406019446618,12.129600184352947
979,discovery,19,4,11.608244735642321,11.565287156647006,-0.03681385616763119,11.537676764521283
981,discovery,19,4,12.091789104493502,11.988036239719657,-0.024277359172703333,11.96982822034013
985,discovery,19,4,11.744045122410057,11.74217498895275,-0.008501577859686983,11.735798805557984
988,discovery,19,4,12.887129532148373,12.967346181352864,0.0026003222289351785,12.969296423024566
993,discovery,19,4,12.138869243416009,12.192523822135731,0.02632433633698118,12.212267074388468
995,discovery,19,4,12.729323752253295,12.727169494316993,0.08886355495164489,12.793817160530727
997,discovery,19,4,11.824087219587643,11.781020067259815,0.03373543095232136,11.806321640474057
1011,discovery,19,4,11.813037464800539,11.772130896915447,-0.018809948405724666,11.758023435611154
1012,discovery,19,4,11.51293546492023,11.532224847574048,-0.029794702854016874,11.509878820433535
1020,discovery,19,4,12.271349956195543,12.219812119103649,7.723725064666571e-06,12.219817911897447
1023,discovery,19,4,11.373674891823535,11.578861522031202,-0.03304208517796679,11.554079958147726
1024,discovery,19,4,12.160033942617156,12.163979437863343,-0.007357661477076807,12.158461191755535
1026,discovery,19,4,11.630717389475995,11.728582051669473,-0.0010691175599841854,11.727780213499486
1027,discovery,19,4,12.02874460037869,11.887499783761516,-0.013883599189154591,11.87708708436965
1030,discovery,19,4,11.678448377988165,11.673066113528575,0.012690378555526445,11.68258389744522
1031,discovery,19,4,11.982935344196433,11.750628878794958,0.09435649175826774,11.821396247613658
1032,discovery,19,4,12.190964083849375,12.214649823340332,-0.05526498811531837,12.173201082253843
1033,discovery,19,4,12.644330802262578,12.756147850974507,0.010350424263134369,12.763910669171858
1038,discovery,19,4,12.567240979056246,12.432276306665354,-0.048933729274996465,12.395576009709107
1040,discovery,19,4,11.289794413577894,11.348270035866957,-0.11002131180626885,11.265754052012255
1043,discovery,19,4,12.185875040240456,12.180874728195386,0.026712231744590066,12.200908902003828
1046,discovery,19,4,11.846543632608535,11.74891056770487,-0.002180638409499518,11.747275088897746
1053,discovery,19,4,12.013706813470414,11.995858910518994,-0.007412995610505561,11.990299163811114
1058,discovery,19,4,12.421188057397055,12.322068069302922,0.06361206127421369,12.369777115258582
1062,discovery,19,4,11.302216779257382,11.570767328883134,0.021624589026388096,11.586985770652925
1069,discovery,19,4,11.927687224983487,12.06238542811118,-0.07496735016497041,12.006159915487451
1072,discovery,19,4,11.944714374881176,11.952128070088595,0.012076514214258028,11.961185455749288
1087,discovery,19,4,11.332613886815139,11.501989639547732,-0.07225559530719221,11.447797943067338
1088,discovery,19,4,12.437188334739655,12.45874061782038,0.007780335659593168,12.464575869565076
1106,discovery,19,4,12.691583538230217,12.734663877341722,-0.020310911703318713,12.719430693564233
1111,discovery,19,4,12.144202560946876,12.108996227076638,0.018840411518364516,12.12312653571541
1116,discovery,19,4,12.669809806411457,12.587811216179388,0.036729085348640014,12.615358030190867
1119,discovery,19,4,11.849404844423074,11.794918682395236,-0.0037260159485953273,11.79212417043379
1120,discovery,19,4,11.803361242493628,11.697696464323736,0.002293045006022989,11.699416248078252
1121,discovery,19,4,11.681832447342321,11.66694859097822,-0.027918262818120043,11.646009893864631
1134,discovery,19,4,12.386312871189734,12.39502813445011,-0.017070810895737223,12.382225026278308
1138,discovery,19,4,11.451060699493427,11.407511272269833,0.02120005700585531,11.423411315024225
1145,discovery,19,4,11.289794413577894,11.34157692233879,-0.0717080705336452,11.287795869438556
1146,discovery,19,4,11.91170829631447,11.805526885622898,-0.012571373352569457,11.796098355608471
1148,discovery,19,4,12.069685751267224,12.15054983958545,0.0321692913994478,12.174676808135036
1154,discovery,19,4,11.699413330633599,11.648242480688,0.021008319467804206,11.663998720288852
1164,discovery,19,4,11.59873612138334,11.86218184289055,-0.05610693966898428,11.820101638138812
1165,discovery,19,4,12.175618592671356,12.17954274317872,0.07207428423018199,12.233598456351357
1172,discovery,19,4,12.001511614739405,11.990661349954182,-0.0073076777291973885,11.985180591657285
1173,discovery,19,4,12.05467400868968,11.990944844533528,0.023460020817305142,12.008539860146508
1174,discovery,19,4,12.208574513247495,12.239311443001084,0.027040580312116362,12.25959187823517
1177,discovery,19,4,11.691080018519527,11.791265470703442,-0.021741300453074895,11.774959495363635
1185,discovery,19,4,12.137263685701864,12.233544924894018,-0.008886450928442605,12.226880086697685
1196,discovery,19,4,12.07824495582233,11.982306484060217,0.018840411518364516,11.99643679269899
1206,discovery,19,4,12.513193308436527,12.512385029568277,0.0021827537685887083,12.514022094894719
1209,discovery,19,4,11.849404844423074,11.841628180142527,0.023521712045482247,11.859269464176638
1211,discovery,19,4,12.149507585033072,12.202042082070072,-0.009045462794435903,12.195257984974246
1216,discovery,19,4,11.736077016252437,11.593707457791995,-0.01891526628703284,11.57952100807672
1220,discovery,19,4,11.424105180165641,11.460140732817397,-0.053895638754643815,11.419719003751414
1221,discovery,19,4,11.652696102959753,11.634165296324019,-0.004637911030255278,11.630686863051327
1222,discovery,19,4,11.80560254159177,11.709747991796776,-0.018809948405724666,11.695640530492483
1225,discovery,19,4,12.122696471358964,12.185832602311194,-0.01199598952124991,12.176835610170256
1227,discovery,19,4,12.273735966890268,12.286954041551024,0.030320729674504106,12.309694588806902
1228,discovery,19,4,11.898194668458823,11.8339605559475,0.0437489242084976,11.866772249103875
1235,discovery,19,4,11.775297421715827,11.618558856380004,0.022839902778899183,11.635688783464177
1238,discovery,19,4,12.180759965737863,12.268182446383074,-0.0022775645024055496,12.26647427300627
1248,discovery,19,4,12.042971193457888,11.854075858248084,-0.04978578095309326,11.816736522533263
1264,discovery,19,4,12.103491596905931,12.001367756845701,0.030776498180616625,12.024450130481164
1265,discovery,19,4,12.10625783509458,12.029397909578742,-0.0883235552655197,11.963155243129602
1275,discovery,19,4,11.842236406331555,11.83980647501539,0.06500922774505458,11.88856339582418
1285,discovery,19,4,12.037659911047468,12.104299051260629,-0.03705148574815302,12.076510436949514
1286,discovery,19,4,11.794345471549745,11.711939084367954,0.027763085166143682,11.73276139824256
1293,discovery,19,4,11.58525542883217,11.683755531325465,-0.07951374278877137,11.624120224233886
1294,discovery,19,4,12.000897933306716,12.107111459573666,-0.02245773882552071,12.090268155454526
1298,discovery,19,4,11.849404844423074,11.953525005971708,-0.029498498375887115,11.931401132189793
1299,discovery,19,4,11.982935344196433,13.131370378816861,-0.10517336990977931,13.052490351384526
1308,discovery,19,4,11.835016210489899,11.877106352518602,-0.004082530574457128,11.874044454587759
1310,discovery,19,4,12.09626335986454,12.087469814869772,-0.00023420380139980296,12.087294162018722
1312,discovery,19,4,12.220966184120165,12.20602782294278,-0.008256063721910609,12.199835775151346
1321,discovery,19,4,11.960817678718287,11.966910602094696,-0.08382471523401894,11.904042065669183
1324,discovery,19,4,11.320565693461432,11.280367199624036,0.08225588830069683,11.342059115849558
1325,discovery,19,4,11.898194668458823,12.588568111107799,0.04111743487924574,12.619406187267233
1331,discovery,19,4,12.33270970174018,12.360004435505006,0.010793748674066118,12.368099747010556
1335,discovery,19,4,11.736077016252437,11.644693787101438,0.02769461635991473,11.665464749371374
1342,discovery,19,4,11.951186847493476,11.936468983227698,-0.00023420380139980296,11.936293330376648
1343,discovery,19,4,12.339295865674435,12.429093081680636,-0.04903904715630464,12.392313796313408
1348,discovery,19,4,12.554840409959793,12.60593812070984,0.002983184607562004,12.608175509165513
1357,discovery,19,4,11.608244735642321,11.65265072832201,-0.005072340196118487,11.648846473174922
1368,discovery,19,4,11.751950239425476,11.774637535630735,0.017692905503555685,11.787907214758402
1369,discovery,19,4,11.87757552297847,11.845406569369926,0.008541687109813935,11.851812834702287
1370,discovery,19,4,12.354496960983985,12.444526195687034,-0.05774498826803258,12.40121745448601
1373,discovery,19,4,12.521981322562505,12.403287970099527,0.012806367954723785,12.41289274606557
1382,discovery,19,4,12.377927112974284,12.221686923804624,0.0062024420552740135,12.22633875534608
1384,discovery,19,4,11.626263078808801,11.931242789216137,0.0096787859545679,11.938501878682063
1385,discovery,19,4,11.561725152903833,11.588404068173896,-0.024523370728260684,11.5700115401277
1387,discovery,19,4,12.429220196836383,12.638576887884065,-0.02245773882552071,12.621733583764925
1390,discovery,19,4,11.782960235741939,11.806308305869127,0.030776498180616625,11.82939067950459
1392,discovery,19,4,11.728044909070785,11.717707517809258,-0.008191071091899604,11.711564214490332
1398,discovery,19,4,11.83138646878959,11.826023444037501,0.04353820985117107,11.85867710142588
1412,discovery,19,4,11.849404844423074,11.897571876972162,0.023310923322508233,11.915055069464042
1431,discovery,19,4,12.165984756488543,12.13999792111753,0.05053723668674846,12.177900848632591
1432,discovery,19,4,11.87583791515714,11.796686231698652,-6.8634191547845e-05,11.796634756054992
1437,discovery,19,4,11.699413330633599,11.67092156589258,0.038489324207855835,11.699788559048473
1438,discovery,19,4,12.885673487343764,12.808221190894296,0.03683440322994819,12.835846993316757
1444,discovery,19,4,11.703554089007538,11.566945922631524,0.027763085166143682,11.58776823650613
1458,discovery,19,4,12.493133274926212,12.449596406776429,0.04231652581695186,12.481333801139144
4,discovery,19,5,11.849404844423074,12.067484341309822,-0.044755801736165945,12.033917490007697
5,discovery,19,5,12.429220196836383,12.6522646099488,-0.0029132669114973406,12.650079659765177
6,discovery,19,5,11.870606902224587,11.990160239543762,-0.01398601419759284,11.979670728895567
10,discovery,19,5,11.678448377988165,11.70145888351071,0.026137300930410855,11.721061859208518
34,discovery,19,5,12.016732516077072,12.071369857605575,-0.0012031763517563708,12.070467475341758
35,discovery,19,5,12.533579815765737,12.591821471813379,0.016647360257440152,12.604306992006459
36,discovery,19,5,12.6410997921206,12.64459999434209,0.007561772999366605,12.650271324091616
40,discovery,19,5,11.314486721293981,11.349111554417384,-0.009989655115876746,11.341619313080477
44,discovery,19,5,11.777218637129327,11.805718136132562,0.017631613808927936,11.818941846489258
45,discovery,19,5,11.856522261533737,11.890992635777474,0.024287591367623776,11.909208329303192
52,discovery,19,5,11.648338835562747,11.691928820068137,0.05357173568186135,11.732107621829533
54,discovery,19,5,12.861001210669146,12.776856683162501,0.02579354398557262,12.796201841151682
56,discovery,19,5,12.103491596905931,12.016545520839834,-0.012039398715065139,12.007515971803535
57,discovery,19,5,12.058158312538197,12.207171017390907,-0.09592061708912436,12.135230554574063
58,discovery,19,5,12.188422799337028,12.186180275377652,-0.0016994795679359347,12.184905665701699
64,discovery,19,5,11.849404844423074,11.835330156182156,-0.04383036408359768,11.802457383119458
73,discovery,19,5,12.128116509451258,12.166255821746562,-0.013018956829487782,12.156491604124446
83,discovery,19,5,12.409017571151187,12.310638169222612,-0.004914620626250817,12.306952203752925
89,discovery,19,5,11.350418300109132,11.220129405125546,-0.14247626216138912,11.113272208504505
91,discovery,19,5,11.60733523953139,11.51418724916653,0.024432793566348643,11.532511844341292
108,discovery,19,5,11.652696102959753,11.522710842455277,-0.07820695568631456,11.464055625690541
110,discovery,19,5,12.154784614286667,12.243591213341523,0.017812051675053862,12.256950252097813
113,discovery,19,5,12.85832230788469,12.764193159206108,-0.01660334896728763,12.751740647480643
117,discovery,19,5,11.842236406331555,11.75151074194781,-0.0220138741351779,11.735000336346426
126,discovery,19,5,11.344518647594766,11.330985947813947,-0.003161172652984816,11.328615068324208
127,discovery,19,5,11.759793355371237,11.846008260696314,-0.02485479487883084,11.82736716453719
132,discovery,19,5,12.404927602627597,12.315316409068817,0.0018025556676061621,12.316668325819522
149,discovery,19,5,11.856522261533737,11.923357790783058,-0.013429434437966327,11.913285714954583
150,discovery,19,5,11.652696102959753,11.588544857913243,-0.01315837916353392,11.578676073540592
160,discovery,19,5,12.676079399771027,12.628780562619855,0.007889977268070746,12.634698045570909
163,discovery,19,5,12.301387370778713,12.367480216109318,0.05690161357911081,12.41015642629365
167,discovery,19,5,12.154784614286667,12.248026808685427,0.05465397413880776,12.289017289289534
179,discovery,19,5,13.126032637428713,12.94486797157908,0.06372096176890821,12.992658692905762
184,discovery,19,5,12.206077645517674,12.121338088752125,-0.05941546261661429,12.076776491789664
192,discovery,19,5,12.122696471358964,12.028377618930357,0.013649862975477725,12.038615016161964
195,discovery,19,5,11.751950239425476,11.720120303188297,0.034463231598643854,11.74596772688728
199,discovery,19,5,11.552155793461898,11.626644000576494,-0.06394756812525353,11.578683324482554
201,discovery,19,5,11.849404844423074,11.873029239780879,0.004077714442957292,11.876087525613096
202,discovery,19,5,12.052344376474922,12.017442659119338,-0.014687843286855923,12.006426776654196
204,discovery,19,5,11.91170829631447,11.844235505106465,0.008134118548337593,11.850336094017718
210,discovery,19,5,11.884495917930655,11.89426638429517,0.02141313742299019,11.910326237362412
213,discovery,19,5,12.439875187430008,12.392799312702138,-1.8747910698564685e-05,12.392785251769114
221,discovery,19,5,12.230282214644559,12.29634191857594,-0.001380810436116868,12.295306310748852
229,discovery,19,5,11.736077016252437,11.717267041545746,-0.015577310540666568,11.705584058640246
232,discovery,19,5,12.90669432231532,12.820944457618749,-0.010385650321331465,12.81315521987775
234,discovery,19,5,11.761354623750297,11.786786721474757,0.016595793993605133,11.79923356696996
243,discovery,19,5,11.277215789596893,11.482453083051226,-0.05772307189761939,11.439160779128011
245,discovery,19,5,12.230770136157428,12.362752641299947,-0.01446525425328913,12.35190370060998
249,discovery,19,5,12.100717685412471,12.124704783668905,-0.016922018099106692,12.112013270094575
254,discovery,19,5,11.970356641102999,11.96257867117926,0.046092895513822986,11.997148342814627
260,discovery,19,5,11.48247656671073,11.550710684973843,-0.03504831015201404,11.524424452359833
267,discovery,19,5,12.128116509451258,12.093463779005281,0.017108968633158222,12.10629550548015
272,discovery,19,5,12.394628892852941,12.289117940019,0.0390737857179805,12.318423279307487
274,discovery,19,5,11.842236406331555,12.010034345932464,-0.002890863776559855,12.007866198100045
276,discovery,19,5,12.230770136157428,12.056085964764431,0.018497691088141373,12.069959233080537
285,discovery,19,5,12.09626335986454,12.172941160506232,-0.029607572788555577,12.150735480914815
290,discovery,19,5,11.941950837487406,11.840137924424548,0.05518081494040649,11.881523535629853
295,discovery,19,5,12.025755079404917,11.947112094643295,-0.01951178212489927,11.93247825804962
301,discovery,19,5,11.964007453736912,11.9784980258679,0.04751407994818541,12.01413358582904
307,discovery,19,5,12.323860125621126,12.321768010115385,-0.020817943413419165,12.30615455255532
309,discovery,19,5,11.320565693461432,11.626475935569168,-0.0023588491515540468,11.624706798705503
310,discovery,19,5,12.793862088206213,12.832934111971651,0.03186989878861091,12.85683653606311
311,discovery,19,5,12.017336559562407,12.07240888452256,0.017108968633158222,12.085240610997428
313,discovery,19,5,11.694421681264394,11.780500067671518,0.006238255541759219,11.785178759327838
314,discovery,19,5,12.834683971615659,12.433397669591555,0.003544364886416275,12.436055943256367
320,discovery,19,5,12.141539457711714,12.17349895509311,-0.03928088984220561,12.144038287711457
326,discovery,19,5,11.373674891823535,11.364629339831305,0.020659051038828202,11.380123628110427
328,discovery,19,5,11.886218559372042,11.880074147184226,-0.0042053691593472095,11.876920120314717
333,discovery,19,5,12.556733038263905,12.663734136313874,-0.007744639966185456,12.657925656339234
341,discovery,19,5,12.220473454337986,12.259298014005907,-0.028941284225465963,12.237592050836808
343,discovery,19,5,11.37940550085183,11.46857202303626,-0.0012309016798070088,11.467648846776406
347,discovery,19,5,11.928347504569842,11.825532631004645,0.015698145640692607,11.837306240235165
348,discovery,19,5,11.967187086434018,12.085091641469917,-0.01951178212489927,12.070457804876243
358,discovery,19,5,11.80560254159177,11.855872966647167,-0.03387173243025858,11.830469167324473
362,discovery,19,5,11.884495917930655,11.848825766608941,0.00951638258207143,11.855963053545494
365,discovery,19,5,12.154784614286667,12.121124694485195,0.009286620952752449,12.128089660199759
368,discovery,19,5,12.013706813470414,11.961270968753427,-0.012039398715065139,11.952241419717128
369,discovery,19,5,11.790564777297387,11.892892269148344,0.015417741996583051,11.904455575645782
373,discovery,19,5,11.736077016252437,11.633279022175977,-0.023254883628425545,11.615837859454658
375,discovery,19,5,12.299112067295642,12.227140970137986,-0.016922018099106692,12.214449456563656
380,discovery,19,5,12.095146671399466,12.076236791191738,0.0018025556676061621,12.077588707942443
383,discovery,19,5,12.271396795480596,12.235190629217396,-0.016922018099106692,12.222499115643066
385,discovery,19,5,12.388398368982115,12.515193232232754,0.0018969869572464902,12.516615972450689
387,discovery,19,5,11.302216779257382,11.474287013009555,-0.07873283445779214,11.415237387166211
391,discovery,19,5,11.686887175419702,11.76682364040133,-0.014710951343832105,11.755790426893457
408,discovery,19,5,12.083910661257521,11.952098137043755,0.051630265038896596,11.990820835822928
410,discovery,19,5,12.73596827534975,12.625322138641224,-0.028953729062390233,12.603606841844432
425,discovery,19,5,11.842236406331555,11.877034872995614,-0.012039398715065139,11.868005323959315
426,discovery,19,5,11.813037464800539,11.779431095246236,-0.03176179269523785,11.755609750724808
427,discovery,19,5,12.524530013005734,12.395529830380745,-0.020901817847800465,12.379853466994895
434,discovery,19,5,12.10625783509458,12.083700757281168,0.0092749390774403,12.090656961589248
436,discovery,19,5,12.264346270624157,12.256726752131861,0.053797790867494595,12.297075095282482
437,discovery,19,5,11.661354090741,11.542773720433816,-0.013564621490436706,11.53260025431599
447,discovery,19,5,12.154784614286667,12.299780919499735,0.0035456998179514768,12.302440194363198
450,discovery,19,5,11.695255355062795,11.662616167981223,0.05066854197670383,11.70061757446375
459,discovery,19,5,11.989165855127435,11.938725416211351,-0.03720817553379261,11.910819284561008
461,discovery,19,5,12.481565733211923,12.358285855885983,-0.03642611247222437,12.330966271531814
474,discovery,19,5,12.994532278619134,12.796009794372608,0.029639305473310514,12.818239273477591
481,discovery,19,5,12.694655727828803,12.76817936437285,0.03186989878861091,12.792081788464309
489,discovery,19,5,11.982935344196433,11.754429710708845,-0.012293131099597225,11.745209862384147
499,discovery,19,5,11.775297421715827,11.790994953937448,0.011438662002877423,11.799573950439605
511,discovery,19,5,12.013100572810686,12.01354391887317,0.025812796191787633,12.032903516017011
512,discovery,19,5,12.2193145828011,12.140410910536502,0.06577146295015154,12.189739507749117
517,discovery,19,5,11.970356641102999,12.034067656784075,-0.012443425844477711,12.024735087400716
522,discovery,19,5,11.918397239722838,11.947123945288343,-0.002806989342178552,11.94501870328171
527,discovery,19,5,11.790564777297387,11.815971195175177,0.025896670626168926,11.835393698144804
531,discovery,19,5,12.07254696717504,12.13035147611215,-0.04445270118746869,12.097011950221548
534,discovery,19,5,10.579005242826247,10.979683998060189,-0.13067031295436016,10.881681263344419
535,discovery,19,5,12.08954444723597,12.09929151547967,-0.016110782281920324,12.08720842876823
541,discovery,19,5,12.660331092405906,12.831890153035696,0.014358777680546796,12.842659236296106
542,discovery,19,5,12.421188057397055,12.477642790226222,-0.010301775886950172,12.469916458311008
560,discovery,19,5,12.36308066783498,12.149732446867219,-0.010145900394414879,12.142123021571408
563,discovery,19,5,11.58989576532275,11.67529255789515,-0.03321608632670326,11.650380493150122
565,discovery,19,5,12.498745990829315,12.447849277601364,0.04656755111103298,12.482774940934638
566,discovery,19,5,11.759793355371237,11.769076049342777,-0.06271169154593412,11.722042280683327
570,discovery,19,5,11.820123358887447,11.876204864100897,0.007666673019284365,11.88195486886536
580,discovery,19,5,11.78676973513378,11.776824688279829,-0.03504831015201404,11.750538455665819
581,discovery,19,5,12.111217862017215,12.117545854419692,-0.002806989342178552,12.115440612413058
586,discovery,19,5,12.820990681250251,12.867438775148242,0.021706263957869523,12.883718473116645
594,discovery,19,5,11.849404844423074,11.847808546955108,0.0006617351385034623,11.848304848308985
598,discovery,19,5,12.176654133447505,12.135648043778875,0.007001680409748905,12.140899304086187
600,discovery,19,5,11.92504173829169,11.942611856366588,0.00846425327170068,11.948960046320364
605,discovery,19,5,12.30592250537653,12.294712411533277,-0.00953350912365386,12.287562279690537
606,discovery,19,5,12.230770136157428,12.166538334924065,-0.033680168255634184,12.14127820873234
607,discovery,19,5,11.931642378754141,11.986818784014151,-0.00646168794924561,11.981972518052217
612,discovery,19,5,11.904974309480181,11.979304818931721,0.010685000769921106,11.987318569509162
613,discovery,19,5,12.474193386571581,12.467493401567188,-0.062301821395871315,12.420767035520285
615,discovery,19,5,11.231901180182515,11.264378376221726,-0.0027322724624125674,11.262329171874917
617,discovery,19,5,12.118339189722553,12.108327523621002,0.017108968633158222,12.12115925009587
618,discovery,19,5,11.566475710526321,11.683803405794684,0.004581519633274279,11.68723954551964
623,discovery,19,5,11.813037464800539,11.743995542127054,-0.005392955786838488,11.739950825286925
628,discovery,19,5,11.938199736300925,12.00314363030232,0.0035456998179514768,12.005802905165783
632,discovery,19,5,12.252483791602627,12.344805716149853,-0.007660765531804149,12.339060142001
635,discovery,19,5,11.87757552297847,11.816183062529396,-0.057560524192688006,11.77301266938488
636,discovery,19,5,12.206077645517674,12.07314408724359,-0.05063706508125017,12.035166288432652
638,discovery,19,5,11.440365524765756,11.58589511480805,-0.07302948486317146,11.53112300116067
640,discovery,19,5,12.485830907348902,12.460394220958603,-0.032764758047446996,12.435820652423018
648,discovery,19,5,11.951186847493476,11.878805819188827,-0.03017487267169701,11.856174664685055
660,discovery,19,5,12.025755079404917,11.985932736144632,-0.023856851946821484,11.968040097184515
664,discovery,19,5,11.83138646878959,11.867489045484765,0.005113534258280095,11.871324196178476
665,discovery,19,5,12.955129822091815,12.736613440446723,-0.02111969950667231,12.720773665816719
666,discovery,19,5,12.348010479804223,12.385166462661967,-0.016110782281920324,12.373083375950527
679,discovery,19,5,12.827995001361906,12.762793687075016,0.10497668010921057,12.841526197156924
680,discovery,19,5,11.763691965388299,11.761822130415053,-0.0219299997007966,11.745374630639455
683,discovery,19,5,12.06105265381003,12.190982997822832,0.009285495932699332,12.197947119772357
685,discovery,19,5,12.30592250537653,12.265433562313989,0.037697701739992255,12.293706838618983
688,discovery,19,5,11.910365121788654,11.935231021032948,0.014855445482283063,11.94637260514466
690,discovery,19,5,12.179220327453933,12.146079166556481,0.02885868767364972,12.167723182311718
696,discovery,19,5,12.07824495582233,12.061330343459078,0.038790013594898,12.090422853655252
707,discovery,19,5,12.618185607609803,12.47057075549839,-0.0017672593955276594,12.469245310951743
708,discovery,19,5,12.445093483000798,12.287661536680327,-0.007744639966185456,12.281853056705687
709,discovery,19,5,12.09815887308463,12.077387901581886,-0.007332561263100015,12.071888480634561
711,discovery,19,5,10.859018228147887,11.310452930064255,0.04660228400741786,11.345404643069818
725,discovery,19,5,12.676079399771027,12.674050682005364,-0.07095294297345028,12.620835974775275
726,discovery,19,5,11.699413330633599,11.642990602086618,0.025747298949135994,11.662301076298471
728,discovery,19,5,12.178192583415596,12.19894239357374,-0.01700589253348799,12.186187974173624
740,discovery,19,5,12.154784614286667,12.187572024192024,-0.01700589253348799,12.174817604791908
741,discovery,19,5,11.790564777297387,11.676996839487467,-0.025764488544707236,11.657673473078937
742,discovery,19,5,11.863589378812122,11.812022391735638,-0.012064330722198667,11.802974143693989
746,discovery,19,5,12.61087420020211,12.720377133755296,0.015433245793023999,12.731952068100064
749,discovery,19,5,12.469978029554953,12.426889494842172,0.037697701739992255,12.455162771147165
754,discovery,19,5,12.526346537332584,12.526698165574192,0.007561772999366605,12.532369495323717
758,discovery,19,5,11.97603664577121,11.860249430985252,-0.09776455363738346,11.786926015757215
759,discovery,19,5,12.097378802727306,12.02792391350908,0.022243954457735894,12.044606879352381
772,discovery,19,5,11.532737896139919,11.692685333348189,0.0420693368904966,11.724237336016062
773,discovery,19,5,11.580593459194764,11.839173162812497,-0.06041925410524007,11.793858722233567
778,discovery,19,5,11.86710429621008,11.816748861366072,-0.0067074611696258425,11.811718265488853
779,discovery,19,5,11.87757552297847,11.785480076918198,0.03779411343768494,11.81382566199646
780,discovery,19,5,11.813037464800539,11.899727243215958,-0.023474732079477412,11.88212119415635
781,discovery,19,5,12.07824495582233,12.039625379156426,-0.012935082395106476,12.029924067360096
794,discovery,19,5,12.323860125621126,12.386127924080824,-0.03634223803784306,12.358871245552443
798,discovery,19,5,11.608244735642321,11.510145656924879,-0.039824465750018856,11.480277307612365
803,discovery,19,5,12.149507585033072,12.137585416794295,-0.00953350912365386,12.130435284951554
810,discovery,19,5,11.571203807011969,11.709275113640716,-0.042520693561848164,11.67738459346933
812,discovery,19,5,11.881041706925902,11.883028853199123,0.029609469981716832,11.905235955685411
816,discovery,19,5,12.323415584358154,12.205246926723765,-0.010569328938976663,12.197319930019532
818,discovery,19,5,12.509877789891931,12.580236733675731,-0.06260853328945892,12.533280333708637
821,discovery,19,5,12.117246896289503,12.133569615968101,-0.00953350912365386,12.12641948412536
824,discovery,19,5,11.845827048676645,11.844407152495215,-0.005186927701066851,11.840516956719416
825,discovery,19,5,12.357079818283598,12.32622180916826,-0.02111969950667231,12.310382034538256
835,discovery,19,5,11.849047640327147,11.829357606889854,0.016453561811905854,11.841697778248783
838,discovery,19,5,11.51293546492023,11.461465397264233,-0.00668129162129124,11.456454428548264
850,discovery,19,5,12.138869243416009,12.061660080784279,0.039992961064818276,12.091654801582893
851,discovery,19,5,11.78676973513378,11.855703392727321,0.0007456095728847617,11.856262599906984
854,discovery,19,5,11.970356641102999,12.04353000925597,-0.002890863776559855,12.041361861423551
866,discovery,19,5,11.908346971208951,11.825501666049293,0.008981178402071723,11.832237549850847
870,discovery,19,5,12.371591321286905,12.33555175792785,-0.01446525425328913,12.324702817237885
873,discovery,19,5,11.661354090741,11.669806479315703,0.033285179601621764,11.69477036401692
878,discovery,19,5,12.765691290604371,12.772232216423223,0.016563485823058846,12.784654830790517
879,discovery,19,5,11.904974309480181,11.918268985459248,0.01787522559738875,11.93167540465729
882,discovery,19,5,12.141539457711714,12.254784811385042,0.0036282393207975744,12.25750599087564
891,discovery,19,5,11.719134432217524,11.694064192947417,0.025896670626168926,11.713486695917044
894,discovery,19,5,12.013706813470414,11.966854921685728,-0.014541490725343768,11.95594880364172
900,discovery,19,5,11.813037464800539,11.811796823408972,0.026745074968429476,11.831855629635294
902,discovery,19,5,11.938199736300925,11.85818233228173,0.025812796191787633,11.877541929425572
903,discovery,19,5,12.100717685412471,12.09720633462794,0.002287456136064285,12.098921926729988
906,discovery,19,5,11.759793355371237,11.75454565465218,-0.0012031763517563708,11.753643272388363
908,discovery,19,5,12.429220196836383,12.345739456725429,0.047621134100121,12.38145530730052
910,discovery,19,5,12.066816325306588,12.052088364717902,0.0018025556676061621,12.053440281468607
921,discovery,19,5,12.211065162153215,12.224641094017677,-0.029607572788555577,12.20243541442626
924,discovery,19,5,12.170450649220749,12.191867928942226,-0.022219063813102742,12.175203631082399
929,discovery,19,5,12.373707715234994,12.4000167621001,-0.062301821395871315,12.353290396053197
931,discovery,19,5,12.211065162153215,12.316122153452584,-0.0353778478199773,12.2895887675876
937,discovery,19,5,12.127575825689417,12.135743665235841,-0.020901817847800465,12.120067301849991
938,discovery,19,5,12.441148720271016,12.355915182248918,0.014771571047901763,12.366993860534844
941,discovery,19,5,11.924379271639218,12.054361340765888,-0.023474732079477412,12.03675529170628
942,discovery,19,5,12.273735966890268,12.344378843688963,-0.013018956829487782,12.334614626066847
962,discovery,19,5,12.513561021741964,12.437318709568707,0.034905127535089855,12.463497555220025
972,discovery,19,5,12.06105265381003,11.991083914424385,0.014052657672129619,12.001623407678482
977,discovery,19,5,11.356283350762888,11.285463162715558,0.11975834061891932,11.375281918179748
989,discovery,19,5,12.180759965737863,12.181448442599562,0.010685000769921106,12.189462193177002
998,discovery,19,5,12.128116509451258,11.981854968483786,0.010601126335539814,11.98980581323544
1001,discovery,19,5,11.314486721293981,11.227555708876551,-0.1129684749468762,11.142829352666395
1006,discovery,19,5,11.917730355182513,11.829969680846572,0.03613674879179911,11.857072242440422
1018,discovery,19,5,12.141539457711714,12.131047778722529,0.033815042547883034,12.156409060633441
1025,discovery,19,5,12.567240979056246,12.619579180707179,-0.006815684030267066,12.614467417684478
1036,discovery,19,5,11.338583982516495,11.362081768293933,-0.06973098092007145,11.30978353260388
1044,discovery,19,5,12.47717172708952,12.432726460595658,-0.013429434437966327,12.422654384767183
1047,discovery,19,5,13.229569788348705,12.976097223381583,0.07902737473446025,13.035367754432428
1054,discovery,19,5,11.881041706925902,11.902403719970868,-0.034251906142026056,11.876714790364348
1057,discovery,19,5,12.13270055639427,12.297869977317132,0.029359070637681665,12.319889280295394
1059,discovery,19,5,12.721888795877375,12.809831873924319,0.016563485823058846,12.822254488291613
1070,discovery,19,5,11.813037464800539,11.765419219858881,0.025896670626168926,11.784841722828508
1071,discovery,19,5,11.813037464800539,11.790168929075737,-0.007555865511886403,11.784502029941821
1075,discovery,19,5,12.175618592671356,12.10403981842587,-0.016922018099106692,12.09134830485154
1077,discovery,19,5,12.04355959836804,11.945613702585653,0.007911772734914474,11.95154753213684
1080,discovery,19,5,11.744045122410057,11.798333220777122,-0.0063778135148643104,11.793549860640974
1081,discovery,19,5,11.884495917930655,12.008676223778105,0.01186057535507233,12.01757165529441
1093,discovery,19,5,11.824087219587643,12.010526034578522,-0.031167080429288032,11.987150724256557
1095,discovery,19,5,11.767575435251748,11.797634059938074,0.03224935978629896,11.821821079777799
1102,discovery,19,5,11.691080018519527,11.666296971539522,-0.007555865511886403,11.660630072405606
1103,discovery,19,5,11.813037464800539,11.818220306178244,0.01024810077237634,11.825906381757527
1105,discovery,19,5,11.571203807011969,11.67946611007048,0.0026052369815727956,11.68142003780666
1113,discovery,19,5,11.774527900858468,11.691459164271388,0.041119209157339666,11.722298571139392
1118,discovery,19,5,11.775297421715827,11.833265302811734,0.018911045412711554,11.847448586871268
1122,discovery,19,5,12.268582547911404,12.275034537086862,-0.001380810436116868,12.273998929259774
1139,discovery,19,5,12.185875040240456,12.241049451862184,-0.03878114504502947,12.211963593078412
1179,discovery,19,5,11.950541482162043,11.780992400218564,0.048828585330972764,11.817613839216794
1183,discovery,19,5,13.521140839642674,13.086066696427448,-0.040571002133467815,13.055638444827347
1190,discovery,19,5,12.149507585033072,12.171649245792416,-0.00658239323497644,12.166712450866184
1192,discovery,19,5,12.066816325306588,12.025985472426177,-0.012303129601703655,12.016758125224898
1194,discovery,19,5,12.013706813470414,12.01148781499978,-0.03878114504502947,11.982401956216009
1200,discovery,19,5,11.904974309480181,11.850383020443044,0.01444531933067697,11.86121700994105
1207,discovery,19,5,11.580593459194764,11.631184525168667,0.01703558984161225,11.643961217549876
1213,discovery,19,5,11.635151947212842,11.387622468421487,0.014262069196785368,11.398319020319075
1219,discovery,19,5,11.296024885689746,11.139489659643791,0.08630580448086397,11.204219013004439
1237,discovery,19,5,12.075400019877522,11.996295390908392,0.020489221266640947,12.011662306858373
1240,discovery,19,5,12.490879338036375,12.33174283785234,-0.03529397338559599,12.305272357813143
1242,discovery,19,5,12.42250975887691,12.413857913202945,0.016686044872022153,12.426372446856961
1243,discovery,19,5,12.04355959836804,12.008044036276706,-0.05097069015970206,11.96981601865693
1257,discovery,19,5,12.616528611893463,12.684176205363858,-0.0029132669114973406,12.681991255180236
1258,discovery,19,5,11.511934974596555,11.362904931251041,-0.022183334753666243,11.346267430185792
1259,discovery,19,5,12.154784614286667,12.083086342365856,-0.005546573419653644,12.078926412301117
1268,discovery,19,5,12.843973993864076,12.783566699171624,0.020795341275058124,12.799163205127918
1269,discovery,19,5,12.850557278777309,12.706440623009062,0.08859228299965274,12.772884835258802
1271,discovery,19,5,12.468440756144114,12.349404524191955,0.021206348112941788,12.365309285276663
1272,discovery,19,5,12.132162346145595,12.08402189752956,0.027432744125255717,12.104596455623502
1276,discovery,19,5,11.827743504053695,11.881665507749792,-0.007555865511886403,11.875998608615877
1301,discovery,19,5,12.323860125621126,12.322568075258372,-0.013018956829487782,12.312803857636256
1302,discovery,19,5,12.086731521684555,12.050042652509262,0.04415788162906246,12.083161063731058
1306,discovery,19,5,12.691583538230217,12.661151331676999,0.016563485823058846,12.673573946044293
1311,discovery,19,5,12.721888795877375,12.597992873872265,0.04042480192223553,12.628311475313941
1316,discovery,19,5,12.239995696974733,12.12807036292561,-0.012039398715065139,12.119040813889312
1317,discovery,19,5,12.596403811053621,12.50379966471563,-0.062301821395871315,12.457073298668728
1319,discovery,19,5,12.524530013005734,12.506830014775908,-0.046995408430319255,12.471583458453168
1336,discovery,19,5,12.031129798974042,11.980531527255462,-0.006019792012799608,11.976016683245861
1341,discovery,19,5,11.719947764402807,11.566073227586301,0.009210255035177875,11.572980918862685
1347,discovery,19,5,12.47801017053037,12.409260202332137,0.009478059261401772,12.416368746778188
1350,discovery,19,5,11.711784520403112,11.754336457057072,-0.07066071167184793,11.701340923303185
1353,discovery,19,5,11.812296455066814,11.71731292299486,0.08551147951303989,11.78144653262964
1355,discovery,19,5,12.367345048436391,12.368666215542703,-0.00953350912365386,12.361516083699962
1358,discovery,19,5,11.917730355182513,11.981071017058186,0.015417741996583051,11.992634323555624
1359,discovery,19,5,12.086731521684555,12.042089039714146,0.03572649556615225,12.06888391138876
1360,discovery,19,5,12.660331092405906,12.846607567787556,0.03186989878861091,12.870509991879015
1366,discovery,19,5,12.283038316285214,12.253083651031137,0.0212081346424131,12.268989752012947
1375,discovery,19,5,12.429220196836383,12.455380376561855,0.022243954457735894,12.472063342405157
1378,discovery,19,5,11.669937760751914,11.829980561661628,-0.0573093880848768,11.78699852059797
1379,discovery,19,5,11.326607934898927,11.525256484760945,0.0011527379344266897,11.526121038211764
1380,discovery,19,5,12.02874460037869,11.987509082050265,0.029975888800861814,12.009990998650911
1383,discovery,19,5,11.964007453736912,11.90310913204309,-0.018128896922841038,11.889512459350959
1394,discovery,19,5,12.001511614739405,11.828218722401216,-0.02307216823930988,11.810914596221734
1403,discovery,19,5,12.174994689959313,12.14170381127865,-0.001380810436116868,12.140668203451561
1404,discovery,19,5,12.552930054797935,12.272465070130005,-0.012303129601703655,12.263237722928727
1421,discovery,19,5,12.100161978566867,12.039541195278476,0.025907539301091867,12.058971849754295
1439,discovery,19,5,11.916395250412128,11.877424451164506,-0.024107988054632684,11.859343460123531
1441,discovery,19,5,12.160033942617156,12.132695702332656,0.051630265038896596,12.17141840111183
1446,discovery,19,5,11.767575435251748,11.751731944361106,-0.05457889302886206,11.710797774589459
1448,discovery,19,5,12.388398368982115,12.47604567224172,-0.06221794696149001,12.429382212020602
1449,discovery,19,5,11.626263078808801,11.636668026851947,0.031177561420882585,11.660051197917609
1450,discovery,19,5,11.429554725537322,11.425655303372842,-0.08310022343454497,11.363330135796934
1452,discovery,19,5,12.567554517655415,12.427583961692731,-0.03642611247222437,12.400264377338562
1457,discovery,19,5,12.25486757159303,12.177670585374443,0.017037689930051135,12.190448852821982
11,discovery,43,1,11.771443882099637,11.758115962701037,-0.016951431883202986,11.745402388788635
16,discovery,43,1,11.790564777297387,11.760313349363257,0.03329925140301953,11.785287787915522
24,discovery,43,1,11.774527900858468,11.831706831699053,0.0034174671262820716,11.834269932043766
27,discovery,43,1,11.811554895830454,11.826737606463855,0.022942843242290695,11.843944738895573
28,discovery,43,1,12.631343648903034,12.595328050877752,0.007919843359225697,12.601267933397171
30,discovery,43,1,11.134603622683905,11.139689277542704,0.07149746327966852,11.193312375002456
35,discovery,43,1,12.533579815765737,12.591821471813379,-0.02198782172187796,12.575330605521971
37,discovery,43,1,11.884495917930655,11.921214364490503,0.01557825701055841,11.932898057248421
49,discovery,43,1,11.635151947212842,11.485517875702554,-0.07734567391535879,11.427508620266035
68,discovery,43,1,12.328294703023396,12.298071322238801,-0.01896294000349386,12.28384911723618
70,discovery,43,1,12.323860125621126,12.282174338169584,0.01657586559300717,12.29460623736434
73,discovery,43,1,12.128116509451258,12.166255821746562,-0.006645126792609942,12.161271976652104
78,discovery,43,1,11.751950239425476,11.680051570866903,0.02279854064729474,11.697150476352373
88,discovery,43,1,12.010671928196443,12.029969579947197,-0.005355423695061022,12.025953012175902
100,discovery,43,1,11.767187766223199,11.70605810691796,0.03620989705384585,11.733215529708344
106,discovery,43,1,12.429220196836383,12.42385899372476,-0.014313345398811347,12.413123984675652
107,discovery,43,1,11.51293546492023,11.368036540064747,-0.036609054515667976,11.340579749177996
109,discovery,43,1,11.652696102959753,11.69632582534347,0.06414083418311585,11.744431450980807
113,discovery,43,1,12.85832230788469,12.764193159206108,-0.01174964942732655,12.755380922135613
115,discovery,43,1,12.466515835145202,12.356588128448843,0.06302684334891542,12.40385826096053
123,discovery,43,1,11.820417517632333,11.839693108438064,-0.0018226737723459623,11.838326103108805
128,discovery,43,1,11.373674891823535,11.452964876213056,-0.014162157995969,11.442343257716079
129,discovery,43,1,11.951186847493476,11.889409087335688,-0.02092126431619118,11.873718139098544
132,discovery,43,1,12.404927602627597,12.315316409068817,0.002600014124065054,12.317266419661866
135,discovery,43,1,12.100717685412471,12.054522149492895,-0.00045685603577915986,12.05417950746606
137,discovery,43,1,11.870606902224587,11.87390756822505,-0.009573303294119019,11.866727590754461
139,discovery,43,1,12.345838935721968,12.431069579696024,-0.01737714770754654,12.418036718915364
141,discovery,43,1,11.652696102959753,11.555243041590696,0.04820640865153456,11.591397848079348
146,discovery,43,1,11.775297421715827,11.8090664140512,-0.0071416345110809805,11.803710188167889
155,discovery,43,1,11.736077016252437,11.543280426420212,-0.05976805272832619,11.498454386873968
179,discovery,43,1,13.126032637428713,12.94486797157908,0.07441260979666267,13.000677428926577
181,discovery,43,1,12.083910661257521,12.0544970299575,0.025209889767091702,12.073404447282819
190,discovery,43,1,12.563750586299374,12.471561618278095,0.028280566650886064,12.492772043266259
191,discovery,43,1,12.660331092405906,12.553889905521727,0.0362392645397583,12.581069353926546
192,discovery,43,1,12.122696471358964,12.028377618930357,0.018430827293609463,12.042200739400563
197,discovery,43,1,12.650351332641707,12.623553057889286,0.021646818916664787,12.639788172076784
203,discovery,43,1,11.626263078808801,11.61804091438206,-0.029183359781077032,11.596153394546253
204,discovery,43,1,11.91170829631447,11.844235505106465,0.01730437249326958,11.857213784476416
215,discovery,43,1,11.993813394724253,11.895336946113414,0.04376127952750585,11.928157905759043
221,discovery,43,1,12.230282214644559,12.29634191857594,-0.0025693335047373028,12.294414918447387
224,discovery,43,1,11.48247656671073,11.677873457998077,0.023165028719232802,11.695247229537502
227,discovery,43,1,12.577639650232573,12.513988267845534,-0.00488964952372283,12.510321030702741
229,discovery,43,1,11.736077016252437,11.717267041545746,-0.012714191813227752,11.707731397685825
239,discovery,43,1,12.669809806411457,12.455222842514932,0.06849566476481508,12.506594591088543
240,discovery,43,1,11.635151947212842,11.741795152526517,-0.04997186038753358,11.704316257235867
244,discovery,43,1,11.695255355062795,11.810933159367309,-0.0018878677774962949,11.809517258534187
259,discovery,43,1,12.352339472153524,12.279509086290142,-0.012903700501320425,12.269831310914151
262,discovery,43,1,12.52815976788113,12.773137123310553,0.02491471117529957,12.791823156692027
271,discovery,43,1,12.491255347155265,12.478114860513603,-0.014151472916095083,12.467501255826532
284,discovery,43,1,12.407383590534293,12.407631621697954,-0.021644679021761665,12.391398112431633
285,discovery,43,1,12.09626335986454,12.172941160506232,-0.016948477021426975,12.160229802740162
290,discovery,43,1,11.941950837487406,11.840137924424548,0.02297826080447384,11.857371620027903
291,discovery,43,1,12.359784657728284,12.407110703157644,0.03409502709788882,12.43268197348106
303,discovery,43,1,12.230770136157428,12.330570624638321,-0.009782624080904611,12.323233656577642
306,discovery,43,1,12.631016799175821,12.608931274124572,-0.023436387209719977,12.591353983717282
312,discovery,43,1,11.790564777297387,11.823597342956893,-0.015040970994849759,11.812316614710756
314,discovery,43,1,12.834683971615659,12.433397669591555,-0.013922724015378954,12.42295562658002
318,discovery,43,1,12.506180941677357,12.472219865434061,-0.020372584900984782,12.456940426758322
324,discovery,43,1,11.745433036677353,11.658827870071446,0.020040588174871393,11.6738583112026
325,discovery,43,1,12.396697137361691,12.473696953578974,-0.0009419904402798132,12.472990460748765
334,discovery,43,1,12.240478903153711,12.141524382821784,0.014507708130924998,12.152405163919978
339,discovery,43,1,12.218500103788143,12.228632785940365,-0.012239255697078554,12.219453344167556
343,discovery,43,1,11.37940550085183,11.46857202303626,-0.015931600957015873,11.4566233223185
344,discovery,43,1,12.491255347155265,12.542904155304077,-0.01592858221970453,12.530957718639298
355,discovery,43,1,11.849404844423074,11.979566139775866,-0.017412328114532194,11.966506893689967
361,discovery,43,1,11.957617696467539,11.918749759007955,-0.02017889900861318,11.903615584751496
362,discovery,43,1,11.884495917930655,11.848825766608941,0.02279854064729474,11.865924672094412
364,discovery,43,1,11.678448377988165,11.543634985034007,0.03322091187884343,11.56855066894314
369,discovery,43,1,11.790564777297387,11.892892269148344,0.01409667570503766,11.903464775927123
371,discovery,43,1,12.057578437658945,12.116739039545049,0.01009322022973164,12.124308954717348
376,discovery,43,1,11.0186455364637,11.288445298013727,-0.169448800009248,11.16135869800679
378,discovery,43,1,12.73670383776449,12.592117288685923,-0.020372584900984782,12.576837850010184
379,discovery,43,1,12.885204569609956,12.853990579673933,0.04247327112460031,12.885845533017383
382,discovery,43,1,12.142871895843887,12.266931049298273,0.03082713483925405,12.290051400427714
384,discovery,43,1,11.23850177707664,11.296633897312475,-0.07702106299202431,11.238868100068457
385,discovery,43,1,12.388398368982115,12.515193232232754,0.0473162144283549,12.55068039305402
391,discovery,43,1,11.686887175419702,11.76682364040133,0.006746149581937241,11.771883252587784
392,discovery,43,1,12.278397958261774,12.31942401154884,-0.03186528861869852,12.295525045084815
397,discovery,43,1,11.719947764402807,11.740118301681699,0.01557825701055841,11.751801994439617
401,discovery,43,1,12.411056299528171,12.33042644952887,-0.003832526924688645,12.327552054335353
405,discovery,43,1,12.031725210748633,12.054950029525124,0.0009129043071423866,12.05563470775548
407,discovery,43,1,11.652696102959753,11.65840543617035,-0.020533404534948008,11.64300538276914
415,discovery,43,1,12.337105293891872,12.379015312293596,-0.025980338349554218,12.35953005853143
418,discovery,43,1,12.384223015005313,12.216108982456737,0.039928478468075276,12.246055341307793
424,discovery,43,1,12.660331092405906,12.725539447496347,-0.017521434353202688,12.712398371731444
430,discovery,43,1,12.07254696717504,12.070239876655213,0.009988925173521554,12.077731570535354
434,discovery,43,1,12.10625783509458,12.083700757281168,0.006972143809315823,12.088929865138155
436,discovery,43,1,12.264346270624157,12.256726752131861,0.023610738890444,12.274434806299695
448,discovery,43,1,12.20557752297723,12.236185755655063,0.000848079313056646,12.236821815139855
455,discovery,43,1,12.144202560946876,11.902173561055289,-0.06476052167102045,11.853603169802023
456,discovery,43,1,12.075400019877522,11.998921689228828,-0.03026573915692084,11.976222384861137
478,discovery,43,1,12.847929163278053,12.923531018228477,-0.02198782172187796,12.90704015193707
486,discovery,43,1,11.898194668458823,11.924275487016468,0.014333473487064697,11.935025592131767
487,discovery,43,1,11.957617696467539,11.911368393186356,0.01264636367014203,11.920853165938963
488,discovery,43,1,12.07254696717504,12.082269290656212,0.013235654191865735,12.092196031300112
496,discovery,43,1,10.460270761075149,11.173743680626313,-0.02691076501165116,11.153560606867574
501,discovery,43,1,11.635151947212842,11.626814363275956,-0.004938062245927376,11.623110816591511
507,discovery,43,1,12.278397958261774,12.282262889726212,-0.02382884631762702,12.264391254987991
510,discovery,43,1,11.732069026983156,11.861007535616713,0.005487305949811661,11.865123015079071
515,discovery,43,1,11.477308649967686,11.405091901104065,0.035850190150261946,11.43197954371676
520,discovery,43,1,12.36308066783498,12.424413472420836,0.07503376059567712,12.480688792867594
521,discovery,43,1,11.573559498507079,11.382748569044852,-0.030549815013494536,11.359836207784731
524,discovery,43,1,12.126764251515691,13.338535273044494,-0.1650156853946308,13.21477350899852
530,discovery,43,1,12.209192772866418,12.360641101411996,-0.013016883419094086,12.350878438847676
531,discovery,43,1,12.07254696717504,12.13035147611215,-0.0227445858305534,12.113293036739234
545,discovery,43,1,12.098854850641,12.18256211174152,0.016349089051464923,12.194823928530118
547,discovery,43,1,12.25486757159303,12.044146609863603,0.02297826080447384,12.061380305466958
548,discovery,43,1,11.771443882099637,11.751447792795023,-0.012880973845597873,11.741787062410825
549,discovery,43,1,11.736077016252437,11.697609887537237,-0.008102918493795564,11.69153269866689
560,discovery,43,1,12.36308066783498,12.149732446867219,-0.01789834219918266,12.136308690217833
574,discovery,43,1,12.04355959836804,12.02940476892813,-0.008332236609532612,12.02315559147098
581,discovery,43,1,12.111217862017215,12.117545854419692,-0.016728080811772426,12.104999793810864
582,discovery,43,1,12.442306148381938,12.843614349370917,0.07018277458173774,12.89625143030722
586,discovery,43,1,12.820990681250251,12.867438775148242,-0.003499633825068096,12.864814049779442
594,discovery,43,1,11.849404844423074,11.847808546955108,0.012932242808018808,11.85750772906112
595,discovery,43,1,11.608244735642321,11.665388787557273,0.033323886122817184,11.690381702149386
598,discovery,43,1,12.176654133447505,12.135648043778875,-0.002040539386565132,12.134117639238951
599,discovery,43,1,12.289958727201455,12.216901114842397,0.05840400549985922,12.260704118967292
607,discovery,43,1,11.931642378754141,11.986818784014151,0.01557825701055841,11.99850247677207
611,discovery,43,1,12.653961664405365,12.664543511276925,0.011377391387182816,12.673076554817312
612,discovery,43,1,11.904974309480181,11.979304818931721,0.0254853315194974,11.998418817571345
615,discovery,43,1,11.231901180182515,11.264378376221726,-0.05125201956089374,11.225939361551056
616,discovery,43,1,11.83138646878959,11.81278598588007,-0.03430375221766825,11.78705817171682
621,discovery,43,1,11.112462823634855,11.053016920371078,-0.0666758145351149,11.003010059469743
622,discovery,43,1,12.388398368982115,12.353083250427332,0.040390738558923875,12.383376304346525
629,discovery,43,1,11.813037464800539,12.126779348538273,-0.01778374305881028,12.113441541244166
637,discovery,43,1,11.002116507732017,10.901811615570606,-0.11258512793802417,10.817372769617089
641,discovery,43,1,12.520887034998584,12.527007491884403,0.0036826032892504595,12.529769444351341
642,discovery,43,1,12.328294703023396,12.406595886147777,0.026094885749401806,12.426167050459828
643,discovery,43,1,12.75130259456002,12.728163651879632,-0.013488186867563062,12.71804751172896
652,discovery,43,1,11.58989576532275,11.621651640260646,0.00996313619626888,11.629123992407848
659,discovery,43,1,11.487617913343598,11.77059444884235,-0.05652341918192928,11.728201884455904
662,discovery,43,1,12.904209855160254,12.834907076858983,0.0003261029258075812,12.835151654053337
671,discovery,43,1,12.063938642041201,12.068321987228328,0.012932242808018808,12.078021169334342
678,discovery,43,1,11.603688960617083,11.582023413926647,0.0017771491645407647,11.583356275800053
679,discovery,43,1,12.827995001361906,12.762793687075016,0.10610895530733047,12.842375403555513
683,discovery,43,1,12.06105265381003,12.190982997822832,0.05337545393052834,12.231014588270728
693,discovery,43,1,12.721888795877375,12.635430725046463,-0.006429517909712369,12.630608586614178
700,discovery,43,1,12.185875040240456,12.12216483405867,0.03215412525157524,12.146280427997352
704,discovery,43,1,11.849404844423074,11.831148719441845,0.02580361888221761,11.850501433603508
711,discovery,43,1,10.859018228147887,11.310452930064255,0.0419585453312844,11.341921839062717
716,discovery,43,1,12.013706813470414,11.916772175206129,0.013798941909412065,11.927121381638187
721,discovery,43,1,12.524530013005734,12.502774109176704,0.031401643071301874,12.526325341480181
726,discovery,43,1,11.699413330633599,11.642990602086618,0.04097402672562786,11.67372112213084
727,discovery,43,1,12.310437165348775,12.290777807645188,0.08013105312828893,12.350876097491405
730,discovery,43,1,11.542493975902508,11.410156687393224,-0.06397746071558293,11.362173591856537
732,discovery,43,1,12.141539457711714,12.137253838864469,-0.015609833832301622,12.125546463490243
734,discovery,43,1,11.786008995353765,11.811787157683215,-0.007950062141445748,11.80582461107713
735,discovery,43,1,11.58989576532275,11.610276242195981,-0.04738332465586709,11.574738748704082
737,discovery,43,1,11.44572741040675,11.36596428853635,-0.015931600957015873,11.354015587818589
741,discovery,43,1,11.790564777297387,11.676996839487467,-0.010140227221561732,11.669391669071295
743,discovery,43,1,12.095146671399466,12.019779818966287,-0.03203957785172766,11.995750135577492
745,discovery,43,1,12.100717685412471,12.272372453534096,0.028280566650886064,12.29358287852226
757,discovery,43,1,12.264346270624157,12.253431184527322,-0.02174927739279731,12.237119226482724
762,discovery,43,1,11.51293546492023,11.595144947314955,0.018426410962043973,11.608964755536487
767,discovery,43,1,12.188422799337028,12.139357040307106,-0.03334275901178019,12.11434997104827
768,discovery,43,1,11.982935344196433,12.06137080826035,-0.005273491969186701,12.05741568928346
774,discovery,43,1,11.648338835562747,11.698045708957089,0.030440511798185594,11.720876092805728
777,discovery,43,1,12.308182383129823,12.319505220459748,-0.0025693335047373028,12.317578220331194
781,discovery,43,1,12.07824495582233,12.039625379156426,-0.008332236609532612,12.033376201699276
783,discovery,43,1,12.139403856983334,12.154170661948298,-0.017275830186571195,12.141213789308368
784,discovery,43,1,12.016732516077072,12.011374679791867,-0.02004003156592824,11.99634465611742
789,discovery,43,1,11.588969419043874,11.564023365168367,-0.030549815013494536,11.541111003908247
790,discovery,43,1,12.141539457711714,12.208384429819743,0.08378807873620304,12.271225488871895
796,discovery,43,1,12.049424683420915,12.011923165669025,0.006721501977729702,12.016964292152322
799,discovery,43,1,13.091906231773164,13.160354821857302,0.02781532902630935,13.181216318627033
806,discovery,43,1,12.335700805443338,12.246423428095403,0.027706058418838227,12.267202971909532
807,discovery,43,1,11.816734299348461,11.78640002858694,-0.00039298737152975967,11.786105288058293
811,discovery,43,1,12.10625783509458,12.128532617493446,0.03466564744208665,12.154531853075012
813,discovery,43,1,10.932999821119937,11.472049845599036,0.03474046320225512,11.498105193000727
822,discovery,43,1,11.440365524765756,11.385580015573362,-0.10108800118901837,11.309764014681598
829,discovery,43,1,12.128116509451258,12.092009446411643,-0.018014777309527618,12.078498363429498
832,discovery,43,1,11.92504173829169,11.93251293608464,0.035275201671991066,11.958969337338633
836,discovery,43,1,11.759793355371237,11.781289074431202,0.04556958507474499,11.81546626323726
840,discovery,43,1,11.779136168550774,11.804875420528814,-0.016352215298902892,11.792611259054638
841,discovery,43,1,11.849404844423074,11.690890587545232,0.01593845977290014,11.702844432374906
842,discovery,43,1,11.967187086434018,11.926428491770979,0.006149278849791533,11.931040450908323
843,discovery,43,1,12.071975378543236,11.96085029305326,-0.0018226737723459623,11.959483287724002
851,discovery,43,1,11.78676973513378,11.855703392727321,0.01124513299109614,11.864137242470644
861,discovery,43,1,12.154521423145216,12.070873309700442,0.057929550816303604,12.11432047281267
862,discovery,43,1,11.78676973513378,11.827144172890891,-0.05666058133923977,11.784648736886462
863,discovery,43,1,11.931642378754141,11.872077384317373,-0.006651997449278305,11.867088386230416
870,discovery,43,1,12.371591321286905,12.33555175792785,-0.021743098279578984,12.319244434218167
880,discovery,43,1,11.824087219587643,11.805795789296456,0.05205012131840654,11.84483338028526
890,discovery,43,1,11.915058360753719,11.920487454950555,-0.0723608599478698,11.866216809989652
894,discovery,43,1,12.013706813470414,11.966854921685728,-0.016951431883202986,11.954141347773326
901,discovery,43,1,11.608244735642321,11.645371189940487,0.03928691690870519,11.674836377622016
906,discovery,43,1,11.759793355371237,11.75454565465218,0.0007231762780296499,11.755088036860702
910,discovery,43,1,12.066816325306588,12.052088364717902,0.002600014124065054,12.05403837531095
915,discovery,43,1,12.065280672855897,12.025277056458837,-0.005355423695061022,12.021260488687542
934,discovery,43,1,12.154784614286667,12.20629110614251,-0.017275830186571195,12.193334233502581
941,discovery,43,1,11.924379271639218,12.054361340765888,-0.024372082513031933,12.036082278881114
943,discovery,43,1,11.918397239722838,11.801542560337378,-0.111880737830758,11.71763200696431
952,discovery,43,1,11.694421681264394,11.647258773227811,-0.022987629829567036,11.630018050855636
953,discovery,43,1,11.804855999911272,11.75448859812286,0.05205012131840654,11.793526189111665
954,discovery,43,1,12.055255569732177,11.993925006440366,-0.0729877908336975,11.939184163315092
962,discovery,43,1,12.513561021741964,12.437318709568707,0.040390738558923875,12.4676117634879
964,discovery,43,1,12.384223015005313,12.476033357393046,0.011377391387182816,12.484566400933433
967,discovery,43,1,11.982935344196433,11.8309757818981,0.059756966931445665,11.875793507096684
970,discovery,43,1,11.849404844423074,11.695723004456854,-0.010141296566308359,11.688117032032123
971,discovery,43,1,11.813037464800539,11.287890977906656,-0.026661654128120636,11.267894737310566
973,discovery,43,1,11.507922973347437,11.739584112488838,-0.006651997449278305,11.73459511440188
979,discovery,43,1,11.608244735642321,11.565287156647006,-0.03031668180232672,11.542549645295262
981,discovery,43,1,12.091789104493502,11.988036239719657,0.0244900667957829,12.006403789816494
982,discovery,43,1,12.724869415131389,12.687837294966828,-0.021893564038453463,12.671417121937989
985,discovery,43,1,11.744045122410057,11.74217498895275,0.006600284099368366,11.747125202027275
993,discovery,43,1,12.138869243416009,12.192523822135731,0.006370284069067702,12.197301535187533
1000,discovery,43,1,12.235636302128867,12.157535232855786,-0.008666460431345195,12.151035387532277
1002,discovery,43,1,11.362114203075018,11.356840891875633,-0.01898639475881477,11.342601095806522
1007,discovery,43,1,12.004574385508691,12.009099402920002,-0.09186127602630047,11.940203445900277
1008,discovery,43,1,11.385103457032141,11.372004186360613,-0.11718127826913977,11.284118227658757
1009,discovery,43,1,12.388398368982115,12.413170193983312,-0.03816738173650702,12.384544657680932
1015,discovery,43,1,11.688566422839942,11.728216034263227,-0.030101580238780436,11.705639849084141
1019,discovery,43,1,11.982935344196433,12.043492971290608,-0.008332236609532612,12.037243793833458
1027,discovery,43,1,12.02874460037869,11.887499783761516,0.0007231762780296499,11.888042165970038
1034,discovery,43,1,12.345838935721968,12.390446472568822,-0.009782624080904611,12.383109504508143
1038,discovery,43,1,12.567240979056246,12.432276306665354,-0.01737714770754654,12.419243445884694
1040,discovery,43,1,11.289794413577894,11.348270035866957,-0.11718127826913977,11.260384077165101
1045,discovery,43,1,12.535379989788607,12.574187629397727,-0.037360360802456805,12.546167358795884
1057,discovery,43,1,12.13270055639427,12.297869977317132,0.017628784551340818,12.311091565730639
1062,discovery,43,1,11.302216779257382,11.570767328883134,0.019969105952697744,11.585744158347657
1063,discovery,43,1,11.407576060361786,11.729011211851091,-0.03638182496023005,11.701724843130918
1073,discovery,43,1,11.424105180165641,11.639016818344967,-0.0883643340930151,11.572743567775206
1080,discovery,43,1,11.744045122410057,11.798333220777122,0.013891147193635742,11.808751581172348
1084,discovery,43,1,11.982935344196433,11.969804650151112,-0.007547764889183184,11.964143826484223
1085,discovery,43,1,12.141539457711714,12.116181793271679,0.01009322022973164,12.123751708443978
1088,discovery,43,1,12.437188334739655,12.45874061782038,-0.018685475084062115,12.444726511507334
1093,discovery,43,1,11.824087219587643,12.010526034578522,-0.020533404534948008,11.995125981177312
1094,discovery,43,1,11.891368749982085,11.979853075527418,0.03607887693631838,12.006912233229656
1098,discovery,43,1,12.04355959836804,11.93602904453038,0.022221327148712635,11.952695039891916
1119,discovery,43,1,11.849404844423074,11.794918682395236,-0.0035779324561949805,11.79223523305309
1123,discovery,43,1,11.626263078808801,11.365775007556774,-0.15113024419983323,11.252427324406899
1143,discovery,43,1,12.959540872420414,12.86338787745109,0.02491471117529957,12.882073910832565
1147,discovery,43,1,12.100717685412471,12.100264989293366,-0.007768161098837715,12.094438868469238
1151,discovery,43,1,11.728044909070785,11.747688240615554,-0.030101580238780436,11.725112055436469
1152,discovery,43,1,11.917730355182513,11.989997223200191,-0.0705510278315071,11.937083952326562
1158,discovery,43,1,12.345838935721968,12.280121416050093,0.010135578445674231,12.28772309988435
1165,discovery,43,1,12.175618592671356,12.17954274317872,0.06713027942947973,12.22989045275083
1168,discovery,43,1,12.06105265381003,12.16845971795475,0.01009322022973164,12.17602963312705
1191,discovery,43,1,12.031725210748633,12.089868186035737,-0.01803605174414562,12.076341147227629
1195,discovery,43,1,11.970356641102999,11.878675995041597,-0.01661433668629781,11.866215242526874
1203,discovery,43,1,11.669937760751914,11.782090126245338,0.05489827526989212,11.823263832697757
1210,discovery,43,1,12.577639650232573,12.503597041276386,-0.014151472916095083,12.492983436589315
1218,discovery,43,1,12.343470927093518,12.427665655267509,-0.021644679021761665,12.411432146001188
1221,discovery,43,1,11.652696102959753,11.634165296324019,-0.011052017918353143,11.625876282885255
1226,discovery,43,1,11.884495917930655,11.83620005331214,0.006370284069067702,11.840977766363942
1227,discovery,43,1,12.273735966890268,12.286954041551024,0.03126912926926513,12.310405888502972
1231,discovery,43,1,12.154784614286667,12.199407242817069,-0.023010671385376418,12.182149239278036
1233,discovery,43,1,11.530775206233024,11.51195336187832,0.02591341748169719,11.531388424989592
1239,discovery,43,1,11.86710429621008,11.793815936087407,-0.042673698487150094,11.761810662222045
1242,discovery,43,1,12.42250975887691,12.413857913202945,0.03502031834367279,12.4401231519607
1244,discovery,43,1,13.049794835104816,12.95139272112108,-0.09757633557449193,12.87821046944021
1248,discovery,43,1,12.042971193457888,11.854075858248084,-0.023255918863472523,11.83663391910048
1263,discovery,43,1,11.992266613576142,11.87252004834298,0.08263472967773858,11.934496095601283
1264,discovery,43,1,12.103491596905931,12.001367756845701,0.014132093267220806,12.011966826796117
1276,discovery,43,1,11.827743504053695,11.881665507749792,-0.009573303294119019,11.874485530279204
1277,discovery,43,1,11.995357787034976,12.018941524476585,0.027172441336420067,12.0393208554789
1278,discovery,43,1,12.19552218463499,12.171969925035125,0.013798941909412065,12.182319131467183
1292,discovery,43,1,11.691080018519527,11.638005029683534,0.03778452561559678,11.666343423895231
1293,discovery,43,1,11.58525542883217,11.683755531325465,-0.0786411046693194,11.624774702823476
1296,discovery,43,1,11.83863282480007,11.82937137045492,-0.00039298737152975967,11.829076629926274
1308,discovery,43,1,11.835016210489899,11.877106352518602,0.01557825701055841,11.88879004527652
1313,discovery,43,1,12.618185607609803,12.532406694218635,-0.023580673855376138,12.514721188827103
1318,discovery,43,1,12.249615734512616,12.164963915710517,0.021646818916664787,12.181199029898016
1324,discovery,43,1,11.320565693461432,11.280367199624036,0.07597150113167078,11.33734582547279
1346,discovery,43,1,11.59451466851004,11.444792713291939,-0.10277511100594103,11.367711380037484
1351,discovery,43,1,12.206077645517674,12.05224994909871,-0.007886193477196348,12.046335303990814
1354,discovery,43,1,12.923914877701906,12.894976323876126,-0.013284194283227465,12.885013178163705
1355,discovery,43,1,12.367345048436391,12.368666215542703,-0.012903700501320425,12.358988440166712
1357,discovery,43,1,11.608244735642321,11.65265072832201,-0.0035140637919455803,11.650015180478052
1359,discovery,43,1,12.086731521684555,12.042089039714146,0.03550636933924036,12.068718816718576
1360,discovery,43,1,12.660331092405906,12.846607567787556,-0.012807505799288707,12.837001938438089
1363,discovery,43,1,11.560772327227417,11.8305576221904,-0.016345862227392153,11.818298225519856
1366,discovery,43,1,12.283038316285214,12.253083651031137,0.036391365321550476,12.2803771750223
1370,discovery,43,1,12.354496960983985,12.444526195687034,-0.013139907637571311,12.434671264958856
1374,discovery,43,1,13.05301544288996,13.014821813071213,0.09221435844147324,13.083982581902319
1377,discovery,43,1,11.418625774449598,11.440439214070956,-0.020533404534948008,11.425039160669746
1380,discovery,43,1,12.02874460037869,11.987509082050265,0.026652616147726422,12.00749854416106
1382,discovery,43,1,12.377927112974284,12.221686923804624,-0.0018226737723459623,12.220319918475365
1383,discovery,43,1,11.964007453736912,11.90310913204309,-0.016540405750207213,11.890703827730434
1391,discovery,43,1,12.367345048436391,12.336329858757384,-0.009782624080904611,12.328992890696705
1395,discovery,43,1,12.415437707935368,12.30244868767189,0.007139776536024118,12.307803520073907
1403,discovery,43,1,12.174994689959313,12.14170381127865,-0.0025693335047373028,12.139776811150096
1410,discovery,43,1,12.278397958261774,12.25642623099351,-0.024206499654747405,12.238271356252449
1417,discovery,43,1,11.715874472198905,11.779724828406216,-0.03515874248077235,11.753355771545637
1429,discovery,43,1,11.686887175419702,11.619920590246727,0.00015625235058693314,11.620037779509667
1443,discovery,43,1,12.644330802262578,12.68605530665568,0.02544800945532218,12.705141313747172
1446,discovery,43,1,11.767575435251748,11.751731944361106,-0.04913048322270751,11.714884081944076
1447,discovery,43,1,11.969723533345908,11.862468652978706,-0.002584494273449201,11.860530282273618
1448,discovery,43,1,12.388398368982115,12.47604567224172,-0.023436387209719977,12.458468381834429
1449,discovery,43,1,11.626263078808801,11.636668026851947,0.03049569334360726,11.659539796859653
1458,discovery,43,1,12.493133274926212,12.449596406776429,0.08364313035090312,12.512328754539606
1,discovery,43,2,12.24769911637256,12.172961036658052,-0.01460174421303341,12.162009728498276
8,discovery,43,2,12.206077645517674,12.276966861468948,-0.014379067260702993,12.26618256102342
9,discovery,43,2,11.774527900858468,11.815302847063805,-0.0844009213900763,11.752002156021248
19,discovery,43,2,11.976665770490767,11.995214999851713,-0.008087870560169137,11.989149096931586
21,discovery,43,2,12.692506186542177,12.741777133628315,0.07024468903377518,12.794460650403646
39,discovery,43,2,11.599112335481124,11.7454713710768,0.0313729860997185,11.769001110651589
43,discovery,43,2,11.87757552297847,11.901114858498987,0.027708354545869122,11.92189612440839
48,discovery,43,2,12.428019481065613,12.378733274391555,-0.0023722938583405633,12.3769540539978
54,discovery,43,2,12.861001210669146,12.776856683162501,0.0031124449987867636,12.779191016911591
55,discovery,43,2,11.775297421715827,11.725182513357236,-0.013444046082944597,11.715099478795027
57,discovery,43,2,12.058158312538197,12.207171017390907,-0.058042198209247615,12.163639368733971
58,discovery,43,2,12.188422799337028,12.186180275377652,-0.0036920618910580073,12.183411228959358
71,discovery,43,2,12.404927602627597,12.420443243200483,-0.048947122082650285,12.383732901638496
72,discovery,43,2,11.771443882099637,11.77861439040848,0.03263226784690985,11.803088591293662
80,discovery,43,2,11.608244735642321,11.65946835828985,-0.018235074246636684,11.645792052604872
83,discovery,43,2,12.409017571151187,12.310638169222612,-0.0015559281068501176,12.309471223142474
86,discovery,43,2,12.468440756144114,12.485664911668705,0.0012379473554150022,12.486593372185267
95,discovery,43,2,12.229549885708273,12.232960231975362,-0.0007585311702006975,12.232391333597711
110,discovery,43,2,12.154784614286667,12.243591213341523,0.011699579701445521,12.252365898117606
112,discovery,43,2,12.100717685412471,12.048577948535781,-0.005078606231641242,12.04476899386205
116,discovery,43,2,12.07824495582233,12.015868422714773,0.05022129913224857,12.05353439706396
120,discovery,43,2,12.0075668272517,12.05225216228473,-0.012527095280584068,12.042856840824292
125,discovery,43,2,12.10625783509458,12.053725431852516,-0.009815152410110856,12.046364067544934
126,discovery,43,2,11.344518647594766,11.330985947813947,0.041231512960383694,11.361909582534235
140,discovery,43,2,12.352339472153524,12.24545168362777,-0.0048241625334936415,12.24183356172765
142,discovery,43,2,12.468440756144114,12.38973421114625,-0.0036920618910580073,12.386965164727956
144,discovery,43,2,12.225880174775122,12.31313914105985,-0.0194837413278168,12.298526335063986
145,discovery,43,2,11.736077016252437,11.812618167774684,-0.0036332816846311217,11.80989320651121
147,discovery,43,2,11.561725152903833,11.535175146903267,0.047864243036637416,11.571073329180745
149,discovery,43,2,11.856522261533737,11.923357790783058,-0.03703399303550644,11.895582296006427
164,discovery,43,2,11.544433821905134,11.38429192108901,-0.013511239695356565,11.374158491317493
175,discovery,43,2,12.122696471358964,12.191805980796438,0.011741715870862656,12.200612267699585
180,discovery,43,2,11.51293546492023,11.651606191185044,-0.01416944288334374,11.640979109022537
187,discovery,43,2,12.06105265381003,12.079098965420474,-0.05042683209198573,12.041278841351485
189,discovery,43,2,11.940399914116648,11.869236533848351,-0.010804099601003921,11.861133459147599
201,discovery,43,2,11.849404844423074,11.873029239780879,-0.007352873281708347,11.867514584819597
208,discovery,43,2,11.856522261533737,11.857656798669272,0.019944460619047054,11.872615144133556
232,discovery,43,2,12.90669432231532,12.820944457618749,-0.014553732081343793,12.810029158557741
234,discovery,43,2,11.761354623750297,11.786786721474757,0.028987112906033913,11.808527056154283
236,discovery,43,2,11.402005077384885,11.384101349011218,-0.08986763030036858,11.316700626285941
243,discovery,43,2,11.277215789596893,11.482453083051226,-0.05668713340326135,11.43993773299878
245,discovery,43,2,12.230770136157428,12.362752641299947,-0.029743925374670476,12.340444697268945
250,discovery,43,2,12.531776395271262,12.503832629527393,0.06674178953762372,12.55388897168061
260,discovery,43,2,11.48247656671073,11.550710684973843,-0.0337402155203757,11.525405523333562
265,discovery,43,2,11.19822841866684,11.344468822736898,-0.0337402155203757,11.319163661096617
266,discovery,43,2,12.075400019877522,12.10046924133101,0.015453983093194928,12.112059728650907
268,discovery,43,2,12.097936057925594,12.09567884745105,0.04344059611913351,12.128259294540399
269,discovery,43,2,11.699413330633599,11.644264239838373,0.015032110968912556,11.655538323065057
270,discovery,43,2,11.904974309480181,11.923102298628393,0.024971113906565222,11.941830634058316
276,discovery,43,2,12.230770136157428,12.056085964764431,-0.016095652204879973,12.044014225610772
277,discovery,43,2,12.211065162153215,12.188399590119325,-0.038254767316366386,12.15970851463205
279,discovery,43,2,12.936754021718041,12.862126185311523,0.03174400279624846,12.88593418740871
286,discovery,43,2,12.011886987792716,12.007661388023706,0.01210978693646743,12.016743728226057
287,discovery,43,2,11.976665770490767,12.140009757373727,0.02892828962693568,12.161705974593929
294,discovery,43,2,12.367345048436391,12.353866230477797,0.017638064645062106,12.367094778961594
300,discovery,43,2,11.973516181427835,11.864464222468337,0.01959546342074951,11.8791608200339
302,discovery,43,2,12.495007682693725,12.515352769233864,-0.0527883258928824,12.475761524814203
310,discovery,43,2,12.793862088206213,12.832934111971651,-0.005399474972825273,12.828884505742032
315,discovery,43,2,12.08954444723597,12.008435853069257,-0.005115072335594327,12.004599548817561
320,discovery,43,2,12.141539457711714,12.17349895509311,-0.03476620564922539,12.147424300856192
327,discovery,43,2,12.688501881189456,12.51451952818596,-0.0038271257800082986,12.511649183850954
332,discovery,43,2,11.842236406331555,11.794312026570294,0.006943092305577797,11.799519345799478
336,discovery,43,2,12.34126328584159,12.221129585036747,0.046625344807401214,12.256098593642298
341,discovery,43,2,12.220473454337986,12.259298014005907,-0.016220161990500928,12.247132892513031
345,discovery,43,2,11.350418300109132,11.422660841310691,-0.08240120697560646,11.360859936078986
348,discovery,43,2,11.967187086434018,12.085091641469917,-0.023475980667351817,12.067484655969404
350,discovery,43,2,12.988043102265232,13.083831644733884,0.04347005086971432,13.11643418288617
353,discovery,43,2,11.461642696843066,11.424720462629239,0.015240760622781891,11.436151033096325
358,discovery,43,2,11.80560254159177,11.855872966647167,-0.02330655620018016,11.838393049497032
372,discovery,43,2,11.808821212646512,11.691509028570227,0.036218381471297675,11.7186728146737
393,discovery,43,2,11.575909653758895,11.601314959824215,0.023168544774584108,11.618691368405154
394,discovery,43,2,11.51293546492023,11.432840618779581,0.007831285093555984,11.438714082599748
399,discovery,43,2,11.112462823634855,11.311476051335111,-0.05236774763156463,11.272200240611438
400,discovery,43,2,12.392556361841777,12.267348281443349,0.009876530003780136,12.274755678946184
419,discovery,43,2,11.744045122410057,11.587979398524004,-0.022175233968117745,11.571347973047915
425,discovery,43,2,11.842236406331555,11.877034872995614,-0.018593983552568426,11.863089385331188
426,discovery,43,2,11.813037464800539,11.779431095246236,-0.01403543695372917,11.76890451753094
427,discovery,43,2,12.524530013005734,12.395529830380745,-0.04191599015028982,12.364092837768029
428,discovery,43,2,11.599185726610004,11.621246563461249,0.040331599007569455,11.651495262716926
432,discovery,43,2,11.288543647320601,11.54574410052681,0.01475580573337049,11.556810954826839
438,discovery,43,2,11.686887175419702,11.645107306715731,0.04783334033815555,11.680982311969348
442,discovery,43,2,11.678448377988165,11.693611275923477,-0.048499541147405366,11.657236620062923
443,discovery,43,2,12.000897933306716,11.926760690958876,0.052746240151420806,11.966320371072442
449,discovery,43,2,11.691080018519527,11.755029085683528,0.018134745672753444,11.768630144938093
451,discovery,43,2,11.608244735642321,11.52191129867679,-0.014813899223749386,11.510800874258978
454,discovery,43,2,12.25486757159303,12.326139133999268,-0.006437925221633504,12.321310690083044
461,discovery,43,2,12.481565733211923,12.358285855885983,-0.016765749403732187,12.345711543833184
465,discovery,43,2,11.728044909070785,11.631655186706894,-0.003572090258107823,11.628976119013313
467,discovery,43,2,12.025755079404917,11.99971517091794,-0.06933426047117267,11.94771447556456
468,discovery,43,2,11.89478753335453,11.961459003917307,0.023168544774584108,11.978835412498245
469,discovery,43,2,12.429220196836383,12.418015739102865,0.001738304949734443,12.419319467815166
471,discovery,43,2,12.264346270624157,12.213909773577937,0.040452411550802696,12.244249082241039
476,discovery,43,2,11.794345471549745,11.833306346434028,0.002317108042190238,11.83504417746567
490,discovery,43,2,11.362114203075018,11.511482747939056,0.005300555901152948,11.51545816486492
498,discovery,43,2,12.122696471358964,11.976176599437487,-0.02743910755910289,11.955597268768159
503,discovery,43,2,11.849404844423074,11.781762194088568,0.010329993020241787,11.78950968885375
505,discovery,43,2,11.898194668458823,11.863366658660167,-0.03343578342380465,11.838289821092314
514,discovery,43,2,11.80560254159177,11.867848040798568,-0.02480446944049947,11.849244688718194
516,discovery,43,2,12.90634935052389,12.866988903942742,-0.08627307550311597,12.802284097315406
517,discovery,43,2,11.970356641102999,12.034067656784075,-0.03243521772974468,12.009741243486767
523,discovery,43,2,11.976665770490767,11.92248195178497,0.06362501977491435,11.970200716616157
525,discovery,43,2,12.662709207270272,12.63430952819296,0.0576902540578275,12.67757721873633
526,discovery,43,2,12.07824495582233,12.092437539162129,0.025668209440538926,12.111688696242533
528,discovery,43,2,13.008661502470739,12.95111652495476,0.03256036854773891,12.975536801365564
534,discovery,43,2,10.579005242826247,10.979683998060189,-0.09456093112983152,10.908763299712815
535,discovery,43,2,12.08954444723597,12.09929151547967,-0.013135787364227335,12.0894396749565
537,discovery,43,2,12.144202560946876,12.185298725413572,-0.01460174421303341,12.174347417253797
540,discovery,43,2,12.513561021741964,12.434546558090009,-0.044681892480556006,12.401035138729592
543,discovery,43,2,12.270225154674701,12.26766566097473,-0.03476620564922539,12.241591006737812
546,discovery,43,2,12.34148164933907,12.347965223102747,-0.018974526212466595,12.333734328443397
550,discovery,43,2,12.479913113434042,12.36121622784349,0.009876530003780136,12.368623625346325
553,discovery,43,2,12.450981602512561,12.497895715036512,-0.0023273264135585015,12.496150220226342
561,discovery,43,2,11.707677772181546,12.001001910907648,0.010423541454516645,12.008819566998536
564,discovery,43,2,12.128116509451258,12.098923516735017,0.025787479658055668,12.118264126478559
565,discovery,43,2,12.498745990829315,12.447849277601364,0.06941630213129335,12.499911504199833
566,discovery,43,2,11.759793355371237,11.769076049342777,-0.04465432582286016,11.735585304975633
577,discovery,43,2,11.884495917930655,11.927812085563074,0.0056181359154648235,11.932025687499673
589,discovery,43,2,11.870606902224587,12.345887460637055,0.07612759656073367,12.402983158057605
597,discovery,43,2,11.648373769145277,11.576564337441923,-0.021685214042373332,11.560300426910143
613,discovery,43,2,12.474193386571581,12.467493401567188,-0.05685395725617535,12.424852933625056
618,discovery,43,2,11.566475710526321,11.683803405794684,0.0017931548359539705,11.68514827192165
625,discovery,43,2,12.014615485902027,11.938374923083524,0.005976527026647936,11.94285731835351
632,discovery,43,2,12.252483791602627,12.344805716149853,0.001738304949734443,12.346109444862154
638,discovery,43,2,11.440365524765756,11.58589511480805,-0.07247881284002013,11.531536005178035
639,discovery,43,2,11.350418300109132,11.385756847878085,0.011146358771732232,11.394116616956884
653,discovery,43,2,12.160033942617156,12.186343494410586,-0.0194837413278168,12.171730688414723
654,discovery,43,2,11.813037464800539,11.800957147862125,0.023450515819784353,11.818545034726963
656,discovery,43,2,11.385103457032141,11.342531469707522,-0.052031364534016376,11.30350794630701
660,discovery,43,2,12.025755079404917,11.985932736144632,0.006264361656948842,11.990631007387343
668,discovery,43,2,12.173037959397275,12.254155878671263,-0.022724319637631416,12.237112638943039
669,discovery,43,2,12.031725210748633,11.99386991870918,0.014043156115656086,12.004402285795923
672,discovery,43,2,11.548302261270587,11.582648390107957,0.004680030074265963,11.586158412663657
677,discovery,43,2,11.373674891823535,11.6755820318007,-0.01969563406297622,11.660810306253467
682,discovery,43,2,11.979391594635791,11.587296286553192,-0.018155408367752104,11.573679730277378
690,discovery,43,2,12.179220327453933,12.146079166556481,0.019258951323131268,12.16052338004883
696,discovery,43,2,12.07824495582233,12.061330343459078,0.04303853658136045,12.093609245895099
697,discovery,43,2,11.39640288460621,11.435350599406714,0.0636559224733962,11.483092541261762
706,discovery,43,2,10.915106645867503,11.075633569446858,-0.04383867817588604,11.042754560814943
717,discovery,43,2,11.979805470779858,12.146659141710803,-0.00996980559043623,12.139181787517975
720,discovery,43,2,11.763691965388299,11.839934550134426,0.032606727567173366,11.864389595809806
736,discovery,43,2,12.001511614739405,12.03125213997364,-0.005115072335594327,12.027415835721945
749,discovery,43,2,12.469978029554953,12.426889494842172,0.06579668747015391,12.476237010444788
750,discovery,43,2,11.49273296168228,11.292038358529066,-0.0867260222450804,11.226993841845255
752,discovery,43,2,11.995357787034976,11.985459354152551,-0.013185039643967644,11.975570574419576
758,discovery,43,2,11.97603664577121,11.860249430985252,-0.061123276156187255,11.814406973868111
761,discovery,43,2,11.755879486687116,11.651089632949263,-0.0030888422788294197,11.64877300124014
763,discovery,43,2,12.279327754099118,12.205118776816416,0.04619968763225308,12.239768542540606
779,discovery,43,2,11.87757552297847,11.785480076918198,-0.00890423631165958,11.778801899684453
780,discovery,43,2,11.813037464800539,11.899727243215958,-0.013078421367033615,11.889918427190683
787,discovery,43,2,11.842236406331555,11.7311241734816,-0.006063009471017337,11.726576916378336
797,discovery,43,2,11.874097282798648,11.83202892663783,-0.05010941054645383,11.79444686872799
798,discovery,43,2,11.608244735642321,11.510145656924879,-0.012529672418646151,11.500748402610894
810,discovery,43,2,11.571203807011969,11.709275113640716,-0.03862221263515908,11.680308454164347
814,discovery,43,2,11.969723533345908,11.94588955636334,-0.010067681968121838,11.93833879488725
816,discovery,43,2,12.323415584358154,12.205246926723765,-0.0073116765521974506,12.199763169309618
821,discovery,43,2,12.117246896289503,12.133569615968101,-0.01460174421303341,12.122618307808326
825,discovery,43,2,12.357079818283598,12.32622180916826,-0.0009740699669733952,12.325491256693029
833,discovery,43,2,12.37581963951765,12.315463587942174,0.013075461836324942,12.325270184319418
834,discovery,43,2,12.025755079404917,11.953176257737494,-0.0030888422788294197,11.950859626028372
835,discovery,43,2,11.849047640327147,11.829357606889854,0.007759458057068236,11.835177200432655
847,discovery,43,2,12.269052139516223,12.187314870611319,-0.04191599015028982,12.155877877998602
852,discovery,43,2,12.278397958261774,12.130786585488556,-0.02935849769802496,12.108767712215037
853,discovery,43,2,12.00762780434872,12.015043649116665,0.013088686082969902,12.024860163678893
860,discovery,43,2,12.429220196836383,12.44450406266281,0.04258911788417664,12.476445901075943
865,discovery,43,2,12.43153750053306,12.184106733295716,0.012926152687957874,12.193801347811684
869,discovery,43,2,12.037659911047468,12.008417436159096,0.061948661317172776,12.054878932146975
871,discovery,43,2,11.603688960617083,11.52415859691256,-0.01750967744623754,11.511026338827882
874,discovery,43,2,11.798111925972618,11.775357357757658,0.019102913411291163,11.789684542816126
875,discovery,43,2,11.104972264124868,11.462052073028497,0.00018987477279427652,11.462194479108092
877,discovery,43,2,11.792456911128632,11.809425341735542,0.01224512945838745,11.818609188829333
885,discovery,43,2,11.51293546492023,11.705760750106343,-0.01750967744623754,11.692628492021665
887,discovery,43,2,11.884495917930655,11.966460306243004,-0.017008782259078314,11.953703719548695
888,discovery,43,2,11.816734299348461,11.806137200290708,0.011146358771732232,11.814496969369507
889,discovery,43,2,12.498745990829315,12.617404216815055,-0.03598351252808133,12.590416582418994
893,discovery,43,2,11.947955847790901,11.85667851987257,0.005100543203164675,11.860503927274944
905,discovery,43,2,11.74006900564972,11.707336549864356,0.002317108042190238,11.709074380895999
909,discovery,43,2,11.782960235741939,11.794296870824686,-0.018338208808458555,11.780543214218342
912,discovery,43,2,11.874097282798648,11.936416743384965,0.033040500599420874,11.961197118834532
914,discovery,43,2,11.884495917930655,11.854040583144693,0.028392555415673485,11.875334999706448
917,discovery,43,2,10.471978128496518,11.190867730387033,-0.10083960490436303,11.115238026708761
921,discovery,43,2,12.211065162153215,12.224641094017677,-0.023540685389121862,12.206985579975836
924,discovery,43,2,12.170450649220749,12.191867928942226,-0.022724319637631416,12.174824689214002
926,discovery,43,2,12.07254696717504,11.974097075584641,-0.014374849666814293,11.96331593833453
929,discovery,43,2,12.373707715234994,12.4000167621001,-0.05685395725617535,12.357376294157968
936,discovery,43,2,11.288543647320601,11.472591700154343,0.029914867255138138,11.495027850595697
937,discovery,43,2,12.127575825689417,12.135743665235841,-0.04191599015028982,12.104306672623125
938,discovery,43,2,12.441148720271016,12.355915182248918,0.009876530003780136,12.363322579751753
939,discovery,43,2,12.387560521575551,12.39361631148455,0.0007581830391078267,12.39418494876388
940,discovery,43,2,12.406565597924235,12.328141299508166,0.12119364621507635,12.419036534169473
944,discovery,43,2,11.870606902224587,11.834891594368745,-0.06392085708678545,11.786950951553656
947,discovery,43,2,11.870606902224587,11.901367744491916,0.018669140379043644,11.915369599776199
951,discovery,43,2,11.767575435251748,11.843110729318497,0.030039859593208058,11.865640624013402
957,discovery,43,2,11.728044909070785,11.708147607405714,0.007601696246930922,11.713848879590913
960,discovery,43,2,11.951186847493476,12.07898471809475,0.022048594779399484,12.0955211641793
966,discovery,43,2,12.094587859196112,12.023533555958089,0.008588411329391206,12.029974864455133
968,discovery,43,2,11.813037464800539,11.824236149778441,0.023984910526074554,11.842224832672997
969,discovery,43,2,10.542732775946709,11.104467370750221,-0.016196696265405392,11.092319848551167
972,discovery,43,2,12.06105265381003,11.991083914424385,0.0019195345981152796,11.992523565372972
976,discovery,43,2,12.013706813470414,12.106481129838363,0.025668209440538926,12.125732286918767
977,discovery,43,2,11.356283350762888,11.285463162715558,0.06652745811266685,11.335358756300058
980,discovery,43,2,11.842236406331555,11.787986821573556,-0.0017485233211027027,11.78667542908273
984,discovery,43,2,12.45254592991672,12.422812718597001,-0.05197196014139196,12.383833748490957
987,discovery,43,2,11.669937760751914,11.73262950423802,-0.014813899223749386,11.721519079820208
989,discovery,43,2,12.180759965737863,12.181448442599562,0.014637617341704483,12.192426655605841
991,discovery,43,2,12.759960632315702,12.675755237788762,0.0012379473554150022,12.676683698305323
994,discovery,43,2,12.066241450757124,12.044915552654034,-0.012527095280584068,12.035520231193596
997,discovery,43,2,11.824087219587643,11.781020067259815,0.01762811553141781,11.794241153908379
998,discovery,43,2,12.128116509451258,11.981854968483786,0.010571985978411538,11.989783957967594
1004,discovery,43,2,11.827049837927534,11.910039758356554,0.0168509494865528,11.922677970471469
1011,discovery,43,2,11.813037464800539,11.772130896915447,-0.017253664594841712,11.759190648469316
1012,discovery,43,2,11.51293546492023,11.532224847574048,-0.018176164424960516,11.518592724255328
1022,discovery,43,2,12.175618592671356,12.228979271254943,0.0007581830391078267,12.229547908534274
1024,discovery,43,2,12.160033942617156,12.163979437863343,-0.012878300172194867,12.154320712734197
1025,discovery,43,2,12.567240979056246,12.619579180707179,0.00703619110894874,12.624856324038891
1028,discovery,43,2,12.588194064175278,12.714457208639587,0.012274651997631052,12.72366319763781
1042,discovery,43,2,12.06105265381003,11.978863834739123,0.03855075038082518,12.007776897524742
1044,discovery,43,2,12.47717172708952,12.432726460595658,-0.03703399303550644,12.404950965819028
1050,discovery,43,2,11.349241150793087,11.602168747274376,0.04289142527254082,11.634337316228782
1059,discovery,43,2,12.721888795877375,12.809831873924319,-0.021191154409584065,12.793938508117131
1060,discovery,43,2,12.301387370778713,12.137589787080916,0.05460067485339121,12.17854029322096
1061,discovery,43,2,12.271396795480596,12.226657160064368,0.040452411550802696,12.25699646872747
1066,discovery,43,2,12.700771936142122,12.492699482188057,0.044885134850308595,12.526363333325788
1070,discovery,43,2,11.813037464800539,11.765419219858881,0.023168544774584108,11.78279562843982
1072,discovery,43,2,11.944714374881176,11.952128070088595,0.010571985978411538,11.960057059572403
1077,discovery,43,2,12.04355959836804,11.945613702585653,0.020653372477752365,11.961103731943968
1091,discovery,43,2,11.439289689006644,11.3945859509211,-0.04613364729342284,11.359985715451032
1096,discovery,43,2,12.080696479888445,12.113671282629275,-0.0007585311702006975,12.113102384251624
1099,discovery,43,2,11.759793355371237,11.58747292916579,0.03451032620690174,11.613355673820966
1107,discovery,43,2,12.100161978566867,12.144202593979077,-0.03785035878699688,12.11581482488883
1118,discovery,43,2,11.775297421715827,11.833265302811734,0.019358926262686992,11.84778449750875
1122,discovery,43,2,12.268582547911404,12.275034537086862,0.0007581830391078267,12.275603174366193
1129,discovery,43,2,12.278397958261774,12.23525938544841,-0.013185039643967644,12.225370605715435
1142,discovery,43,2,12.193498926601634,12.159317429325888,0.02901077059226616,12.181075507270087
1146,discovery,43,2,11.91170829631447,11.805526885622898,-0.003308290399353871,11.803045667823383
1148,discovery,43,2,12.069685751267224,12.15054983958545,0.045635645577205654,12.184776573768355
1157,discovery,43,2,12.100161978566867,12.105023683834515,0.030856225344698503,12.12816585284304
1160,discovery,43,2,12.128116509451258,12.17390615655091,0.015453983093194928,12.185496643870806
1163,discovery,43,2,11.767575435251748,11.746660184255932,-0.018070030346332155,11.733107661496183
1170,discovery,43,2,13.345508528717259,13.262390977805689,0.13781453916418224,13.365751882178825
1175,discovery,43,2,12.384223015005313,12.331239022392733,0.073198037745481,12.386137550701843
1182,discovery,43,2,12.880294363972055,12.557604941170295,0.026052880540474888,12.577144601575652
1196,discovery,43,2,12.07824495582233,11.982306484060217,0.0120227241674329,11.991323527185791
1198,discovery,43,2,11.87757552297847,11.961839837299465,0.03496295299956242,11.988062052049136
1204,discovery,43,2,12.269052139516223,12.276497640324308,-0.0194837413278168,12.261884834328445
1208,discovery,43,2,12.206077645517674,12.3114263403183,0.01096751690326515,12.319651977995749
1209,discovery,43,2,11.849404844423074,11.841628180142527,0.023984910526074554,11.859616863037083
1215,discovery,43,2,11.80932691294063,11.759710086829159,-0.0017179980094787551,11.75842158832205
1241,discovery,43,2,12.323415584358154,12.249842648045638,-0.01460174421303341,12.238891339885862
1252,discovery,43,2,12.053801032483948,12.19589753779528,0.01771121403487407,12.209180948321436
1253,discovery,43,2,11.775297421715827,11.682073046342847,-0.013742749856694946,11.671765983950326
1254,discovery,43,2,12.591338447675579,12.57284825819039,0.023003528086257153,12.590100904255083
1260,discovery,43,2,11.92504173829169,11.884812661758328,0.024889922123584225,11.903480103351017
1261,discovery,43,2,12.10625783509458,12.156217355968444,0.007140727052649509,12.161572901257932
1271,discovery,43,2,12.468440756144114,12.349404524191955,0.06527227323883102,12.398358729121078
1281,discovery,43,2,12.33270970174018,12.238928108557511,-0.0194837413278168,12.224315302561648
1289,discovery,43,2,12.535379989788607,12.479009207747563,0.02828034677518336,12.50021946782895
1295,discovery,43,2,11.652696102959753,11.72412429197561,0.022056041093707634,11.74066632279589
1300,discovery,43,2,11.944714374881176,11.96354395555871,0.0312749781869105,11.987000189198893
1303,discovery,43,2,12.577639650232573,12.661918808178285,0.0012379473554150022,12.662847268694847
1306,discovery,43,2,12.691583538230217,12.661151331676999,-0.021191154409584065,12.645257965869812
1309,discovery,43,2,11.898194668458823,11.879539906156072,0.002872375337153014,11.881694187658937
1311,discovery,43,2,12.721888795877375,12.597992873872265,0.06467902517144895,12.646502142750851
1314,discovery,43,2,12.716405147731708,12.712362411519326,0.06503079700613873,12.76113550927393
1316,discovery,43,2,12.239995696974733,12.12807036292561,-0.018593983552568426,12.114124875261185
1322,discovery,43,2,11.19135563385109,11.221110008378387,-0.0024062292764432136,11.219305336421055
1323,discovery,43,2,12.154784614286667,12.313434089543692,0.06579668747015391,12.362781605146308
1326,discovery,43,2,10.915106645867503,11.156471829793727,-0.08498534604158305,11.09273282026254
1339,discovery,43,2,12.206077645517674,12.297053020507931,-0.0036920618910580073,12.294283974089637
1341,discovery,43,2,11.719947764402807,11.566073227586301,0.019128094867556615,11.580419298736969
1342,discovery,43,2,11.951186847493476,11.936468983227698,-0.022724319637631416,11.919425743499474
1347,discovery,43,2,12.47801017053037,12.409260202332137,0.017638064645062106,12.422488750815933
1348,discovery,43,2,12.554840409959793,12.60593812070984,0.01145828624614061,12.614531835394446
1356,discovery,43,2,12.04355959836804,12.142710229513082,0.0014126121760557968,12.143769688645124
1364,discovery,43,2,11.963574241653713,12.038236076574014,0.008588411329391206,12.044677385071058
1365,discovery,43,2,11.878630514504515,11.89743994088794,-0.006791952283729585,11.892345976675143
1369,discovery,43,2,11.87757552297847,11.845406569369926,-0.0048241625334936415,11.841788447469806
1371,discovery,43,2,11.561725152903833,11.602717780867836,-0.01757687105864951,11.58953512757385
1381,discovery,43,2,10.97679912709094,11.24643378556533,-0.10693555477661444,11.166232119482869
1385,discovery,43,2,11.561725152903833,11.588404068173896,-0.015707108314256413,11.576623736938203
1386,discovery,43,2,11.74006900564972,11.641315475426769,-0.0003547724997333703,11.641049396051969
1388,discovery,43,2,11.820417517632333,11.92089126165456,-0.014475328597455525,11.910034765206468
1396,discovery,43,2,12.546871224308068,12.515884928671216,-0.024326595402827327,12.497639982119095
1400,discovery,43,2,11.831022768939789,11.967688912923673,-0.00258265200509604,11.965751923919852
1402,discovery,43,2,12.170450649220749,12.115993813442397,0.0120227241674329,12.125010856567972
1409,discovery,43,2,11.74006900564972,11.540746192828493,0.010820646185976144,11.548861677467976
1415,discovery,43,2,12.240478903153711,12.18759651179523,0.05271533745293894,12.227133014884934
1425,discovery,43,2,11.87757552297847,11.830843061603149,-0.013444046082944597,11.82076002704094
1426,discovery,43,2,11.863589378812122,11.871485169812843,0.0017931548359539705,11.872830035939808
1444,discovery,43,2,11.703554089007538,11.566945922631524,0.03160788786914925,11.590651838533386
1450,discovery,43,2,11.429554725537322,11.425655303372842,-0.01648641166459534,11.413290494624396
1451,discovery,43,2,11.820417517632333,11.7894385271328,-0.01750967744623754,11.776306269048122
1455,discovery,43,2,12.128116509451258,12.1437262225498,0.009876530003780136,12.151133620052635
2,discovery,43,3,12.109016442313738,12.068940104926428,0.0724952692984217,12.123311556900244
10,discovery,43,3,11.678448377988165,11.70145888351071,0.009608282033951466,11.708665095036174
12,discovery,43,3,12.75130259456002,12.877284558707563,0.04967656941592763,12.914541985769509
15,discovery,43,3,11.964007453736912,11.954934202024141,-0.01625565692945478,11.94274245932705
18,discovery,43,3,11.407576060361786,11.5855774964346,0.00910411737396936,11.592405584465078
20,discovery,43,3,11.842236406331555,11.667270933574905,-0.0246977128358304,11.648747648948031
22,discovery,43,3,11.845109950883979,11.765178684870053,-0.02193903924047204,11.748724405439699
25,discovery,43,3,11.944714374881176,11.893000823834596,0.01808452419747261,11.9065642169827
32,discovery,43,3,11.914054519303125,11.874447142424115,-0.009429653743904632,11.867374902116186
36,discovery,43,3,12.6410997921206,12.64459999434209,-0.006737816510291558,12.639546631959373
40,discovery,43,3,11.314486721293981,11.349111554417384,0.012066932004586587,11.358161753420823
41,discovery,43,3,11.982935344196433,11.857031259491585,-0.1072489222837677,11.776594567778758
46,discovery,43,3,12.675766851909591,12.578086415653539,-0.019817143870383826,12.563223557750751
51,discovery,43,3,12.083910661257521,12.094716874428912,0.021814417062044438,12.111077687225444
61,discovery,43,3,11.970356641102999,12.04595040434691,-0.014408998568902133,12.035143655420233
62,discovery,43,3,11.522885696764481,11.444557087083096,0.015518942507064686,11.456196293963394
69,discovery,43,3,11.289794413577894,11.338771992131276,0.006605419580051283,11.343726056816315
89,discovery,43,3,11.350418300109132,11.220129405125546,-0.13604854209081016,11.118092998557438
91,discovery,43,3,11.60733523953139,11.51418724916653,0.00912776775432481,11.521033074982274
92,discovery,43,3,11.498836682527127,11.69543335110005,-0.0862833730639978,11.630720821302052
97,discovery,43,3,12.273735966890268,12.276203653962567,-0.0014323182229866692,12.275129415295327
101,discovery,43,3,12.230770136157428,12.284989938498407,0.04548149713337567,12.319101061348439
103,discovery,43,3,11.68658461118553,11.665127322582393,-0.007749997860519532,11.659314824187003
104,discovery,43,3,12.200562492481511,12.136123974959862,-0.006050542544484479,12.131586068051499
121,discovery,43,3,12.100717685412471,11.989449009472636,0.026242876491117503,12.009131166840975
122,discovery,43,3,11.51293546492023,11.493787261261845,-0.09906449008893599,11.419488893695144
148,discovery,43,3,12.312686874960354,12.31870311656057,-0.015361190062762901,12.307182224013498
150,discovery,43,3,11.652696102959753,11.588544857913243,-0.03348516463297998,11.563430984438508
153,discovery,43,3,12.154784614286667,12.138955691083137,0.019780228980680954,12.153790862818648
160,discovery,43,3,12.676079399771027,12.628780562619855,0.012017818324782544,12.637793926363443
161,discovery,43,3,11.998439434579149,11.960411673996427,0.05151335494893711,11.99904669020813
162,discovery,43,3,12.929993908996359,12.952296873952951,-0.01479542961828596,12.941200301739237
163,discovery,43,3,12.301387370778713,12.367480216109318,0.029862515518360385,12.389877102748088
167,discovery,43,3,12.154784614286667,12.248026808685427,0.0568962020567777,12.29069896022801
168,discovery,43,3,12.693501691489768,12.812688638248689,0.024144666865073366,12.830797138397495
177,discovery,43,3,12.259618151783465,12.272288506401818,0.015092388577727042,12.283607797835113
178,discovery,43,3,12.058158312538197,12.12185046129021,-0.02147143854780082,12.105746882379359
184,discovery,43,3,12.206077645517674,12.121338088752125,-0.03519710229765915,12.094940262028882
186,discovery,43,3,13.07107218827772,12.613573685718661,0.03890893990993387,12.64275539065111
195,discovery,43,3,11.751950239425476,11.720120303188297,0.035698561651298324,11.746894224426772
196,discovery,43,3,11.908346971208951,11.893260289285143,-0.017771006638778595,11.879932034306059
205,discovery,43,3,11.608244735642321,11.612796527685951,-0.0036986522113731622,11.61002253852742
206,discovery,43,3,12.103491596905931,12.102573605084155,-0.0182503256493668,12.08888586084713
209,discovery,43,3,12.531776395271262,12.429141203779613,-0.03341215212741604,12.404082089684051
211,discovery,43,3,11.49273296168228,11.451848056797276,-0.011370601187523581,11.443320105906633
222,discovery,43,3,12.206077645517674,12.317721147881102,0.030045415313755323,12.340255209366418
231,discovery,43,3,11.904974309480181,11.847936290821352,-0.009639076308256507,11.84070698359016
237,discovery,43,3,12.130815551850676,12.130738867727239,-0.006050542544484479,12.126200960818876
242,discovery,43,3,11.612779849672751,11.412529037534412,0.001515974462426472,11.413666018381232
251,discovery,43,3,11.245059091624615,11.40901724215379,-0.049326575176262856,11.372022310771593
252,discovery,43,3,12.367345048436391,12.406626349414095,-0.035808573449401596,12.379769919327044
257,discovery,43,3,12.242891437918386,12.221839934018561,0.040612507597425865,12.25229931471663
261,discovery,43,3,12.07824495582233,12.061716008949952,-0.02416650676815654,12.043591128873835
274,discovery,43,3,11.842236406331555,12.010034345932464,-0.012528211894860402,12.000638187011319
275,discovery,43,3,11.732069026983156,11.775871879527628,0.01930333124356037,11.790349377960299
289,discovery,43,3,11.711784520403112,11.649803755026468,-0.026089662869298633,11.630236507874494
295,discovery,43,3,12.025755079404917,11.947112094643295,-0.02416650676815654,11.928987214567178
298,discovery,43,3,12.384223015005313,12.310520408224447,0.020069965420735584,12.325572882289999
307,discovery,43,3,12.323860125621126,12.321768010115385,-0.03341215212741604,12.296708896019823
309,discovery,43,3,11.320565693461432,11.626475935569168,0.010049443077622334,11.634013017877384
311,discovery,43,3,12.017336559562407,12.07240888452256,0.021326610102138776,12.088403842099163
313,discovery,43,3,11.694421681264394,11.780500067671518,0.0038087076967285548,11.783356598444065
319,discovery,43,3,12.468440756144114,12.739268817497935,0.05577760555209883,12.78110202166201
326,discovery,43,3,11.373674891823535,11.364629339831305,-0.0031622550938317055,11.362257648510932
337,discovery,43,3,12.841132451487937,12.806040782604958,0.03629565639285136,12.833262524899597
346,discovery,43,3,11.850832386224807,11.820967796755271,0.044537681167581195,11.854371057630956
347,discovery,43,3,11.928347504569842,11.825532631004645,0.01636455229332596,11.837806045224639
349,discovery,43,3,11.944714374881176,12.151901749507347,0.007085520678665001,12.157215890016346
351,discovery,43,3,12.670001611311875,12.621568171549605,0.03852608150253717,12.650462732676507
352,discovery,43,3,12.154784614286667,12.234212121526209,-0.0007896093605319551,12.23361991450581
354,discovery,43,3,11.570259974415547,11.470024806264979,-0.0055123885299066255,11.46589051486755
367,discovery,43,3,11.976665770490767,12.022320336938423,-0.02416650676815654,12.004195456862305
377,discovery,43,3,11.904974309480181,11.834095360212526,0.004975579246505751,11.837827044647405
381,discovery,43,3,11.751950239425476,11.962077631589015,0.05460126198277117,12.003028578076092
387,discovery,43,3,11.302216779257382,11.474287013009555,-0.06401311721130873,11.426277175101074
389,discovery,43,3,12.160033942617156,12.191601050423992,-0.001028828292386614,12.190829429204703
390,discovery,43,3,12.962196972666593,12.957952511272843,-0.0554168553620753,12.916389869751287
395,discovery,43,3,11.599112335481124,11.607541057690678,-0.026022977817558312,11.588023824327509
396,discovery,43,3,11.767575435251748,11.761346574274059,-0.016392315439621448,11.749052337694343
398,discovery,43,3,12.040614105490253,11.933549253727218,-0.019574652270664943,11.91886826452422
402,discovery,43,3,12.013646205940514,12.11378377367443,0.0033561373762331648,12.116300876706603
410,discovery,43,3,12.73596827534975,12.625322138641224,0.04873937073425308,12.661876666691914
417,discovery,43,3,11.915058360753719,11.945676028991837,-0.0057544894392895715,11.94136016191237
420,discovery,43,3,11.863589378812122,11.783441615783056,-0.0014040938054761531,11.78238854542895
429,discovery,43,3,12.182809136284991,12.190623529481313,-0.007794350537157296,12.184777766578444
437,discovery,43,3,11.661354090741,11.542773720433816,-0.0008941642084088139,11.54210309727751
439,discovery,43,3,11.411457364027745,11.587349394073021,0.056026157181470956,11.629369011959124
440,discovery,43,3,11.608244735642321,11.831416643512974,0.04249665032131171,11.863289131253957
444,discovery,43,3,12.058158312538197,12.137083981226471,9.495815230468538e-05,12.1371551998407
445,discovery,43,3,12.25486757159303,12.29730505753197,-0.001028828292386614,12.29653343631268
446,discovery,43,3,11.755879486687116,11.928740771607883,-0.035645078863371996,11.902006962460353
447,discovery,43,3,12.154784614286667,12.299780919499735,-0.009639076308256507,12.292551612268543
463,discovery,43,3,11.04106411122238,11.726547310750089,-0.02897879845590253,11.704813211908162
464,discovery,43,3,12.147919030759663,12.134709874900723,0.06155332891174144,12.18087487158453
474,discovery,43,3,12.994532278619134,12.796009794372608,0.024144666865073366,12.814118294521414
477,discovery,43,3,12.249615734512616,12.29018368345406,0.019870162482120406,12.305086305315651
481,discovery,43,3,12.694655727828803,12.76817936437285,-0.015198919548886008,12.756780174711185
484,discovery,43,3,12.00762780434872,11.937351352211996,-0.03138877363476425,11.913809771985923
491,discovery,43,3,11.652696102959753,11.611156519888892,-0.006265388559154133,11.606457478469526
495,discovery,43,3,11.421917019425596,11.51319983066612,0.010156042381205554,11.520816862452023
499,discovery,43,3,11.775297421715827,11.790994953937448,0.0013406940182899944,11.792000474451164
504,discovery,43,3,12.574185427296195,12.374679458082689,0.060428985066018334,12.420001196882202
506,discovery,43,3,11.732069026983156,11.726697770185234,-0.028222031144864376,11.705531246826586
508,discovery,43,3,12.246739428005663,12.070101694917428,0.016781255321481014,12.082687636408538
529,discovery,43,3,11.362114203075018,11.357956796024872,0.0367258075465261,11.385501151684768
536,discovery,43,3,11.58525542883217,11.759549921537984,0.007310596413372811,11.765032868848014
538,discovery,43,3,11.619544188752133,11.701659106045573,0.02480373143168398,11.720261904619337
551,discovery,43,3,11.849404844423074,11.721199218248302,-0.06398309575999538,11.673211896428304
556,discovery,43,3,11.635151947212842,11.636891970234986,0.009204792103351418,11.6437955643125
567,discovery,43,3,12.691583538230217,12.664180861125857,0.04784963423684187,12.700068086803489
568,discovery,43,3,12.273735966890268,12.20426972155552,0.0020638064265671337,12.205817576375445
570,discovery,43,3,11.820123358887447,11.876204864100897,-0.008424164357274482,11.869886740832941
573,discovery,43,3,12.32163544049751,12.252879865484793,-0.0038738303680124105,12.249974492708784
575,discovery,43,3,11.842236406331555,11.703006345963745,0.010744840203527586,11.71106497611639
578,discovery,43,3,12.010671928196443,11.934923932613742,-0.027979048512457097,11.9139396462294
579,discovery,43,3,11.891368749982085,11.993928223977736,0.0004708172521597463,11.994281336916856
580,discovery,43,3,11.78676973513378,11.776824688279829,-0.026107294846863933,11.757244217144681
584,discovery,43,3,12.691583538230217,12.586808329712717,0.039312429840533916,12.616292652093117
587,discovery,43,3,11.775297421715827,11.658521629329796,0.07526066357237376,11.714967127009077
588,discovery,43,3,11.827743504053695,11.813503437297884,-0.017340503582606397,11.800498059610929
600,discovery,43,3,11.92504173829169,11.942611856366588,0.006136672130054595,11.947214360464129
601,discovery,43,3,12.524530013005734,12.47131703932876,-0.006737816510291558,12.466263676946042
602,discovery,43,3,11.856522261533737,11.769399552888324,-0.03834889537443771,11.740637881357495
603,discovery,43,3,12.301387370778713,12.299839767527352,-0.0550787975714008,12.258530669348803
628,discovery,43,3,11.938199736300925,12.00314363030232,-0.009639076308256507,11.995914323071128
630,discovery,43,3,12.034696963475044,11.978989646791224,-0.01625565692945478,11.966797904094133
633,discovery,43,3,11.320565693461432,12.035235501553139,-0.04018541434655119,12.005096440793226
640,discovery,43,3,12.485830907348902,12.460394220958603,0.008566431047334868,12.466819044244104
645,discovery,43,3,12.823631142839984,12.74549826869532,0.07105891903568869,12.798792457972086
648,discovery,43,3,11.951186847493476,11.878805819188827,-0.009992852026476047,11.87131118016897
650,discovery,43,3,11.344518647594766,11.215159932234513,-0.04151542950653593,11.18402336010461
655,discovery,43,3,12.765691290604371,12.829545656904987,0.012813819550106065,12.839156021567566
663,discovery,43,3,11.608244735642321,11.83478570991325,-0.0758251184904282,11.777916871045429
664,discovery,43,3,11.83138646878959,11.867489045484765,0.0179602929163241,11.880959265172008
670,discovery,43,3,11.83138646878959,11.663146620983062,0.07306206178894722,11.717943167324773
680,discovery,43,3,11.763691965388299,11.761822130415053,-0.03262192646119128,11.73735568556916
684,discovery,43,3,12.560247968016562,12.562590002935684,-0.009938629616996379,12.555136030722936
689,discovery,43,3,12.879019669789754,12.316173651452035,0.08318428018285137,12.378561861589173
703,discovery,43,3,12.799178471909892,12.796370653271005,0.0826964732229457,12.858393008188214
709,discovery,43,3,12.09815887308463,12.077387901581886,0.0008673304113920866,12.078038399390431
710,discovery,43,3,11.60733523953139,11.562189228191059,-0.008894360980960653,11.555518457455339
714,discovery,43,3,11.767575435251748,11.658490010362854,0.054282444688302955,11.69920184387908
718,discovery,43,3,11.964007453736912,11.98663617046875,0.03070088560284139,12.00966183467088
719,discovery,43,3,12.739640688812674,12.653399023091016,0.0636884553908006,12.701165364634116
723,discovery,43,3,11.732069026983156,11.661840651975586,0.03193990032041562,11.685795577215897
724,discovery,43,3,11.813037464800539,11.801692011624246,0.02959858778962023,11.82389095246646
728,discovery,43,3,12.178192583415596,12.19894239357374,-0.008939678131088378,12.192237634975424
731,discovery,43,3,12.373707715234994,12.442965523664144,0.03252356886974299,12.46735820031645
742,discovery,43,3,11.863589378812122,11.812022391735638,0.008503695083889203,11.818400163048555
747,discovery,43,3,12.371591321286905,12.361858274141756,-0.0182503256493668,12.348170529904731
764,discovery,43,3,12.727841176689147,12.698664314061709,-0.006735325161891849,12.69361282019029
765,discovery,43,3,12.506180941677357,12.442121200419923,0.016427875030316497,12.45444210669266
771,discovery,43,3,11.812296455066814,11.808971597739225,-0.02897879845590253,11.787237498897298
776,discovery,43,3,11.995357787034976,11.986311605738308,-0.03889613354286596,11.957139505581159
782,discovery,43,3,12.077676615757813,12.102179594055876,0.0013133278654956539,12.103164589954998
788,discovery,43,3,12.358798024384122,12.349543306963854,-0.026879888535523387,12.329383390562212
795,discovery,43,3,12.178192583415596,12.202009986850959,-0.010339475810665034,12.19425537999296
802,discovery,43,3,11.60733523953139,11.70285052456834,-0.06874499761474348,11.651291776357283
808,discovery,43,3,12.317171167298682,12.239642059121925,0.0016974321952497075,12.240915133268363
809,discovery,43,3,11.982622797311857,11.88895430180034,-0.008424164357274482,11.882636178532383
818,discovery,43,3,12.509877789891931,12.580236733675731,-0.04630642051342172,12.545506918290664
823,discovery,43,3,12.323860125621126,12.137132932383446,-0.05691783113161292,12.094444559034736
827,discovery,43,3,11.603688960617083,11.46740326434766,0.009608282033951466,11.474609475873123
828,discovery,43,3,12.149507585033072,12.17867086610312,-0.029769024122127286,12.156344098011525
837,discovery,43,3,11.941462360646149,11.775769120630544,-0.02022686427685699,11.760598972422901
849,discovery,43,3,12.388398368982115,12.381697144004015,0.0708205534884888,12.434812559120381
850,discovery,43,3,12.138869243416009,12.061660080784279,0.05864057470584298,12.105640511813661
857,discovery,43,3,11.898194668458823,11.896717609074365,0.03150845735541655,11.920348952090928
866,discovery,43,3,11.908346971208951,11.825501666049293,-0.0042932293920800516,11.822281744005233
872,discovery,43,3,12.208574513247495,12.132191591900714,0.01484844823002254,12.14332792807323
878,discovery,43,3,12.765691290604371,12.772232216423223,-0.02270627945698773,12.755202506830482
882,discovery,43,3,12.141539457711714,12.254784811385042,0.009069854147137037,12.261587201995395
883,discovery,43,3,12.08954444723597,12.056706772936726,0.013819250194037066,12.067071210582254
891,discovery,43,3,11.719134432217524,11.694064192947417,0.010744840203527586,11.702122823100062
899,discovery,43,3,13.323928581764989,13.07101065622137,0.04505834509442981,13.104804415042192
904,discovery,43,3,12.388398368982115,12.407939004302131,0.012017818324782544,12.416952368045719
918,discovery,43,3,11.813037464800539,11.801175471535263,0.02168773795091847,11.817441274998451
920,discovery,43,3,12.081081821061819,12.048260440416273,0.02791853013731647,12.06919933801926
923,discovery,43,3,12.043500773454495,12.054212410495289,0.00981555844524602,12.061574079329224
927,discovery,43,3,12.560247968016562,12.596260060690257,-0.01788830442368202,12.582843832372495
930,discovery,43,3,12.310437165348775,12.293612508094544,-0.01074296574126509,12.285555283788595
949,discovery,43,3,12.167856627501678,12.197413084658464,-0.0014323182229866692,12.196338845991225
955,discovery,43,3,11.755879486687116,11.753602042133805,-0.048365200838287714,11.717328141505089
956,discovery,43,3,11.884495917930655,11.87353439816596,0.03131815346685453,11.8970230132661
958,discovery,43,3,11.790564777297387,11.756414952862599,-0.03262192646119128,11.731948508016705
959,discovery,43,3,12.128116509451258,12.176767441501376,-0.012582806136377129,12.167330336899093
961,discovery,43,3,11.665655135642039,11.65892942272883,0.023267765382749998,11.676380246765893
965,discovery,43,3,12.277932735946903,12.305840394751138,0.015602117739029687,12.31754198305541
975,discovery,43,3,12.02874460037869,12.014544710959317,0.054305114526917095,12.055273546854504
983,discovery,43,3,11.982278882874377,12.079682329870682,-0.010955068539990911,12.07146602846569
992,discovery,43,3,12.031725210748633,12.036480107235734,0.0005891186381902329,12.036921946214377
1013,discovery,43,3,12.013706813470414,12.018539883459292,0.04999935106775093,12.056039396760106
1016,discovery,43,3,12.33270970174018,12.261458780818822,-0.0013750236698655723,12.260427513066423
1023,discovery,43,3,11.373674891823535,11.578861522031202,-0.037661272690854446,11.550615567513061
1026,discovery,43,3,11.630717389475995,11.728582051669473,-0.0061749086668847104,11.72395087016931
1029,discovery,43,3,11.561725152903833,11.767468957467063,-0.019574652270664943,11.752787968264064
1031,discovery,43,3,11.982935344196433,11.750628878794958,0.09175537849774408,11.819445412668266
1036,discovery,43,3,11.338583982516495,11.362081768293933,-0.04160916864464932,11.330874891810446
1037,discovery,43,3,12.66191713053049,12.774915220347633,0.006459011431004819,12.779759478920887
1041,discovery,43,3,11.951186847493476,11.991674320583995,-0.05252310041083609,11.952281995275868
1049,discovery,43,3,11.652696102959753,11.819907922193062,-0.038424695088378674,11.791089400876778
1052,discovery,43,3,12.206782393599413,12.147474175645927,-0.007794350537157296,12.141628412743058
1054,discovery,43,3,11.881041706925902,11.902403719970868,-0.016392315439621448,11.890109483391152
1067,discovery,43,3,12.08954444723597,12.068383999460362,0.04413874266822959,12.101488056461534
1069,discovery,43,3,11.927687224983487,12.06238542811118,-0.06820620067015812,12.01123077760856
1074,discovery,43,3,11.979805470779858,11.946737576960883,-0.006265406991881682,11.942038521716972
1076,discovery,43,3,12.299112067295642,12.14398610767972,0.05743613769532295,12.187063210951212
1082,discovery,43,3,11.798111925972618,11.784592720322676,-0.026089662869298633,11.765025473170702
1083,discovery,43,3,12.165255859329688,12.18379898025836,-0.012582806136377129,12.174361875656077
1086,discovery,43,3,11.898194668458823,11.97939406495278,0.008333398417293976,11.985644113765751
1087,discovery,43,3,11.332613886815139,11.501989639547732,-0.04662146078793941,11.467023543956778
1092,discovery,43,3,11.982935344196433,11.962931841792365,0.031623943264726104,11.98664979924091
1104,discovery,43,3,11.979805470779858,11.886757710267517,-0.005020851986758695,11.882992071277448
1105,discovery,43,3,11.571203807011969,11.67946611007048,0.02349977401001802,11.697090940577993
1109,discovery,43,3,12.10625783509458,12.033050886559579,-0.03932501289647647,12.003557126887221
1127,discovery,43,3,12.066816325306588,12.168479972171006,-0.018865918378692673,12.154330533386988
1128,discovery,43,3,12.464587201678082,12.407355582162996,-0.05691783113161292,12.364667208814286
1130,discovery,43,3,11.849404844423074,11.822736891510434,-0.037661272690854446,11.794490936992293
1141,discovery,43,3,11.842236406331555,11.75117165678003,0.001894334603767752,11.752592407732857
1145,discovery,43,3,11.289794413577894,11.34157692233879,-0.01811308319880903,11.327992109939684
1150,discovery,43,3,11.870606902224587,11.823935694474308,-0.003930704983080003,11.820987665736999
1155,discovery,43,3,12.215037342290755,12.246066830325583,-0.026670616844380636,12.226063867692298
1156,discovery,43,3,12.292254928916668,12.241009233835001,0.08718178133829008,12.306395569838719
1161,discovery,43,3,11.891368749982085,11.860899381467569,-0.026520165925470827,11.841009257023465
1162,discovery,43,3,12.319405795112926,12.217733796273182,0.06155332891174144,12.263898792956988
1166,discovery,43,3,12.359527368950229,12.38137395237294,0.026973379931756487,12.401603987321757
1167,discovery,43,3,12.41044511731981,12.40928155507066,-0.038932843746107934,12.380081922261079
1169,discovery,43,3,12.367345048436391,12.213082266286277,0.02032664044771648,12.228327246622063
1177,discovery,43,3,11.691080018519527,11.791265470703442,0.0005378166133583502,11.79166883316346
1183,discovery,43,3,13.521140839642674,13.086066696427448,0.03426203714876461,13.111763224289021
1184,discovery,43,3,11.695255355062795,11.874539608629384,-0.01487248990416785,11.863385241201257
1197,discovery,43,3,12.29779001527865,12.307282805732989,0.012017818324782544,12.316296169476576
1202,discovery,43,3,12.19552218463499,12.178275326779277,-0.008939678131088378,12.171570568180961
1207,discovery,43,3,11.580593459194764,11.631184525168667,0.03727843064032567,11.65914334814891
1214,discovery,43,3,11.884495917930655,11.665665982831692,0.04828136452725028,11.70187700622713
1216,discovery,43,3,11.736077016252437,11.593707457791995,-0.03262192646119128,11.569241012946101
1217,discovery,43,3,11.626263078808801,11.719837132175531,-0.040692206234979905,11.689317977499297
1220,discovery,43,3,11.424105180165641,11.460140732817397,-0.03074316962583661,11.43708335559802
1222,discovery,43,3,11.80560254159177,11.709747991796776,-0.02106794861720077,11.693947030333876
1223,discovery,43,3,11.870606902224587,11.955186316039402,-0.016171339900149153,11.94305781111429
1228,discovery,43,3,11.898194668458823,11.8339605559475,0.036153512640096835,11.861075690427572
1229,discovery,43,3,12.813920618864572,12.796382436745526,0.05008005934652768,12.833942481255422
1230,discovery,43,3,11.751950239425476,11.846206754396588,-0.00802067442667443,11.840191248576582
1232,discovery,43,3,11.794345471549745,11.871177055428161,0.0032141305160216654,11.873587653315177
1236,discovery,43,3,11.841423131921784,11.878051075787205,0.055538350221565294,11.919704838453379
1240,discovery,43,3,12.490879338036375,12.33174283785234,-0.050341232606029906,12.293986913397818
1245,discovery,43,3,12.345838935721968,12.126583606883063,0.062068808236361794,12.173135213060334
1256,discovery,43,3,11.755879486687116,11.737365865433814,0.04502548812748686,11.771134981529428
1262,discovery,43,3,11.766799946849087,11.752031268514768,-0.0042932293920800516,11.748811346470708
1265,discovery,43,3,12.10625783509458,12.029397909578742,-0.12458680935136184,11.935957802565222
1267,discovery,43,3,11.711784520403112,11.78273686924829,-0.07780274200468493,11.724384812744775
1269,discovery,43,3,12.850557278777309,12.706440623009062,0.07133005284605023,12.7599381626436
1272,discovery,43,3,12.132162346145595,12.08402189752956,0.04259236154677176,12.115966168689638
1275,discovery,43,3,11.842236406331555,11.83980647501539,0.056026157181470956,11.881826092901493
1279,discovery,43,3,12.37581963951765,12.467625506191714,-0.03391112949401007,12.442192159071206
1280,discovery,43,3,11.133142723386813,11.556243295262087,-0.09851065624654005,11.482360303077183
1282,discovery,43,3,12.100717685412471,12.117553960055734,0.02022034206052749,12.13271921660113
1288,discovery,43,3,12.154784614286667,12.028163381343246,0.0586074484241781,12.07211896766138
1290,discovery,43,3,12.546113507028412,12.531468806782328,0.03529515477846383,12.557940172866177
1298,discovery,43,3,11.849404844423074,11.953525005971708,-0.06017957099706604,11.908390327723907
1301,discovery,43,3,12.323860125621126,12.322568075258372,-0.0182503256493668,12.308880331021347
1302,discovery,43,3,12.086731521684555,12.050042652509262,0.053642479073039664,12.090274511814043
1304,discovery,43,3,12.354496960983985,12.299852084285092,0.031220453334126052,12.323267424285687
1320,discovery,43,3,11.6172944892629,11.6438958748476,0.006406315072333583,11.648700611151849
1321,discovery,43,3,11.960817678718287,11.966910602094696,-0.0758251184904282,11.910041763226875
1325,discovery,43,3,11.898194668458823,12.588568111107799,0.037185392890262556,12.616457155775496
1328,discovery,43,3,11.779136168550774,11.774100934090896,0.03971506376663926,11.803887231915876
1333,discovery,43,3,11.51293546492023,11.640031312080078,0.02168773795091847,11.656297115543266
1334,discovery,43,3,11.74006900564972,11.779349954148664,0.007988232819558756,11.785341128763333
1337,discovery,43,3,11.813037464800539,11.850354967167073,0.01906259072954525,11.864651910214231
1343,discovery,43,3,12.339295865674435,12.429093081680636,-0.045465107338000584,12.394994251177135
1350,discovery,43,3,11.711784520403112,11.754336457057072,-0.030677278676388905,11.73132849804978
1352,discovery,43,3,12.049424683420915,11.988479351068136,-0.00461736205615864,11.985016329526017
1353,discovery,43,3,11.812296455066814,11.71731292299486,0.07620756841276038,11.77446859930443
1375,discovery,43,3,12.429220196836383,12.455380376561855,0.031623943264726104,12.4790983340104
1389,discovery,43,3,12.84132849667433,12.785623386002332,-0.01179270717013967,12.776778855624727
1393,discovery,43,3,11.719947764402807,11.748255442858467,-0.008424164357274482,11.74193731959051
1404,discovery,43,3,12.552930054797935,12.272465070130005,-0.008943449199684256,12.265757483230242
1405,discovery,43,3,11.561725152903833,11.549154019513887,-0.12263528257009794,11.457177557586313
1406,discovery,43,3,12.524530013005734,12.548085058888692,0.03215280569276932,12.572199663158269
1407,discovery,43,3,11.798111925972618,11.798788992324706,0.02778771181259657,11.819629776184154
1413,discovery,43,3,11.407576060361786,11.460716406633393,0.0016204078462230924,11.46193171251806
1414,discovery,43,3,12.456835254920371,12.499155765123168,-0.03980107482964959,12.469304959000931
1421,discovery,43,3,12.100161978566867,12.039541195278476,0.03141852385397709,12.063105088168959
1423,discovery,43,3,11.824087219587643,11.880817921444553,0.019870162482120406,11.895720543306144
1424,discovery,43,3,12.524420916542532,12.124015985425638,-0.056732463521663876,12.08146663778439
1431,discovery,43,3,12.165984756488543,12.13999792111753,0.03988882937969393,12.1699145431523
1436,discovery,43,3,12.066816325306588,12.054629256466777,-0.08540956219808092,11.990572084818217
1437,discovery,43,3,11.699413330633599,11.67092156589258,0.009615574714230486,11.678133246928253
1442,discovery,43,3,11.913719681428494,11.90050211847284,0.019870162482120406,11.91540474033443
1453,discovery,43,3,11.884495917930655,11.812868720066868,-0.023412385991419767,11.795309430573303
1460,discovery,43,3,11.901590234400047,11.921717742791015,-0.011370601187523581,11.913189791900372
3,discovery,43,4,12.317171167298682,12.23417385707729,-0.004312710240007661,12.230939324397283
4,discovery,43,4,11.849404844423074,12.067484341309822,-0.002316285012863465,12.065747127550175
5,discovery,43,4,12.429220196836383,12.6522646099488,-0.0015476835844319354,12.651103847260476
13,discovery,43,4,11.87757552297847,11.804128409941136,0.0004892820649195018,11.804495371489825
23,discovery,43,4,12.345838935721968,12.371291793858866,-0.049950060212411676,12.333829248699557
29,discovery,43,4,12.242891437918386,12.212168139818328,0.011602776138662074,12.220870221922324
31,discovery,43,4,10.596659732783579,11.487548618683181,-0.09012397697760717,11.419955635949975
42,discovery,43,4,12.04355959836804,12.048269784505711,0.04176499580828986,12.07959353136193
45,discovery,43,4,11.856522261533737,11.890992635777474,0.011602776138662074,11.89969471788147
50,discovery,43,4,11.751950239425476,11.743879057827181,0.013610744030260313,11.754087115849876
56,discovery,43,4,12.103491596905931,12.016545520839834,-0.01113305959408081,12.008195726144274
60,discovery,43,4,11.735276702486741,11.697965622197541,0.03481428547005458,11.724076336300083
63,discovery,43,4,12.218500103788143,12.24327079583174,-0.004455274085712902,12.239929340267457
64,discovery,43,4,11.849404844423074,11.835330156182156,-0.07513098498767619,11.7789819174414
65,discovery,43,4,12.299112067295642,12.290242627892408,-0.008712933294572314,12.283707927921478
66,discovery,43,4,12.666660207428574,12.654590977036412,-0.004455274085712902,12.651249521472128
76,discovery,43,4,11.418625774449598,11.422789697484138,-0.01929626666040845,11.40831749748883
77,discovery,43,4,11.818577604251555,11.644002034627347,0.043816727518104476,11.676864580265924
82,discovery,43,4,11.941462360646149,12.05505026105805,-0.018886789239194218,12.040885169128654
84,discovery,43,4,11.748005492256807,11.783907544755001,0.013430694331916546,11.793980565503938
90,discovery,43,4,11.724813914587886,11.67582939584779,0.04043171352355165,11.706153180990453
93,discovery,43,4,12.004574385508691,11.833562772639509,0.1022906538832168,11.91028076305192
94,discovery,43,4,11.804855999911272,12.07177254326509,-0.04325489996875938,12.039331368288522
96,discovery,43,4,12.128116509451258,12.11767158071468,0.04416331407370969,12.150794066269961
99,discovery,43,4,11.326607934898927,11.371466605237305,-0.03559555707959054,11.344769937427612
102,discovery,43,4,12.08954444723597,12.063442821995372,-0.029235008821461045,12.041516565379276
105,discovery,43,4,12.040614105490253,11.996590526651424,-0.0967040616460894,11.924062480416858
114,discovery,43,4,12.28765724080691,12.305789023883278,-0.02518433747601278,12.286900770776269
118,discovery,43,4,11.951186847493476,11.92267174461948,-0.05633491551062645,11.88042055798651
124,discovery,43,4,11.944064817531656,11.99093834345069,-0.017523627912274683,11.977795622516483
127,discovery,43,4,11.759793355371237,11.846008260696314,-0.00786148336898634,11.840112148169574
131,discovery,43,4,12.328294703023396,12.257453786572416,-0.0576581602898308,12.214210166355043
138,discovery,43,4,12.049424683420915,12.209781238329594,-0.07625892397968181,12.152587045344832
143,discovery,43,4,12.019749091416921,11.764383344274252,-0.04229866661695751,11.732659344311534
151,discovery,43,4,11.711784520403112,11.819950425874298,0.011034752939598127,11.828226490578997
154,discovery,43,4,12.367345048436391,12.151061393574624,0.0429806027364964,12.183296845626996
156,discovery,43,4,11.277215789596893,11.294366839901645,-0.023144812895759145,11.277008230229827
158,discovery,43,4,12.504327379899443,12.519616982158638,-0.027926830324344003,12.49867185941538
166,discovery,43,4,11.755879486687116,11.757548480492007,0.0008577564311514846,11.758191797815371
169,discovery,43,4,12.119975396053194,12.15629869878048,-0.012441584542743897,12.146967510373422
171,discovery,43,4,11.763691965388299,11.69675480193152,-0.041309050680733664,11.66577301392097
173,discovery,43,4,12.384223015005313,12.226265909089523,0.08095362648385908,12.286981128952418
174,discovery,43,4,12.001511614739405,11.93873447279414,-0.020334082199221497,11.923483911144723
176,discovery,43,4,12.400820837540556,12.313105044205932,-0.005346321310581462,12.309095303222996
183,discovery,43,4,11.695255355062795,11.693522362418525,-0.022921776099304958,11.676331030344047
188,discovery,43,4,11.813037464800539,11.805484146850986,-0.02192974120484187,11.789036840947356
193,discovery,43,4,12.165255859329688,12.198811530308024,-0.008712933294572314,12.192276830337095
207,discovery,43,4,11.87688084212164,11.820234255144836,-0.009516782837475219,11.81309666801673
210,discovery,43,4,11.884495917930655,11.89426638429517,0.011994467273654736,11.903262234750411
212,discovery,43,4,12.133507329024972,12.071199137711904,-0.034856193804945534,12.045056992358194
217,discovery,43,4,12.25486757159303,12.228181329799774,-0.004312710240007661,12.224946797119769
218,discovery,43,4,11.580593459194764,11.363120213724159,-0.04502226119513169,11.32935351782781
219,discovery,43,4,12.649157827477366,12.325578850651032,0.08556265409601639,12.389750841223044
223,discovery,43,4,12.100161978566867,12.067652467787216,0.027839973406579906,12.088532447842152
230,discovery,43,4,12.167856627501678,12.190455350261661,-0.013657281775879285,12.180212388929752
235,discovery,43,4,12.285350445351659,12.283854154397522,-0.004980353107608669,12.280118889566817
238,discovery,43,4,12.178192583415596,12.299799766442543,-0.004259836418086869,12.296604889128979
246,discovery,43,4,12.394628892852941,12.294744251547979,-0.02619897970547595,12.275095016768871
247,discovery,43,4,11.827743504053695,11.799510897483321,0.005111046862642867,11.803344182630303
248,discovery,43,4,11.849404844423074,11.856096609167048,-0.0052516277520961415,11.852157888352977
254,discovery,43,4,11.970356641102999,11.96257867117926,0.023345929949082724,11.980088118641072
258,discovery,43,4,12.301387370778713,12.364645493243994,-0.04520777160187567,12.330739664542588
264,discovery,43,4,11.775297421715827,11.72591087564073,-0.029240899059463574,11.703980201346132
272,discovery,43,4,12.394628892852941,12.289117940019,0.07287216695072275,12.343772065232043
280,discovery,43,4,12.165255859329688,12.183717261185482,0.04974464008298722,12.221025741247722
283,discovery,43,4,12.242891437918386,12.284051618664654,0.07409767731317493,12.339624876649534
288,discovery,43,4,11.385103457032141,11.51948828250999,-0.005060967892258051,11.515692556590796
292,discovery,43,4,11.819681958463892,11.786719734033495,0.06930074791984349,11.838695294973377
293,discovery,43,4,11.782960235741939,11.914564694274713,-0.05830159387576036,11.870838498867892
299,discovery,43,4,12.07254696717504,12.1025340605732,0.016629506282037416,12.115006190284728
316,discovery,43,4,12.146858590895919,12.134141481387593,-0.011512772314750733,12.12550690215153
323,discovery,43,4,12.614868865984631,12.56917344687802,-0.021005017659193853,12.553419683633624
328,discovery,43,4,11.886218559372042,11.880074147184226,-0.0052516277520961415,11.876135426370155
329,discovery,43,4,12.276069679344003,12.058994891318356,0.03316140549331962,12.083865945438346
331,discovery,43,4,11.686887175419702,11.844591439814382,-0.03591632099032897,11.817654199071635
333,discovery,43,4,12.556733038263905,12.663734136313874,-0.0035264618577197345,12.661089289920584
335,discovery,43,4,12.165255859329688,12.191931765965657,0.006731027801577689,12.196980036816841
338,discovery,43,4,12.273735966890268,12.303081244965,-0.004312710240007661,12.299846712284994
340,discovery,43,4,11.951186847493476,11.84482861767058,0.007594244219090082,11.850524300834897
359,discovery,43,4,11.775297421715827,11.800921053898522,0.00035222625779260126,11.801185223591867
360,discovery,43,4,12.54254845357358,12.532407827367019,0.00433374825755272,12.535658138560184
363,discovery,43,4,12.198549416880068,12.085829273480725,0.0015507809199989805,12.086992359170724
366,discovery,43,4,11.898194668458823,11.705781131071433,0.0029379845604696865,11.707984619491786
370,discovery,43,4,11.995357787034976,12.008219061530035,0.012460460635389681,12.017564407006578
373,discovery,43,4,11.736077016252437,11.633279022175977,-0.029235008821461045,11.61135276555988
374,discovery,43,4,11.719947764402807,11.693658200081469,0.0013211212421127523,11.694649041013053
375,discovery,43,4,12.299112067295642,12.227140970137986,-0.009641745522565474,12.219909660996063
383,discovery,43,4,12.271396795480596,12.235190629217396,-0.009641745522565474,12.227959320075472
386,discovery,43,4,12.165255859329688,12.084268180742908,-0.061354827435582834,12.038252060166222
404,discovery,43,4,12.460718739865236,12.415362305653318,-0.017877755800655086,12.401953988802827
406,discovery,43,4,11.918397239722838,11.98638017430593,-0.013764652765278176,11.976056684731972
416,discovery,43,4,12.106997888588934,12.136351471353056,-0.000792536250817954,12.135757069164942
421,discovery,43,4,12.237091546357338,12.151892899355023,-0.05601186758611598,12.109883998665435
422,discovery,43,4,12.278397958261774,12.304322295853025,0.03600881575792922,12.331328907671471
423,discovery,43,4,11.635151947212842,11.671758032712768,0.003481938105277238,11.674369486291726
435,discovery,43,4,11.302216779257382,11.328781806042395,0.008231483261891732,11.334955418488814
441,discovery,43,4,13.22672519452875,13.091341023095042,0.12794662338728524,13.187300990635507
450,discovery,43,4,11.695255355062795,11.662616167981223,-0.01637666478955624,11.650333669389056
452,discovery,43,4,12.54254845357358,12.314510590147039,0.055626071924971876,12.356230144090768
457,discovery,43,4,11.49273296168228,11.283716195752408,-0.0015886581309380726,11.282524702154205
462,discovery,43,4,11.951186847493476,11.915793429082802,0.06023600275494827,11.960970431149013
472,discovery,43,4,12.154784614286667,12.189569637758392,-0.03273241721018154,12.165020324850756
479,discovery,43,4,12.601490784782536,12.620572916251138,-0.05435028326697633,12.579810203800905
480,discovery,43,4,11.401681006153428,11.631665798101775,0.02465488716822352,11.650156963477942
483,discovery,43,4,11.951186847493476,12.051236372762906,-0.030664347426194727,12.028238112193261
485,discovery,43,4,11.794345471549745,11.780812679561892,0.013610744030260313,11.791020737584587
489,discovery,43,4,11.982935344196433,11.754429710708845,-0.05638956391561578,11.712137537772133
511,discovery,43,4,12.013100572810686,12.01354391887317,0.019771618490011387,12.028372632740679
512,discovery,43,4,12.2193145828011,12.140410910536502,0.050793267475034265,12.178505861142778
513,discovery,43,4,11.774527900858468,11.715249144313646,0.006925746518825171,11.720443454202764
519,discovery,43,4,12.259618151783465,12.15379869245873,0.01033840578457557,12.161552496797162
533,discovery,43,4,11.58525542883217,11.526862911819796,0.012460460635389681,11.53620825729634
539,discovery,43,4,11.970356641102999,11.84825892235488,0.001693684287067264,11.84952918557018
542,discovery,43,4,12.421188057397055,12.477642790226222,-0.006876718866989756,12.472485251075978
552,discovery,43,4,11.630717389475995,11.625030593475115,-0.035980015398175844,11.598045581926483
554,discovery,43,4,11.58989576532275,11.661331299444903,0.02822688321682161,11.68250146185752
557,discovery,43,4,11.856522261533737,11.902769661282994,0.006925746518825171,11.907963971172112
558,discovery,43,4,11.58989576532275,11.572077070542328,-0.05643107304819023,11.529753765756185
559,discovery,43,4,12.07254696717504,12.18601068493961,-0.007112549260186078,12.180676272994472
563,discovery,43,4,11.58989576532275,11.67529255789515,-0.017592740816747145,11.662098002282589
569,discovery,43,4,12.665397584983758,12.591833907886684,-0.020428827797592218,12.57651228703849
572,discovery,43,4,11.695255355062795,11.709648784521095,-0.05981195209352022,11.664789820450954
585,discovery,43,4,11.798111925972618,11.84094988095476,0.08197990611839602,11.902434810543557
590,discovery,43,4,11.283524879179666,11.505652584823475,0.03193911668206608,11.529606922335024
591,discovery,43,4,12.132969552931216,12.156823826821753,-0.004312710240007661,12.153589294141748
593,discovery,43,4,11.835016210489899,11.894467885290032,0.045314447431973895,11.928453720864013
596,discovery,43,4,12.672949516558306,12.67454470984899,0.09530856258375149,12.746026131786802
605,discovery,43,4,12.30592250537653,12.294712411533277,-0.004312710240007661,12.291477878853271
609,discovery,43,4,12.791358964949923,12.532027599145726,-0.022549370696604423,12.515115571123273
610,discovery,43,4,11.682676678340282,11.655591680264507,0.016938135391340325,11.668295281808012
614,discovery,43,4,11.898194668458823,11.63938575271588,-0.016252968733165122,11.627196026166006
617,discovery,43,4,12.118339189722553,12.108327523621002,0.012612459643562352,12.117786868353674
623,discovery,43,4,11.813037464800539,11.743995542127054,-0.003910940989645155,11.74106233638482
627,discovery,43,4,11.848690308590857,11.741014171498867,-0.004284720605717311,11.737800631044578
634,discovery,43,4,11.845109950883979,11.838674350439614,0.018842806262018223,11.852806455136127
649,discovery,43,4,11.951186847493476,11.963310206678884,-0.022844440503267168,11.946176876301433
651,discovery,43,4,12.235393555399902,12.227828720220712,0.029523363466779747,12.249971242820797
665,discovery,43,4,12.955129822091815,12.736613440446723,-0.030478469100968568,12.713754588620997
674,discovery,43,4,12.458778882573533,12.393624608461728,0.04969882211649662,12.4308987250491
675,discovery,43,4,11.849404844423074,11.897662129912028,-0.006456029974243907,11.892820107431346
691,discovery,43,4,11.856522261533737,11.901382488053077,0.01566744106713339,11.913133068853426
692,discovery,43,4,13.534474352733596,13.189564376950994,0.11730987632389074,13.277546784193913
695,discovery,43,4,11.860062063178267,11.72312806549547,0.027538893627501428,11.743782235716095
698,discovery,43,4,11.724004532183379,11.789804621252914,0.006739188273136147,11.794859012457767
708,discovery,43,4,12.445093483000798,12.287661536680327,-0.0035264618577197345,12.285016690287037
712,discovery,43,4,11.54031687156214,11.476682410827319,-0.07289679581148098,11.422009813968709
738,discovery,43,4,12.3879816172226,12.34913484826913,-0.026114885702221466,12.329548683992465
740,discovery,43,4,12.154784614286667,12.187572024192024,-0.008712933294572314,12.181037324221094
744,discovery,43,4,12.07254696717504,11.941554428991425,-0.003910940989645155,11.938621223249191
746,discovery,43,4,12.61087420020211,12.720377133755296,-0.0032860892801364764,12.717912566795194
748,discovery,43,4,12.491176396967154,12.413904696858317,-0.049369329885155855,12.376877699444451
751,discovery,43,4,11.477308649967686,11.437824693194136,0.031088915104607213,11.46114137952259
753,discovery,43,4,12.28765724080691,12.2380635172171,0.021548872909118045,12.254225171898938
755,discovery,43,4,11.957617696467539,11.864519991007738,0.0262992266780512,11.884244411016276
756,discovery,43,4,12.058158312538197,12.022427060431953,0.03513827796068274,12.048780768902466
759,discovery,43,4,12.097378802727306,12.02792391350908,0.02484633384694285,12.046558663894286
760,discovery,43,4,12.577639650232573,12.626029185494291,-0.006876718866989756,12.620871646344048
769,discovery,43,4,12.28690580994122,12.348811500758453,0.0015687216019770007,12.349988041959936
770,discovery,43,4,13.195615697878253,13.052465307056302,0.009431023451090433,13.05953857464462
772,discovery,43,4,11.532737896139919,11.692685333348189,0.030011380196354652,11.715193868495454
773,discovery,43,4,11.580593459194764,11.839173162812497,-0.049498708185035975,11.80204913167372
778,discovery,43,4,11.86710429621008,11.816748861366072,0.001693684287067264,11.818019124581372
786,discovery,43,4,11.992266613576142,12.011714477561544,0.012881288890193694,12.02137544422919
794,discovery,43,4,12.323860125621126,12.386127924080824,-0.04168893622551104,12.35486122191169
801,discovery,43,4,12.206077645517674,12.207396290187713,0.019853075868760877,12.222286097089285
812,discovery,43,4,11.881041706925902,11.883028853199123,0.011978745009325241,11.892012911956117
815,discovery,43,4,11.661354090741,11.681979224376747,0.006739188273136147,11.6870336155816
824,discovery,43,4,11.845827048676645,11.844407152495215,-7.623921303921179e-06,11.844401434554237
831,discovery,43,4,12.019749091416921,12.086823340106635,-0.01113305959408081,12.078473545411075
838,discovery,43,4,11.51293546492023,11.461465397264233,0.0007663143823441075,11.46204013305099
839,discovery,43,4,11.87757552297847,11.933664558538164,0.016363788222155944,11.94593739970478
845,discovery,43,4,11.944064817531656,11.840572222752346,0.0011754643086839068,11.84145382098386
848,discovery,43,4,11.80186424743109,11.796163128267636,0.011963565167591287,11.80513580214333
855,discovery,43,4,12.04355959836804,12.035705460787053,-0.04159868491643384,12.004506447099727
858,discovery,43,4,12.066816325306588,11.984521334740174,0.002330804747013036,11.986269438300434
859,discovery,43,4,11.931642378754141,11.847532681019414,-0.09214929008905792,11.77842071345262
873,discovery,43,4,11.661354090741,11.669806479315703,0.02417184154457604,11.687935360474135
876,discovery,43,4,12.623064399210183,12.679879210607604,-0.04168893622551104,12.64861250843847
884,discovery,43,4,11.682676678340282,11.728631882559364,0.0748880656585041,11.784797931803242
897,discovery,43,4,11.575909653758895,11.334164467021154,-0.0737544803082086,11.278848606789998
900,discovery,43,4,11.813037464800539,11.811796823408972,0.0248212111548028,11.830412731775075
902,discovery,43,4,11.938199736300925,11.85818233228173,0.019771618490011387,11.873011046149239
907,discovery,43,4,12.449022745701502,12.462058037507758,-0.021180897094498177,12.446172364686884
908,discovery,43,4,12.429220196836383,12.345739456725429,0.05530502519814004,12.387218225624034
911,discovery,43,4,11.946660519211651,11.862995332408348,-0.01066706623234585,11.854995032734088
916,discovery,43,4,11.225256725762893,11.349695478979086,-0.02022507888840161,11.334526669812785
932,discovery,43,4,11.674202123168433,11.754500907472636,0.0013211212421127523,11.75549174840422
933,discovery,43,4,12.676079399771027,12.594140067936658,-0.014001350787883074,12.583639054845746
935,discovery,43,4,12.396697137361691,12.31066462456345,-0.045089094883916825,12.276847803400512
942,discovery,43,4,12.273735966890268,12.344378843688963,-0.011512772314750733,12.3357442644529
950,discovery,43,4,12.193498926601634,12.067904697681614,0.02869765790330752,12.089427941109095
963,discovery,43,4,11.951186847493476,11.938862186290466,-0.003184453749149438,11.936473845978604
978,discovery,43,4,12.20557752297723,12.18973193511377,0.02715759027522137,12.210100127820185
988,discovery,43,4,12.887129532148373,12.967346181352864,0.0463969301410879,13.00214387895868
990,discovery,43,4,12.190964083849375,12.161136003938214,0.03836805739976385,12.189912046988036
995,discovery,43,4,12.729323752253295,12.727169494316993,0.12794662338728524,12.823129461857457
999,discovery,43,4,11.418625774449598,11.484504614589405,-0.07709891803019596,11.426680426066758
1001,discovery,43,4,11.314486721293981,11.227555708876551,-0.1086184452276466,11.146091874955816
1003,discovery,43,4,12.354496960983985,12.393216812104157,-0.015851861811940364,12.381327915745201
1006,discovery,43,4,11.917730355182513,11.829969680846572,0.0535192679290157,11.870109131793335
1010,discovery,43,4,11.532737896139919,11.604599545452418,0.07050515014199125,11.65747840805891
1014,discovery,43,4,11.350418300109132,11.532775565895255,-0.07668886845718906,11.475258914552363
1017,discovery,43,4,12.220966184120165,12.361910353592865,-0.008712933294572314,12.355375653621936
1020,discovery,43,4,12.271349956195543,12.219812119103649,-0.003375626879329972,12.217280398944151
1043,discovery,43,4,12.185875040240456,12.180874728195386,0.04357450622623681,12.213555607865064
1046,discovery,43,4,11.846543632608535,11.74891056770487,-0.0475531684863578,11.713245691340102
1047,discovery,43,4,13.229569788348705,12.976097223381583,0.09052339412206055,13.043989768973129
1055,discovery,43,4,12.449022745701502,12.475698298828693,-0.04406862837042702,12.442646827550872
1056,discovery,43,4,12.100717685412471,11.97689424028478,-0.027534072732733977,11.95624368573523
1058,discovery,43,4,12.421188057397055,12.322068069302922,0.033776520256905744,12.347400459495601
1071,discovery,43,4,11.813037464800539,11.790168929075737,-0.004284720605717311,11.786955388621449
1075,discovery,43,4,12.175618592671356,12.10403981842587,-0.009641745522565474,12.096808509283946
1089,discovery,43,4,11.83138646878959,11.79626893356924,-0.045666190081159436,11.76201929100837
1090,discovery,43,4,12.190964083849375,12.23748746381957,-0.009970429969955695,12.230009641342102
1097,discovery,43,4,11.751950239425476,11.639175027510825,-0.01353937091520446,11.629020499324422
1103,discovery,43,4,11.813037464800539,11.818220306178244,-0.01813134513627644,11.804621797326037
1113,discovery,43,4,11.774527900858468,11.691459164271388,0.030053273386560705,11.713999119311309
1115,discovery,43,4,11.669937760751914,11.658436897392706,-0.01164808630829255,11.649700832661486
1116,discovery,43,4,12.669809806411457,12.587811216179388,0.03991858521657403,12.617750155091818
1121,discovery,43,4,11.681832447342321,11.66694859097822,-0.036666897782939994,11.639448417641015
1132,discovery,43,4,11.44572741040675,11.547180326021104,0.0348408952787555,11.57331099748017
1134,discovery,43,4,12.386312871189734,12.39502813445011,-0.06226133712428887,12.348332131606893
1135,discovery,43,4,12.037659911047468,12.10018812322228,0.001401992519019869,12.101239617611544
1136,discovery,43,4,11.532737896139919,11.56459578708033,0.027555563645489552,11.585262459814448
1137,discovery,43,4,11.686887175419702,11.704956493470643,-0.0703704135553418,11.652178683304136
1138,discovery,43,4,11.451060699493427,11.407511272269833,0.0259333808625929,11.426961307916777
1144,discovery,43,4,11.289794413577894,11.521785278784183,-0.06525302429620619,11.472845510562028
1149,discovery,43,4,11.669082701743504,11.603733876766976,-0.04496910683059119,11.570007046644033
1153,discovery,43,4,12.345838935721968,12.18248272557279,0.018354679121405933,12.196248734913844
1154,discovery,43,4,11.699413330633599,11.648242480688,0.010494646826314475,11.656113465807735
1159,discovery,43,4,12.367889578686164,12.357843584382383,-0.038142241836362445,12.329236903005112
1164,discovery,43,4,11.59873612138334,11.86218184289055,-0.022530534865735946,11.845283941741249
1172,discovery,43,4,12.001511614739405,11.990661349954182,-0.006456029974243907,11.9858193274735
1173,discovery,43,4,12.05467400868968,11.990944844533528,0.02484633384694285,12.009579594918735
1178,discovery,43,4,11.652696102959753,11.616846356495254,-0.005170608033906452,11.612968400469823
1188,discovery,43,4,12.476103599529843,12.551152248813676,0.00433374825755272,12.55440256000684
1189,discovery,43,4,12.180759965737863,12.130028530781885,-0.008712933294572314,12.123493830810956
1190,discovery,43,4,12.149507585033072,12.171649245792416,-0.01882393016937244,12.157531298165386
1199,discovery,43,4,12.08954444723597,12.041000896288466,-0.008712933294572314,12.034466196317537
1200,discovery,43,4,11.904974309480181,11.850383020443044,0.028148602515882803,11.871494472329955
1205,discovery,43,4,11.941462360646149,11.9268666509562,0.01642148896478565,11.939182767679789
1211,discovery,43,4,12.149507585033072,12.202042082070072,-0.029235008821461045,12.180115825453976
1213,discovery,43,4,11.635151947212842,11.387622468421487,0.032903912836658514,11.412300403048981
1219,discovery,43,4,11.296024885689746,11.139489659643791,0.0691340341472098,11.191340185254198
1224,discovery,43,4,11.834291315386718,11.845720608031044,-0.05413953022246363,11.805115960364196
1237,discovery,43,4,12.075400019877522,11.996295390908392,0.012329113178064236,12.00554222579194
1238,discovery,43,4,12.180759965737863,12.268182446383074,0.0015687216019770007,12.269358987584557
1243,discovery,43,4,12.04355959836804,12.008044036276706,-0.09478341832384272,11.936956472533824
1246,discovery,43,4,12.08954444723597,12.189858330462872,-0.0005345585424155587,12.189457411556061
1249,discovery,43,4,11.771443882099637,11.838683968153866,-0.04260289430603846,11.806731797424337
1255,discovery,43,4,12.016128107502665,12.15640540085276,-0.051547621923144105,12.117744684410402
1257,discovery,43,4,12.616528611893463,12.684176205363858,-0.0015476835844319354,12.683015442675535
1259,discovery,43,4,12.154784614286667,12.083086342365856,-0.007112549260186078,12.077751930420717
1266,discovery,43,4,12.12215284831553,12.030303590225577,0.030727765688927513,12.053349414492272
1270,discovery,43,4,11.87757552297847,11.815785545406495,-0.004284720605717311,11.812572004952207
1273,discovery,43,4,11.827743504053695,11.806101507954734,0.006370713906904164,11.810879543384912
1274,discovery,43,4,12.083910661257521,12.017443229729071,-1.7286028023641604e-05,12.017430265208054
1283,discovery,43,4,11.921725007667265,11.910757985047617,0.030414062415489926,11.933568531859235
1285,discovery,43,4,12.037659911047468,12.104299051260629,-0.007318781775925623,12.098809964928684
1291,discovery,43,4,12.103491596905931,11.985188940308973,0.012460460635389681,11.994534285785516
1297,discovery,43,4,11.951186847493476,11.931216129620172,0.005721344296677412,11.935507137842679
1307,discovery,43,4,12.218500103788143,12.136181565517012,0.050793267475034265,12.174276516123287
1310,discovery,43,4,12.09626335986454,12.087469814869772,-0.017523627912274683,12.074327093935565
1315,discovery,43,4,11.686887175419702,11.674941556238666,0.03197510060866535,11.698922881695164
1319,discovery,43,4,12.524530013005734,12.506830014775908,-0.04406862837042702,12.473778543498087
1327,discovery,43,4,11.277215789596893,11.41069916986713,-0.043804951094514065,11.377845456546243
1330,discovery,43,4,12.081081821061819,12.10104187816781,-0.0012311174182014157,12.10011854010416
1331,discovery,43,4,12.33270970174018,12.360004435505006,-0.021180897094498177,12.344118762684133
1335,discovery,43,4,11.736077016252437,11.644693787101438,0.031289886682878666,11.668161202113598
1336,discovery,43,4,12.031129798974042,11.980531527255462,0.012881288890193694,11.990192493923107
1344,discovery,43,4,12.083910661257521,12.018032435547655,0.03217713709659115,12.042165288370098
1349,discovery,43,4,12.278397958261774,12.423795803526238,-0.021005017659193853,12.408042040281842
1358,discovery,43,4,11.917730355182513,11.981071017058186,-0.005990036612508953,11.976578489598804
1367,discovery,43,4,12.170450649220749,12.228673933954349,-0.040807548547311015,12.198068272543866
1372,discovery,43,4,12.016732516077072,12.069760170368069,-0.006456029974243907,12.064918147887386
1373,discovery,43,4,12.521981322562505,12.403287970099527,0.006245751221813904,12.407972283515887
1376,discovery,43,4,12.384223015005313,12.458147330976136,-0.021544484697715464,12.441988967452849
1379,discovery,43,4,11.326607934898927,11.525256484760945,0.0066477462243287695,11.530242294429192
1384,discovery,43,4,11.626263078808801,11.931242789216137,0.013610744030260313,11.941450847238832
1394,discovery,43,4,12.001511614739405,11.828218722401216,-0.01947536743830291,11.813612196822488
1398,discovery,43,4,11.83138646878959,11.826023444037501,0.06376556110636801,11.873847614867277
1412,discovery,43,4,11.849404844423074,11.897571876972162,0.0262992266780512,11.9172962969807
1416,discovery,43,4,12.077676615757813,12.308280845216398,-0.013657281775879285,12.298037883884488
1418,discovery,43,4,12.73670383776449,12.738610535915852,-0.0059479066389965885,12.734149605936604
1428,discovery,43,4,11.849404844423074,11.863642522034594,0.005721344296677412,11.867933530257101
1433,discovery,43,4,11.07443600653965,11.519803153382258,0.019020763483337123,11.53406872599476
1434,discovery,43,4,12.136191879981927,12.13406154932403,0.006731027801577689,12.139109820175214
1440,discovery,43,4,12.190964083849375,12.077053259499142,-0.03273241721018154,12.052503946591505
1445,discovery,43,4,12.098493002763465,12.18259660554948,-0.009641745522565474,12.175365296407556
1452,discovery,43,4,12.567554517655415,12.427583961692731,-0.04076012399751789,12.397013868694593
1454,discovery,43,4,11.344518647594766,11.798042517180338,-0.007745894890532636,11.792233096012438
1457,discovery,43,4,12.25486757159303,12.177670585374443,0.010247160655408878,12.185355955866
6,discovery,43,5,11.870606902224587,11.990160239543762,0.006543072233989217,11.995067543719253
7,discovery,43,5,12.634606283893019,12.501863674612006,-0.008892821591290262,12.495194058418537
14,discovery,43,5,12.540761149388421,12.317297242500432,-0.02226438673368769,12.300598952450166
17,discovery,43,5,11.91170829631447,11.910462350781616,0.0012291400136295767,11.911384205791839
26,discovery,43,5,12.454107814022272,12.46086938604504,0.0007815474010584855,12.461455546595834
33,discovery,43,5,12.100161978566867,12.15732528360663,-0.03969801959432267,12.127551768910887
34,discovery,43,5,12.016732516077072,12.071369857605575,-0.016016644738196507,12.059357374051928
38,discovery,43,5,11.938199736300925,11.959325490130897,0.005957934665877251,11.963793941130305
44,discovery,43,5,11.777218637129327,11.805718136132562,0.021324221494134217,11.821711302253162
47,discovery,43,5,12.387089184491993,12.585421665426077,-0.06560511477298,12.536217829346342
52,discovery,43,5,11.648338835562747,11.691928820068137,0.08130448819703381,11.752907186215912
53,discovery,43,5,11.608244735642321,11.501100829080974,-0.027836194124007646,11.480223683487967
59,discovery,43,5,12.991755706536901,12.910002352048757,-0.010206353766366145,12.902347586723982
67,discovery,43,5,12.100717685412471,12.417452595768202,-0.06137912048827481,12.371418255401995
74,discovery,43,5,11.88380602959621,11.886267131726543,0.01991525828764526,11.901203575442276
75,discovery,43,5,11.58432477200052,11.611354715760854,-0.019333906366383817,11.596854285986065
79,discovery,43,5,11.824087219587643,11.796219038520174,-0.0017966176721552277,11.794871575266058
81,discovery,43,5,12.173037959397275,12.282067428071192,-0.012728183608138415,12.272521290365088
85,discovery,43,5,12.034696963475044,12.041042691282602,-0.005496455690002813,12.0369203495151
87,discovery,43,5,12.066816325306588,12.070233861664056,0.00549166251299427,12.074352608548802
98,discovery,43,5,11.459007676978688,11.721468234688551,0.014361127481974498,11.732239080300031
108,discovery,43,5,11.652696102959753,11.522710842455277,-0.0761038707360101,11.46563293940327
111,discovery,43,5,11.827013315851762,11.887734555114362,-0.055284332128884846,11.846271306017698
117,discovery,43,5,11.842236406331555,11.75151074194781,-0.021318768148527435,11.735521665836414
119,discovery,43,5,12.676079399771027,12.73449273820725,-0.008128951500522036,12.728396024581858
130,discovery,43,5,11.918397239722838,11.863432463698853,-0.00794626016119214,11.857472768577958
133,discovery,43,5,11.923384748066601,11.9386499613763,0.0010156829249366069,11.939411723570002
134,discovery,43,5,12.301387370778713,12.229521998542634,-0.006445876767655637,12.224687590966893
136,discovery,43,5,12.066816325306588,12.066890232634991,-0.03718077339107728,12.039004652591684
152,discovery,43,5,12.827731880206521,12.703837043973895,0.03643801451332875,12.731165554858892
157,discovery,43,5,11.603688960617083,11.625325182043998,0.03665096668065667,11.65281340705449
159,discovery,43,5,12.448630513463613,12.371219334468027,0.017929542114034795,12.384666491053553
165,discovery,43,5,11.931642378754141,11.882453647683702,-0.022788965267413162,11.865361923733142
170,discovery,43,5,12.337105293891872,12.385845514019815,0.021411785357853375,12.401904353038205
172,discovery,43,5,12.278397958261774,12.11054310765836,-0.034702763012212194,12.0845160353992
182,discovery,43,5,12.206577518060588,12.084642622051625,0.045640551431305146,12.118873035625104
185,discovery,43,5,11.751950239425476,11.691450623214633,0.05120853593123638,11.72985702516306
194,discovery,43,5,11.775297421715827,11.870885293198514,-0.047467545061415005,11.835284634402452
198,discovery,43,5,12.367345048436391,12.49231101113106,-0.10996011053431579,12.409840928230322
199,discovery,43,5,11.552155793461898,11.626644000576494,-0.06116762018299494,11.580768285439248
200,discovery,43,5,12.524166311833152,12.634908542278305,0.0007815474010584855,12.6354947028291
202,discovery,43,5,12.052344376474922,12.017442659119338,-0.01858384403626174,12.003504776092141
213,discovery,43,5,12.439875187430008,12.392799312702138,0.021347187231423308,12.408809703125705
214,discovery,43,5,11.957617696467539,11.952763367120792,0.017100044041897564,11.965588400152214
216,discovery,43,5,11.808955099378537,11.84367625233684,0.017267330223100577,11.856626750004166
220,discovery,43,5,12.027191164883384,12.042170199097846,0.02060392775597721,12.05762314491483
225,discovery,43,5,12.864242696187505,12.896689067300455,0.09376391141817839,12.96701200086409
226,discovery,43,5,11.626263078808801,11.536566426640947,0.028819287206889553,11.558180892046114
228,discovery,43,5,11.571203807011969,11.488658879877393,0.02509719108364788,11.507481773190129
233,discovery,43,5,11.456365695436427,11.479573869117672,0.020873013631411228,11.49522862934123
241,discovery,43,5,12.47801017053037,12.543195072804352,-0.009376882686137698,12.536162410789748
249,discovery,43,5,12.100717685412471,12.124704783668905,-0.009009519240684535,12.117947644238392
253,discovery,43,5,12.06105265381003,12.06940877181583,-0.01721307750807132,12.056498963684776
255,discovery,43,5,11.884495917930655,11.86030643246813,0.0005316218300891705,11.860705148840697
256,discovery,43,5,12.345838935721968,12.306204901877873,0.005812939867220517,12.31056460677829
263,discovery,43,5,11.92504173829169,11.885642987920477,0.021320711492895224,11.901633521540148
267,discovery,43,5,12.128116509451258,12.093463779005281,0.016801058070217607,12.106064572557944
273,discovery,43,5,12.577639650232573,12.614005589336644,0.0034310585255896385,12.616578883230837
278,discovery,43,5,11.856522261533737,11.559202109604003,0.04639390661853533,11.593997539567905
281,discovery,43,5,12.339295865674435,12.310755616585297,0.008903376162611082,12.317433148707256
282,discovery,43,5,12.128116509451258,12.135381298796002,0.029541124091529446,12.15753714186465
296,discovery,43,5,11.86710429621008,11.885595270872024,-0.0062597549202127074,11.880900454681864
297,discovery,43,5,11.931642378754141,11.774069725570325,-0.027352133029160217,11.753555625798455
301,discovery,43,5,11.964007453736912,11.9784980258679,0.06843165121203475,12.029821764276926
304,discovery,43,5,11.917730355182513,11.744731784751576,0.015125002045280413,11.756075536285536
305,discovery,43,5,12.59473402514672,12.532930458406858,-0.014009922964842148,12.522423016183225
308,discovery,43,5,11.402005077384885,11.4568956602775,0.01938870887044174,11.471437191930331
317,discovery,43,5,12.468440756144114,12.397105733888454,-0.016782443374695498,12.384518901357433
321,discovery,43,5,12.74444728628135,12.67288345635492,0.05526690586273712,12.714333635751974
322,discovery,43,5,12.777055016970678,12.739786336777554,-0.004160704339882158,12.736665808522643
330,discovery,43,5,11.264476926102367,11.27379425527992,-0.022409881288219573,11.256986844313756
342,discovery,43,5,11.314486721293981,11.21682036453789,0.015504455186818105,11.228448705928004
356,discovery,43,5,12.086731521684555,12.0534638742362,0.00551765221156612,12.057602113394875
357,discovery,43,5,12.06105265381003,12.018057992142753,0.022039929081279958,12.034587938953713
365,discovery,43,5,12.154784614286667,12.121124694485195,0.005340329339005422,12.12512994148945
368,discovery,43,5,12.013706813470414,11.961270968753427,-0.03029114373524982,11.938552610951989
380,discovery,43,5,12.095146671399466,12.076236791191738,0.00549166251299427,12.080355538076484
388,discovery,43,5,11.736077016252437,11.770328687017525,-0.04054817255262912,11.739917557603054
403,discovery,43,5,11.58989576532275,11.514742669507777,0.0181788290932774,11.528376791327736
408,discovery,43,5,12.083910661257521,11.952098137043755,0.05493311174418209,11.993297970851891
409,discovery,43,5,12.54254845357358,12.533754689228111,0.015067981273990122,12.545055675183603
411,discovery,43,5,11.002116507732017,11.531485451906498,-0.03504521165702269,11.50520154316373
412,discovery,43,5,11.884495917930655,11.838771516726363,0.032391292093484306,11.863064985796475
413,discovery,43,5,12.310437165348775,12.414991885776141,0.015920874395635234,12.426932541572867
414,discovery,43,5,11.652696102959753,11.59450202516156,-0.019385672879894338,11.57996277050164
431,discovery,43,5,11.355113089309977,11.47615543506458,-0.027386366671705104,11.4556156600608
433,discovery,43,5,11.715874472198905,11.728899473632982,0.0025551137009451434,11.730815808908691
453,discovery,43,5,12.225880174775122,12.246263478264273,0.011109631496721614,12.254595701886815
458,discovery,43,5,12.45293662970407,12.35716708610231,0.07067838776731802,12.410175876927799
459,discovery,43,5,11.989165855127435,11.938725416211351,-0.0328831989590133,11.914063016992092
460,discovery,43,5,11.608244735642321,11.673039418812468,-0.02050037569967573,11.657664137037711
466,discovery,43,5,12.093693109638318,12.146468379628052,-0.00041419117761835184,12.146157736244838
470,discovery,43,5,12.138869243416009,12.127954707219185,-0.01721307750807132,12.115044899088131
473,discovery,43,5,11.904974309480181,11.840742229119794,-0.047721195971875636,11.804951332140886
475,discovery,43,5,12.433212202169729,12.419264826925044,0.035336561405936995,12.445767247979497
482,discovery,43,5,12.832013750189885,12.786766180680381,-0.010735338141295687,12.77871467707441
492,discovery,43,5,11.798111925972618,11.888585298645905,0.017964848406640987,11.902058934950887
493,discovery,43,5,12.059809113551397,12.04952667708277,0.01522503726535118,12.060945455031783
494,discovery,43,5,11.951186847493476,11.902646794184053,0.004943241107051546,11.906354225014342
497,discovery,43,5,12.971542813248437,12.677947804155961,-0.032016783405404696,12.653935216601907
500,discovery,43,5,11.695255355062795,11.759156091456974,0.02039931938249269,11.774455580993845
502,discovery,43,5,12.331387247601905,12.286139660833292,0.02234116139099717,12.30289553187654
509,discovery,43,5,11.989165855127435,11.903853286465125,-0.014009922964842148,11.893345844241493
518,discovery,43,5,12.487488878546145,12.561887140119682,0.025824870227416467,12.581255792790245
522,discovery,43,5,11.918397239722838,11.947123945288343,-0.017670435349079076,11.933871118776533
527,discovery,43,5,11.790564777297387,11.815971195175177,0.02039931938249269,11.831270684712047
532,discovery,43,5,11.759793355371237,11.76675805704558,0.09294442331332961,11.836466374530577
541,discovery,43,5,12.660331092405906,12.831890153035696,0.0011220431986532046,12.832731685434686
544,discovery,43,5,11.798111925972618,11.792400834285305,-0.06089505939342737,11.746729539740235
555,discovery,43,5,12.556733038263905,12.50168782607001,-0.007024663400783421,12.496419328519421
562,discovery,43,5,12.04355959836804,12.045024820138595,0.017852467791212544,12.058414170982005
571,discovery,43,5,11.867805799560465,11.81360022589256,-0.011605025461234129,11.804896456796635
576,discovery,43,5,11.682676678340282,11.632476536382745,0.014085935907266624,11.643040988313194
583,discovery,43,5,11.682676678340282,11.65511780403356,-0.051648754153990596,11.616381238418068
592,discovery,43,5,13.02132904585825,12.965290487194425,0.07357232817698481,13.020469733327163
604,discovery,43,5,11.92504173829169,11.956776685203387,0.017929542114034795,11.970223841788913
606,discovery,43,5,12.230770136157428,12.166538334924065,-0.039404541084201036,12.136984929110914
608,discovery,43,5,12.323860125621126,12.114311347481939,0.017777796150736797,12.127644694594991
619,discovery,43,5,12.659737267217572,12.657676479423948,0.039015258564573156,12.686937923347378
620,discovery,43,5,12.628070334272698,12.71250961359003,-0.007460570326481335,12.706914185845168
624,discovery,43,5,12.034696963475044,12.104565407217716,0.019766523182244995,12.119390299604401
626,discovery,43,5,11.982935344196433,11.871288900200346,-0.018154496443926506,11.857673027867401
631,discovery,43,5,11.728044909070785,11.586185584778997,-0.012413983799369144,11.57687509692947
635,discovery,43,5,11.87757552297847,11.816183062529396,-0.059204929388102366,11.77177936548832
636,discovery,43,5,12.206077645517674,12.07314408724359,-0.023922963680292945,12.05520186448337
644,discovery,43,5,11.931642378754141,11.931371742258117,-0.005893283532311045,11.926951779608883
646,discovery,43,5,11.872353615355413,11.83292620685844,-0.03421870191736475,11.807262180420416
647,discovery,43,5,11.495789479023493,11.519359550313126,-0.011605025461234129,11.510655781217201
657,discovery,43,5,11.8879382384223,11.86409799437964,0.024326877564607635,11.882343152553094
658,discovery,43,5,11.91170829631447,11.989361990191206,0.03331646231525612,12.014349336927648
661,discovery,43,5,12.19552218463499,12.188270131873814,-0.021724695115636142,12.171976610537087
666,discovery,43,5,12.348010479804223,12.385166462661967,-0.008015265517617998,12.379155013523754
667,discovery,43,5,11.767575435251748,12.06151521726143,-0.059777725793774765,12.0166819229161
673,discovery,43,5,12.013706813470414,12.049689320167113,0.059001196383542606,12.09394021745477
676,discovery,43,5,11.908346971208951,11.880862152967989,-0.0010259479533344558,11.880092692002988
681,discovery,43,5,11.870606902224587,11.688361093476187,-0.021624696785033697,11.672142570887411
685,discovery,43,5,12.30592250537653,12.265433562313989,0.020398557391628387,12.28073248035771
686,discovery,43,5,12.242891437918386,12.31436409834067,0.03178348414227089,12.338201711447374
687,discovery,43,5,12.336556900342153,12.375102595141668,0.03295320205876835,12.399817496685744
688,discovery,43,5,11.910365121788654,11.935231021032948,0.018413603208882225,11.94904122343961
694,discovery,43,5,11.59433032142082,11.576893464133564,-0.012413983799369144,11.567582976284037
699,discovery,43,5,11.83863282480007,11.797620772711722,0.013767209816315018,11.807946180073959
701,discovery,43,5,12.652362948153474,12.638326588208344,0.004863518789567693,12.64197422730052
702,discovery,43,5,11.849404844423074,11.910723199801936,-0.07341373811024887,11.855662896219249
705,discovery,43,5,12.269052139516223,12.281831058206187,-0.009493580335531965,12.274710872954538
707,discovery,43,5,12.618185607609803,12.47057075549839,0.03674184397751609,12.498127138481527
713,discovery,43,5,12.149507585033072,12.149100955528514,0.03926411958805194,12.178549045219553
715,discovery,43,5,11.779136168550774,12.086759477591263,0.009165390874672604,12.093633520747268
722,discovery,43,5,11.870606902224587,11.877872226527508,0.005033591116718691,11.881647419865047
725,discovery,43,5,12.676079399771027,12.674050682005364,-0.055755092226667295,12.632234362835364
729,discovery,43,5,11.608244735642321,11.802598437110566,0.015100629466092322,11.813923909210136
733,discovery,43,5,12.312686874960354,12.376538630889463,-0.005081961058569576,12.372727160095536
739,discovery,43,5,12.095146671399466,11.828190100950838,-0.07917203520231825,11.768811074549099
754,discovery,43,5,12.526346537332584,12.526698165574192,0.012090942958281815,12.535766372792903
766,discovery,43,5,12.484208043148733,12.547573269940528,0.047105150323457155,12.582902132683122
775,discovery,43,5,12.886643575525625,12.580405877818162,0.032510456331213806,12.604788720066573
785,discovery,43,5,11.759793355371237,11.807333527763596,-0.038245043542854316,11.778649745106456
791,discovery,43,5,11.984184555794167,11.998098301516187,-0.011723586734841682,11.989305611465056
792,discovery,43,5,11.896833207128452,11.911370673976267,-0.03905966878666236,11.882075922386269
793,discovery,43,5,12.505402864156405,12.36625722632106,0.020882618486475817,12.381919190185917
800,discovery,43,5,12.07254696717504,12.020529498319334,0.05678651811188422,12.063119386903248
803,discovery,43,5,12.149507585033072,12.137585416794295,-0.005081961058569576,12.133773946000368
804,discovery,43,5,13.275829251377,12.966138459179659,0.04395751030551379,12.999106591908793
805,discovery,43,5,11.678448377988165,11.63275472074133,-0.03484526680359374,11.606620770638635
817,discovery,43,5,11.827743504053695,11.836216327985694,0.017267330223100577,11.84916682565302
819,discovery,43,5,11.951186847493476,11.899619629102661,0.05700657841912816,11.942374562917006
820,discovery,43,5,12.319405795112926,12.295127701386217,0.01458392017914269,12.306065641520574
826,discovery,43,5,12.861001210669146,12.956950660138041,-0.038068498381384853,12.928399286352002
830,discovery,43,5,11.900912042974875,11.945841101488975,0.0346652505070462,11.97184003936926
844,discovery,43,5,11.856522261533737,11.744995439153122,-0.035419808916407315,11.718430582465817
846,discovery,43,5,12.049424683420915,12.114101747149451,-0.026261019889468072,12.09440598223235
854,discovery,43,5,11.970356641102999,12.04353000925597,-0.012728183608138415,12.033983871549866
856,discovery,43,5,11.751950239425476,11.848438588863006,0.013767209816315018,11.858763996225242
864,discovery,43,5,11.794345471549745,11.850467971634307,-0.01059033190240843,11.8425252227075
867,discovery,43,5,12.424810506025395,12.430675328928508,0.014357931396290944,12.441443777475726
868,discovery,43,5,11.767575435251748,11.842222082031295,-0.0013125565773077913,11.841237664598314
879,discovery,43,5,11.904974309480181,11.918268985459248,0.009186822041526248,11.925159101990392
881,discovery,43,5,11.964007453736912,11.991603921762986,-0.03898614194805771,11.962364315301942
886,discovery,43,5,12.70351207261035,12.464772200310788,0.022068599183245267,12.481323649698222
892,discovery,43,5,12.058158312538197,12.06635931790025,-0.02592058709016986,12.046918877582623
895,discovery,43,5,11.685693195625964,11.710834512751683,-0.01672227105071239,11.698292809463648
896,discovery,43,5,11.849404844423074,12.02013801800387,-0.03029114373524982,11.997419660202432
898,discovery,43,5,11.870278179170796,11.814192611444275,-0.01672227105071239,11.80165090815624
903,discovery,43,5,12.100717685412471,12.09720633462794,0.005812939867220517,12.101566039528356
913,discovery,43,5,11.385103457032141,11.452703832108234,0.017204651809753425,11.46560732096555
919,discovery,43,5,12.380030154325457,12.473463819914532,-0.0076448904056745925,12.467730152110276
922,discovery,43,5,11.890683588496984,11.985954261106945,0.0008733192598989956,11.98660925055187
925,discovery,43,5,12.242891437918386,12.223094433473978,0.0218885959072911,12.239510880404447
928,discovery,43,5,12.07824495582233,12.09108110940347,-0.05372903995936295,12.050784329433949
931,discovery,43,5,12.211065162153215,12.316122153452584,-0.006445876767655637,12.311287745876843
945,discovery,43,5,11.83138646878959,12.018394950963035,-0.015388054997179261,12.00685390971515
946,discovery,43,5,11.735276702486741,11.8485091625325,-0.013959360044106257,11.83803964249942
948,discovery,43,5,12.506180941677357,12.557390116830794,-0.01138812850859628,12.548849020449346
974,discovery,43,5,12.111767460549332,12.29538376361521,0.02033249367259761,12.310633133869658
986,discovery,43,5,11.736077016252437,11.642535564504069,0.03963049760312858,11.672258437706414
996,discovery,43,5,11.7085004721646,11.591344471506487,0.07503864424418498,11.647623454689626
1005,discovery,43,5,12.10625783509458,12.143966291796128,-0.011723586734841682,12.135173601744997
1018,discovery,43,5,12.141539457711714,12.131047778722529,-0.00207310238439197,12.129492951934235
1021,discovery,43,5,12.07824495582233,12.041696596284405,0.018288685664089442,12.055413110532472
1030,discovery,43,5,11.678448377988165,11.673066113528575,0.05680491665725299,11.715669801021516
1032,discovery,43,5,12.190964083849375,12.214649823340332,-0.07780175501856049,12.156298507076412
1033,discovery,43,5,12.644330802262578,12.756147850974507,0.025990692841125554,12.77564087060535
1035,discovery,43,5,11.693169865968983,11.713614575872333,0.08811190693971255,11.779698506077118
1039,discovery,43,5,11.48247656671073,11.543960866283603,-0.002272516188407757,11.542256479142297
1048,discovery,43,5,11.884495917930655,11.889754391668298,0.004775954925848536,11.893336357862685
1051,discovery,43,5,12.080996832096167,12.105533429256853,0.0018854196158833141,12.106947493968766
1053,discovery,43,5,12.013706813470414,11.995858910518994,-0.017670435349079076,11.982606084007184
1064,discovery,43,5,11.612779849672751,11.774773107387102,-0.025920954426805275,11.755332391566998
1065,discovery,43,5,11.944714374881176,11.946185694199846,0.005957934665877251,11.950654145199254
1068,discovery,43,5,12.031129798974042,12.08427913260952,-0.01374287716696412,12.073971974734297
1078,discovery,43,5,11.840796531639839,11.77579250987632,-0.04387816318703391,11.742883887486045
1079,discovery,43,5,11.956976469393481,11.847033304079222,0.021769299509730097,11.86336027871152
1081,discovery,43,5,11.884495917930655,12.008676223778105,-0.00886648921774505,12.002026356864796
1095,discovery,43,5,11.767575435251748,11.797634059938074,0.01991525828764526,11.812570503653808
1100,discovery,43,5,11.964007453736912,11.928467729818568,-0.1372703050024707,11.825515001066714
1101,discovery,43,5,11.002116507732017,11.003522874010724,-0.12198787823465568,10.912031965334732
1102,discovery,43,5,11.691080018519527,11.666296971539522,-0.015532583643349078,11.65464753380701
1106,discovery,43,5,12.691583538230217,12.734663877341722,-0.032500844500252125,12.710288243966533
1108,discovery,43,5,12.52352951631214,12.327872033090962,0.018137066914047286,12.341474833276498
1110,discovery,43,5,12.54254845357358,12.66268649552062,0.0007815474010584855,12.663272656071415
1111,discovery,43,5,12.144202560946876,12.108996227076638,0.004476968954168579,12.112353953792264
1112,discovery,43,5,12.230770136157428,12.13739827597333,-0.03718077339107728,12.109512695930023
1114,discovery,43,5,11.80932691294063,11.808993002409967,0.02039931938249269,11.824292491946837
1117,discovery,43,5,12.123239799036943,12.109600151825928,-0.01932466107484132,12.095106656019798
1120,discovery,43,5,11.803361242493628,11.697696464323736,0.0007190636548148992,11.698235762064847
1124,discovery,43,5,11.678448377988165,11.48087690407523,0.006071168265176785,11.485430280274112
1125,discovery,43,5,12.007017865994577,12.021500199459554,-0.010438707430943453,12.013671168886347
1126,discovery,43,5,11.652696102959753,11.605018436634241,0.02326760749852809,11.622469142258137
1131,discovery,43,5,11.813037464800539,11.99685113620689,-0.02698446042231789,11.976612790890153
1133,discovery,43,5,11.674202123168433,11.764691531665262,-0.07860809356631318,11.705735461490526
1139,discovery,43,5,12.185875040240456,12.241049451862184,-0.03411741704572171,12.215461389077893
1140,discovery,43,5,11.87757552297847,11.717426730086771,-0.005555402167558135,11.713260178461102
1171,discovery,43,5,12.049424683420915,11.9668855936819,-0.01858384403626174,11.952947710654703
1174,discovery,43,5,12.208574513247495,12.239311443001084,0.03547039010931609,12.26591423558307
1176,discovery,43,5,12.560247968016562,12.586731650895565,-0.032016783405404696,12.562719063341511
1179,discovery,43,5,11.950541482162043,11.780992400218564,0.0736705222230971,11.836245291885886
1180,discovery,43,5,11.440365524765756,11.49363085314421,-0.022734494649893737,11.47657998215679
1181,discovery,43,5,12.429220196836383,12.345032371273785,0.036694478829891936,12.372553230396203
1185,discovery,43,5,12.137263685701864,12.233544924894018,-0.00022186051008846533,12.233378529511452
1186,discovery,43,5,11.560772327227417,11.744016618016532,0.013197408375948023,11.753914674298493
1187,discovery,43,5,11.461642696843066,11.745530179854745,-0.06697163631800337,11.695301452616242
1192,discovery,43,5,12.066816325306588,12.025985472426177,-0.008892821591290262,12.019315856232708
1193,discovery,43,5,11.736077016252437,11.726930418871197,0.005062412447297944,11.73072722820667
1194,discovery,43,5,12.013706813470414,12.01148781499978,-0.03411741704572171,11.98589975221549
1201,discovery,43,5,11.6617850286409,11.539045554572976,0.02715956277108695,11.559415226651291
1206,discovery,43,5,12.513193308436527,12.512385029568277,0.033229264361107805,12.537306977839108
1212,discovery,43,5,12.00762780434872,12.235883341260756,0.011180929115212367,12.244269038097165
1225,discovery,43,5,12.122696471358964,12.185832602311194,-0.006511149248828511,12.180949240374574
1234,discovery,43,5,11.863589378812122,11.820127056457265,0.009674316630304249,11.827382793929994
1235,discovery,43,5,11.775297421715827,11.618558856380004,0.025991921176695035,11.638052797262525
1247,discovery,43,5,12.136191879981927,12.159652109362755,0.03265658278864664,12.18414454645424
1250,discovery,43,5,11.686887175419702,11.721610745877927,0.02039931938249269,11.736910235414797
1251,discovery,43,5,12.404927602627597,12.409408607449324,-0.06137912048827481,12.363374267083117
1258,discovery,43,5,11.511934974596555,11.362904931251041,0.006468400593513474,11.367756231696177
1268,discovery,43,5,12.843973993864076,12.783566699171624,-0.004304269637134869,12.780338496943774
1284,discovery,43,5,11.842236406331555,11.846200333622487,-0.0395437298815098,11.816542536211355
1286,discovery,43,5,11.794345471549745,11.711939084367954,0.06999509263981046,11.764435403847811
1287,discovery,43,5,11.870606902224587,11.989105501404644,-0.011395379054005974,11.98055896711414
1294,discovery,43,5,12.000897933306716,12.107111459573666,-0.04140495084331394,12.076057746441181
1299,discovery,43,5,11.982935344196433,13.131370378816861,-0.12124734439378909,13.04043487052152
1305,discovery,43,5,11.775297421715827,11.904489075920521,-0.047467545061415005,11.86888841712446
1312,discovery,43,5,12.220966184120165,12.20602782294278,-0.02226438673368769,12.189329532892513
1317,discovery,43,5,12.596403811053621,12.50379966471563,-0.03868332603549698,12.474787170189009
1329,discovery,43,5,12.45293662970407,12.174286031430489,-0.018861407085298217,12.160139976116515
1332,discovery,43,5,11.794345471549745,11.78367092753848,0.017100044041897564,11.796495960569903
1338,discovery,43,5,10.868587496017359,11.030309634539096,-0.010548443506642045,11.022398301909114
1340,discovery,43,5,11.763691965388299,11.743092488657023,0.05303194706773934,11.782866448957828
1345,discovery,43,5,11.95655945119582,12.045286362377944,-0.02226438673368769,12.028588072327677
1361,discovery,43,5,12.149507585033072,12.147608816619778,0.04133043983644307,12.17860664649711
1362,discovery,43,5,12.468440756144114,12.453850647379971,0.03672573588321154,12.48139494929238
1368,discovery,43,5,11.751950239425476,11.774637535630735,0.012808379816034741,11.78424382049276
1378,discovery,43,5,11.669937760751914,11.829980561661628,-0.03404389020711707,11.80444764400629
1387,discovery,43,5,12.429220196836383,12.638576887884065,-0.04140495084331394,12.60752317475158
1390,discovery,43,5,11.782960235741939,11.806308305869127,0.06505284089886984,11.85509793654328
1392,discovery,43,5,11.728044909070785,11.717707517809258,-0.01059033190240843,11.70976476888245
1397,discovery,43,5,11.982935344196433,12.017221371444952,0.019181303668122346,12.031607349196044
1399,discovery,43,5,11.835016210489899,11.831556361969472,-0.030477557175466678,11.808698194087873
1401,discovery,43,5,11.695255355062795,11.660415634196108,0.08836403553854086,11.726688660850014
1408,discovery,43,5,11.626263078808801,11.666534494366907,0.006543072233989217,11.671441798542398
1411,discovery,43,5,12.345838935721968,12.254317948720292,-0.004067267499743885,12.251267498095483
1419,discovery,43,5,11.728044909070785,11.809037237187631,0.05868316274911543,11.853049609249467
1420,discovery,43,5,12.314931534737134,12.39828049358283,0.03132529783438935,12.421774466958622
1422,discovery,43,5,11.755879486687116,11.837802642514452,-0.023000527357408228,11.820552246996396
1427,discovery,43,5,12.509877789891931,12.466584167037812,0.024810176668590762,12.485191799539255
1430,discovery,43,5,12.116700301832573,12.175604409178087,0.025020585066683212,12.194369847978098
1432,discovery,43,5,11.87583791515714,11.796686231698652,-0.0010259479533344558,11.795916770733651
1435,discovery,43,5,11.982935344196433,12.029662024495053,0.017852467791212544,12.043051375338463
1438,discovery,43,5,12.885673487343764,12.808221190894296,0.03643801451332875,12.835549701779293
1439,discovery,43,5,11.916395250412128,11.877424451164506,-0.023273026362260592,11.85996968139281
1441,discovery,43,5,12.160033942617156,12.132695702332656,0.05493311174418209,12.173895536140792
1456,discovery,43,5,12.07254696717504,12.09232874366646,0.000549410772053633,12.092740801745501
1459,discovery,43,5,11.864469267087891,11.79447334695175,0.0005316218300891705,11.794872063324318
2,discovery,89,1,12.109016442313738,12.068940104926428,0.06055583743829957,12.114356983005152
3,discovery,89,1,12.317171167298682,12.23417385707729,1.792451984138077e-05,12.23418730046717
5,discovery,89,1,12.429220196836383,12.6522646099488,-0.0033046960235508863,12.649786087931137
12,discovery,89,1,12.75130259456002,12.877284558707563,0.07910091319848986,12.936610243606431
16,discovery,89,1,11.790564777297387,11.760313349363257,0.011405522530195868,11.768867491260904
21,discovery,89,1,12.692506186542177,12.741777133628315,0.02075899681242835,12.757346381237635
23,discovery,89,1,12.345838935721968,12.371291793858866,-0.03549582854340717,12.344669922451311
25,discovery,89,1,11.944714374881176,11.893000823834596,0.0056514773498282204,11.897239431846968
37,discovery,89,1,11.884495917930655,11.921214364490503,0.0047897924431893925,11.924806708822894
57,discovery,89,1,12.058158312538197,12.207171017390907,-0.0673714530895897,12.156642427573715
62,discovery,89,1,11.522885696764481,11.444557087083096,0.013695839500739649,11.45482896670865
67,discovery,89,1,12.100717685412471,12.417452595768202,-0.023868294148708186,12.39955137515667
70,discovery,89,1,12.323860125621126,12.282174338169584,0.004328538603516112,12.285420742122222
75,discovery,89,1,11.58432477200052,11.611354715760854,-0.03498631916628953,11.585114976386137
90,discovery,89,1,11.724813914587886,11.67582939584779,0.03654288393993816,11.703236558802743
102,discovery,89,1,12.08954444723597,12.063442821995372,-0.012940311198655081,12.05373758859638
109,discovery,89,1,11.652696102959753,11.69632582534347,0.013695839500739649,11.706597704969024
112,discovery,89,1,12.100717685412471,12.048577948535781,-0.009597634546983659,12.041379722625544
114,discovery,89,1,12.28765724080691,12.305789023883278,-0.003039734951806943,12.303509222669422
119,discovery,89,1,12.676079399771027,12.73449273820725,-0.01673707574657355,12.72193993139732
121,discovery,89,1,12.100717685412471,11.989449009472636,0.018721848095038733,12.003490395543915
126,discovery,89,1,11.344518647594766,11.330985947813947,0.0017750590562421419,11.332317242106129
131,discovery,89,1,12.328294703023396,12.257453786572416,-0.0030320352951052967,12.255179760101088
132,discovery,89,1,12.404927602627597,12.315316409068817,0.007462018654509905,12.3209129230597
140,discovery,89,1,12.352339472153524,12.24545168362777,0.0038328708422885743,12.248326336759487
142,discovery,89,1,12.468440756144114,12.38973421114625,0.006502019403722817,12.394610725699042
146,discovery,89,1,11.775297421715827,11.8090664140512,-0.022808149533846512,11.791960301900815
154,discovery,89,1,12.367345048436391,12.151061393574624,0.03469008950633716,12.177078960704376
158,discovery,89,1,12.504327379899443,12.519616982158638,-0.03662766926258809,12.492146230211697
160,discovery,89,1,12.676079399771027,12.628780562619855,0.01550535958899027,12.640409582311598
168,discovery,89,1,12.693501691489768,12.812688638248689,0.01111171008361812,12.821022420811403
190,discovery,89,1,12.563750586299374,12.471561618278095,0.005540123098240431,12.475716710601775
198,discovery,89,1,12.367345048436391,12.49231101113106,-0.11976481631925201,12.40248739889162
203,discovery,89,1,11.626263078808801,11.61804091438206,-0.0387862308024788,11.588951241280201
212,discovery,89,1,12.133507329024972,12.071199137711904,-0.03681974530736473,12.04358432873138
213,discovery,89,1,12.439875187430008,12.392799312702138,0.01800824631694615,12.406305497439847
216,discovery,89,1,11.808955099378537,11.84367625233684,0.01609974946002714,11.85575106443186
232,discovery,89,1,12.90669432231532,12.820944457618749,-0.0056195496585573,12.816729795374831
235,discovery,89,1,12.285350445351659,12.283854154397522,0.0022493713998795323,12.285541182947432
239,discovery,89,1,12.669809806411457,12.455222842514932,0.01111171008361812,12.463556625077645
254,discovery,89,1,11.970356641102999,11.96257867117926,0.007499303715737208,11.968203148966063
255,discovery,89,1,11.884495917930655,11.86030643246813,0.002088153686508918,11.861872547733013
260,discovery,89,1,11.48247656671073,11.550710684973843,-0.026246913362827088,11.531025499951722
262,discovery,89,1,12.52815976788113,12.773137123310553,-0.02182896165453261,12.756765402069654
269,discovery,89,1,11.699413330633599,11.644264239838373,0.001231358130573238,11.645187758436302
271,discovery,89,1,12.491255347155265,12.478114860513603,-0.032009283554281814,12.454107897847893
272,discovery,89,1,12.394628892852941,12.289117940019,0.05301859419137638,12.328881885662533
277,discovery,89,1,12.211065162153215,12.188399590119325,-0.035213180740899915,12.16198970456365
280,discovery,89,1,12.165255859329688,12.183717261185482,0.030566257896196505,12.20664195460763
289,discovery,89,1,11.711784520403112,11.649803755026468,-0.021676087241064707,11.63354668959567
295,discovery,89,1,12.025755079404917,11.947112094643295,-0.01181041148926006,11.93825428602635
304,discovery,89,1,11.917730355182513,11.744731784751576,-0.013104874005855732,11.734903129247185
319,discovery,89,1,12.468440756144114,12.739268817497935,0.068435023185512,12.79059508488707
325,discovery,89,1,12.396697137361691,12.473696953578974,-0.0014159578535283164,12.472634985188828
329,discovery,89,1,12.276069679344003,12.058994891318356,0.02319377900405558,12.076390225571398
347,discovery,89,1,11.928347504569842,11.825532631004645,0.014668814891710485,11.836534242173428
358,discovery,89,1,11.80560254159177,11.855872966647167,0.010148711994068398,11.863484500642718
359,discovery,89,1,11.775297421715827,11.800921053898522,-0.06799861714481847,11.749922091039908
361,discovery,89,1,11.957617696467539,11.918749759007955,-0.02771131921476028,11.897966269596886
363,discovery,89,1,12.198549416880068,12.085829273480725,0.02346411448806881,12.103427359346776
365,discovery,89,1,12.154784614286667,12.121124694485195,0.029516478747094253,12.143262053545515
366,discovery,89,1,11.898194668458823,11.705781131071433,0.014544177710662038,11.716689264354429
369,discovery,89,1,11.790564777297387,11.892892269148344,0.002088153686508918,11.894458384413227
370,discovery,89,1,11.995357787034976,12.008219061530035,0.01771582690160412,12.021505931706239
376,discovery,89,1,11.0186455364637,11.288445298013727,-0.05653714531341294,11.246042439028667
379,discovery,89,1,12.885204569609956,12.853990579673933,0.06922845658793375,12.905911922114884
383,discovery,89,1,12.271396795480596,12.235190629217396,-0.0031452673250874086,12.23283167872358
403,discovery,89,1,11.58989576532275,11.514742669507777,0.013178978239464994,11.524626903187375
405,discovery,89,1,12.031725210748633,12.054950029525124,0.006613680444587523,12.059910289858564
410,discovery,89,1,12.73596827534975,12.625322138641224,-0.03849337843816325,12.5964521048126
415,discovery,89,1,12.337105293891872,12.379015312293596,-0.00920957485693677,12.372108131150894
421,discovery,89,1,12.237091546357338,12.151892899355023,-0.08602142955216807,12.087376827190896
429,discovery,89,1,12.182809136284991,12.190623529481313,-0.006532389767186581,12.185724237155922
430,discovery,89,1,12.07254696717504,12.070239876655213,0.026901163930211518,12.090415749602872
431,discovery,89,1,11.355113089309977,11.47615543506458,-0.04576082807847816,11.441834814005722
437,discovery,89,1,11.661354090741,11.542773720433816,-0.017335627293537468,11.529771999963662
439,discovery,89,1,11.411457364027745,11.587349394073021,0.05716457753964283,11.630222827227753
461,discovery,89,1,12.481565733211923,12.358285855885983,-0.040808232073169665,12.327679681831105
463,discovery,89,1,11.04106411122238,11.726547310750089,-0.016463439986434333,11.714199730760264
469,discovery,89,1,12.429220196836383,12.418015739102865,-0.009646443240214995,12.410780906672704
472,discovery,89,1,12.154784614286667,12.189569637758392,-0.04913606091520229,12.15271759207199
481,discovery,89,1,12.694655727828803,12.76817936437285,0.0016621683977041668,12.769425990671127
492,discovery,89,1,11.798111925972618,11.888585298645905,0.019440873324807664,11.903165953639512
494,discovery,89,1,11.951186847493476,11.902646794184053,0.009615654576145691,11.909858535116161
498,discovery,89,1,12.122696471358964,11.976176599437487,-0.005934187135683595,11.971725959085724
503,discovery,89,1,11.849404844423074,11.781762194088568,0.010501980773557674,11.789638679668736
505,discovery,89,1,11.898194668458823,11.863366658660167,-0.012649776647393005,11.853879326174622
508,discovery,89,1,12.246739428005663,12.070101694917428,0.018463313427610636,12.083949179988135
510,discovery,89,1,11.732069026983156,11.861007535616713,0.007300800941139291,11.866483136322566
518,discovery,89,1,12.487488878546145,12.561887140119682,0.068435023185512,12.613213407508816
524,discovery,89,1,12.126764251515691,13.338535273044494,-0.16560057200991174,13.21433484403706
528,discovery,89,1,13.008661502470739,12.95111652495476,0.0726168183146084,13.005579138690717
531,discovery,89,1,12.07254696717504,12.13035147611215,-0.01899243010851839,12.116107153530761
534,discovery,89,1,10.579005242826247,10.979683998060189,-0.09307539487063957,10.909877451907208
536,discovery,89,1,11.58525542883217,11.759549921537984,0.013665172618486463,11.769798801001848
539,discovery,89,1,11.970356641102999,11.84825892235488,-0.007664491467546483,11.84251055375422
547,discovery,89,1,12.25486757159303,12.044146609863603,0.037973114009228405,12.072626445370524
549,discovery,89,1,11.736077016252437,11.697609887537237,-0.003794577067647218,11.694763954736501
550,discovery,89,1,12.479913113434042,12.36121622784349,0.02612950108851174,12.380813353659875
565,discovery,89,1,12.498745990829315,12.447849277601364,0.07723397170439986,12.505774756379664
567,discovery,89,1,12.691583538230217,12.664180861125857,0.04196152121450014,12.695652002036732
568,discovery,89,1,12.273735966890268,12.20426972155552,0.0009601568325340419,12.20498983917992
575,discovery,89,1,11.842236406331555,11.703006345963745,0.022080135946312106,11.719566447923478
576,discovery,89,1,11.682676678340282,11.632476536382745,0.012848308365313074,11.64211276765673
579,discovery,89,1,11.891368749982085,11.993928223977736,-0.03168414669268443,11.970165113958222
583,discovery,89,1,11.682676678340282,11.65511780403356,-0.032455436262656734,11.630776226836568
587,discovery,89,1,11.775297421715827,11.658521629329796,0.041136305854157194,11.689373858720414
597,discovery,89,1,11.648373769145277,11.576564337441923,-0.022210855589250518,11.559906195749985
601,discovery,89,1,12.524530013005734,12.47131703932876,8.434885952340876e-07,12.471317671945206
607,discovery,89,1,11.931642378754141,11.986818784014151,0.0047897924431893925,11.990411128346542
612,discovery,89,1,11.904974309480181,11.979304818931721,0.026693855098368684,11.999325210255497
615,discovery,89,1,11.231901180182515,11.264378376221726,-0.02127805585372727,11.24841983433143
618,discovery,89,1,11.566475710526321,11.683803405794684,-0.002670894774168984,11.681800234714057
621,discovery,89,1,11.112462823634855,11.053016920371078,-0.11368882716263523,10.967750299999102
622,discovery,89,1,12.388398368982115,12.353083250427332,0.04548472015839269,12.387196790546126
624,discovery,89,1,12.034696963475044,12.104565407217716,0.04348394192025664,12.13717836365791
629,discovery,89,1,11.813037464800539,12.126779348538273,0.012655631872742466,12.13627107244283
632,discovery,89,1,12.252483791602627,12.344805716149853,-0.009646443240214995,12.337570883719692
635,discovery,89,1,11.87757552297847,11.816183062529396,-0.058674787657948625,11.772176971785933
637,discovery,89,1,11.002116507732017,10.901811615570606,-0.11698623361575514,10.81407194035879
639,discovery,89,1,11.350418300109132,11.385756847878085,0.013665172618486463,11.396005727341949
644,discovery,89,1,11.931642378754141,11.931371742258117,-0.003989647519081648,11.928379506618805
645,discovery,89,1,12.823631142839984,12.74549826869532,0.06286625087306597,12.79264795685012
661,discovery,89,1,12.19552218463499,12.188270131873814,-0.03350838770010709,12.163138841098734
667,discovery,89,1,11.767575435251748,12.06151521726143,-0.05364373125927165,12.021282418816977
673,discovery,89,1,12.013706813470414,12.049689320167113,0.04970022265630155,12.086964487159339
678,discovery,89,1,11.603688960617083,11.582023413926647,-0.0012342024069405717,11.581097762121441
679,discovery,89,1,12.827995001361906,12.762793687075016,0.03353055529540148,12.787941603546567
680,discovery,89,1,11.763691965388299,11.761822130415053,-0.017311778196356715,11.748838296767786
682,discovery,89,1,11.979391594635791,11.587296286553192,0.010717573899611501,11.595334466977901
689,discovery,89,1,12.879019669789754,12.316173651452035,0.039506880165563765,12.345803811576207
691,discovery,89,1,11.856522261533737,11.901382488053077,0.006147724477294975,11.905993281411048
692,discovery,89,1,13.534474352733596,13.189564376950994,0.16806372759067345,13.315612172643998
693,discovery,89,1,12.721888795877375,12.635430725046463,0.034063769347194434,12.660978552056859
701,discovery,89,1,12.652362948153474,12.638326588208344,-0.015859044355931065,12.626432304941396
705,discovery,89,1,12.269052139516223,12.281831058206187,-0.007509576369795408,12.27619887592884
709,discovery,89,1,12.09815887308463,12.077387901581886,0.005858072860180037,12.081781456227022
734,discovery,89,1,11.786008995353765,11.811787157683215,-0.009638776906349664,11.804558075003452
738,discovery,89,1,12.3879816172226,12.34913484826913,-0.001528524531197388,12.347988454870732
741,discovery,89,1,11.790564777297387,11.676996839487467,0.004514604507792803,11.680382792868311
750,discovery,89,1,11.49273296168228,11.292038358529066,-0.08500102048054059,11.22828759316866
753,discovery,89,1,12.28765724080691,12.2380635172171,0.012631819361176421,12.247537381737983
756,discovery,89,1,12.058158312538197,12.022427060431953,0.04433228013017903,12.055676270529588
762,discovery,89,1,11.51293546492023,11.595144947314955,0.008820630464155679,11.601760420163071
763,discovery,89,1,12.279327754099118,12.205118776816416,0.046527641008686206,12.240014507572932
767,discovery,89,1,12.188422799337028,12.139357040307106,-0.06032503303999495,12.09411326552711
771,discovery,89,1,11.812296455066814,11.808971597739225,-0.016463439986434333,11.7966240177494
775,discovery,89,1,12.886643575525625,12.580405877818162,0.01111171008361812,12.588739660380876
782,discovery,89,1,12.077676615757813,12.102179594055876,0.0010712845748631454,12.102983057487023
786,discovery,89,1,11.992266613576142,12.011714477561544,0.020717530228206403,12.027252625232698
796,discovery,89,1,12.049424683420915,12.011923165669025,-0.006115648118570412,12.007336429580096
799,discovery,89,1,13.091906231773164,13.160354821857302,0.07030196467960201,13.213081295367004
804,discovery,89,1,13.275829251377,12.966138459179659,0.07030196467960201,13.018864932689361
807,discovery,89,1,11.816734299348461,11.78640002858694,0.009275086379942472,11.793356343371896
821,discovery,89,1,12.117246896289503,12.133569615968101,1.792451984138077e-05,12.133583059357981
822,discovery,89,1,11.440365524765756,11.385580015573362,-0.034826889489228297,11.35945984845644
827,discovery,89,1,11.603688960617083,11.46740326434766,0.01796014717924676,11.480873374732095
829,discovery,89,1,12.128116509451258,12.092009446411643,-0.04407575148714449,12.058952632796284
833,discovery,89,1,12.37581963951765,12.315463587942174,-0.0006849132897107368,12.314949902974892
836,discovery,89,1,11.759793355371237,11.781289074431202,0.04783238687526129,11.817163364587648
841,discovery,89,1,11.849404844423074,11.690890587545232,-0.011251951075139759,11.682451624238876
842,discovery,89,1,11.967187086434018,11.926428491770979,0.0010806512280658355,11.927238980192028
858,discovery,89,1,12.066816325306588,11.984521334740174,0.007462018654509905,11.990117848731057
859,discovery,89,1,11.931642378754141,11.847532681019414,-0.07129794414594529,11.794059222909956
862,discovery,89,1,11.78676973513378,11.827144172890891,-0.05439790141762654,11.786345746827672
865,discovery,89,1,12.43153750053306,12.184106733295716,0.020323099951952556,12.19934905825968
871,discovery,89,1,11.603688960617083,11.52415859691256,0.00047613786105462144,11.524515700308351
873,discovery,89,1,11.661354090741,11.669806479315703,0.025243327791240895,11.688738975159133
875,discovery,89,1,11.104972264124868,11.462052073028497,-0.010264730497380015,11.454353525155462
876,discovery,89,1,12.623064399210183,12.679879210607604,-0.04165657028309204,12.648636782895284
887,discovery,89,1,11.884495917930655,11.966460306243004,0.02230291860155271,11.98318749519417
888,discovery,89,1,11.816734299348461,11.806137200290708,0.013665172618486463,11.816386079754572
889,discovery,89,1,12.498745990829315,12.617404216815055,-0.013705178716168484,12.60712533277793
896,discovery,89,1,11.849404844423074,12.02013801800387,-0.00949555785425365,12.01301634961318
897,discovery,89,1,11.575909653758895,11.334164467021154,-0.057370566622149254,11.291136542054542
898,discovery,89,1,11.870278179170796,11.814192611444275,0.020987392287975366,11.829933155660257
902,discovery,89,1,11.938199736300925,11.85818233228173,0.022928474156234495,11.875378687898905
908,discovery,89,1,12.429220196836383,12.345739456725429,0.06671404042259335,12.395774987042374
909,discovery,89,1,11.782960235741939,11.794296870824686,-0.02705316683017932,11.774006995702052
912,discovery,89,1,11.874097282798648,11.936416743384965,0.027242128738369266,11.956848339938743
913,discovery,89,1,11.385103457032141,11.452703832108234,-0.01026846664049964,11.44500248212786
918,discovery,89,1,11.813037464800539,11.801175471535263,-0.009367759669573646,11.794149651783083
919,discovery,89,1,12.380030154325457,12.473463819914532,-0.012372766701865556,12.464184244888132
922,discovery,89,1,11.890683588496984,11.985954261106945,0.013665172618486463,11.99620314057081
930,discovery,89,1,12.310437165348775,12.293612508094544,0.004413961226534563,12.296922979014445
931,discovery,89,1,12.211065162153215,12.316122153452584,-0.024657992874818915,12.29762865879647
933,discovery,89,1,12.676079399771027,12.594140067936658,-0.018727287170613435,12.580094602558699
942,discovery,89,1,12.273735966890268,12.344378843688963,-0.004384987292353287,12.341090103219699
943,discovery,89,1,11.918397239722838,11.801542560337378,-0.11926311987542784,11.712095220430808
952,discovery,89,1,11.694421681264394,11.647258773227811,-0.015990355968990018,11.635266006251069
954,discovery,89,1,12.055255569732177,11.993925006440366,-0.0662590758906226,11.944230699522398
957,discovery,89,1,11.728044909070785,11.708147607405714,0.025763386694113953,11.727470147426299
962,discovery,89,1,12.513561021741964,12.437318709568707,0.04548472015839269,12.471432249687501
966,discovery,89,1,12.094587859196112,12.023533555958089,-0.0023752037750019127,12.021752153126837
967,discovery,89,1,11.982935344196433,11.8309757818981,0.07364058896466041,11.886206223621596
968,discovery,89,1,11.813037464800539,11.824236149778441,0.025243327791240895,11.843168645621871
972,discovery,89,1,12.06105265381003,11.991083914424385,0.0061728040871644185,11.995713517489758
973,discovery,89,1,11.507922973347437,11.739584112488838,-0.012940311198655081,11.729878879089847
975,discovery,89,1,12.02874460037869,12.014544710959317,0.01225386074011825,12.023735106514406
984,discovery,89,1,12.45254592991672,12.422812718597001,-0.03549582854340717,12.396190847189446
986,discovery,89,1,11.736077016252437,11.642535564504069,0.06429748301645541,11.69075867676641
1003,discovery,89,1,12.354496960983985,12.393216812104157,0.009212927118330473,12.400126507442906
1006,discovery,89,1,11.917730355182513,11.829969680846572,0.03443221066908873,11.855793838848388
1010,discovery,89,1,11.532737896139919,11.604599545452418,0.04399791153641692,11.637597979104731
1011,discovery,89,1,11.813037464800539,11.772130896915447,-0.014148586351427926,11.761519457151877
1012,discovery,89,1,11.51293546492023,11.532224847574048,-0.016314664566330184,11.5199888491493
1015,discovery,89,1,11.688566422839942,11.728216034263227,-0.012658749699182442,11.71872197198884
1025,discovery,89,1,12.567240979056246,12.619579180707179,-0.04326656760698477,12.58712925500194
1033,discovery,89,1,12.644330802262578,12.756147850974507,0.02836924105982829,12.777424781769378
1034,discovery,89,1,12.345838935721968,12.390446472568822,0.006502019403722817,12.395322987121615
1035,discovery,89,1,11.693169865968983,11.713614575872333,0.07279225075473802,11.768208763938386
1036,discovery,89,1,11.338583982516495,11.362081768293933,-0.08500102048054059,11.298331002933528
1040,discovery,89,1,11.289794413577894,11.348270035866957,-0.055611885855743386,11.306561121475148
1041,discovery,89,1,11.951186847493476,11.991674320583995,-0.04038630564410832,11.961384591350914
1057,discovery,89,1,12.13270055639427,12.297869977317132,0.014971752606052276,12.309098791771671
1059,discovery,89,1,12.721888795877375,12.809831873924319,-0.0071367801211836834,12.80447928883343
1061,discovery,89,1,12.271396795480596,12.226657160064368,-0.001987377791396343,12.22516662672082
1063,discovery,89,1,11.407576060361786,11.729011211851091,-0.029410105207755877,11.706953632945273
1068,discovery,89,1,12.031129798974042,12.08427913260952,-0.002670894774168984,12.082275961528893
1069,discovery,89,1,11.927687224983487,12.06238542811118,-0.03990260437075209,12.032458474833115
1073,discovery,89,1,11.424105180165641,11.639016818344967,-0.07111166652369427,11.585683068452196
1076,discovery,89,1,12.299112067295642,12.14398610767972,0.06704986765349272,12.194273508419839
1081,discovery,89,1,11.884495917930655,12.008676223778105,0.013290038283124389,12.018643752490448
1084,discovery,89,1,11.982935344196433,11.969804650151112,0.003813200109712457,11.972664550233397
1096,discovery,89,1,12.080696479888445,12.113671282629275,0.0029845326323661853,12.115909682103549
1102,discovery,89,1,11.691080018519527,11.666296971539522,-0.0003722003488677676,11.66601782127787
1111,discovery,89,1,12.144202560946876,12.108996227076638,0.009776872289516313,12.116328881293775
1117,discovery,89,1,12.123239799036943,12.109600151825928,-0.010327473050085238,12.101854547038364
1119,discovery,89,1,11.849404844423074,11.794918682395236,-0.0073239232713432564,11.789425739941729
1122,discovery,89,1,12.268582547911404,12.275034537086862,0.003114896961623651,12.27737070980808
1123,discovery,89,1,11.626263078808801,11.365775007556774,-0.1310537967255509,11.267484660012611
1125,discovery,89,1,12.007017865994577,12.021500199459554,-0.0052333255022756694,12.017575205332848
1128,discovery,89,1,12.464587201678082,12.407355582162996,0.0010496489516222257,12.408142818876712
1129,discovery,89,1,12.278397958261774,12.23525938544841,-0.0052333255022756694,12.231334391321704
1134,discovery,89,1,12.386312871189734,12.39502813445011,-0.01885493358829221,12.380886934258891
1137,discovery,89,1,11.686887175419702,11.704956493470643,-0.05048053941434286,11.667096088909886
1139,discovery,89,1,12.185875040240456,12.241049451862184,-0.03368764408492257,12.215783718798491
1140,discovery,89,1,11.87757552297847,11.717426730086771,0.007972292254233296,11.723405949277446
1145,discovery,89,1,11.289794413577894,11.34157692233879,-0.05412688418085051,11.300981759203152
1147,discovery,89,1,12.100717685412471,12.100264989293366,0.0010712845748631454,12.101068452724514
1148,discovery,89,1,12.069685751267224,12.15054983958545,0.057915091903705467,12.193986158513228
1154,discovery,89,1,11.699413330633599,11.648242480688,-0.004709035827639301,11.64471070381727
1156,discovery,89,1,12.292254928916668,12.241009233835001,0.07003248110790411,12.293533594665929
1169,discovery,89,1,12.367345048436391,12.213082266286277,-0.006839908122548078,12.207952335194365
1175,discovery,89,1,12.384223015005313,12.331239022392733,0.05595544630168318,12.373205607118996
1191,discovery,89,1,12.031725210748633,12.089868186035737,-0.00451740707854097,12.086480130726832
1192,discovery,89,1,12.066816325306588,12.025985472426177,0.006049735273401691,12.030522773881229
1199,discovery,89,1,12.08954444723597,12.041000896288466,-0.0022969291151650265,12.039278199452092
1200,discovery,89,1,11.904974309480181,11.850383020443044,0.039391646353599645,11.879926755208244
1207,discovery,89,1,11.580593459194764,11.631184525168667,0.04246457107906602,11.663032953477966
1218,discovery,89,1,12.343470927093518,12.427665655267509,-0.040808232073169665,12.397059481212631
1220,discovery,89,1,11.424105180165641,11.460140732817397,-0.03832903119646364,11.431393959420049
1221,discovery,89,1,11.652696102959753,11.634165296324019,-0.008704403471207739,11.627636993720612
1223,discovery,89,1,11.870606902224587,11.955186316039402,-0.0058340866190977735,11.950810751075078
1230,discovery,89,1,11.751950239425476,11.846206754396588,0.0027909914960610217,11.848299998018634
1232,discovery,89,1,11.794345471549745,11.871177055428161,0.01609974946002714,11.883251867523182
1233,discovery,89,1,11.530775206233024,11.51195336187832,0.02390602629339842,11.529882881598368
1244,discovery,89,1,13.049794835104816,12.95139272112108,-0.0640833014747836,12.903330245014992
1253,discovery,89,1,11.775297421715827,11.682073046342847,-0.0290274522689825,11.66030245714111
1257,discovery,89,1,12.616528611893463,12.684176205363858,-0.0033046960235508863,12.681697683346195
1259,discovery,89,1,12.154784614286667,12.083086342365856,-0.00207013365734688,12.081533742122847
1261,discovery,89,1,12.10625783509458,12.156217355968444,0.007462018654509905,12.161813869959326
1268,discovery,89,1,12.843973993864076,12.783566699171624,-0.0013456616487913242,12.78255745293503
1271,discovery,89,1,12.468440756144114,12.349404524191955,0.029863420086644388,12.371802089256938
1274,discovery,89,1,12.083910661257521,12.017443229729071,-0.006839908122548078,12.01231329863716
1276,discovery,89,1,11.827743504053695,11.881665507749792,-0.0003722003488677676,11.881386357488141
1290,discovery,89,1,12.546113507028412,12.531468806782328,0.02075899681242835,12.547038054391649
1292,discovery,89,1,11.691080018519527,11.638005029683534,0.05224445942188231,11.677188374249946
1298,discovery,89,1,11.849404844423074,11.953525005971708,-0.06591963481700037,11.904085279858958
1314,discovery,89,1,12.716405147731708,12.712362411519326,0.05049865557488566,12.750236403200491
1320,discovery,89,1,11.6172944892629,11.6438958748476,-0.01704076095958069,11.631115304127913
1326,discovery,89,1,10.915106645867503,11.156471829793727,-0.11028513517358546,11.073757978413537
1328,discovery,89,1,11.779136168550774,11.774100934090896,0.009640276719892985,11.781331141630815
1332,discovery,89,1,11.794345471549745,11.78367092753848,0.013588740962077243,11.793862483260039
1335,discovery,89,1,11.736077016252437,11.644693787101438,0.03661678620678711,11.67215637675653
1340,discovery,89,1,11.763691965388299,11.743092488657023,0.036041077257257116,11.770123296599966
1365,discovery,89,1,11.878630514504515,11.89743994088794,-0.02520005180880299,11.878539902031338
1371,discovery,89,1,11.561725152903833,11.602717780867836,0.004719587767418203,11.6062574716934
1392,discovery,89,1,11.728044909070785,11.717707517809258,0.00047613786105462144,11.718064621205048
1398,discovery,89,1,11.83138646878959,11.826023444037501,0.035299856845126217,11.852498336671346
1403,discovery,89,1,12.174994689959313,12.14170381127865,0.003114896961623651,12.144039983999868
1410,discovery,89,1,12.278397958261774,12.25642623099351,-0.0459728690702735,12.221946579190805
1411,discovery,89,1,12.345838935721968,12.254317948720292,-0.0022969291151650265,12.252595251883918
1419,discovery,89,1,11.728044909070785,11.809037237187631,0.030827798216463274,11.83215808584998
1422,discovery,89,1,11.755879486687116,11.837802642514452,-0.017862423902023385,11.824405824587934
1429,discovery,89,1,11.686887175419702,11.619920590246727,0.00015029546308481176,11.62003331184404
1433,discovery,89,1,11.07443600653965,11.519803153382258,0.0038712495574958206,11.52270659055038
1434,discovery,89,1,12.136191879981927,12.13406154932403,0.009776872289516313,12.141394203541168
1438,discovery,89,1,12.885673487343764,12.808221190894296,0.014274901928546909,12.818927367340706
1449,discovery,89,1,11.626263078808801,11.636668026851947,0.005411575335599182,11.640726708353647
1450,discovery,89,1,11.429554725537322,11.425655303372842,-0.03391211205718874,11.40022121932995
1451,discovery,89,1,11.820417517632333,11.7894385271328,0.00047613786105462144,11.789795630528591
4,discovery,89,2,11.849404844423074,12.067484341309822,-0.011307191154009712,12.059003947944314
6,discovery,89,2,11.870606902224587,11.990160239543762,-0.009455143347999179,11.983068882032763
7,discovery,89,2,12.634606283893019,12.501863674612006,-0.016159905730584942,12.489743745314067
9,discovery,89,2,11.774527900858468,11.815302847063805,-0.0936636422083905,11.745055115407512
13,discovery,89,2,11.87757552297847,11.804128409941136,-0.00372375769956264,11.801335591666463
15,discovery,89,2,11.964007453736912,11.954934202024141,-0.020933559104186986,11.939234032696001
20,discovery,89,2,11.842236406331555,11.667270933574905,-0.015909140292134024,11.655339078355805
26,discovery,89,2,12.454107814022272,12.46086938604504,-0.010494571029260782,12.452998457773095
29,discovery,89,2,12.242891437918386,12.212168139818328,0.011293916638484457,12.22063857729719
38,discovery,89,2,11.938199736300925,11.959325490130897,0.009991375239988842,11.96681902156089
40,discovery,89,2,11.314486721293981,11.349111554417384,-0.01269620995131459,11.339589396953897
44,discovery,89,2,11.777218637129327,11.805718136132562,0.021776127523213878,11.822050231774972
46,discovery,89,2,12.675766851909591,12.578086415653539,-0.009996920203494245,12.570588725500919
54,discovery,89,2,12.861001210669146,12.776856683162501,0.002522456480225952,12.778748525522671
56,discovery,89,2,12.103491596905931,12.016545520839834,-0.020933559104186986,12.000845351511694
63,discovery,89,2,12.218500103788143,12.24327079583174,-0.017081597993348255,12.23045959733673
66,discovery,89,2,12.666660207428574,12.654590977036412,-0.017081597993348255,12.6417797785414
79,discovery,89,2,11.824087219587643,11.796219038520174,0.011120816122037067,11.804559650611703
80,discovery,89,2,11.608244735642321,11.65946835828985,-0.03364422145319795,11.63423519219995
85,discovery,89,2,12.034696963475044,12.041042691282602,-0.010473723722102642,12.033187398491025
91,discovery,89,2,11.60733523953139,11.51418724916653,0.013459954873618923,11.524282215321746
99,discovery,89,2,11.326607934898927,11.371466605237305,-0.02964813115789535,11.349230506868883
110,discovery,89,2,12.154784614286667,12.243591213341523,0.005305842862029366,12.247570595488044
115,discovery,89,2,12.466515835145202,12.356588128448843,0.06081701346767013,12.402200888549595
123,discovery,89,2,11.820417517632333,11.839693108438064,-0.003248451156220345,11.8372567700709
127,discovery,89,2,11.759793355371237,11.846008260696314,-0.0063972307653403886,11.841210337622309
129,discovery,89,2,11.951186847493476,11.889409087335688,-0.021376602901012013,11.873376635159929
136,discovery,89,2,12.066816325306588,12.066890232634991,-0.022767340024666266,12.049814727616491
137,discovery,89,2,11.870606902224587,11.87390756822505,-0.0028231202326744753,11.871790228050545
143,discovery,89,2,12.019749091416921,11.764383344274252,-0.04131639883403254,11.733396045148728
144,discovery,89,2,12.225880174775122,12.31313914105985,-0.016295302887065946,12.30091766389455
148,discovery,89,2,12.312686874960354,12.31870311656057,-0.009842166265984234,12.311321491861083
153,discovery,89,2,12.154784614286667,12.138955691083137,0.021202178721132874,12.154857325123986
163,discovery,89,2,12.301387370778713,12.367480216109318,0.05022144710341911,12.405146301436883
167,discovery,89,2,12.154784614286667,12.248026808685427,0.05464430750667623,12.289010039315434
170,discovery,89,2,12.337105293891872,12.385845514019815,-0.007187369981034218,12.380454986534039
174,discovery,89,2,12.001511614739405,11.93873447279414,-0.04238637952948912,11.906944688147023
175,discovery,89,2,12.122696471358964,12.191805980796438,0.03826224446924523,12.220502664148372
181,discovery,89,2,12.083910661257521,12.0544970299575,0.021660650813005774,12.070742518067254
185,discovery,89,2,11.751950239425476,11.691450623214633,0.09338845816176979,11.76149196683596
186,discovery,89,2,13.07107218827772,12.613573685718661,0.06733254255155333,12.664073092632327
188,discovery,89,2,11.813037464800539,11.805484146850986,-0.022186582013807157,11.788844210340631
191,discovery,89,2,12.660331092405906,12.553889905521727,0.07442906097006526,12.609711701249276
194,discovery,89,2,11.775297421715827,11.870885293198514,-0.059797530869067195,11.826037145046714
199,discovery,89,2,11.552155793461898,11.626644000576494,-0.06677011853055942,11.576566411678575
200,discovery,89,2,12.524166311833152,12.634908542278305,-0.010494571029260782,12.62703761400636
201,discovery,89,2,11.849404844423074,11.873029239780879,0.000231483984941213,11.873202852769584
202,discovery,89,2,12.052344376474922,12.017442659119338,-0.034458863258174585,11.991598511675706
214,discovery,89,2,11.957617696467539,11.952763367120792,0.015105615217813007,11.964092578534151
218,discovery,89,2,11.580593459194764,11.363120213724159,-0.10953134613432448,11.280971704123415
220,discovery,89,2,12.027191164883384,12.042170199097846,0.018277132140886384,12.05587804820351
223,discovery,89,2,12.100161978566867,12.067652467787216,0.027429647229708715,12.088224703209498
225,discovery,89,2,12.864242696187505,12.896689067300455,0.12716496845609013,12.992062793642523
231,discovery,89,2,11.904974309480181,11.847936290821352,-0.015820118334813383,11.836071202070242
245,discovery,89,2,12.230770136157428,12.362752641299947,-0.024665440128816864,12.344253561203335
248,discovery,89,2,11.849404844423074,11.856096609167048,-0.021376602901012013,11.84006415699129
250,discovery,89,2,12.531776395271262,12.503832629527393,0.05499504585982559,12.545078913922262
251,discovery,89,2,11.245059091624615,11.40901724215379,-0.010289347719001397,11.401300231364539
256,discovery,89,2,12.345838935721968,12.306204901877873,-0.009171182323607027,12.299326515135167
257,discovery,89,2,12.242891437918386,12.221839934018561,0.029993262972413903,12.244334881247871
266,discovery,89,2,12.075400019877522,12.10046924133101,0.02787269102653375,12.12137375960091
267,discovery,89,2,12.128116509451258,12.093463779005281,0.012594437319942833,12.102909606995238
268,discovery,89,2,12.097936057925594,12.09567884745105,0.09473729655592655,12.166731819867994
286,discovery,89,2,12.011886987792716,12.007661388023706,-0.004151970140402739,12.004547410418404
291,discovery,89,2,12.359784657728284,12.407110703157644,0.031761546502859825,12.430931863034788
292,discovery,89,2,11.819681958463892,11.786719734033495,0.06288444566919943,11.833883068285395
293,discovery,89,2,11.782960235741939,11.914564694274713,-0.06755542429148155,11.863898126056101
298,discovery,89,2,12.384223015005313,12.310520408224447,0.0067184705653630244,12.315559261148469
300,discovery,89,2,11.973516181427835,11.864464222468337,0.030161953857180197,11.887085687861223
312,discovery,89,2,11.790564777297387,11.823597342956893,-0.016451675790931795,11.811258586113693
315,discovery,89,2,12.08954444723597,12.008435853069257,-0.04111047576790028,11.97760299624333
323,discovery,89,2,12.614868865984631,12.56917344687802,-0.03188402454902275,12.545260428466253
327,discovery,89,2,12.688501881189456,12.51451952818596,0.09931263823760787,12.589004006864167
328,discovery,89,2,11.886218559372042,11.880074147184226,-0.021376602901012013,11.864041695008467
331,discovery,89,2,11.686887175419702,11.844591439814382,-0.048534983254238426,11.808190202373703
333,discovery,89,2,12.556733038263905,12.663734136313874,-0.010494571029260782,12.655863208041929
335,discovery,89,2,12.165255859329688,12.191931765965657,0.013037481116767866,12.201709876803234
339,discovery,89,2,12.218500103788143,12.228632785940365,-0.0117527443821005,12.21981822765379
344,discovery,89,2,12.491255347155265,12.542904155304077,-0.008882892464292014,12.536241985955858
353,discovery,89,2,11.461642696843066,11.424720462629239,0.06104217759432237,11.47050209582498
360,discovery,89,2,12.54254845357358,12.532407827367019,-0.014165597959926522,12.521783628897074
364,discovery,89,2,11.678448377988165,11.543634985034007,0.048312371596686304,11.579869263731522
371,discovery,89,2,12.057578437658945,12.116739039545049,0.012594437319942833,12.126184867535006
378,discovery,89,2,12.73670383776449,12.592117288685923,-0.016159905730584942,12.579997359387985
392,discovery,89,2,12.278397958261774,12.31942401154884,-0.042431916962071076,12.287600073827287
396,discovery,89,2,11.767575435251748,11.761346574274059,-0.014984535305223343,11.75010817279514
399,discovery,89,2,11.112462823634855,11.311476051335111,-0.08016411972677759,11.251352961540029
407,discovery,89,2,11.652696102959753,11.65840543617035,-0.049082907015798705,11.6215932559085
413,discovery,89,2,12.310437165348775,12.414991885776141,0.003066614279803148,12.417291846485993
416,discovery,89,2,12.106997888588934,12.136351471353056,-0.0010843159312836116,12.135538234404592
420,discovery,89,2,11.863589378812122,11.783441615783056,0.01062293269610725,11.791408815305136
423,discovery,89,2,11.635151947212842,11.671758032712768,-0.00770955815267853,11.66597586409826
427,discovery,89,2,12.524530013005734,12.395529830380745,-0.02529699758493527,12.376557082192043
432,discovery,89,2,11.288543647320601,11.54574410052681,-0.001868444633469286,11.54434276705171
444,discovery,89,2,12.058158312538197,12.137083981226471,0.010387563778303296,12.1448746540602
450,discovery,89,2,11.695255355062795,11.662616167981223,-0.024517834339246043,11.644227792226788
452,discovery,89,2,12.54254845357358,12.314510590147039,0.047272644918589984,12.349965073835982
458,discovery,89,2,12.45293662970407,12.35716708610231,0.0763430274337246,12.414424356677603
459,discovery,89,2,11.989165855127435,11.938725416211351,-0.05477299866425761,11.897645667213158
460,discovery,89,2,11.608244735642321,11.673039418812468,0.008293734346407237,11.679259719572274
462,discovery,89,2,11.951186847493476,11.915793429082802,0.043489898047938666,11.948410852618757
467,discovery,89,2,12.025755079404917,11.99971517091794,-0.04791386531349405,11.963779771932819
468,discovery,89,2,11.89478753335453,11.961459003917307,0.014861987715292155,11.972605494703776
470,discovery,89,2,12.138869243416009,12.127954707219185,0.0009701985803377347,12.128682356154439
471,discovery,89,2,12.264346270624157,12.213909773577937,0.051961881519135805,12.252881184717289
473,discovery,89,2,11.904974309480181,11.840742229119794,-0.013159958991201707,11.830872259876392
475,discovery,89,2,12.433212202169729,12.419264826925044,0.044743297098929935,12.452822299749242
476,discovery,89,2,11.794345471549745,11.833306346434028,-0.01205636985897077,11.8242640690398
478,discovery,89,2,12.847929163278053,12.923531018228477,-0.017215504623700133,12.910619389760702
482,discovery,89,2,12.832013750189885,12.786766180680381,-0.009325936261117041,12.779771728484544
489,discovery,89,2,11.982935344196433,11.754429710708845,-0.025209136732023376,11.735522858159827
491,discovery,89,2,11.652696102959753,11.611156519888892,0.017463516434364758,11.624254157214665
495,discovery,89,2,11.421917019425596,11.51319983066612,-0.0017913705664708186,11.511856302741267
496,discovery,89,2,10.460270761075149,11.173743680626313,-0.03929887658343946,11.144269523188733
501,discovery,89,2,11.635151947212842,11.626814363275956,0.0036450252372958493,11.629548132203928
504,discovery,89,2,12.574185427296195,12.374679458082689,0.06834176621839227,12.425935782746484
507,discovery,89,2,12.278397958261774,12.282262889726212,-0.036185410849826745,12.255123831588842
512,discovery,89,2,12.2193145828011,12.140410910536502,0.05089243104579631,12.178580233820849
514,discovery,89,2,11.80560254159177,11.867848040798568,-0.04901894392615855,11.831083832853949
521,discovery,89,2,11.573559498507079,11.382748569044852,-0.015847310677806502,11.370863086036497
530,discovery,89,2,12.209192772866418,12.360641101411996,-0.055075594480095885,12.319334405551924
544,discovery,89,2,11.798111925972618,11.792400834285305,-0.04791386531349405,11.756465435300184
551,discovery,89,2,11.849404844423074,11.721199218248302,-0.05063743776180048,11.683221139926951
556,discovery,89,2,11.635151947212842,11.636891970234986,0.06153560727504265,11.683043675691268
562,discovery,89,2,12.04355959836804,12.045024820138595,-0.008152601949503563,12.038910368676467
564,discovery,89,2,12.128116509451258,12.098923516735017,0.0045251489567649135,12.10231737845259
569,discovery,89,2,12.665397584983758,12.591833907886684,0.0005923671469806047,12.59227818324692
577,discovery,89,2,11.884495917930655,11.927812085563074,0.016413077276548407,11.940121893520486
581,discovery,89,2,12.111217862017215,12.117545854419692,-0.023038702755019267,12.100266827353428
582,discovery,89,2,12.442306148381938,12.843614349370917,0.08680673538300614,12.908719400908172
585,discovery,89,2,11.798111925972618,11.84094988095476,0.10238784112147221,11.917740761795864
588,discovery,89,2,11.827743504053695,11.813503437297884,-0.005469342894883289,11.809401430126721
590,discovery,89,2,11.283524879179666,11.505652584823475,0.06197865107186769,11.552136573127376
591,discovery,89,2,12.132969552931216,12.156823826821753,-0.014549717691745297,12.145911538552944
593,discovery,89,2,11.835016210489899,11.894467885290032,0.030370761242624448,11.917245956222
603,discovery,89,2,12.301387370778713,12.299839767527352,-0.07547838918134081,12.243230975641346
617,discovery,89,2,12.118339189722553,12.108327523621002,0.012594437319942833,12.117773351610959
619,discovery,89,2,12.659737267217572,12.657676479423948,0.031153949699669618,12.6810419416987
620,discovery,89,2,12.628070334272698,12.71250961359003,-0.012971794692785026,12.70278076757044
631,discovery,89,2,11.728044909070785,11.586185584778997,-0.027605358977784728,11.565481565545658
633,discovery,89,2,11.320565693461432,12.035235501553139,-0.04164622300402177,12.004000834300122
636,discovery,89,2,12.206077645517674,12.07314408724359,-0.05220845699715032,12.033987744495727
649,discovery,89,2,11.951186847493476,11.963310206678884,-0.022047586843389217,11.946774516546341
656,discovery,89,2,11.385103457032141,11.342531469707522,-0.033269167017096646,11.3175795944447
662,discovery,89,2,12.904209855160254,12.834907076858983,0.0022169685895444893,12.83656980330114
666,discovery,89,2,12.348010479804223,12.385166462661967,-0.006209015405008622,12.380509701108211
671,discovery,89,2,12.063938642041201,12.068321987228328,0.02699218935692162,12.08856612924602
675,discovery,89,2,11.849404844423074,11.897662129912028,-0.014706090595611138,11.88663256196532
685,discovery,89,2,12.30592250537653,12.265433562313989,0.05335088237705936,12.305446724096784
690,discovery,89,2,12.179220327453933,12.146079166556481,0.038367381590092786,12.17485470274905
694,discovery,89,2,11.59433032142082,11.576893464133564,-0.027605358977784728,11.556189444900225
696,discovery,89,2,12.07824495582233,12.061330343459078,0.044046669180996034,12.094365345344825
706,discovery,89,2,10.915106645867503,11.075633569446858,-0.07975584406691262,11.015816686396674
707,discovery,89,2,12.618185607609803,12.47057075549839,0.03938307655600688,12.500108062915395
708,discovery,89,2,12.445093483000798,12.287661536680327,-0.010494571029260782,12.279790608408382
713,discovery,89,2,12.149507585033072,12.149100955528514,0.05307590925833805,12.188907887472267
715,discovery,89,2,11.779136168550774,12.086759477591263,0.01052495926473897,12.094653197039818
722,discovery,89,2,11.870606902224587,11.877872226527508,0.027623746813040025,11.898590036637287
727,discovery,89,2,12.310437165348775,12.290777807645188,0.07408564975581153,12.346342044962046
748,discovery,89,2,12.491176396967154,12.413904696858317,-0.042413017166395894,12.38209493398352
754,discovery,89,2,12.526346537332584,12.526698165574192,-0.00919202963076516,12.519804143351118
760,discovery,89,2,12.577639650232573,12.626029185494291,-0.022055166322509624,12.609487810752409
761,discovery,89,2,11.755879486687116,11.651089632949263,-0.016451675790931795,11.638750876106064
779,discovery,89,2,11.87757552297847,11.785480076918198,0.035486674731030995,11.81209508296647
784,discovery,89,2,12.016732516077072,12.011374679791867,-0.0032276748394233414,12.0089539236623
787,discovery,89,2,11.842236406331555,11.7311241734816,-0.03301266399707954,11.70636467548379
797,discovery,89,2,11.874097282798648,11.83202892663783,-0.03477394455076989,11.805948468224754
811,discovery,89,2,12.10625783509458,12.128532617493446,0.027429647229708715,12.149104852915729
812,discovery,89,2,11.881041706925902,11.883028853199123,0.08043622381462096,11.943356021060088
835,discovery,89,2,11.849047640327147,11.829357606889854,0.011736960435309491,11.838160327216336
843,discovery,89,2,12.071975378543236,11.96085029305326,-0.003248451156220345,11.958413954686096
845,discovery,89,2,11.944064817531656,11.840572222752346,-4.57853711501692e-05,11.840537883723984
852,discovery,89,2,12.278397958261774,12.130786585488556,-0.02618546845172543,12.111147484149761
853,discovery,89,2,12.00762780434872,12.015043649116665,0.02304286240288343,12.032325795918828
857,discovery,89,2,11.898194668458823,11.896717609074365,0.03496524306081811,11.922941541369978
864,discovery,89,2,11.794345471549745,11.850467971634307,0.003763906731413004,11.853290901682866
879,discovery,89,2,11.904974309480181,11.918268985459248,0.006619854000625914,11.923233875959717
880,discovery,89,2,11.824087219587643,11.805795789296456,0.05188339321462038,11.844708334207422
893,discovery,89,2,11.947955847790901,11.85667851987257,0.011195943207116178,11.865075477277907
903,discovery,89,2,12.100717685412471,12.09720633462794,-0.009171182323607027,12.090327947885234
904,discovery,89,2,12.388398368982115,12.407939004302131,0.0068052524312994835,12.413042943625605
905,discovery,89,2,11.74006900564972,11.707336549864356,-0.01205636985897077,11.698294272470129
906,discovery,89,2,11.759793355371237,11.75454565465218,0.004395464187531412,11.757842252792829
910,discovery,89,2,12.066816325306588,12.052088364717902,0.011291895921447217,12.060557286658987
911,discovery,89,2,11.946660519211651,11.862995332408348,0.004395464187531412,11.866291930548996
920,discovery,89,2,12.081081821061819,12.048260440416273,0.017146760291115993,12.06112051063461
923,discovery,89,2,12.043500773454495,12.054212410495289,0.011491730710362805,12.062831208528062
926,discovery,89,2,12.07254696717504,11.974097075584641,-0.023197414309861032,11.956699014852246
936,discovery,89,2,11.288543647320601,11.472591700154343,0.08600527457200119,11.537095656083343
939,discovery,89,2,12.387560521575551,12.39361631148455,-0.015120948725018525,12.382275599940787
945,discovery,89,2,11.83138646878959,12.018394950963035,-0.018001670974315785,12.004893697732298
947,discovery,89,2,11.870606902224587,11.901367744491916,0.011293916638484457,11.909838181970779
953,discovery,89,2,11.804855999911272,11.75448859812286,0.05188339321462038,11.793401143033826
958,discovery,89,2,11.790564777297387,11.756414952862599,-0.018283838367546608,11.742702074086939
970,discovery,89,2,11.849404844423074,11.695723004456854,0.030321846361366662,11.71846438922788
985,discovery,89,2,11.744045122410057,11.74217498895275,0.00420490894834482,11.745328670664009
996,discovery,89,2,11.7085004721646,11.591344471506487,0.06439740418845377,11.639642524647828
1007,discovery,89,2,12.004574385508691,12.009099402920002,-0.08497582353598027,11.945367535268018
1022,discovery,89,2,12.175618592671356,12.228979271254943,-0.015120948725018525,12.21763855971118
1023,discovery,89,2,11.373674891823535,11.578861522031202,-0.04645871692586126,11.544017484336806
1024,discovery,89,2,12.160033942617156,12.163979437863343,-0.00878651750421877,12.157389549735178
1026,discovery,89,2,11.630717389475995,11.728582051669473,0.007216046855229915,11.733994086810895
1031,discovery,89,2,11.982935344196433,11.750628878794958,0.09429425275910153,11.821349568364283
1042,discovery,89,2,12.06105265381003,11.978863834739123,0.05972554191326088,12.023657991174069
1045,discovery,89,2,12.535379989788607,12.574187629397727,-0.0417897586262043,12.542845310428074
1048,discovery,89,2,11.884495917930655,11.889754391668298,0.015548659014638047,11.901415885929277
1051,discovery,89,2,12.080996832096167,12.105533429256853,-0.0010843159312836116,12.10472019230839
1058,discovery,89,2,12.421188057397055,12.322068069302922,0.05894679342951681,12.36627816437506
1062,discovery,89,2,11.302216779257382,11.570767328883134,0.010284928468834869,11.57848102523476
1065,discovery,89,2,11.944714374881176,11.946185694199846,0.009991375239988842,11.953679225629838
1070,discovery,89,2,11.813037464800539,11.765419219858881,0.014861987715292155,11.77656571064535
1075,discovery,89,2,12.175618592671356,12.10403981842587,-0.02288232985115343,12.086878071037505
1077,discovery,89,2,12.04355959836804,11.945613702585653,-0.0004888291679752028,11.945247080709672
1083,discovery,89,2,12.165255859329688,12.18379898025836,-0.02288232985115343,12.166637232869995
1086,discovery,89,2,11.898194668458823,11.97939406495278,0.006083639349711338,11.983956794465064
1088,discovery,89,2,12.437188334739655,12.45874061782038,-0.009572878766497466,12.451560958745507
1089,discovery,89,2,11.83138646878959,11.79626893356924,-0.059797530869067195,11.751420785417439
1090,discovery,89,2,12.190964083849375,12.23748746381957,-0.008270337368001847,12.231284710793568
1091,discovery,89,2,11.439289689006644,11.3945859509211,-0.05688849335191637,11.351919580907163
1092,discovery,89,2,11.982935344196433,11.962931841792365,0.015051082724771153,11.974220153835944
1093,discovery,89,2,11.824087219587643,12.010526034578522,-0.049082907015798705,11.973713854316673
1095,discovery,89,2,11.767575435251748,11.797634059938074,0.02208057213549804,11.814194489039698
1097,discovery,89,2,11.751950239425476,11.639175027510825,-0.021803251937823603,11.622822588557458
1098,discovery,89,2,12.04355959836804,11.93602904453038,0.044743297098929935,11.969586517354578
1099,discovery,89,2,11.759793355371237,11.58747292916579,0.09093020168208141,11.655670580427351
1101,discovery,89,2,11.002116507732017,11.003522874010724,-0.1122109489168042,10.91936466232312
1105,discovery,89,2,11.571203807011969,11.67946611007048,0.033815844168059314,11.704827993196526
1112,discovery,89,2,12.230770136157428,12.13739827597333,-0.022767340024666266,12.12032277095483
1115,discovery,89,2,11.669937760751914,11.658436897392706,-0.02088404061531154,11.642773866931222
1124,discovery,89,2,11.678448377988165,11.48087690407523,0.022918367449439304,11.498065679662309
1133,discovery,89,2,11.674202123168433,11.764691531665262,-0.089116414047024,11.697854221129994
1136,discovery,89,2,11.532737896139919,11.56459578708033,0.03197969195194675,11.58858055604429
1138,discovery,89,2,11.451060699493427,11.407511272269833,0.027015065447962245,11.427772571355804
1142,discovery,89,2,12.193498926601634,12.159317429325888,0.021823877703129827,12.175685337603236
1150,discovery,89,2,11.870606902224587,11.823935694474308,-0.01533619639500564,11.812433547178054
1151,discovery,89,2,11.728044909070785,11.747688240615554,-0.029266171263595115,11.725738612167858
1153,discovery,89,2,12.345838935721968,12.18248272557279,0.032762257887203966,12.207054418988193
1155,discovery,89,2,12.215037342290755,12.246066830325583,-0.03335378464551009,12.22105149184145
1178,discovery,89,2,11.652696102959753,11.616846356495254,0.0012627953339304117,11.617793452995702
1184,discovery,89,2,11.695255355062795,11.874539608629384,-0.03234168005470234,11.850283348588357
1185,discovery,89,2,12.137263685701864,12.233544924894018,0.0027390780528142554,12.235599233433629
1189,discovery,89,2,12.180759965737863,12.130028530781885,-0.016295302887065946,12.117807053616586
1190,discovery,89,2,12.149507585033072,12.171649245792416,-0.009842166265984234,12.164267621092929
1193,discovery,89,2,11.736077016252437,11.726930418871197,-0.008378397530558298,11.720646620723278
1196,discovery,89,2,12.07824495582233,11.982306484060217,0.013037481116767866,11.992084594897793
1198,discovery,89,2,11.87757552297847,11.961839837299465,0.007202234336559251,11.967241513051885
1203,discovery,89,2,11.669937760751914,11.782090126245338,0.09208591676327417,11.851154563817794
1212,discovery,89,2,12.00762780434872,12.235883341260756,0.010805108600580801,12.243987172711192
1215,discovery,89,2,11.80932691294063,11.759710086829159,0.00506644812990862,11.763509922926591
1219,discovery,89,2,11.296024885689746,11.139489659643791,0.08600527457200119,11.203993615572791
1222,discovery,89,2,11.80560254159177,11.709747991796776,-0.00995122620813848,11.702284572140673
1226,discovery,89,2,11.884495917930655,11.83620005331214,0.008814148131707864,11.842810664410921
1228,discovery,89,2,11.898194668458823,11.8339605559475,0.04358981132203664,11.866652914439028
1239,discovery,89,2,11.86710429621008,11.793815936087407,-0.04193246574295435,11.76236658678019
1241,discovery,89,2,12.323415584358154,12.249842648045638,-0.014549717691745297,12.238930359776829
1242,discovery,89,2,12.42250975887691,12.413857913202945,0.0020754983681731,12.415414536979075
1246,discovery,89,2,12.08954444723597,12.189858330462872,-0.0029920006705695147,12.187614329959946
1252,discovery,89,2,12.053801032483948,12.19589753779528,0.024590954672414598,12.214340753799592
1255,discovery,89,2,12.016128107502665,12.15640540085276,-0.05935448707224217,12.11188953554858
1260,discovery,89,2,11.92504173829169,11.884812661758328,0.017146760291115993,11.897672731976666
1267,discovery,89,2,11.711784520403112,11.78273686924829,-0.11239701510001399,11.698439107923278
1278,discovery,89,2,12.19552218463499,12.171969925035125,0.01989963732263726,12.186894653027103
1280,discovery,89,2,11.133142723386813,11.556243295262087,-0.0841176064421564,11.49315509043047
1281,discovery,89,2,12.33270970174018,12.238928108557511,-0.016295302887065946,12.226706631392211
1289,discovery,89,2,12.535379989788607,12.479009207747563,0.05133032406301741,12.517506950794825
1293,discovery,89,2,11.58525542883217,11.683755531325465,-0.08558355298333775,11.619567866587962
1301,discovery,89,2,12.323860125621126,12.322568075258372,-0.010473723722102642,12.314712782466795
1304,discovery,89,2,12.354496960983985,12.299852084285092,0.01460803892794612,12.310808113481052
1307,discovery,89,2,12.218500103788143,12.136181565517012,0.05089243104579631,12.174350888801358
1313,discovery,89,2,12.618185607609803,12.532406694218635,-0.022055166322509624,12.515865319476752
1318,discovery,89,2,12.249615734512616,12.164963915710517,-0.004151970140402739,12.161849938105215
1323,discovery,89,2,12.154784614286667,12.313434089543692,0.05335088237705936,12.353447251326488
1330,discovery,89,2,12.081081821061819,12.10104187816781,-0.009171182323607027,12.094163491425105
1348,discovery,89,2,12.554840409959793,12.60593812070984,0.005577703399609803,12.610121398259547
1351,discovery,89,2,12.206077645517674,12.05224994909871,0.003763906731413004,12.05507287914727
1354,discovery,89,2,12.923914877701906,12.894976323876126,-0.01483658190230374,12.883848887449398
1358,discovery,89,2,11.917730355182513,11.981071017058186,0.01062293269610725,11.989038216580266
1368,discovery,89,2,11.751950239425476,11.774637535630735,0.01702047263753972,11.78740289010889
1369,discovery,89,2,11.87757552297847,11.845406569369926,0.02699218935692162,11.865650711387618
1370,discovery,89,2,12.354496960983985,12.444526195687034,-0.02476824997055894,12.425950008209115
1382,discovery,89,2,12.377927112974284,12.221686923804624,-0.003248451156220345,12.21925058543746
1384,discovery,89,2,11.626263078808801,11.931242789216137,-0.0005987304195799719,11.930793741401452
1385,discovery,89,2,11.561725152903833,11.588404068173896,-0.01490554418652235,11.577224910034003
1388,discovery,89,2,11.820417517632333,11.92089126165456,-0.0007684019807508331,11.920314960168998
1389,discovery,89,2,12.84132849667433,12.785623386002332,0.005541883129623535,12.78977979834955
1391,discovery,89,2,12.367345048436391,12.336329858757384,-0.014992761488570337,12.325085287640956
1423,discovery,89,2,11.824087219587643,11.880817921444553,0.028737774552242263,11.902371252358735
1426,discovery,89,2,11.863589378812122,11.871485169812843,-0.014706090595611138,11.860455601866134
1428,discovery,89,2,11.849404844423074,11.863642522034594,0.011736960435309491,11.872445242361076
1430,discovery,89,2,12.116700301832573,12.175604409178087,0.030997718306516413,12.198852697907974
1441,discovery,89,2,12.160033942617156,12.132695702332656,0.048754414179741926,12.169261512967463
1446,discovery,89,2,11.767575435251748,11.751731944361106,-0.03477394455076989,11.72565148594803
1,discovery,89,3,12.24769911637256,12.172961036658052,0.010161347861717334,12.18058204755434
14,discovery,89,3,12.540761149388421,12.317297242500432,-0.028400224762693646,12.295997073928412
17,discovery,89,3,11.91170829631447,11.910462350781616,0.01370371291441599,11.920740135467428
19,discovery,89,3,11.976665770490767,11.995214999851713,0.06268837753641451,12.042231283004025
27,discovery,89,3,11.811554895830454,11.826737606463855,0.03441900653153818,11.852551861362508
31,discovery,89,3,10.596659732783579,11.487548618683181,-0.08254017938781463,11.42564348414232
42,discovery,89,3,12.04355959836804,12.048269784505711,0.034727547639420764,12.074315445235277
43,discovery,89,3,11.87757552297847,11.901114858498987,0.07553210265067414,11.957763935486993
45,discovery,89,3,11.856522261533737,11.890992635777474,0.02802554490157731,11.912011794453656
51,discovery,89,3,12.083910661257521,12.094716874428912,0.01687024257611271,12.107369556360997
52,discovery,89,3,11.648338835562747,11.691928820068137,0.05165930595869399,11.730673299537157
59,discovery,89,3,12.991755706536901,12.910002352048757,-0.03392917648540683,12.884555469684702
64,discovery,89,3,11.849404844423074,11.835330156182156,-0.04692051863479335,11.80013976720606
65,discovery,89,3,12.299112067295642,12.290242627892408,-0.003772342642875546,12.28741337091025
71,discovery,89,3,12.404927602627597,12.420443243200483,-0.05398654058143253,12.379953337764409
72,discovery,89,3,11.771443882099637,11.77861439040848,0.009739148605832377,11.785918751862853
74,discovery,89,3,11.88380602959621,11.886267131726543,0.03441900653153818,11.912081386625196
81,discovery,89,3,12.173037959397275,12.282067428071192,-0.008767536200227147,12.275491775921022
87,discovery,89,3,12.066816325306588,12.070233861664056,0.011921977084591574,12.0791753444775
92,discovery,89,3,11.498836682527127,11.69543335110005,-0.07346165726352966,11.640337108152403
97,discovery,89,3,12.273735966890268,12.276203653962567,0.012305444841806738,12.285432737593922
98,discovery,89,3,11.459007676978688,11.721468234688551,-0.0014237732334504566,11.720400404763463
113,discovery,89,3,12.85832230788469,12.764193159206108,-0.028400224762693646,12.742892990634088
125,discovery,89,3,12.10625783509458,12.053725431852516,-0.0016291470064721918,12.052503571597663
130,discovery,89,3,11.918397239722838,11.863432463698853,0.004049833712403146,11.866469838983155
139,discovery,89,3,12.345838935721968,12.431069579696024,-0.04054349253199821,12.400661960297025
147,discovery,89,3,11.561725152903833,11.535175146903267,0.04508300455295457,11.568987400317983
150,discovery,89,3,11.652696102959753,11.588544857913243,-0.010894588780459093,11.580373916327899
151,discovery,89,3,11.711784520403112,11.819950425874298,-0.0032143172825212897,11.817539687912406
157,discovery,89,3,11.603688960617083,11.625325182043998,0.049854695028908685,11.662716203315679
159,discovery,89,3,12.448630513463613,12.371219334468027,0.02396541775085342,12.389193397781167
162,discovery,89,3,12.929993908996359,12.952296873952951,-0.002297172359742184,12.950573994683145
166,discovery,89,3,11.755879486687116,11.757548480492007,0.0026709037438472595,11.759551658299893
169,discovery,89,3,12.119975396053194,12.15629869878048,-0.018787701496547383,12.14220792265807
171,discovery,89,3,11.763691965388299,11.69675480193152,-0.02171630912510593,11.680467570087691
173,discovery,89,3,12.384223015005313,12.226265909089523,0.0872907908823368,12.291734002251276
176,discovery,89,3,12.400820837540556,12.313105044205932,-0.017582476348974644,12.2999181869442
184,discovery,89,3,12.206077645517674,12.121338088752125,-0.048931305447834514,12.08463960966625
187,discovery,89,3,12.06105265381003,12.079098965420474,-0.04494412635129057,12.045390870657007
189,discovery,89,3,11.940399914116648,11.869236533848351,-0.033881318248094115,11.84382554516228
193,discovery,89,3,12.165255859329688,12.198811530308024,-0.003772342642875546,12.195982273325868
195,discovery,89,3,11.751950239425476,11.720120303188297,0.0429026361882041,11.75229728032945
219,discovery,89,3,12.649157827477366,12.325578850651032,0.0632246163510303,12.372997312914306
222,discovery,89,3,12.206077645517674,12.317721147881102,0.011222289182163479,12.326137864767725
227,discovery,89,3,12.577639650232573,12.513988267845534,-0.04468234032829822,12.48047651259931
233,discovery,89,3,11.456365695436427,11.479573869117672,0.002549767708599795,11.481486194899123
238,discovery,89,3,12.178192583415596,12.299799766442543,0.021789242779872226,12.316141698527447
240,discovery,89,3,11.635151947212842,11.741795152526517,-0.07864164534095766,11.682813918520798
261,discovery,89,3,12.07824495582233,12.061716008949952,-0.024069914530549418,12.04366357305204
265,discovery,89,3,11.19822841866684,11.344468822736898,-0.012730884112034178,11.334920659652873
270,discovery,89,3,11.904974309480181,11.923102298628393,-0.017582476348974644,11.909915441366662
274,discovery,89,3,11.842236406331555,12.010034345932464,-0.008767536200227147,12.003458693782294
275,discovery,89,3,11.732069026983156,11.775871879527628,-0.008443289949222145,11.769539412065711
278,discovery,89,3,11.856522261533737,11.559202109604003,0.03432883764780251,11.584948737839856
281,discovery,89,3,12.339295865674435,12.310755616585297,-0.01103611917357206,12.302478527205118
283,discovery,89,3,12.242891437918386,12.284051618664654,0.018223314136366037,12.297719104266928
284,discovery,89,3,12.407383590534293,12.407631621697954,-0.012525271225636198,12.398237668278727
288,discovery,89,3,11.385103457032141,11.51948828250999,-0.020606571297621817,11.504033354036773
296,discovery,89,3,11.86710429621008,11.885595270872024,-0.0007661715342917909,11.885020642221304
299,discovery,89,3,12.07254696717504,12.1025340605732,0.003319118485048931,12.105023399436988
302,discovery,89,3,12.495007682693725,12.515352769233864,-0.06483129587539223,12.46672929732732
303,discovery,89,3,12.230770136157428,12.330570624638321,0.012305444841806738,12.339799708269677
306,discovery,89,3,12.631016799175821,12.608931274124572,-0.06483129587539223,12.560307802218027
318,discovery,89,3,12.506180941677357,12.472219865434061,-0.028710278216937404,12.450687156771359
332,discovery,89,3,11.842236406331555,11.794312026570294,0.0015936445780938896,11.795507260003864
336,discovery,89,3,12.34126328584159,12.221129585036747,0.05901535098281478,12.265391098273858
342,discovery,89,3,11.314486721293981,11.21682036453789,-0.0021415576652351713,11.215214196288963
343,discovery,89,3,11.37940550085183,11.46857202303626,-0.004852980713421086,11.464932287501195
346,discovery,89,3,11.850832386224807,11.820967796755271,0.03635692762837171,11.84823549247655
355,discovery,89,3,11.849404844423074,11.979566139775866,-0.03312673554106349,11.954721088120069
367,discovery,89,3,11.976665770490767,12.022320336938423,-0.024069914530549418,12.00426790104051
368,discovery,89,3,12.013706813470414,11.961270968753427,-0.010136224025956542,11.95366880073396
372,discovery,89,3,11.808821212646512,11.691509028570227,0.04518130811062947,11.7253950096532
373,discovery,89,3,11.736077016252437,11.633279022175977,-0.027884421470097804,11.612365706073403
374,discovery,89,3,11.719947764402807,11.693658200081469,0.011947757416895029,11.70261901814414
377,discovery,89,3,11.904974309480181,11.834095360212526,0.007915204710639862,11.840031763745506
380,discovery,89,3,12.095146671399466,12.076236791191738,0.011921977084591574,12.085178274005182
386,discovery,89,3,12.165255859329688,12.084268180742908,-0.032067360184130984,12.06021766060481
387,discovery,89,3,11.302216779257382,11.474287013009555,-0.09837824405686506,11.400503329966906
388,discovery,89,3,11.736077016252437,11.770328687017525,-0.0815796582053932,11.70914394336348
389,discovery,89,3,12.160033942617156,12.191601050423992,0.010161347861717334,12.199222061320281
390,discovery,89,3,12.962196972666593,12.957952511272843,-0.05001577454267915,12.920440680365834
393,discovery,89,3,11.575909653758895,11.601314959824215,0.02342279470542527,11.618882055853284
402,discovery,89,3,12.013646205940514,12.11378377367443,-0.0019683244392102303,12.11230753034502
404,discovery,89,3,12.460718739865236,12.415362305653318,-0.03075224799616277,12.392298119656196
419,discovery,89,3,11.744045122410057,11.587979398524004,-0.06912780353174705,11.536133545875193
435,discovery,89,3,11.302216779257382,11.328781806042395,0.009320062912501804,11.33577185322677
436,discovery,89,3,12.264346270624157,12.256726752131861,0.04713961112680788,12.292081460476966
438,discovery,89,3,11.686887175419702,11.645107306715731,0.05741066860134307,11.688165308166738
442,discovery,89,3,11.678448377988165,11.693611275923477,-0.012059822250498745,11.684566409235602
443,discovery,89,3,12.000897933306716,11.926760690958876,0.05901669505754743,11.971023212252037
445,discovery,89,3,12.25486757159303,12.29730505753197,0.010161347861717334,12.304926068428259
448,discovery,89,3,12.20557752297723,12.236185755655063,0.007644198826936035,12.241918904775265
453,discovery,89,3,12.225880174775122,12.246263478264273,-0.010271413373260475,12.238559918234328
455,discovery,89,3,12.144202560946876,11.902173561055289,-0.07818341843753338,11.84353599722714
457,discovery,89,3,11.49273296168228,11.283716195752408,-0.009350717883173853,11.276703157340028
464,discovery,89,3,12.147919030759663,12.134709874900723,0.08272876368139795,12.196756447661771
465,discovery,89,3,11.728044909070785,11.631655186706894,-0.008162582774042419,11.625533249626361
474,discovery,89,3,12.994532278619134,12.796009794372608,0.037846186459971995,12.824394434217588
483,discovery,89,3,11.951186847493476,12.051236372762906,-0.024423532641027607,12.032918723282135
485,discovery,89,3,11.794345471549745,11.780812679561892,-0.0013574645075494019,11.77979458118123
487,discovery,89,3,11.957617696467539,11.911368393186356,0.02342279470542527,11.928935489215425
490,discovery,89,3,11.362114203075018,11.511482747939056,-0.0033036927383449308,11.509004978385297
500,discovery,89,3,11.695255355062795,11.759156091456974,0.02342279470542527,11.776723187486043
506,discovery,89,3,11.732069026983156,11.726697770185234,-0.0040577999998563635,11.723654420185342
513,discovery,89,3,11.774527900858468,11.715249144313646,0.012723166571255044,11.724791519242087
517,discovery,89,3,11.970356641102999,12.034067656784075,-0.03583588305453727,12.00719074449317
519,discovery,89,3,12.259618151783465,12.15379869245873,-0.023458158434791366,12.136205073632636
525,discovery,89,3,12.662709207270272,12.63430952819296,0.0035746215935725002,12.636990494388138
533,discovery,89,3,11.58525542883217,11.526862911819796,0.03441900653153818,11.55267716671845
537,discovery,89,3,12.144202560946876,12.185298725413572,0.010161347861717334,12.192919736309861
538,discovery,89,3,11.619544188752133,11.701659106045573,-0.009617159027025955,11.694446236775304
540,discovery,89,3,12.513561021741964,12.434546558090009,-0.05383508404927932,12.394170245053049
541,discovery,89,3,12.660331092405906,12.831890153035696,0.004118885758625318,12.834979317354664
542,discovery,89,3,12.421188057397055,12.477642790226222,-0.026074420386986288,12.458086974935982
545,discovery,89,3,12.098854850641,12.18256211174152,0.0311558772806135,12.20592901970198
546,discovery,89,3,12.34148164933907,12.347965223102747,-0.019745677650491393,12.33315596486488
548,discovery,89,3,11.771443882099637,11.751447792795023,-0.008443289949222145,11.745115325333106
555,discovery,89,3,12.556733038263905,12.50168782607001,-0.003452570798402263,12.499098397971208
571,discovery,89,3,11.867805799560465,11.81360022589256,0.01057906959116564,11.821534528085936
573,discovery,89,3,12.32163544049751,12.252879865484793,0.013128390253524712,12.262726158174937
584,discovery,89,3,12.691583538230217,12.586808329712717,0.09091788146788977,12.654996740813635
586,discovery,89,3,12.820990681250251,12.867438775148242,0.023292381052207056,12.884908060937398
589,discovery,89,3,11.870606902224587,12.345887460637055,0.05137562555184262,12.384419179800936
598,discovery,89,3,12.176654133447505,12.135648043778875,-0.0014391734238542895,12.134568663710985
600,discovery,89,3,11.92504173829169,11.942611856366588,0.02235437523154131,11.959377637790244
604,discovery,89,3,11.92504173829169,11.956776685203387,0.02396541775085342,11.974750748516527
605,discovery,89,3,12.30592250537653,12.294712411533277,0.010161347861717334,12.302333422429566
606,discovery,89,3,12.230770136157428,12.166538334924065,-0.04363242774263139,12.13381401411709
610,discovery,89,3,11.682676678340282,11.655591680264507,-0.008300312580476414,11.64936644582915
614,discovery,89,3,11.898194668458823,11.63938575271588,-0.11020798293870343,11.556729765511852
623,discovery,89,3,11.813037464800539,11.743995542127054,-0.01283250179607964,11.734371165779995
630,discovery,89,3,12.034696963475044,11.978989646791224,-0.010136224025956542,11.971387478771756
634,discovery,89,3,11.845109950883979,11.838674350439614,0.02342279470542527,11.856241446468683
642,discovery,89,3,12.328294703023396,12.406595886147777,0.012969205924740521,12.416322790591332
647,discovery,89,3,11.495789479023493,11.519359550313126,0.01057906959116564,11.527293852506501
648,discovery,89,3,11.951186847493476,11.878805819188827,-0.03042620146323426,11.855986168091402
650,discovery,89,3,11.344518647594766,11.215159932234513,-0.03679689055822359,11.187562264315845
652,discovery,89,3,11.58989576532275,11.621651640260646,0.008930339605350682,11.628349394964658
653,discovery,89,3,12.160033942617156,12.186343494410586,-0.003772342642875546,12.18351423742843
654,discovery,89,3,11.813037464800539,11.800957147862125,0.007059855201141999,11.806252039262981
658,discovery,89,3,11.91170829631447,11.989361990191206,0.030001086571730885,12.011862805120003
659,discovery,89,3,11.487617913343598,11.77059444884235,-0.08390918935194358,11.707662556828392
663,discovery,89,3,11.608244735642321,11.83478570991325,-0.06444987704882857,11.78644830212663
668,discovery,89,3,12.173037959397275,12.254155878671263,-0.014592829952816685,12.243211256206651
681,discovery,89,3,11.870606902224587,11.688361093476187,-0.027884421470097804,11.667447777373614
683,discovery,89,3,12.06105265381003,12.190982997822832,0.043638499139252857,12.223711872177272
684,discovery,89,3,12.560247968016562,12.562590002935684,-0.022674292269904264,12.545584283733255
688,discovery,89,3,11.910365121788654,11.935231021032948,0.012969205924740521,11.944957925476503
697,discovery,89,3,11.39640288460621,11.435350599406714,0.061160792037636844,11.481221193434942
702,discovery,89,3,11.849404844423074,11.910723199801936,-0.040835123469462734,11.880096857199838
704,discovery,89,3,11.849404844423074,11.831148719441845,0.022503432480306396,11.848026293802075
710,discovery,89,3,11.60733523953139,11.562189228191059,-0.0036928664464588737,11.559419578356215
711,discovery,89,3,10.859018228147887,11.310452930064255,0.05781405638949505,11.353813472356377
719,discovery,89,3,12.739640688812674,12.653399023091016,0.02786242493696652,12.674295841793741
721,discovery,89,3,12.524530013005734,12.502774109176704,0.049630034072753834,12.539996634731269
724,discovery,89,3,11.813037464800539,11.801692011624246,0.03816640844026582,11.830316817954445
732,discovery,89,3,12.141539457711714,12.137253838864469,0.0019445602984994245,12.138712259088344
733,discovery,89,3,12.312686874960354,12.376538630889463,0.010161347861717334,12.384159641785752
736,discovery,89,3,12.001511614739405,12.03125213997364,-0.009655680010091473,12.024010379966072
739,discovery,89,3,12.095146671399466,11.828190100950838,-0.13027781057881763,11.730481743016725
746,discovery,89,3,12.61087420020211,12.720377133755296,0.021500982972220844,12.736502870984461
751,discovery,89,3,11.477308649967686,11.437824693194136,0.013983959238246291,11.44831266262282
755,discovery,89,3,11.957617696467539,11.864519991007738,0.014371548780850372,11.875298652593376
764,discovery,89,3,12.727841176689147,12.698664314061709,-0.015720307548185146,12.68687408340057
766,discovery,89,3,12.484208043148733,12.547573269940528,0.07657814978889751,12.605006882282202
768,discovery,89,3,11.982935344196433,12.06137080826035,0.018918881612950182,12.075559969470062
773,discovery,89,3,11.580593459194764,11.839173162812497,-0.09623993754840371,11.766993209651194
777,discovery,89,3,12.308182383129823,12.319505220459748,-0.0019683244392102303,12.31802897713034
788,discovery,89,3,12.358798024384122,12.349543306963854,-0.015342285677781422,12.338036592705517
789,discovery,89,3,11.588969419043874,11.564023365168367,0.02727555075552739,11.584480028235014
791,discovery,89,3,11.984184555794167,11.998098301516187,-0.023186559984292397,11.980708381527968
803,discovery,89,3,12.149507585033072,12.137585416794295,0.010161347861717334,12.145206427690583
814,discovery,89,3,11.969723533345908,11.94588955636334,-0.027229181207719156,11.925467670457552
817,discovery,89,3,11.827743504053695,11.836216327985694,0.02802554490157731,11.857235486661876
819,discovery,89,3,11.951186847493476,11.899619629102661,0.06747843607962539,11.95022845616238
826,discovery,89,3,12.861001210669146,12.956950660138041,-0.05001577454267915,12.919438829231032
832,discovery,89,3,11.92504173829169,11.93251293608464,0.03940110624822395,11.962063765770807
838,discovery,89,3,11.51293546492023,11.461465397264233,0.0004056707285103982,11.461769650310615
855,discovery,89,3,12.04355959836804,12.035705460787053,-0.07360415028446542,11.980502348073705
861,discovery,89,3,12.154521423145216,12.070873309700442,0.02885236820941439,12.092512585857502
872,discovery,89,3,12.208574513247495,12.132191591900714,-0.01246194660867846,12.122845131944205
874,discovery,89,3,11.798111925972618,11.775357357757658,0.03377690754422641,11.800690038415828
881,discovery,89,3,11.964007453736912,11.991603921762986,-0.05874842805720039,11.947542600720086
884,discovery,89,3,11.682676678340282,11.728631882559364,0.04207513395869547,11.760188233028385
886,discovery,89,3,12.70351207261035,12.464772200310788,0.056409815245807265,12.507079561745144
890,discovery,89,3,11.915058360753719,11.920487454950555,-0.0589937668909917,11.87624212978231
925,discovery,89,3,12.242891437918386,12.223094433473978,0.02975101880853236,12.245407697580378
929,discovery,89,3,12.373707715234994,12.4000167621001,-0.05447718303659109,12.359158874822656
932,discovery,89,3,11.674202123168433,11.754500907472636,0.011947757416895029,11.763461725535308
937,discovery,89,3,12.127575825689417,12.135743665235841,-0.01598438466509319,12.123755376737021
944,discovery,89,3,11.870606902224587,11.834891594368745,-0.08049867076731808,11.774517591293257
946,discovery,89,3,11.735276702486741,11.8485091625325,-0.01136219628630479,11.839987515317771
948,discovery,89,3,12.506180941677357,12.557390116830794,-0.06317087678469319,12.510011959242274
950,discovery,89,3,12.193498926601634,12.067904697681614,0.03614448043849322,12.095013058010483
963,discovery,89,3,11.951186847493476,11.938862186290466,-0.016165511422247394,11.926738052723781
971,discovery,89,3,11.813037464800539,11.287890977906656,-0.05715095702979424,11.24502776013431
976,discovery,89,3,12.013706813470414,12.106481129838363,0.03940110624822395,12.13603195952453
979,discovery,89,3,11.608244735642321,11.565287156647006,-0.030259147875950382,11.542592795740044
990,discovery,89,3,12.190964083849375,12.161136003938214,0.03849222876670895,12.190005175513246
997,discovery,89,3,11.824087219587643,11.781020067259815,0.05063231951834801,11.818994306898576
998,discovery,89,3,12.128116509451258,11.981854968483786,0.01367323132385008,11.992109891976673
1002,discovery,89,3,11.362114203075018,11.356840891875633,-0.040942917513016305,11.32613370374087
1020,discovery,89,3,12.271349956195543,12.219812119103649,-0.007108772499610111,12.21448053972894
1021,discovery,89,3,12.07824495582233,12.041696596284405,0.02286403010994356,12.058844618866862
1028,discovery,89,3,12.588194064175278,12.714457208639587,0.021148284072117655,12.730318421693674
1029,discovery,89,3,11.561725152903833,11.767468957467063,-0.013708733752228378,11.757187407152891
1038,discovery,89,3,12.567240979056246,12.432276306665354,-0.04054349253199821,12.401868687266356
1039,discovery,89,3,11.48247656671073,11.543960866283603,-0.026442777719422446,11.524128782994037
1047,discovery,89,3,13.229569788348705,12.976097223381583,0.10662806548733542,13.056068272497084
1052,discovery,89,3,12.206782393599413,12.147474175645927,-0.028400224762693646,12.126174007073907
1066,discovery,89,3,12.700771936142122,12.492699482188057,0.02335429779085568,12.510215205531198
1079,discovery,89,3,11.956976469393481,11.847033304079222,0.0029737418886920525,11.849263610495742
1082,discovery,89,3,11.798111925972618,11.784592720322676,-0.027492781139090136,11.763973134468358
1094,discovery,89,3,11.891368749982085,11.979853075527418,0.05116462988265483,12.018226547939408
1103,discovery,89,3,11.813037464800539,11.818220306178244,-0.01766880421666412,11.804968703015746
1109,discovery,89,3,12.10625783509458,12.033050886559579,-0.05123480591105063,11.99462478212629
1116,discovery,89,3,12.669809806411457,12.587811216179388,0.037846186459971995,12.616195856024367
1118,discovery,89,3,11.775297421715827,11.833265302811734,0.022930338835844617,11.850463056938617
1120,discovery,89,3,11.803361242493628,11.697696464323736,0.012723166571255044,11.707238839252177
1121,discovery,89,3,11.681832447342321,11.66694859097822,-0.05435947659990567,11.626178983528291
1146,discovery,89,3,11.91170829631447,11.805526885622898,-0.012885966488014851,11.795862410756888
1152,discovery,89,3,11.917730355182513,11.989997223200191,-0.06724038009415928,11.939566938129571
1161,discovery,89,3,11.891368749982085,11.860899381467569,-0.02047167792645675,11.845545623022726
1163,discovery,89,3,11.767575435251748,11.746660184255932,-0.038488992965203056,11.717793439532029
1164,discovery,89,3,11.59873612138334,11.86218184289055,-0.10067413618137154,11.786676240754522
1166,discovery,89,3,12.359527368950229,12.38137395237294,0.014175302213399035,12.39200542903299
1168,discovery,89,3,12.06105265381003,12.16845971795475,0.027999764569273857,12.189459541381705
1181,discovery,89,3,12.429220196836383,12.345032371273785,0.02837646062198285,12.366314716740272
1182,discovery,89,3,12.880294363972055,12.557604941170295,0.03764679396998098,12.585840036647781
1183,discovery,89,3,13.521140839642674,13.086066696427448,0.010937216949238823,13.094269609139378
1187,discovery,89,3,11.461642696843066,11.745530179854745,-0.027657062003085833,11.72478738335243
1188,discovery,89,3,12.476103599529843,12.551152248813676,0.0003574799364971376,12.551420358766048
1195,discovery,89,3,11.970356641102999,11.878675995041597,-0.008273820993940927,11.872470629296142
1205,discovery,89,3,11.941462360646149,11.9268666509562,0.03358647190265068,11.952056504883188
1206,discovery,89,3,12.513193308436527,12.512385029568277,0.02114714379256046,12.528245387412698
1209,discovery,89,3,11.849404844423074,11.841628180142527,0.04771059804881929,11.87741112867914
1214,discovery,89,3,11.884495917930655,11.665665982831692,0.06665749585262869,11.715659104721164
1217,discovery,89,3,11.626263078808801,11.719837132175531,-0.045405349451594565,11.685783120086835
1229,discovery,89,3,12.813920618864572,12.796382436745526,0.07546639449619977,12.852982232617677
1231,discovery,89,3,12.154784614286667,12.199407242817069,-0.038488992965203056,12.170540498093166
1235,discovery,89,3,11.775297421715827,11.618558856380004,0.016290384437688536,11.63077664470827
1240,discovery,89,3,12.490879338036375,12.33174283785234,-0.06317087678469319,12.28436468026382
1250,discovery,89,3,11.686887175419702,11.721610745877927,0.02342279470542527,11.739177841906995
1258,discovery,89,3,11.511934974596555,11.362904931251041,-0.00995285190699947,11.355440292320791
1264,discovery,89,3,12.103491596905931,12.001367756845701,0.025227405635210563,12.02028831107211
1269,discovery,89,3,12.850557278777309,12.706440623009062,0.06435772937824859,12.754708920042749
1275,discovery,89,3,11.842236406331555,11.83980647501539,0.06832225218804361,11.891048164156423
1279,discovery,89,3,12.37581963951765,12.467625506191714,-0.04054349253199821,12.437217886792716
1284,discovery,89,3,11.842236406331555,11.846200333622487,-0.03150423836198457,11.822572154850999
1299,discovery,89,3,11.982935344196433,13.131370378816861,-0.11248358148217204,13.047007692705233
1300,discovery,89,3,11.944714374881176,11.96354395555871,0.03441900653153818,11.989358210457365
1308,discovery,89,3,11.835016210489899,11.877106352518602,-0.008162582774042419,11.87098441543807
1310,discovery,89,3,12.09626335986454,12.087469814869772,-0.014592829952816685,12.07652519240516
1315,discovery,89,3,11.686887175419702,11.674941556238666,0.013878605096871811,11.68535051006132
1316,discovery,89,3,12.239995696974733,12.12807036292561,-0.010136224025956542,12.120468194906143
1317,discovery,89,3,12.596403811053621,12.50379966471563,-0.05447718303659109,12.462941777438187
1337,discovery,89,3,11.813037464800539,11.850354967167073,0.01613999659223903,11.862459964611253
1339,discovery,89,3,12.206077645517674,12.297053020507931,0.012305444841806738,12.306282104139287
1341,discovery,89,3,11.719947764402807,11.566073227586301,-0.01211461926066294,11.556987263140805
1349,discovery,89,3,12.278397958261774,12.423795803526238,-0.026338497503894328,12.404041930398318
1352,discovery,89,3,12.049424683420915,11.988479351068136,0.005166154304365726,11.99235396679641
1357,discovery,89,3,11.608244735642321,11.65265072832201,0.01057906959116564,11.660585030515385
1359,discovery,89,3,12.086731521684555,12.042089039714146,0.04294418141440104,12.074297175774946
1360,discovery,89,3,12.660331092405906,12.846607567787556,-0.00015307537965278742,12.846492761252817
1361,discovery,89,3,12.149507585033072,12.147608816619778,0.04063501467040925,12.178085077622585
1362,discovery,89,3,12.468440756144114,12.453850647379971,0.03408147494000088,12.479411753584971
1364,discovery,89,3,11.963574241653713,12.038236076574014,0.005956791402135135,12.042703670125615
1367,discovery,89,3,12.170450649220749,12.228673933954349,-0.045886317877906355,12.19425919554592
1372,discovery,89,3,12.016732516077072,12.069760170368069,0.005166154304365726,12.073634786096342
1375,discovery,89,3,12.429220196836383,12.455380376561855,0.037257009268134536,12.483323133512956
1377,discovery,89,3,11.418625774449598,11.440439214070956,-0.0352708325211529,11.413986089680092
1380,discovery,89,3,12.02874460037869,11.987509082050265,0.04371297265249251,12.020293811539634
1381,discovery,89,3,10.97679912709094,11.24643378556533,-0.052167650285907044,11.2073080478509
1386,discovery,89,3,11.74006900564972,11.641315475426769,-0.022466455233253652,11.624465634001828
1390,discovery,89,3,11.782960235741939,11.806308305869127,0.025227405635210563,11.825228860095535
1393,discovery,89,3,11.719947764402807,11.748255442858467,0.012723166571255044,11.757797817786908
1394,discovery,89,3,12.001511614739405,11.828218722401216,2.132588703072577e-05,11.828234716816489
1404,discovery,89,3,12.552930054797935,12.272465070130005,-0.028710278216937404,12.250932361467303
1406,discovery,89,3,12.524530013005734,12.548085058888692,0.015831821268626898,12.559958924840162
1409,discovery,89,3,11.74006900564972,11.540746192828493,0.013983959238246291,11.551234162257177
1424,discovery,89,3,12.524420916542532,12.124015985425638,-0.07277763332886622,12.069432760428988
1431,discovery,89,3,12.165984756488543,12.13999792111753,0.05051476478268853,12.177883994704546
1436,discovery,89,3,12.066816325306588,12.054629256466777,-0.030199221893731646,12.031979840046478
1444,discovery,89,3,11.703554089007538,11.566945922631524,0.0355815184740117,11.593632061487032
1447,discovery,89,3,11.969723533345908,11.862468652978706,0.00255292187689076,11.864383344386374
1448,discovery,89,3,12.388398368982115,12.47604567224172,-0.06483129587539223,12.427422200335174
1452,discovery,89,3,12.567554517655415,12.427583961692731,-0.012525271225636198,12.418190008273504
1456,discovery,89,3,12.07254696717504,12.09232874366646,0.0015678642457904353,12.093504641850803
1458,discovery,89,3,12.493133274926212,12.449596406776429,0.049933024833749215,12.48704617540174
1459,discovery,89,3,11.864469267087891,11.79447334695175,0.0125898564042068,11.803915739254906
1460,discovery,89,3,11.901590234400047,11.921717742791015,-0.019158246383484113,11.907349058003403
8,discovery,89,4,12.206077645517674,12.276966861468948,-0.009020668074849506,12.27020136041281
10,discovery,89,4,11.678448377988165,11.70145888351071,0.0229223223499384,11.718650625273165
24,discovery,89,4,11.774527900858468,11.831706831699053,-0.001457850236251626,11.830613444021864
28,discovery,89,4,12.631343648903034,12.595328050877752,-0.016143861473347246,12.583220154772741
30,discovery,89,4,11.134603622683905,11.139689277542704,0.08749809403359106,11.205312848067898
33,discovery,89,4,12.100161978566867,12.15732528360663,-0.05163899628871282,12.118596036390095
34,discovery,89,4,12.016732516077072,12.071369857605575,-0.010373873860740587,12.063589452210019
35,discovery,89,4,12.533579815765737,12.591821471813379,-0.014894859250395203,12.580650327375583
39,discovery,89,4,11.599112335481124,11.7454713710768,-0.007435950160357899,11.73989440845653
49,discovery,89,4,11.635151947212842,11.485517875702554,-0.019652530803661757,11.470778477599808
50,discovery,89,4,11.751950239425476,11.743879057827181,0.015606698397296599,11.755584081625154
53,discovery,89,4,11.608244735642321,11.501100829080974,-0.03784457774727125,11.47271739577052
58,discovery,89,4,12.188422799337028,12.186180275377652,-0.00014603959163107458,12.186070745683928
61,discovery,89,4,11.970356641102999,12.04595040434691,-0.02538093493199016,12.026914703147916
73,discovery,89,4,12.128116509451258,12.166255821746562,-0.014400001431099966,12.155455820673238
76,discovery,89,4,11.418625774449598,11.422789697484138,-0.06110708450776267,11.376959384103316
77,discovery,89,4,11.818577604251555,11.644002034627347,0.043822325889445006,11.67686877904443
84,discovery,89,4,11.748005492256807,11.783907544755001,0.03860841905402823,11.812863859045523
86,discovery,89,4,12.468440756144114,12.485664911668705,-0.0027694661085296123,12.483587812087308
89,discovery,89,4,11.350418300109132,11.220129405125546,-0.09262993517128545,11.150656953747081
93,discovery,89,4,12.004574385508691,11.833562772639509,0.07334148479998989,11.8885688862395
96,discovery,89,4,12.128116509451258,12.11767158071468,0.05426380302079492,12.158369432980276
103,discovery,89,4,11.68658461118553,11.665127322582393,0.010059251970669454,11.672671761560395
108,discovery,89,4,11.652696102959753,11.522710842455277,-0.07265505871437399,11.468219548419496
122,discovery,89,4,11.51293546492023,11.493787261261845,-0.13937668230219166,11.389254749535201
141,discovery,89,4,11.652696102959753,11.555243041590696,0.01195456619233053,11.564208966234943
155,discovery,89,4,11.736077016252437,11.543280426420212,-0.08436082042516482,11.480009811101338
177,discovery,89,4,12.259618151783465,12.272288506401818,0.011040396199306657,12.280568803551297
178,discovery,89,4,12.058158312538197,12.12185046129021,0.000783893238410778,12.122438381219018
179,discovery,89,4,13.126032637428713,12.94486797157908,0.08349885031867964,13.00749210931809
180,discovery,89,4,11.51293546492023,11.651606191185044,-0.033213195509979844,11.62669629455256
196,discovery,89,4,11.908346971208951,11.893260289285143,-0.006756542017500982,11.888192882772017
197,discovery,89,4,12.650351332641707,12.623553057889286,0.0022448527955898313,12.625236697485978
205,discovery,89,4,11.608244735642321,11.612796527685951,-0.017214886912206247,11.599885362501796
207,discovery,89,4,11.87688084212164,11.820234255144836,-0.015566179062624927,11.808559620847868
208,discovery,89,4,11.856522261533737,11.857656798669272,0.012649448429523473,11.867143884991414
209,discovery,89,4,12.531776395271262,12.429141203779613,-0.049049460819264624,12.392354108165165
210,discovery,89,4,11.884495917930655,11.89426638429517,0.01484910587181435,11.905403213699032
211,discovery,89,4,11.49273296168228,11.451848056797276,-0.03721656145665966,11.423935635704781
217,discovery,89,4,12.25486757159303,12.228181329799774,-0.013312382666474153,12.218197042799918
230,discovery,89,4,12.167856627501678,12.190455350261661,-0.008500638839145274,12.184079871132303
236,discovery,89,4,11.402005077384885,11.384101349011218,-0.08503348157258868,11.320326237831775
237,discovery,89,4,12.130815551850676,12.130738867727239,-0.006839109036921228,12.125609535949547
244,discovery,89,4,11.695255355062795,11.810933159367309,-0.00820619457233737,11.804778513438055
253,discovery,89,4,12.06105265381003,12.06940877181583,-0.022098940386279645,12.052834566526121
258,discovery,89,4,12.301387370778713,12.364645493243994,-0.04139462093813341,12.333599527540395
263,discovery,89,4,11.92504173829169,11.885642987920477,-0.013316630131448527,11.87565551532189
264,discovery,89,4,11.775297421715827,11.72591087564073,-0.00850883714545419,11.71952924778164
273,discovery,89,4,12.577639650232573,12.614005589336644,0.021710341906101757,12.630288345766221
276,discovery,89,4,12.230770136157428,12.056085964764431,-0.00358339642904955,12.053398417442644
279,discovery,89,4,12.936754021718041,12.862126185311523,0.03725007538407962,12.890063741849582
285,discovery,89,4,12.09626335986454,12.172941160506232,-0.025282669612472275,12.153979158296877
301,discovery,89,4,11.964007453736912,11.9784980258679,0.05756772655211059,12.021673820781983
305,discovery,89,4,12.59473402514672,12.532930458406858,0.03055931088299186,12.555849941569102
307,discovery,89,4,12.323860125621126,12.321768010115385,-0.049049460819264624,12.284980914500936
308,discovery,89,4,11.402005077384885,11.4568956602775,0.007686299619713887,11.462660384992285
310,discovery,89,4,12.793862088206213,12.832934111971651,0.0014552130506404973,12.834025521759632
311,discovery,89,4,12.017336559562407,12.07240888452256,0.02429428665193886,12.090629599511514
316,discovery,89,4,12.146858590895919,12.134141481387593,-0.014400001431099966,12.123341480314268
321,discovery,89,4,12.74444728628135,12.67288345635492,0.053600147685115326,12.713083567118757
334,discovery,89,4,12.240478903153711,12.141524382821784,-0.0016174123364402406,12.140311323569453
340,discovery,89,4,11.951186847493476,11.84482861767058,0.012616329734615217,11.85429086497154
341,discovery,89,4,12.220473454337986,12.259298014005907,-0.03712397114904485,12.231455035644123
345,discovery,89,4,11.350418300109132,11.422660841310691,-0.07795952255230862,11.36419119939646
349,discovery,89,4,11.944714374881176,12.151901749507347,-0.0016174123364402406,12.150688690255016
357,discovery,89,4,12.06105265381003,12.018057992142753,0.02502068939103806,12.03682350918603
362,discovery,89,4,11.884495917930655,11.848825766608941,0.0067968003987969785,11.85392336690804
381,discovery,89,4,11.751950239425476,11.962077631589015,0.04028392436896846,11.992290574865741
385,discovery,89,4,12.388398368982115,12.515193232232754,0.011040396199306657,12.523473529382233
391,discovery,89,4,11.686887175419702,11.76682364040133,-0.007973447826902786,11.760843554531153
395,discovery,89,4,11.599112335481124,11.607541057690678,-0.033213195509979844,11.582631161058194
400,discovery,89,4,12.392556361841777,12.267348281443349,0.01500355868218142,12.278600950454985
401,discovery,89,4,12.411056299528171,12.33042644952887,-0.04423596000540361,12.297249479524817
406,discovery,89,4,11.918397239722838,11.98638017430593,-0.029327665763411892,11.964384424983372
411,discovery,89,4,11.002116507732017,11.531485451906498,-0.038030663624146255,11.502962454188388
412,discovery,89,4,11.884495917930655,11.838771516726363,0.04348372727669239,11.871384312183881
417,discovery,89,4,11.915058360753719,11.945676028991837,-0.013316630131448527,11.93568855639325
422,discovery,89,4,12.278397958261774,12.304322295853025,0.03179672073707763,12.328169836405833
425,discovery,89,4,11.842236406331555,11.877034872995614,-0.01632377158810719,11.864792044304533
433,discovery,89,4,11.715874472198905,11.728899473632982,0.0018373611470307513,11.730277494493254
446,discovery,89,4,11.755879486687116,11.928740771607883,-0.02960336184661045,11.906538250222924
447,discovery,89,4,12.154784614286667,12.299780919499735,0.006275023992587161,12.304487187494175
466,discovery,89,4,12.093693109638318,12.146468379628052,0.00689848037289694,12.151642239907725
479,discovery,89,4,12.601490784782536,12.620572916251138,-0.05387177242591194,12.580169086931704
480,discovery,89,4,11.401681006153428,11.631665798101775,0.03271882680698831,11.656204918207017
484,discovery,89,4,12.00762780434872,11.937351352211996,-0.022683483179865807,11.920338739827097
486,discovery,89,4,11.898194668458823,11.924275487016468,0.012092953832428881,11.93334520239079
493,discovery,89,4,12.059809113551397,12.04952667708277,0.0093929996034184,12.056571426785334
502,discovery,89,4,12.331387247601905,12.286139660833292,0.017236334819380552,12.299066911947827
509,discovery,89,4,11.989165855127435,11.903853286465125,0.03055931088299186,11.92677276962737
515,discovery,89,4,11.477308649967686,11.405091901104065,0.041217654251074876,11.436005141792371
520,discovery,89,4,12.36308066783498,12.424413472420836,0.09138241797644692,12.492950285903172
523,discovery,89,4,11.976665770490767,11.92248195178497,0.07269129776628057,11.977000425109681
526,discovery,89,4,12.07824495582233,12.092437539162129,0.030402677894223636,12.115239547582796
527,discovery,89,4,11.790564777297387,11.815971195175177,0.01114200074343539,11.824327695732753
529,discovery,89,4,11.362114203075018,11.357956796024872,0.046725750273349215,11.393001108729884
532,discovery,89,4,11.759793355371237,11.76675805704558,0.07372071281241425,11.822048591654891
554,discovery,89,4,11.58989576532275,11.661331299444903,0.016503825902421186,11.673709168871719
570,discovery,89,4,11.820123358887447,11.876204864100897,-0.003680804415450432,11.87344426078931
578,discovery,89,4,12.010671928196443,11.934923932613742,-0.006781977675819987,11.929837449356878
580,discovery,89,4,11.78676973513378,11.776824688279829,-0.04615498823492864,11.742208447103632
592,discovery,89,4,13.02132904585825,12.965290487194425,0.039817074033444345,12.995153292719507
595,discovery,89,4,11.608244735642321,11.665388787557273,0.01980105874400457,11.680239581615277
602,discovery,89,4,11.856522261533737,11.769399552888324,-0.010544785115258843,11.761490964051879
608,discovery,89,4,12.323860125621126,12.114311347481939,0.0051928952479402875,12.118206018917894
609,discovery,89,4,12.791358964949923,12.532027599145726,-0.002060540294812155,12.530482193924618
611,discovery,89,4,12.653961664405365,12.664543511276925,0.002394695592390722,12.666339532971218
625,discovery,89,4,12.014615485902027,11.938374923083524,0.016022962489198316,11.950392144950422
627,discovery,89,4,11.848690308590857,11.741014171498867,-0.020030876716486137,11.725991013961503
628,discovery,89,4,11.938199736300925,12.00314363030232,0.006275023992587161,12.00784989829676
640,discovery,89,4,12.485830907348902,12.460394220958603,0.023272767536933726,12.477848796611303
641,discovery,89,4,12.520887034998584,12.527007491884403,-0.02261713510290017,12.510044640557227
646,discovery,89,4,11.872353615355413,11.83292620685844,-0.01950750081429982,11.818295581247716
657,discovery,89,4,11.8879382384223,11.86409799437964,0.014325729969628014,11.87484229185686
660,discovery,89,4,12.025755079404917,11.985932736144632,-0.024401982085078676,11.967631249580823
672,discovery,89,4,11.548302261270587,11.582648390107957,-0.00535289108408969,11.57863372179489
676,discovery,89,4,11.908346971208951,11.880862152967989,-0.006756542017500982,11.875794746454863
677,discovery,89,4,11.373674891823535,11.6755820318007,-0.0329000000641381,11.650907031752595
687,discovery,89,4,12.336556900342153,12.375102595141668,0.018370374746731245,12.388880376201715
695,discovery,89,4,11.860062063178267,11.72312806549547,0.020689546212739267,11.738645225155024
698,discovery,89,4,11.724004532183379,11.789804621252914,-0.009002862873036465,11.783052474098136
699,discovery,89,4,11.83863282480007,11.797620772711722,0.039459459374018915,11.827215367242237
700,discovery,89,4,12.185875040240456,12.12216483405867,0.017236334819380552,12.135092085173206
716,discovery,89,4,12.013706813470414,11.916772175206129,0.0006238432771560973,11.917240057663996
717,discovery,89,4,11.979805470779858,12.146659141710803,-0.0012193511290428723,12.145744628364021
718,discovery,89,4,11.964007453736912,11.98663617046875,0.020909849691523222,12.002318557737391
720,discovery,89,4,11.763691965388299,11.839934550134426,0.03296740181884764,11.864660101498561
723,discovery,89,4,11.732069026983156,11.661840651975586,0.04158954975224587,11.69303281428977
728,discovery,89,4,12.178192583415596,12.19894239357374,-0.015545158803673286,12.187283524470985
730,discovery,89,4,11.542493975902508,11.410156687393224,-0.13842572921319815,11.306337390483325
731,discovery,89,4,12.373707715234994,12.442965523664144,0.050204588276857504,12.480618964871788
735,discovery,89,4,11.58989576532275,11.610276242195981,-0.04672435854602772,11.575232973286461
740,discovery,89,4,12.154784614286667,12.187572024192024,-0.015545158803673286,12.175913155089269
742,discovery,89,4,11.863589378812122,11.812022391735638,-0.012287215085314848,11.802806980421652
743,discovery,89,4,12.095146671399466,12.019779818966287,-0.049049460819264624,11.982992723351838
745,discovery,89,4,12.100717685412471,12.272372453534096,0.04373131464730458,12.305170939519575
747,discovery,89,4,12.371591321286905,12.361858274141756,-0.014400001431099966,12.351058273068432
749,discovery,89,4,12.469978029554953,12.426889494842172,0.037478979065876564,12.454998729141579
752,discovery,89,4,11.995357787034976,11.985459354152551,-0.015350954520093456,11.973946138262482
758,discovery,89,4,11.97603664577121,11.860249430985252,-0.06653404619759332,11.810348896337057
759,discovery,89,4,12.097378802727306,12.02792391350908,0.017236334819380552,12.040851164623614
765,discovery,89,4,12.506180941677357,12.442121200419923,-0.031069616930560526,12.418818987722002
772,discovery,89,4,11.532737896139919,11.692685333348189,0.005933249827533673,11.697135270718839
774,discovery,89,4,11.648338835562747,11.698045708957089,0.03860841905402823,11.72700202324761
776,discovery,89,4,11.995357787034976,11.986311605738308,-0.03808260239190803,11.957749653944377
778,discovery,89,4,11.86710429621008,11.816748861366072,0.000783893238410778,11.81733678129488
783,discovery,89,4,12.139403856983334,12.154170661948298,-0.015545158803673286,12.142511792845543
792,discovery,89,4,11.896833207128452,11.911370673976267,-0.03903355548090151,11.882095507365591
793,discovery,89,4,12.505402864156405,12.36625722632106,0.027821976210131022,12.38712370847866
794,discovery,89,4,12.323860125621126,12.386127924080824,0.05515755408405391,12.427496089643865
800,discovery,89,4,12.07254696717504,12.020529498319334,0.04567427702200302,12.054785206085837
801,discovery,89,4,12.206077645517674,12.207396290187713,0.014224125425499288,12.218064384256838
806,discovery,89,4,12.335700805443338,12.246423428095403,0.0054285820217824556,12.25049486461174
809,discovery,89,4,11.982622797311857,11.88895430180034,-0.003680804415450432,11.886193698488752
815,discovery,89,4,11.661354090741,11.681979224376747,-0.009002862873036465,11.675227077221969
818,discovery,89,4,12.509877789891931,12.580236733675731,-0.06973603565183846,12.527934706936852
820,discovery,89,4,12.319405795112926,12.295127701386217,0.019538015276137626,12.30978121284332
823,discovery,89,4,12.323860125621126,12.137132932383446,-0.04076702358174447,12.106557664697139
824,discovery,89,4,11.845827048676645,11.844407152495215,-0.01149955253840161,11.835782488091414
831,discovery,89,4,12.019749091416921,12.086823340106635,-0.01632377158810719,12.074580511415554
834,discovery,89,4,12.025755079404917,11.953176257737494,-0.0024310257741649004,11.951352988406871
837,discovery,89,4,11.941462360646149,11.775769120630544,0.025426100260534518,11.794838695825945
839,discovery,89,4,11.87757552297847,11.933664558538164,0.01980105874400457,11.948515352596168
840,discovery,89,4,11.779136168550774,11.804875420528814,-0.03721656145665966,11.77696299943632
846,discovery,89,4,12.049424683420915,12.114101747149451,-0.015566179062624927,12.102427112852483
847,discovery,89,4,12.269052139516223,12.187314870611319,-0.048098507730271134,12.151240989813616
849,discovery,89,4,12.388398368982115,12.381697144004015,0.05959276100639757,12.426391714758813
854,discovery,89,4,11.970356641102999,12.04353000925597,-0.0024310257741649004,12.041706739925347
856,discovery,89,4,11.751950239425476,11.848438588863006,0.039459459374018915,11.878033183393521
860,discovery,89,4,12.429220196836383,12.44450406266281,0.04719583994911984,12.479900942624651
866,discovery,89,4,11.908346971208951,11.825501666049293,-0.002954401676351229,11.82328586479203
867,discovery,89,4,12.424810506025395,12.430675328928508,-0.007759669583970877,12.42485557674053
870,discovery,89,4,12.371591321286905,12.33555175792785,-0.03939245796351908,12.30600741445521
882,discovery,89,4,12.141539457711714,12.254784811385042,0.058074609745064336,12.29834076869384
892,discovery,89,4,12.058158312538197,12.06635931790025,-0.059888626803412254,12.021442847797692
914,discovery,89,4,11.884495917930655,11.854040583144693,0.05734317620221628,11.897047965296355
916,discovery,89,4,11.225256725762893,11.349695478979086,-0.06205803759675617,11.303151950781519
917,discovery,89,4,10.471978128496518,11.190867730387033,-0.18262366118337234,11.053899984499504
928,discovery,89,4,12.07824495582233,12.09108110940347,-0.022913413888791777,12.073896048986876
935,discovery,89,4,12.396697137361691,12.31066462456345,-0.050805388011040904,12.27256058355517
938,discovery,89,4,12.441148720271016,12.355915182248918,0.01500355868218142,12.367167851260554
941,discovery,89,4,11.924379271639218,12.054361340765888,-0.022683483179865807,12.037348728380989
955,discovery,89,4,11.755879486687116,11.753602042133805,-0.005938728670009051,11.749147995631297
961,discovery,89,4,11.665655135642039,11.65892942272883,0.04444295148827143,11.692261636345034
964,discovery,89,4,12.384223015005313,12.476033357393046,0.002394695592390722,12.47782937908734
965,discovery,89,4,12.277932735946903,12.305840394751138,0.06773161260080987,12.356639104201745
977,discovery,89,4,11.356283350762888,11.285463162715558,0.11571179261721426,11.37224700717847
983,discovery,89,4,11.982278882874377,12.079682329870682,-0.006267862701946141,12.074981432844222
989,discovery,89,4,12.180759965737863,12.181448442599562,0.015798412139304017,12.19329725170404
992,discovery,89,4,12.031725210748633,12.036480107235734,-0.013903330749518094,12.026052609173595
993,discovery,89,4,12.138869243416009,12.192523822135731,0.025861134766598473,12.21191967321068
1005,discovery,89,4,12.10625783509458,12.143966291796128,-0.008500638839145274,12.137590812666769
1009,discovery,89,4,12.388398368982115,12.413170193983312,-0.04460428968540471,12.379716976719259
1017,discovery,89,4,12.220966184120165,12.361910353592865,-0.015545158803673286,12.35025148449011
1018,discovery,89,4,12.141539457711714,12.131047778722529,0.038237359744823014,12.159725798531147
1027,discovery,89,4,12.02874460037869,11.887499783761516,-0.010373873860740587,11.87971937836596
1030,discovery,89,4,11.678448377988165,11.673066113528575,0.014291536674056927,11.683784766034117
1032,discovery,89,4,12.190964083849375,12.214649823340332,-0.07633311320343104,12.15739998843776
1037,discovery,89,4,12.66191713053049,12.774915220347633,0.017119767560476506,12.78775504601799
1046,discovery,89,4,11.846543632608535,11.74891056770487,-0.06041577719254791,11.703598734810459
1049,discovery,89,4,11.652696102959753,11.819907922193062,-0.0429004886148731,11.787732555731907
1050,discovery,89,4,11.349241150793087,11.602168747274376,0.04396450878444183,11.635142128862707
1055,discovery,89,4,12.449022745701502,12.475698298828693,-0.038472653213869744,12.44684380891829
1056,discovery,89,4,12.100717685412471,11.97689424028478,-0.04310741999669856,11.944563675287256
1060,discovery,89,4,12.301387370778713,12.137589787080916,0.046855293838948216,12.172731257460127
1064,discovery,89,4,11.612779849672751,11.774773107387102,-0.030734439501670083,11.75172227776085
1074,discovery,89,4,11.979805470779858,11.946737576960883,-0.00535289108408969,11.942722908647816
1080,discovery,89,4,11.744045122410057,11.798333220777122,0.0004918075666705199,11.798702076452125
1100,discovery,89,4,11.964007453736912,11.928467729818568,-0.07689955230688288,11.870793065588405
1104,discovery,89,4,11.979805470779858,11.886757710267517,0.012968093437877309,11.896483780345925
1106,discovery,89,4,12.691583538230217,12.734663877341722,-0.009462535553819774,12.727566975676357
1108,discovery,89,4,12.52352951631214,12.327872033090962,-0.009743634647116669,12.320564307105625
1110,discovery,89,4,12.54254845357358,12.66268649552062,-0.024849911240099304,12.644049062090547
1135,discovery,89,4,12.037659911047468,12.10018812322228,0.00794421435090315,12.106146283985456
1143,discovery,89,4,12.959540872420414,12.86338787745109,-0.01012256863060903,12.855795950978134
1144,discovery,89,4,11.289794413577894,11.521785278784183,-0.06736824754831332,11.471259093122947
1149,discovery,89,4,11.669082701743504,11.603733876766976,-0.012231380023826998,11.594560341749105
1158,discovery,89,4,12.345838935721968,12.280121416050093,-0.00385018847363937,12.277233774694864
1159,discovery,89,4,12.367889578686164,12.357843584382383,0.03810020821454746,12.386418740543293
1162,discovery,89,4,12.319405795112926,12.217733796273182,0.05003902306514084,12.255263063572038
1165,discovery,89,4,12.175618592671356,12.17954274317872,0.04938000642717416,12.2165777479991
1167,discovery,89,4,12.41044511731981,12.40928155507066,-0.04516572265915989,12.37540726307629
1170,discovery,89,4,13.345508528717259,13.262390977805689,0.137754863358123,13.365707125324281
1171,discovery,89,4,12.049424683420915,11.9668855936819,-0.01972430430356746,11.952092365454224
1172,discovery,89,4,12.001511614739405,11.990661349954182,-0.00019824963696576763,11.990512662726458
1176,discovery,89,4,12.560247968016562,12.586731650895565,-0.019119538409565318,12.572391997088392
1177,discovery,89,4,11.691080018519527,11.791265470703442,-0.006515729025116388,11.786378673934605
1179,discovery,89,4,11.950541482162043,11.780992400218564,0.05829412929120978,11.824712997186971
1180,discovery,89,4,11.440365524765756,11.49363085314421,-0.040175740332957996,11.463499047894492
1194,discovery,89,4,12.013706813470414,12.01148781499978,-0.03808260239190803,11.98292586320585
1197,discovery,89,4,12.29779001527865,12.307282805732989,-0.009743634647116669,12.299975079747652
1201,discovery,89,4,11.6617850286409,11.539045554572976,-0.019570422896421483,11.52436773740066
1208,discovery,89,4,12.206077645517674,12.3114263403183,0.027503738056023096,12.332054143860319
1216,discovery,89,4,11.736077016252437,11.593707457791995,-0.015566179062624927,11.582032823495027
1224,discovery,89,4,11.834291315386718,11.845720608031044,-0.05866660212733145,11.801720656435545
1225,discovery,89,4,12.122696471358964,12.185832602311194,-0.012167225293900833,12.176707183340769
1236,discovery,89,4,11.841423131921784,11.878051075787205,0.05756772655211059,11.921226870701288
1237,discovery,89,4,12.075400019877522,11.996295390908392,0.0048558612931126855,11.999937286878227
1238,discovery,89,4,12.180759965737863,12.268182446383074,-0.00014603959163107458,12.26807291668935
1245,discovery,89,4,12.345838935721968,12.126583606883063,0.03851995934554085,12.155473576392218
1247,discovery,89,4,12.136191879981927,12.159652109362755,0.018594925096625543,12.173598303185225
1263,discovery,89,4,11.992266613576142,11.87252004834298,0.06095799639605398,11.918238545640019
1272,discovery,89,4,12.132162346145595,12.08402189752956,0.03179672073707763,12.107869438082368
1273,discovery,89,4,11.827743504053695,11.806101507954734,0.01690941518955219,11.818783569346898
1283,discovery,89,4,11.921725007667265,11.910757985047617,0.03261563811558555,11.935219713634305
1285,discovery,89,4,12.037659911047468,12.104299051260629,-0.0027935027716495513,12.102203924181891
1286,discovery,89,4,11.794345471549745,11.711939084367954,0.04224482304545825,11.743622701652047
1287,discovery,89,4,11.870606902224587,11.989105501404644,0.009329893043908155,11.996102921187575
1288,discovery,89,4,12.154784614286667,12.028163381343246,0.01141568228112006,12.036725143054086
1291,discovery,89,4,12.103491596905931,11.985188940308973,0.020799003599180944,12.000788193008358
1295,discovery,89,4,11.652696102959753,11.72412429197561,-0.009002862873036465,11.717372144820832
1305,discovery,89,4,11.775297421715827,11.904489075920521,-0.050698544467939734,11.866465167569567
1306,discovery,89,4,12.691583538230217,12.661151331676999,-0.013943906161401712,12.650693402055948
1309,discovery,89,4,11.898194668458823,11.879539906156072,-0.014982110775007112,11.868303323074818
1311,discovery,89,4,12.721888795877375,12.597992873872265,0.07149353495735687,12.651613025090283
1325,discovery,89,4,11.898194668458823,12.588568111107799,0.05515755408405391,12.62993627667084
1327,discovery,89,4,11.277215789596893,11.41069916986713,-0.04524120833039999,11.37676826361933
1329,discovery,89,4,12.45293662970407,12.174286031430489,-0.028853427067733042,12.15264596112969
1331,discovery,89,4,12.33270970174018,12.360004435505006,-0.010119138243508819,12.352415081822375
1336,discovery,89,4,12.031129798974042,11.980531527255462,0.0006238432771560973,11.980999409713329
1338,discovery,89,4,10.868587496017359,11.030309634539096,-0.03163956316413543,11.006579962165993
1346,discovery,89,4,11.59451466851004,11.444792713291939,-0.04798963546517114,11.40880048669306
1347,discovery,89,4,12.47801017053037,12.409260202332137,0.021425806645972822,12.425329557316616
1355,discovery,89,4,12.367345048436391,12.368666215542703,-0.013312382666474153,12.358681928542847
1356,discovery,89,4,12.04355959836804,12.142710229513082,0.006378451137192712,12.147494067865976
1363,discovery,89,4,11.560772327227417,11.8305576221904,-0.02373531116023323,11.812756138820225
1373,discovery,89,4,12.521981322562505,12.403287970099527,0.01597948235951034,12.415272581869159
1378,discovery,89,4,11.669937760751914,11.829980561661628,-0.0555748595450002,11.788299417002879
1379,discovery,89,4,11.326607934898927,11.525256484760945,-0.016881340785864597,11.512595479171546
1387,discovery,89,4,12.429220196836383,12.638576887884065,-0.009747070813948705,12.631266584773604
1396,discovery,89,4,12.546871224308068,12.515884928671216,-0.04678097400479041,12.480799198167624
1397,discovery,89,4,11.982935344196433,12.017221371444952,0.03424909260793883,12.042908190900906
1399,discovery,89,4,11.835016210489899,11.831556361969472,-0.053231907080050225,11.791632431659435
1400,discovery,89,4,11.831022768939789,11.967688912923673,-0.026546908047181725,11.947778731888286
1401,discovery,89,4,11.695255355062795,11.660415634196108,0.059524954691437496,11.705059350214686
1402,discovery,89,4,12.170450649220749,12.115993813442397,0.01112794357709578,12.12433977112522
1407,discovery,89,4,11.798111925972618,11.798788992324706,0.03261563811558555,11.823250720911394
1408,discovery,89,4,11.626263078808801,11.666534494366907,-0.00874850516231552,11.65997311549517
1413,discovery,89,4,11.407576060361786,11.460716406633393,0.010416672292324338,11.468528910852637
1414,discovery,89,4,12.456835254920371,12.499155765123168,-0.059652126019797136,12.454416670608321
1415,discovery,89,4,12.240478903153711,12.18759651179523,0.059524954691437496,12.232240227813808
1416,discovery,89,4,12.077676615757813,12.308280845216398,-0.008500638839145274,12.30190536608704
1417,discovery,89,4,11.715874472198905,11.779724828406216,0.011944872794273418,11.788683483001922
1421,discovery,89,4,12.100161978566867,12.039541195278476,0.03214848444033973,12.06365255860873
1425,discovery,89,4,11.87757552297847,11.830843061603149,-0.020030876716486137,11.815819904065785
1427,discovery,89,4,12.509877789891931,12.466584167037812,0.03100570543632364,12.489838446115055
1432,discovery,89,4,11.87583791515714,11.796686231698652,-0.006756542017500982,11.791618825185527
1437,discovery,89,4,11.699413330633599,11.67092156589258,0.025591241154472262,11.690114996758435
1453,discovery,89,4,11.884495917930655,11.812868720066868,-0.040175740332957996,11.78273691481715
1454,discovery,89,4,11.344518647594766,11.798042517180338,-0.005884442095308253,11.793629185608857
1455,discovery,89,4,12.128116509451258,12.1437262225498,0.01500355868218142,12.154978891561436
1457,discovery,89,4,12.25486757159303,12.177670585374443,0.025455414995049573,12.19676214662073
11,discovery,89,5,11.771443882099637,11.758115962701037,-0.01662999041477399,11.745643469889957
18,discovery,89,5,11.407576060361786,11.5855774964346,0.04952826458939632,11.622723694876647
22,discovery,89,5,11.845109950883979,11.765178684870053,-0.05007055529394639,11.727625768399593
32,discovery,89,5,11.914054519303125,11.874447142424115,0.0013161830184258271,11.875434279687935
36,discovery,89,5,12.6410997921206,12.64459999434209,0.00797627583400431,12.650582201217594
41,discovery,89,5,11.982935344196433,11.857031259491585,-0.06046527276208004,11.811682304920025
47,discovery,89,5,12.387089184491993,12.585421665426077,-0.08559405926523371,12.521226120977152
48,discovery,89,5,12.428019481065613,12.378733274391555,-0.014390679601769337,12.367940264690228
55,discovery,89,5,11.775297421715827,11.725182513357236,-0.007473869993865822,11.719577110861836
60,discovery,89,5,11.735276702486741,11.697965622197541,0.023849075066439244,11.71585242849737
68,discovery,89,5,12.328294703023396,12.298071322238801,-0.012428041203345444,12.288750291336292
69,discovery,89,5,11.289794413577894,11.338771992131276,-0.030436927721966094,11.315944296339802
78,discovery,89,5,11.751950239425476,11.680051570866903,-0.008177086265570377,11.673918756167724
82,discovery,89,5,11.941462360646149,12.05505026105805,-0.024267252283991812,12.036849821845056
83,discovery,89,5,12.409017571151187,12.310638169222612,-0.010078830848297632,12.303079046086388
88,discovery,89,5,12.010671928196443,12.029969579947197,0.00847382393716155,12.036324947900068
94,discovery,89,5,11.804855999911272,12.07177254326509,-0.039311990651122036,12.04228855027675
95,discovery,89,5,12.229549885708273,12.232960231975362,0.0033233056670333248,12.235452711225637
100,discovery,89,5,11.767187766223199,11.70605810691796,0.013051096600295263,11.715846429368181
101,discovery,89,5,12.230770136157428,12.284989938498407,0.025948103229532275,12.304451015920556
104,discovery,89,5,12.200562492481511,12.136123974959862,-0.010246606292896717,12.128439020240188
105,discovery,89,5,12.040614105490253,11.996590526651424,-0.10712527449422123,11.916246570780759
106,discovery,89,5,12.429220196836383,12.42385899372476,-0.010078830848297632,12.416299870588537
107,discovery,89,5,11.51293546492023,11.368036540064747,-0.025337665528954383,11.349033290918031
111,discovery,89,5,11.827013315851762,11.887734555114362,-0.04071100651770326,11.857201300226084
116,discovery,89,5,12.07824495582233,12.015868422714773,0.03252069777654812,12.040258946047183
117,discovery,89,5,11.842236406331555,11.75151074194781,-0.015545248622680216,11.7398518054808
118,discovery,89,5,11.951186847493476,11.92267174461948,-0.04397725126343025,11.889688806171907
120,discovery,89,5,12.0075668272517,12.05225216228473,-0.030207153511627546,12.02959679715101
124,discovery,89,5,11.944064817531656,11.99093834345069,-0.021519278766120455,11.9747988843761
128,discovery,89,5,11.373674891823535,11.452964876213056,-0.01866370273934026,11.43896709915855
133,discovery,89,5,11.923384748066601,11.9386499613763,0.010472303439333999,11.9465041889558
134,discovery,89,5,12.301387370778713,12.229521998542634,-0.020996325015090092,12.213774754781316
135,discovery,89,5,12.100717685412471,12.054522149492895,0.013115602389339133,12.064358851284899
138,discovery,89,5,12.049424683420915,12.209781238329594,-0.06590243149397544,12.160354414709111
145,discovery,89,5,11.736077016252437,11.812618167774684,0.04836717089454481,11.848893545945591
149,discovery,89,5,11.856522261533737,11.923357790783058,-0.029596288155647514,11.901160574666322
152,discovery,89,5,12.827731880206521,12.703837043973895,0.043719736756250654,12.736626846541082
156,discovery,89,5,11.277215789596893,11.294366839901645,-0.020682577225001962,11.278854906982893
161,discovery,89,5,11.998439434579149,11.960411673996427,0.03790089066493204,11.988837341995126
164,discovery,89,5,11.544433821905134,11.38429192108901,-0.03261836263241481,11.3598281491147
165,discovery,89,5,11.931642378754141,11.882453647683702,-0.0320312935476616,11.858430177522957
172,discovery,89,5,12.278397958261774,12.11054310765836,-0.029197014119169237,12.088645347068983
182,discovery,89,5,12.206577518060588,12.084642622051625,0.04445640751284484,12.117984927686258
183,discovery,89,5,11.695255355062795,11.693522362418525,-0.019093967723315584,11.67920188662604
192,discovery,89,5,12.122696471358964,12.028377618930357,-0.04755065385180357,11.992714628541504
204,discovery,89,5,11.91170829631447,11.844235505106465,0.00763515442050502,11.849961870921843
206,discovery,89,5,12.103491596905931,12.102573605084155,-0.006816471091462084,12.097461251765559
215,discovery,89,5,11.993813394724253,11.895336946113414,0.030731611114142292,11.91838565444902
221,discovery,89,5,12.230282214644559,12.29634191857594,0.003785430139186528,12.29918099118033
224,discovery,89,5,11.48247656671073,11.677873457998077,0.031234691189043123,11.70129947638986
226,discovery,89,5,11.626263078808801,11.536566426640947,-0.02738708396138985,11.516026113669906
228,discovery,89,5,11.571203807011969,11.488658879877393,0.015091825754418564,11.499977749193206
229,discovery,89,5,11.736077016252437,11.717267041545746,-0.018760404257796973,11.703196738352398
234,discovery,89,5,11.761354623750297,11.786786721474757,0.014437964119955845,11.797615194564724
241,discovery,89,5,12.47801017053037,12.543195072804352,-0.012209244691320611,12.534038139285862
242,discovery,89,5,11.612779849672751,11.412529037534412,-0.00849054249018964,11.40616113066677
243,discovery,89,5,11.277215789596893,11.482453083051226,-0.05960715381523009,11.437747717689803
246,discovery,89,5,12.394628892852941,12.294744251547979,-0.04993329289032454,12.257294281880235
247,discovery,89,5,11.827743504053695,11.799510897483321,-0.0026455053902436406,11.797526768440639
249,discovery,89,5,12.100717685412471,12.124704783668905,-0.012428041203345444,12.115383752766396
252,discovery,89,5,12.367345048436391,12.406626349414095,-0.02724701609451849,12.386191087343207
259,discovery,89,5,12.352339472153524,12.279509086290142,-0.008116192449873735,12.273421941952737
282,discovery,89,5,12.128116509451258,12.135381298796002,0.01918850151598108,12.149772674932988
287,discovery,89,5,11.976665770490767,12.140009757373727,0.009959689631427295,12.147479524597298
290,discovery,89,5,11.941950837487406,11.840137924424548,0.03957072654702465,11.869815969334816
294,discovery,89,5,12.367345048436391,12.353866230477797,-0.024706422353664277,12.335336413712549
297,discovery,89,5,11.931642378754141,11.774069725570325,-0.014160775253079612,11.763449144130515
309,discovery,89,5,11.320565693461432,11.626475935569168,0.015174868448905046,11.637857086905846
313,discovery,89,5,11.694421681264394,11.780500067671518,-0.002552434614955256,11.778585741710302
314,discovery,89,5,12.834683971615659,12.433397669591555,-0.010439684807526979,12.42556790598591
317,discovery,89,5,12.468440756144114,12.397105733888454,-0.03542109993248381,12.37053990893909
320,discovery,89,5,12.141539457711714,12.17349895509311,-0.060647970469144066,12.128012977241253
322,discovery,89,5,12.777055016970678,12.739786336777554,-0.008134992290380698,12.733685092559769
324,discovery,89,5,11.745433036677353,11.658827870071446,0.04959219012754643,11.696022012667106
326,discovery,89,5,11.373674891823535,11.364629339831305,0.0037853981801202127,11.367468388466396
330,discovery,89,5,11.264476926102367,11.27379425527992,-0.008764184707514137,11.267221116749285
337,discovery,89,5,12.841132451487937,12.806040782604958,0.0537609239806817,12.84636147559047
338,discovery,89,5,12.273735966890268,12.303081244965,-0.008116192449873735,12.296994100627595
348,discovery,89,5,11.967187086434018,12.085091641469917,-0.025981858484052475,12.065605247606879
350,discovery,89,5,12.988043102265232,13.083831644733884,0.04498086333726703,13.117567292236835
351,discovery,89,5,12.670001611311875,12.621568171549605,0.028869595212882036,12.643220367959266
352,discovery,89,5,12.154784614286667,12.234212121526209,-0.004645738010362879,12.230727818018437
354,discovery,89,5,11.570259974415547,11.470024806264979,-0.01657533860417993,11.457593302311844
356,discovery,89,5,12.086731521684555,12.0534638742362,0.0033233056670333248,12.055956353486476
375,discovery,89,5,12.299112067295642,12.227140970137986,-0.012428041203345444,12.217819939235477
382,discovery,89,5,12.142871895843887,12.266931049298273,0.05304353811736025,12.306713702886293
384,discovery,89,5,11.23850177707664,11.296633897312475,-0.08497723130149917,11.232900973836351
394,discovery,89,5,11.51293546492023,11.432840618779581,0.011162404162084454,11.441212421901144
397,discovery,89,5,11.719947764402807,11.740118301681699,-0.00029305367812722423,11.739898511423103
398,discovery,89,5,12.040614105490253,11.933549253727218,-0.007473869993865822,11.927943851231818
408,discovery,89,5,12.083910661257521,11.952098137043755,0.05248179661513545,11.991459484505107
409,discovery,89,5,12.54254845357358,12.533754689228111,0.015548630125518373,12.54541616182225
414,discovery,89,5,11.652696102959753,11.59450202516156,-0.02376296493235197,11.576679801462296
418,discovery,89,5,12.384223015005313,12.216108982456737,0.04088925075820332,12.246775920525389
424,discovery,89,5,12.660331092405906,12.725539447496347,-0.004269101095551729,12.722337621674683
426,discovery,89,5,11.813037464800539,11.779431095246236,-0.05006023169667677,11.74188592147373
428,discovery,89,5,11.599185726610004,11.621246563461249,0.033127683876518065,11.646092326368636
434,discovery,89,5,12.10625783509458,12.083700757281168,0.007882716817540021,12.089612794894323
440,discovery,89,5,11.608244735642321,11.831416643512974,0.05438199437160765,11.87220313929168
441,discovery,89,5,13.22672519452875,13.091341023095042,0.15439671910628897,13.20713856242476
449,discovery,89,5,11.691080018519527,11.755029085683528,0.02027727098499091,11.770237038922271
451,discovery,89,5,11.608244735642321,11.52191129867679,-0.0026455053902436406,11.519927169634107
454,discovery,89,5,12.25486757159303,12.326139133999268,-0.00899408905620386,12.319393567207115
456,discovery,89,5,12.075400019877522,11.998921689228828,-0.04809838758150972,11.962847898542696
477,discovery,89,5,12.249615734512616,12.29018368345406,0.00763515442050502,12.29591004926944
488,discovery,89,5,12.07254696717504,12.082269290656212,0.021613090103215677,12.098479108233624
497,discovery,89,5,12.971542813248437,12.677947804155961,-0.00858094984902343,12.671512091769193
499,discovery,89,5,11.775297421715827,11.790994953937448,0.009681621913980037,11.798256170372932
511,discovery,89,5,12.013100572810686,12.01354391887317,0.023149591088359903,12.03090611218944
516,discovery,89,5,12.90634935052389,12.866988903942742,-0.05546703451641409,12.825388628055432
522,discovery,89,5,11.918397239722838,11.947123945288343,-0.013432275596418143,11.93704973859103
535,discovery,89,5,12.08954444723597,12.09929151547967,0.00048759075834742087,12.09965720854843
543,discovery,89,5,12.270225154674701,12.26766566097473,-0.060647970469144066,12.222179683122873
552,discovery,89,5,11.630717389475995,11.625030593475115,-0.02163255108932899,11.608806180158119
553,discovery,89,5,12.450981602512561,12.497895715036512,-0.002738401744815223,12.4958419137279
557,discovery,89,5,11.856522261533737,11.902769661282994,0.008637398130519187,11.909247709880884
558,discovery,89,5,11.58989576532275,11.572077070542328,-0.05918679436553914,11.527686974768173
559,discovery,89,5,12.07254696717504,12.18601068493961,-0.007901212883555853,12.180084775276944
560,discovery,89,5,12.36308066783498,12.149732446867219,-0.011543701442014451,12.141074670785708
561,discovery,89,5,11.707677772181546,12.001001910907648,-0.0008142308245971484,12.0003912377892
563,discovery,89,5,11.58989576532275,11.67529255789515,-0.014782118969843874,11.664205968667767
566,discovery,89,5,11.759793355371237,11.769076049342777,-0.09519684843173067,11.697678413018979
572,discovery,89,5,11.695255355062795,11.709648784521095,-0.04251909932888022,11.677759460024435
574,discovery,89,5,12.04355959836804,12.02940476892813,-0.012213061637027562,12.02024497270036
594,discovery,89,5,11.849404844423074,11.847808546955108,0.0087198962125988,11.854348469114557
596,discovery,89,5,12.672949516558306,12.67454470984899,0.10773837174970644,12.75534848866127
599,discovery,89,5,12.289958727201455,12.216901114842397,0.07906657297025096,12.276201044570085
613,discovery,89,5,12.474193386571581,12.467493401567188,-0.043483945765857145,12.434880442242795
616,discovery,89,5,11.83138646878959,11.81278598588007,-0.04916823543935607,11.775909809300554
626,discovery,89,5,11.982935344196433,11.871288900200346,-0.011250840685969416,11.862850769685869
638,discovery,89,5,11.440365524765756,11.58589511480805,-0.07032183139404961,11.533153741262513
643,discovery,89,5,12.75130259456002,12.728163651879632,-0.02486033842664389,12.709518398059648
651,discovery,89,5,12.235393555399902,12.227828720220712,0.04762165402002466,12.26354496073573
655,discovery,89,5,12.765691290604371,12.829545656904987,0.01367707233764809,12.839803461158223
664,discovery,89,5,11.83138646878959,11.867489045484765,0.014090126656811273,11.878056640477373
665,discovery,89,5,12.955129822091815,12.736613440446723,-0.021729806348344136,12.720316085685464
669,discovery,89,5,12.031725210748633,11.99386991870918,0.013115602389339133,12.003706620501184
670,discovery,89,5,11.83138646878959,11.663146620983062,0.07169601205175809,11.71691863002188
674,discovery,89,5,12.458778882573533,12.393624608461728,0.048169947861663745,12.429752069357976
686,discovery,89,5,12.242891437918386,12.31436409834067,0.04648261937250191,12.349226062870047
703,discovery,89,5,12.799178471909892,12.796370653271005,0.10773837174970644,12.877174432083285
712,discovery,89,5,11.54031687156214,11.476682410827319,-0.0802527366439664,11.416492858344345
714,discovery,89,5,11.767575435251748,11.658490010362854,0.04811555771550172,11.694576678649481
725,discovery,89,5,12.676079399771027,12.674050682005364,-0.05328843616145819,12.63408435488427
726,discovery,89,5,11.699413330633599,11.642990602086618,0.03421242566861184,11.668649921338076
729,discovery,89,5,11.608244735642321,11.802598437110566,-0.02271665765724272,11.785560943867633
737,discovery,89,5,11.44572741040675,11.36596428853635,-0.00899804246183133,11.359215756689977
744,discovery,89,5,12.07254696717504,11.941554428991425,0.0024009248105196068,11.943355122599316
757,discovery,89,5,12.264346270624157,12.253431184527322,-0.043483945765857145,12.22081822520293
769,discovery,89,5,12.28690580994122,12.348811500758453,0.0036832269210395705,12.351573920949233
770,discovery,89,5,13.195615697878253,13.052465307056302,0.016371304947191107,13.064743785766694
780,discovery,89,5,11.813037464800539,11.899727243215958,-0.024267252283991812,11.881526804002965
781,discovery,89,5,12.07824495582233,12.039625379156426,-0.012213061637027562,12.030465582928656
785,discovery,89,5,11.759793355371237,11.807333527763596,-0.03500014189765033,11.781083421340359
790,discovery,89,5,12.141539457711714,12.208384429819743,0.07671008229889013,12.26591699154391
795,discovery,89,5,12.178192583415596,12.202009986850959,-0.007901212883555853,12.196084077188292
798,discovery,89,5,11.608244735642321,11.510145656924879,-0.04402937893349531,11.477123622724758
802,discovery,89,5,11.60733523953139,11.70285052456834,-0.07970265002183782,11.643073537051961
805,discovery,89,5,11.678448377988165,11.63275472074133,-0.024115454846478597,11.614668129606471
808,discovery,89,5,12.317171167298682,12.239642059121925,0.010853828959723213,12.247782430841717
810,discovery,89,5,11.571203807011969,11.709275113640716,-0.038493982730435035,11.68040462659289
813,discovery,89,5,10.932999821119937,11.472049845599036,-0.04177740209238453,11.440716794029749
816,discovery,89,5,12.323415584358154,12.205246926723765,-0.010246606292896717,12.197561972004092
825,discovery,89,5,12.357079818283598,12.32622180916826,-0.021729806348344136,12.309924454407001
828,discovery,89,5,12.149507585033072,12.17867086610312,-0.02851154636355374,12.157287206330455
830,discovery,89,5,11.900912042974875,11.945841101488975,0.04147489995773815,11.97694727645728
844,discovery,89,5,11.856522261533737,11.744995439153122,-0.03930171865748043,11.715519150160011
848,discovery,89,5,11.80186424743109,11.796163128267636,0.0176531197550726,11.80940296808394
850,discovery,89,5,12.138869243416009,12.061660080784279,0.04086973901492076,12.092312385045469
851,discovery,89,5,11.78676973513378,11.855703392727321,0.0033233056670333248,11.858195871977596
863,discovery,89,5,11.931642378754141,11.872077384317373,-0.023649692609143437,11.854340114860516
868,discovery,89,5,11.767575435251748,11.842222082031295,0.03341699646501131,11.867284829380054
869,discovery,89,5,12.037659911047468,12.008417436159096,0.07181204834189696,12.062276472415519
877,discovery,89,5,11.792456911128632,11.809425341735542,0.026997824462836495,11.82967371008267
878,discovery,89,5,12.765691290604371,12.772232216423223,0.0020964786274908585,12.773804575393841
883,discovery,89,5,12.08954444723597,12.056706772936726,0.008967458609633794,12.063432366893952
885,discovery,89,5,11.51293546492023,11.705760750106343,-0.002077279448300346,11.704202790520117
891,discovery,89,5,11.719134432217524,11.694064192947417,0.017753000542794425,11.707378943354513
894,discovery,89,5,12.013706813470414,11.966854921685728,-0.01662999041477399,11.954382428874649
895,discovery,89,5,11.685693195625964,11.710834512751683,0.01845222731122812,11.724673683235103
899,discovery,89,5,13.323928581764989,13.07101065622137,0.031051030123330756,13.094298928813869
900,discovery,89,5,11.813037464800539,11.811796823408972,0.02039629949279957,11.827094048028572
901,discovery,89,5,11.608244735642321,11.645371189940487,0.028815835123046363,11.666983066282771
907,discovery,89,5,12.449022745701502,12.462058037507758,-0.014390679601769337,12.45126502780643
915,discovery,89,5,12.065280672855897,12.025277056458837,0.00847382393716155,12.031632424411708
921,discovery,89,5,12.211065162153215,12.224641094017677,-0.025831127519592142,12.205267748377983
924,discovery,89,5,12.170450649220749,12.191867928942226,-0.021519278766120455,12.175728469867636
927,discovery,89,5,12.560247968016562,12.596260060690257,-0.008134992290380698,12.590158816472472
934,discovery,89,5,12.154784614286667,12.20629110614251,-0.007031450657779962,12.201017518149175
940,discovery,89,5,12.406565597924235,12.328141299508166,0.09959120353065261,12.402834702156156
949,discovery,89,5,12.167856627501678,12.197413084658464,0.0036832269210395705,12.200175504849245
951,discovery,89,5,11.767575435251748,11.843110729318497,0.03102752057582736,11.866381369750368
956,discovery,89,5,11.884495917930655,11.87353439816596,0.04088925075820332,11.904201336234612
959,discovery,89,5,12.128116509451258,12.176767441501376,-0.012428041203345444,12.167446410598867
960,discovery,89,5,11.951186847493476,12.07898471809475,0.02754506674380187,12.099643518152602
969,discovery,89,5,10.542732775946709,11.104467370750221,-0.027732149012638173,11.083668258990743
974,discovery,89,5,12.111767460549332,12.29538376361521,0.04124411874644694,12.326316852675046
978,discovery,89,5,12.20557752297723,12.18973193511377,0.03693226999297524,12.217431137608502
980,discovery,89,5,11.842236406331555,11.787986821573556,0.0024009248105196068,11.789787515181446
981,discovery,89,5,12.091789104493502,11.988036239719657,-0.043238805098331876,11.955607135895908
982,discovery,89,5,12.724869415131389,12.687837294966828,-0.003184359303457965,12.685449025489234
987,discovery,89,5,11.669937760751914,11.73262950423802,-0.0026455053902436406,11.730645375195337
988,discovery,89,5,12.887129532148373,12.967346181352864,0.031051030123330756,12.990634453945363
991,discovery,89,5,12.759960632315702,12.675755237788762,0.007530318275361577,12.681402976495283
994,discovery,89,5,12.066241450757124,12.044915552654034,-0.030207153511627546,12.022260187520313
995,discovery,89,5,12.729323752253295,12.727169494316993,0.15439671910628897,12.84296703364671
999,discovery,89,5,11.418625774449598,11.484504614589405,-0.034425488978088725,11.458685497855837
1000,discovery,89,5,12.235636302128867,12.157535232855786,-0.010246606292896717,12.149850278136112
1001,discovery,89,5,11.314486721293981,11.227555708876551,-0.068520917705363,11.176165020597528
1004,discovery,89,5,11.827049837927534,11.910039758356554,0.021613090103215677,11.926249575933966
1008,discovery,89,5,11.385103457032141,11.372004186360613,-0.06639874206483584,11.322205129811985
1013,discovery,89,5,12.013706813470414,12.018539883459292,0.048169947861663745,12.05466734435554
1014,discovery,89,5,11.350418300109132,11.532775565895255,-0.07032183139404961,11.480034192349718
1016,discovery,89,5,12.33270970174018,12.261458780818822,-0.026462534369585566,12.241611880041633
1019,discovery,89,5,11.982935344196433,12.043492971290608,-0.012213061637027562,12.034333175062837
1043,discovery,89,5,12.185875040240456,12.180874728195386,0.03198306978728745,12.204862030535852
1044,discovery,89,5,12.47717172708952,12.432726460595658,-0.029596288155647514,12.410529244478923
1053,discovery,89,5,12.013706813470414,11.995858910518994,-0.013432275596418143,11.98578470382168
1054,discovery,89,5,11.881041706925902,11.902403719970868,-0.016912532812866858,11.889719320361218
1067,discovery,89,5,12.08954444723597,12.068383999460362,0.03419432914629404,12.094029746320082
1071,discovery,89,5,11.813037464800539,11.790168929075737,-0.007473869993865822,11.784563526580337
1072,discovery,89,5,11.944714374881176,11.952128070088595,0.0218825617611886,11.968539991409486
1078,discovery,89,5,11.840796531639839,11.77579250987632,-0.032229959562582004,11.751620040204383
1085,discovery,89,5,12.141539457711714,12.116181793271679,0.019682136188453325,12.130943395413018
1087,discovery,89,5,11.332613886815139,11.501989639547732,-0.03778604903633801,11.47365010277048
1107,discovery,89,5,12.100161978566867,12.144202593979077,-0.03390813690911921,12.118771491297238
1113,discovery,89,5,11.774527900858468,11.691459164271388,0.03386426866717943,11.716857365771773
1114,discovery,89,5,11.80932691294063,11.808993002409967,0.017753000542794425,11.822307752817062
1126,discovery,89,5,11.652696102959753,11.605018436634241,0.016266252235412018,11.6172181258108
1127,discovery,89,5,12.066816325306588,12.168479972171006,-0.02225837902083399,12.151786187905381
1130,discovery,89,5,11.849404844423074,11.822736891510434,-0.04389057327600051,11.789818961553435
1131,discovery,89,5,11.813037464800539,11.99685113620689,-0.019658480140484803,11.982107276101527
1132,discovery,89,5,11.44572741040675,11.547180326021104,0.03237602265538686,11.571462343012644
1141,discovery,89,5,11.842236406331555,11.75117165678003,0.0014254710873237552,11.752240760095523
1157,discovery,89,5,12.100161978566867,12.105023683834515,0.035339369329299056,12.13152821083149
1160,discovery,89,5,12.128116509451258,12.17390615655091,0.020797819969094834,12.18950452152773
1173,discovery,89,5,12.05467400868968,11.990944844533528,0.02967548058682485,12.013201454973647
1174,discovery,89,5,12.208574513247495,12.239311443001084,0.056990990235218704,12.282054685677497
1186,discovery,89,5,11.560772327227417,11.744016618016532,0.004297997504529857,11.74724011614493
1202,discovery,89,5,12.19552218463499,12.178275326779277,-0.007031450657779962,12.173001738785942
1204,discovery,89,5,12.269052139516223,12.276497640324308,-0.007031450657779962,12.271224052330973
1210,discovery,89,5,12.577639650232573,12.503597041276386,-0.021729806348344136,12.487299686515128
1211,discovery,89,5,12.149507585033072,12.202042082070072,-0.023649692609143437,12.184304812613215
1213,discovery,89,5,11.635151947212842,11.387622468421487,0.033121041882104865,11.412463249833065
1227,discovery,89,5,12.273735966890268,12.286954041551024,0.03683254653001982,12.314578451448538
1234,discovery,89,5,11.863589378812122,11.820127056457265,-0.025931813292359475,11.800678196487995
1243,discovery,89,5,12.04355959836804,12.008044036276706,-0.08677725731709607,11.942961093288885
1248,discovery,89,5,12.042971193457888,11.854075858248084,-0.03819708549792809,11.825428044124639
1249,discovery,89,5,11.771443882099637,11.838683968153866,-0.05294631533085015,11.798974231655729
1251,discovery,89,5,12.404927602627597,12.409408607449324,-0.08076924972716573,12.348831670153949
1254,discovery,89,5,12.591338447675579,12.57284825819039,0.012856664615951096,12.582490756652353
1256,discovery,89,5,11.755879486687116,11.737365865433814,0.032290029443564225,11.761583387516486
1262,discovery,89,5,11.766799946849087,11.752031268514768,0.015868893984899473,11.763932939003443
1265,discovery,89,5,12.10625783509458,12.029397909578742,-0.08532564386172421,11.965403676682449
1266,discovery,89,5,12.12215284831553,12.030303590225577,0.04147489995773815,12.061409765193881
1270,discovery,89,5,11.87757552297847,11.815785545406495,-0.007473869993865822,11.810180142911095
1277,discovery,89,5,11.995357787034976,12.018941524476585,0.0218825617611886,12.035353445797476
1282,discovery,89,5,12.100717685412471,12.117553960055734,0.0002749927712925506,12.117760204634203
1294,discovery,89,5,12.000897933306716,12.107111459573666,-0.04993329289032454,12.069661489905922
1296,discovery,89,5,11.83863282480007,11.82937137045492,0.008637398130519187,11.83584941905281
1297,discovery,89,5,11.951186847493476,11.931216129620172,0.0147841521928057,11.942304243764776
1302,discovery,89,5,12.086731521684555,12.050042652509262,0.05356653840722922,12.090217556314684
1303,discovery,89,5,12.577639650232573,12.661918808178285,0.007530318275361577,12.667566546884807
1312,discovery,89,5,12.220966184120165,12.20602782294278,-0.012325837985198472,12.19678344445388
1319,discovery,89,5,12.524530013005734,12.506830014775908,-0.03276926818703761,12.48225306363563
1321,discovery,89,5,11.960817678718287,11.966910602094696,-0.09052455281152498,11.899017187486052
1322,discovery,89,5,11.19135563385109,11.221110008378387,0.035790328728803895,11.24795275492499
1324,discovery,89,5,11.320565693461432,11.280367199624036,0.06262775067334243,11.327338012629044
1333,discovery,89,5,11.51293546492023,11.640031312080078,0.033121041882104865,11.664872093491656
1334,discovery,89,5,11.74006900564972,11.779349954148664,0.01989666630450522,11.794272453877042
1342,discovery,89,5,11.951186847493476,11.936468983227698,-0.021519278766120455,11.920329524153107
1343,discovery,89,5,12.339295865674435,12.429093081680636,-0.04888053631142262,12.392432679447069
1344,discovery,89,5,12.083910661257521,12.018032435547655,0.046285841303768796,12.052746816525481
1345,discovery,89,5,11.95655945119582,12.045286362377944,-0.012325837985198472,12.036041983889044
1350,discovery,89,5,11.711784520403112,11.754336457057072,-0.06291095739932794,11.707153239007576
1353,discovery,89,5,11.812296455066814,11.71731292299486,0.05514047734174075,11.758668281001166
1366,discovery,89,5,12.283038316285214,12.253083651031137,0.02754506674380187,12.273742451088989
1374,discovery,89,5,13.05301544288996,13.014821813071213,0.1701216682714439,13.142413064274796
1376,discovery,89,5,12.384223015005313,12.458147330976136,-0.004718837678666999,12.454608202717136
1383,discovery,89,5,11.964007453736912,11.90310913204309,-0.05262007415089018,11.863644076429923
1395,discovery,89,5,12.415437707935368,12.30244868767189,0.015385051252754434,12.313987476111455
1405,discovery,89,5,11.561725152903833,11.549154019513887,-0.0738409204154072,11.493773329202332
1412,discovery,89,5,11.849404844423074,11.897571876972162,0.012519532085640698,11.906961526036392
1418,discovery,89,5,12.73670383776449,12.738610535915852,-0.003184359303457965,12.736222266438258
1420,discovery,89,5,12.314931534737134,12.39828049358283,0.03905434544938851,12.427571252669871
1435,discovery,89,5,11.982935344196433,12.029662024495053,0.0024367027881585773,12.031489551586173
1439,discovery,89,5,11.916395250412128,11.877424451164506,-0.029849858637212873,11.855037057186596
1440,discovery,89,5,12.190964083849375,12.077053259499142,-0.04809838758150972,12.04097946881301
1442,discovery,89,5,11.913719681428494,11.90050211847284,0.00763515442050502,11.906228484288219
1443,discovery,89,5,12.644330802262578,12.68605530665568,0.11915305973065024,12.775420101453667
1445,discovery,89,5,12.098493002763465,12.18259660554948,-0.012428041203345444,12.17327557464697
2,confirmation,2024,1,12.109016442313738,12.068940104926428,0.054987772232988494,12.11018093410117
3,confirmation,2024,1,12.317171167298682,12.23417385707729,-0.004080313651930245,12.231113621838341
5,confirmation,2024,1,12.429220196836383,12.6522646099488,0.02095340691394225,12.667979665134256
21,confirmation,2024,1,12.692506186542177,12.741777133628315,0.07050427041398412,12.794655336438803
22,confirmation,2024,1,11.845109950883979,11.765178684870053,-0.06240923856098933,11.718371755949311
28,confirmation,2024,1,12.631343648903034,12.595328050877752,-0.018763848040151652,12.581255164847638
29,confirmation,2024,1,12.242891437918386,12.212168139818328,0.020020230512174865,12.22718331270246
37,confirmation,2024,1,11.884495917930655,11.921214364490503,0.002222285272617747,11.922881078444966
42,confirmation,2024,1,12.04355959836804,12.048269784505711,0.0366418262090031,12.075751154162464
44,confirmation,2024,1,11.777218637129327,11.805718136132562,0.019463797997518434,11.820315984630701
45,confirmation,2024,1,11.856522261533737,11.890992635777474,0.020020230512174865,11.906007808661606
46,confirmation,2024,1,12.675766851909591,12.578086415653539,-0.0431182006271512,12.545747765183176
48,confirmation,2024,1,12.428019481065613,12.378733274391555,-0.017375543127763973,12.365701617045731
54,confirmation,2024,1,12.861001210669146,12.776856683162501,0.007604009319128314,12.782559690151848
64,confirmation,2024,1,11.849404844423074,11.835330156182156,-0.07529594084958002,11.77885820054497
66,confirmation,2024,1,12.666660207428574,12.654590977036412,-0.013712129774219378,12.644306879705747
70,confirmation,2024,1,12.323860125621126,12.282174338169584,0.006833373351806638,12.287299368183438
78,confirmation,2024,1,11.751950239425476,11.680051570866903,-0.022203966194517512,11.663398596221015
82,confirmation,2024,1,11.941462360646149,12.05505026105805,-0.002623600022261004,12.053082561041354
86,confirmation,2024,1,12.468440756144114,12.485664911668705,0.036669563580477245,12.513167084354063
89,confirmation,2024,1,11.350418300109132,11.220129405125546,-0.14531440376275637,11.111143602303478
91,confirmation,2024,1,11.60733523953139,11.51418724916653,0.03468824821961533,11.540203435331243
94,confirmation,2024,1,11.804855999911272,12.07177254326509,-0.019714970057482656,12.056986315721979
107,confirmation,2024,1,11.51293546492023,11.368036540064747,0.011642844391619998,11.376768673358463
111,confirmation,2024,1,11.827013315851762,11.887734555114362,-0.047147674848370354,11.852373798978084
117,confirmation,2024,1,11.842236406331555,11.75151074194781,-0.012299601004956981,11.742286041194092
127,confirmation,2024,1,11.759793355371237,11.846008260696314,-0.00040939934901445575,11.845701211184553
134,confirmation,2024,1,12.301387370778713,12.229521998542634,-0.04333565066000044,12.197020260547633
135,confirmation,2024,1,12.100717685412471,12.054522149492895,0.020658068386478698,12.070015700782754
139,confirmation,2024,1,12.345838935721968,12.431069579696024,-0.0367448331834617,12.403510954808427
140,confirmation,2024,1,12.352339472153524,12.24545168362777,0.0031236907644329025,12.247794451701095
141,confirmation,2024,1,11.652696102959753,11.555243041590696,0.045243153415085946,11.58917540665201
142,confirmation,2024,1,12.468440756144114,12.38973421114625,0.01163584301460475,12.398461093407203
143,confirmation,2024,1,12.019749091416921,11.764383344274252,-0.05037572037252888,11.726601553994856
146,confirmation,2024,1,11.775297421715827,11.8090664140512,-0.014111886338429339,11.798482499297378
152,confirmation,2024,1,12.827731880206521,12.703837043973895,0.054788113747449116,12.744928129284482
153,confirmation,2024,1,12.154784614286667,12.138955691083137,0.028542343286103722,12.160362448547714
154,confirmation,2024,1,12.367345048436391,12.151061393574624,0.03084082523788488,12.174192012503038
155,confirmation,2024,1,11.736077016252437,11.543280426420212,-0.0500379930764327,11.505751931612888
160,confirmation,2024,1,12.676079399771027,12.628780562619855,0.02435402073949272,12.647046078174474
162,confirmation,2024,1,12.929993908996359,12.952296873952951,-0.03622455368412792,12.925128458689855
168,confirmation,2024,1,12.693501691489768,12.812688638248689,0.052946185070358115,12.852398277051458
172,confirmation,2024,1,12.278397958261774,12.11054310765836,-0.012642644437405435,12.101061124330306
175,confirmation,2024,1,12.122696471358964,12.191805980796438,0.01303646660252925,12.201583330748335
183,confirmation,2024,1,11.695255355062795,11.693522362418525,-0.03410765370000825,11.66794162214352
185,confirmation,2024,1,11.751950239425476,11.691450623214633,0.027624096685306326,11.712168695728613
195,confirmation,2024,1,11.751950239425476,11.720120303188297,0.038874816368834705,11.749276415464923
196,confirmation,2024,1,11.908346971208951,11.893260289285143,0.013691734133584798,11.903529089885332
202,confirmation,2024,1,12.052344376474922,12.017442659119338,-0.0035893979235915186,12.014750610676645
205,confirmation,2024,1,11.608244735642321,11.612796527685951,-0.0076314984571403625,11.607072903843097
209,confirmation,2024,1,12.531776395271262,12.429141203779613,-0.02315725989167955,12.411773258860853
210,confirmation,2024,1,11.884495917930655,11.89426638429517,0.02841237964213858,11.915575669026774
213,confirmation,2024,1,12.439875187430008,12.392799312702138,0.022477794363509607,12.40965765847477
214,confirmation,2024,1,11.957617696467539,11.952763367120792,0.020429595898848955,11.968085564044928
217,confirmation,2024,1,12.25486757159303,12.228181329799774,-0.004080313651930245,12.225121094560826
220,confirmation,2024,1,12.027191164883384,12.042170199097846,0.040525562689761055,12.072564371115167
225,confirmation,2024,1,12.864242696187505,12.896689067300455,0.11752235217024817,12.984830831428141
226,confirmation,2024,1,11.626263078808801,11.536566426640947,-0.04412006606367297,11.503476377093193
227,confirmation,2024,1,12.577639650232573,12.513988267845534,-0.014222490896302805,12.503321399673306
231,confirmation,2024,1,11.904974309480181,11.847936290821352,0.0021077143277990398,11.849517076567201
236,confirmation,2024,1,11.402005077384885,11.384101349011218,-0.08227387926994123,11.322395939558762
244,confirmation,2024,1,11.695255355062795,11.810933159367309,0.0027279206936541064,11.81297909988755
249,confirmation,2024,1,12.100717685412471,12.124704783668905,-0.005922242329021246,12.12026310192214
257,confirmation,2024,1,12.242891437918386,12.221839934018561,0.03036332667812417,12.244612429027155
269,confirmation,2024,1,11.699413330633599,11.644264239838373,-0.041360203223303735,11.613244087420895
272,confirmation,2024,1,12.394628892852941,12.289117940019,0.05831438233173339,12.3328537267678
273,confirmation,2024,1,12.577639650232573,12.614005589336644,0.04822113710743973,12.650171442167224
274,confirmation,2024,1,11.842236406331555,12.010034345932464,0.006510207311126092,12.014917001415808
275,confirmation,2024,1,11.732069026983156,11.775871879527628,0.0074016931652937466,11.781423149401599
279,confirmation,2024,1,12.936754021718041,12.862126185311523,0.05008151769771429,12.899687323584809
296,confirmation,2024,1,11.86710429621008,11.885595270872024,0.01212675874294347,11.894690339929232
298,confirmation,2024,1,12.384223015005313,12.310520408224447,0.030851760155471093,12.33365922834105
302,confirmation,2024,1,12.495007682693725,12.515352769233864,-0.038586761860552696,12.48641269783845
306,confirmation,2024,1,12.631016799175821,12.608931274124572,-0.038586761860552696,12.579991202729158
312,confirmation,2024,1,11.790564777297387,11.823597342956893,0.006510207311126092,11.828479998440237
314,confirmation,2024,1,12.834683971615659,12.433397669591555,-0.009206007663588627,12.426493163843864
321,confirmation,2024,1,12.74444728628135,12.67288345635492,0.06763960304134028,12.723613158635926
346,confirmation,2024,1,11.850832386224807,11.820967796755271,0.0509430332173489,11.859175071668282
353,confirmation,2024,1,11.461642696843066,11.424720462629239,0.0023041682170607796,11.426448588792034
362,confirmation,2024,1,11.884495917930655,11.848825766608941,-0.022203966194517512,11.832172791963053
372,confirmation,2024,1,11.808821212646512,11.691509028570227,0.006783737752921832,11.696596831884918
375,confirmation,2024,1,12.299112067295642,12.227140970137986,-0.005922242329021246,12.22269928839122
396,confirmation,2024,1,11.767575435251748,11.761346574274059,-0.039159371965940534,11.731977045299603
404,confirmation,2024,1,12.460718739865236,12.415362305653318,0.010441644516233256,12.423193539040494
405,confirmation,2024,1,12.031725210748633,12.054950029525124,0.0061820056874591685,12.059586533790718
407,confirmation,2024,1,11.652696102959753,11.65840543617035,-0.026654017058390933,11.638414923376557
417,confirmation,2024,1,11.915058360753719,11.945676028991837,0.012155942568656026,11.95479298591833
420,confirmation,2024,1,11.863589378812122,11.783441615783056,-0.002589573097383403,11.781499435960018
422,confirmation,2024,1,12.278397958261774,12.304322295853025,0.044496409796393244,12.337694603200319
424,confirmation,2024,1,12.660331092405906,12.725539447496347,0.02095340691394225,12.741254502681803
425,confirmation,2024,1,11.842236406331555,11.877034872995614,-0.005748997494382161,11.872723124874828
431,confirmation,2024,1,11.355113089309977,11.47615543506458,-0.042795699277771854,11.44405866060625
443,confirmation,2024,1,12.000897933306716,11.926760690958876,0.011957410942003229,11.935728749165378
446,confirmation,2024,1,11.755879486687116,11.928740771607883,-0.034766773669958485,11.902665691355415
452,confirmation,2024,1,12.54254845357358,12.314510590147039,0.039869161861747646,12.34441246154335
459,confirmation,2024,1,11.989165855127435,11.938725416211351,-0.0376697199762672,11.910473126229151
461,confirmation,2024,1,12.481565733211923,12.358285855885983,-0.023175776150457697,12.34090402377314
469,confirmation,2024,1,12.429220196836383,12.418015739102865,-0.013712129774219378,12.4077316417722
473,confirmation,2024,1,11.904974309480181,11.840742229119794,-0.029828043004964326,11.818371196866071
474,confirmation,2024,1,12.994532278619134,12.796009794372608,0.052946185070358115,12.835719433175377
475,confirmation,2024,1,12.433212202169729,12.419264826925044,0.03312782702446158,12.44411069719339
484,confirmation,2024,1,12.00762780434872,11.937351352211996,-0.002623600022261004,11.9353836521953
486,confirmation,2024,1,11.898194668458823,11.924275487016468,0.021223938257259926,11.940193440709413
492,confirmation,2024,1,11.798111925972618,11.888585298645905,0.044128536308673576,11.92168170087741
507,confirmation,2024,1,12.278397958261774,12.282262889726212,-0.023494650739754853,12.264641901671396
513,confirmation,2024,1,11.774527900858468,11.715249144313646,0.005269871746970392,11.719201548123873
514,confirmation,2024,1,11.80560254159177,11.867848040798568,-0.020181685365886985,11.852711776774154
517,confirmation,2024,1,11.970356641102999,12.034067656784075,-0.01064759019311998,12.026081964139234
521,confirmation,2024,1,11.573559498507079,11.382748569044852,0.013484773068710999,11.392862148846385
527,confirmation,2024,1,11.790564777297387,11.815971195175177,0.021873163539865147,11.832376067830076
531,confirmation,2024,1,12.07254696717504,12.13035147611215,-0.041600851653576985,12.099150837371967
536,confirmation,2024,1,11.58525542883217,11.759549921537984,-0.012854706651600984,11.749908891549282
549,confirmation,2024,1,11.736077016252437,11.697609887537237,-0.005140344497444141,11.693754629164154
557,confirmation,2024,1,11.856522261533737,11.902769661282994,0.005269871746970392,11.906722065093222
562,confirmation,2024,1,12.04355959836804,12.045024820138595,-0.009201598627600997,12.038123621167895
573,confirmation,2024,1,12.32163544049751,12.252879865484793,-0.030957167952383985,12.229661989520505
576,confirmation,2024,1,11.682676678340282,11.632476536382745,-0.0023290234389873442,11.630729768803505
585,confirmation,2024,1,11.798111925972618,11.84094988095476,0.060316706282864715,11.886187410666908
594,confirmation,2024,1,11.849404844423074,11.847808546955108,0.0031236907644329025,11.850151315028432
602,confirmation,2024,1,11.856522261533737,11.769399552888324,-0.044264438805844304,11.73620122378394
604,confirmation,2024,1,11.92504173829169,11.956776685203387,0.025800041889538813,11.976126716620541
616,confirmation,2024,1,11.83138646878959,11.81278598588007,-0.05794751902587678,11.769325346610664
638,confirmation,2024,1,11.440365524765756,11.58589511480805,-0.07482866410360212,11.529773616730349
645,confirmation,2024,1,12.823631142839984,12.74549826869532,0.04021461691371126,12.775659231380603
654,confirmation,2024,1,11.813037464800539,11.800957147862125,-0.023011491757437046,11.783698529044047
665,confirmation,2024,1,12.955129822091815,12.736613440446723,-0.004968465524226478,12.732887091303553
666,confirmation,2024,1,12.348010479804223,12.385166462661967,-0.0035549051760234308,12.38250028377995
673,confirmation,2024,1,12.013706813470414,12.049689320167113,0.053184310128530116,12.08957755276351
677,confirmation,2024,1,11.373674891823535,11.6755820318007,-0.04289242423888264,11.643412713621537
679,confirmation,2024,1,12.827995001361906,12.762793687075016,0.0846207535711534,12.826259252253381
685,confirmation,2024,1,12.30592250537653,12.265433562313989,0.03059131806516186,12.288377050862861
686,confirmation,2024,1,12.242891437918386,12.31436409834067,0.04325533608189926,12.346805600402094
687,confirmation,2024,1,12.336556900342153,12.375102595141668,0.0378773784113193,12.403510628950157
689,confirmation,2024,1,12.879019669789754,12.316173651452035,0.10002033761896309,12.391188904666256
712,confirmation,2024,1,11.54031687156214,11.476682410827319,-0.10514237162056046,11.397825632111898
713,confirmation,2024,1,12.149507585033072,12.149100955528514,0.034969755701552564,12.175328272304679
727,confirmation,2024,1,12.310437165348775,12.290777807645188,0.07138179690445057,12.344314155323527
732,confirmation,2024,1,12.141539457711714,12.137253838864469,-0.008556782380983403,12.130836252078732
737,confirmation,2024,1,11.44572741040675,11.36596428853635,0.025449055184271693,11.385051079924555
743,confirmation,2024,1,12.095146671399466,12.019779818966287,-0.02315725989167955,12.002411874047526
745,confirmation,2024,1,12.100717685412471,12.272372453534096,0.034969755701552564,12.298599770310261
749,confirmation,2024,1,12.469978029554953,12.426889494842172,0.03059131806516186,12.449832983391044
750,confirmation,2024,1,11.49273296168228,11.292038358529066,-0.055282802274363226,11.250576256823294
753,confirmation,2024,1,12.28765724080691,12.2380635172171,0.021331001390664114,12.254061768260097
760,confirmation,2024,1,12.577639650232573,12.626029185494291,0.019111478236851248,12.64036279417193
761,confirmation,2024,1,11.755879486687116,11.651089632949263,0.006510207311126092,11.655972288432608
763,confirmation,2024,1,12.279327754099118,12.205118776816416,0.0637528783104057,12.25293343554922
767,confirmation,2024,1,12.188422799337028,12.139357040307106,-0.034560623467860284,12.11343657270621
768,confirmation,2024,1,11.982935344196433,12.06137080826035,0.015821620447724748,12.073237023596143
771,confirmation,2024,1,11.812296455066814,11.808971597739225,-0.012299601004956981,11.799746896985507
779,confirmation,2024,1,11.87757552297847,11.785480076918198,0.04883152874736251,11.822103723478719
781,confirmation,2024,1,12.07824495582233,12.039625379156426,-0.010481503403720383,12.031764251603636
795,confirmation,2024,1,12.178192583415596,12.202009986850959,-0.008639574726629382,12.195530305805987
801,confirmation,2024,1,12.206077645517674,12.207396290187713,-0.003320551898635853,12.204905876263735
807,confirmation,2024,1,11.816734299348461,11.78640002858694,0.005269871746970392,11.790352432397167
822,confirmation,2024,1,11.440365524765756,11.385580015573362,-0.05620354653744697,11.343427355670277
828,confirmation,2024,1,12.149507585033072,12.17867086610312,-0.02380648517428477,12.160816002222406
829,confirmation,2024,1,12.128116509451258,12.092009446411643,-0.03736944291464731,12.063982364225657
830,confirmation,2024,1,11.900912042974875,11.945841101488975,0.04840984549909709,11.982148485613298
844,confirmation,2024,1,11.856522261533737,11.744995439153122,-0.0453240021065966,11.711002437573175
845,confirmation,2024,1,11.944064817531656,11.840572222752346,-0.005189815420676038,11.83667986118684
848,confirmation,2024,1,11.80186424743109,11.796163128267636,0.016972644037822213,11.808892611296002
853,confirmation,2024,1,12.00762780434872,12.015043649116665,0.020809173348735763,12.030650529128216
857,confirmation,2024,1,11.898194668458823,11.896717609074365,0.0203652034893336,11.911991511691365
869,confirmation,2024,1,12.037659911047468,12.008417436159096,0.06652818088094346,12.058313571819804
871,confirmation,2024,1,11.603688960617083,11.52415859691256,-0.012937438879260818,11.514455517753115
884,confirmation,2024,1,11.682676678340282,11.728631882559364,0.05558599080672472,11.770321375664407
887,confirmation,2024,1,11.884495917930655,11.966460306243004,-0.009011229379687532,11.959701884208238
892,confirmation,2024,1,12.058158312538197,12.06635931790025,-0.04021274519409593,12.036199759004678
895,confirmation,2024,1,11.685693195625964,11.710834512751683,0.011701336879678061,11.719610515411441
896,confirmation,2024,1,11.849404844423074,12.02013801800387,-0.005748997494382161,12.015826269883084
897,confirmation,2024,1,11.575909653758895,11.334164467021154,-0.10194358638231844,11.257706777234414
900,confirmation,2024,1,11.813037464800539,11.811796823408972,0.040069086757794976,11.841848638477318
903,confirmation,2024,1,12.100717685412471,12.09720633462794,0.007076581939905605,12.102513771082869
911,confirmation,2024,1,11.946660519211651,11.862995332408348,-0.01733993186258788,11.849990383511408
918,confirmation,2024,1,11.813037464800539,11.801175471535263,0.026578296589553164,11.821109193977428
924,confirmation,2024,1,12.170450649220749,12.191867928942226,-0.009531284111854147,12.184719465858336
943,confirmation,2024,1,11.918397239722838,11.801542560337378,-0.05358926889139887,11.76135060866883
946,confirmation,2024,1,11.735276702486741,11.8485091625325,-0.027042516828456625,11.828227274911157
947,confirmation,2024,1,11.870606902224587,11.901367744491916,0.020020230512174865,11.916382917376048
950,confirmation,2024,1,12.193498926601634,12.067904697681614,0.04009391681306618,12.097975135291414
951,confirmation,2024,1,11.767575435251748,11.843110729318497,0.02182369261663325,11.859478498780971
953,confirmation,2024,1,11.804855999911272,11.75448859812286,0.036334191485906595,11.78173924173729
960,confirmation,2024,1,11.951186847493476,12.07898471809475,0.025800041889538813,12.098334749511904
964,confirmation,2024,1,12.384223015005313,12.476033357393046,-0.027633489695613064,12.455308240121337
969,confirmation,2024,1,10.542732775946709,11.104467370750221,0.004709990409588865,11.107999863557414
973,confirmation,2024,1,11.507922973347437,11.739584112488838,-0.016424931054877426,11.72726541419768
976,confirmation,2024,1,12.013706813470414,12.106481129838363,0.04840984549909709,12.142788513962685
979,confirmation,2024,1,11.608244735642321,11.565287156647006,-0.007836677030568538,11.55940964887408
986,confirmation,2024,1,11.736077016252437,11.642535564504069,-0.0041522264810354825,11.639421394643293
987,confirmation,2024,1,11.669937760751914,11.73262950423802,0.017204662734227702,11.74553300128869
991,confirmation,2024,1,12.759960632315702,12.675755237788762,0.036669563580477245,12.70325741047412
994,confirmation,2024,1,12.066241450757124,12.044915552654034,0.014668256761693995,12.055916745225305
996,confirmation,2024,1,11.7085004721646,11.591344471506487,0.06219691995635228,11.63799216147375
1001,confirmation,2024,1,11.314486721293981,11.227555708876551,-0.07596666713958947,11.17058070852186
1008,confirmation,2024,1,11.385103457032141,11.372004186360613,-0.06710105332335607,11.321678396368096
1016,confirmation,2024,1,12.33270970174018,12.261458780818822,-0.0315815386661594,12.237772626819202
1019,confirmation,2024,1,11.982935344196433,12.043492971290608,-0.010481503403720383,12.035631843737818
1022,confirmation,2024,1,12.175618592671356,12.228979271254943,0.01661464665884603,12.241440256249078
1028,confirmation,2024,1,12.588194064175278,12.714457208639587,0.003492225337172899,12.717076377642467
1041,confirmation,2024,1,11.951186847493476,11.991674320583995,-0.027128078888666772,11.971328261417495
1046,confirmation,2024,1,11.846543632608535,11.74891056770487,-0.00885592704087758,11.742268622424213
1053,confirmation,2024,1,12.013706813470414,11.995858910518994,0.007159432593731313,12.001228484964292
1056,confirmation,2024,1,12.100717685412471,11.97689424028478,-0.022906794998628233,11.959714144035809
1059,confirmation,2024,1,12.721888795877375,12.809831873924319,-0.03871570764382414,12.78079509319145
1064,confirmation,2024,1,11.612779849672751,11.774773107387102,-0.0021568847138566678,11.773155443851708
1065,confirmation,2024,1,11.944714374881176,11.946185694199846,0.0018129198859436566,11.947545384114303
1074,confirmation,2024,1,11.979805470779858,11.946737576960883,-0.017568838199456073,11.93356094831129
1078,confirmation,2024,1,11.840796531639839,11.77579250987632,-0.032928374108310926,11.751096229295086
1081,confirmation,2024,1,11.884495917930655,12.008676223778105,0.011254582137892507,12.017117160381524
1100,confirmation,2024,1,11.964007453736912,11.928467729818568,-0.07104949045464921,11.87518061197758
1103,confirmation,2024,1,11.813037464800539,11.818220306178244,0.007592062413207217,11.82391435298815
1110,confirmation,2024,1,12.54254845357358,12.66268649552062,-0.014361355056824598,12.651915479228002
1115,confirmation,2024,1,11.669937760751914,11.658436897392706,0.010575812169090855,11.666368756519525
1119,confirmation,2024,1,11.849404844423074,11.794918682395236,0.004941911719943714,11.798625116185194
1122,confirmation,2024,1,12.268582547911404,12.275034537086862,0.01661464665884603,12.287495522080997
1130,confirmation,2024,1,11.849404844423074,11.822736891510434,-0.04114365031105588,11.791879153777142
1133,confirmation,2024,1,11.674202123168433,11.764691531665262,-0.06750111733262815,11.714065693665791
1134,confirmation,2024,1,12.386312871189734,12.39502813445011,-0.04170196136598607,12.36375166342562
1142,confirmation,2024,1,12.193498926601634,12.159317429325888,0.031844314181114615,12.183200664961724
1143,confirmation,2024,1,12.959540872420414,12.86338787745109,0.006218209793993115,12.868051534796585
1167,confirmation,2024,1,12.41044511731981,12.40928155507066,-0.04363848012648498,12.376552694975796
1169,confirmation,2024,1,12.367345048436391,12.213082266286277,0.004333334131556411,12.216332266884944
1170,confirmation,2024,1,13.345508528717259,13.262390977805689,0.14517136217867924,13.371269499439698
1171,confirmation,2024,1,12.049424683420915,11.9668855936819,-0.0035893979235915186,11.964193545239207
1174,confirmation,2024,1,12.208574513247495,12.239311443001084,0.032667459389268634,12.263812037543035
1181,confirmation,2024,1,12.429220196836383,12.345032371273785,0.009001302962642588,12.351783348495767
1185,confirmation,2024,1,12.137263685701864,12.233544924894018,-0.011144321066142387,12.22518668409441
1191,confirmation,2024,1,12.031725210748633,12.089868186035737,-0.023543185488229045,12.072210796919565
1193,confirmation,2024,1,11.736077016252437,11.726930418871197,-0.007031744097767039,11.721656610797872
1199,confirmation,2024,1,12.08954444723597,12.041000896288466,-0.006571467611626467,12.036072295579746
1202,confirmation,2024,1,12.19552218463499,12.178275326779277,-0.006571467611626467,12.173346726070557
1209,confirmation,2024,1,11.849404844423074,11.841628180142527,0.023715092216956148,11.859414499305243
1219,confirmation,2024,1,11.296024885689746,11.139489659643791,0.044362639772575194,11.172761639473222
1223,confirmation,2024,1,11.870606902224587,11.955186316039402,0.007159432593731313,11.9605558904847
1228,confirmation,2024,1,11.898194668458823,11.8339605559475,0.02366562129372425,11.851709771917793
1234,confirmation,2024,1,11.863589378812122,11.820127056457265,-0.00922267038201062,11.813210053670756
1238,confirmation,2024,1,12.180759965737863,12.268182446383074,0.01163584301460475,12.276909328644027
1250,confirmation,2024,1,11.686887175419702,11.721610745877927,0.021873163539865147,11.738015618532826
1256,confirmation,2024,1,11.755879486687116,11.737365865433814,0.048135306638927386,11.77346734541301
1258,confirmation,2024,1,11.511934974596555,11.362904931251041,-0.015395331534529101,11.351358432600144
1260,confirmation,2024,1,11.92504173829169,11.884812661758328,0.028362908718906683,11.906084843297508
1264,confirmation,2024,1,12.103491596905931,12.001367756845701,0.048135306638927386,12.037469236824897
1265,confirmation,2024,1,12.10625783509458,12.029397909578742,-0.0876628259246722,11.963650790135238
1268,confirmation,2024,1,12.843973993864076,12.783566699171624,-0.019950847929821686,12.768603563224257
1271,confirmation,2024,1,12.468440756144114,12.349404524191955,0.03200971701739384,12.373411811955
1275,confirmation,2024,1,11.842236406331555,11.83980647501539,0.05603379220236293,11.881831819167163
1278,confirmation,2024,1,12.19552218463499,12.171969925035125,0.0103350326598725,12.179721199530029
1280,confirmation,2024,1,11.133142723386813,11.556243295262087,-0.14155869896319356,11.450074271039691
1283,confirmation,2024,1,11.921725007667265,11.910757985047617,0.036383662409138484,11.938045731854471
1287,confirmation,2024,1,11.870606902224587,11.989105501404644,0.00593253967654544,11.993554906162053
1288,confirmation,2024,1,12.154784614286667,12.028163381343246,0.035475185967690157,12.054769770819014
1290,confirmation,2024,1,12.546113507028412,12.531468806782328,0.07050427041398412,12.584347009592816
1292,confirmation,2024,1,11.691080018519527,11.638005029683534,0.03159818402665651,11.661703667703526
1296,confirmation,2024,1,11.83863282480007,11.82937137045492,0.005269871746970392,11.833323774265148
1300,confirmation,2024,1,11.944714374881176,11.96354395555871,0.01682144527393286,11.976160039514161
1301,confirmation,2024,1,12.323860125621126,12.322568075258372,-0.011130728686325603,12.314220028743629
1302,confirmation,2024,1,12.086731521684555,12.050042652509262,0.047089882402889735,12.085360064311429
1309,confirmation,2024,1,11.898194668458823,11.879539906156072,-0.005140344497444141,11.87568464778299
1314,confirmation,2024,1,12.716405147731708,12.712362411519326,0.03379255283967446,12.737706826149081
1320,confirmation,2024,1,11.6172944892629,11.6438958748476,0.012477163106953909,11.653253747177814
1322,confirmation,2024,1,11.19135563385109,11.221110008378387,0.04478526948731995,11.254698960493878
1324,confirmation,2024,1,11.320565693461432,11.280367199624036,0.060316706282864715,11.325604729336185
1327,confirmation,2024,1,11.277215789596893,11.41069916986713,0.006543657006932114,11.415606912622328
1330,confirmation,2024,1,12.081081821061819,12.10104187816781,0.007076581939905605,12.10634931462274
1339,confirmation,2024,1,12.206077645517674,12.297053020507931,0.01163584301460475,12.305779902768885
1343,confirmation,2024,1,12.339295865674435,12.429093081680636,-0.038586761860552696,12.400153010285221
1351,confirmation,2024,1,12.206077645517674,12.05224994909871,-0.012937438879260818,12.042546869939265
1362,confirmation,2024,1,12.468440756144114,12.453850647379971,0.042606110799294036,12.485805230479441
1364,confirmation,2024,1,11.963574241653713,12.038236076574014,0.017297080927975793,12.051208887269995
1370,confirmation,2024,1,12.354496960983985,12.444526195687034,-0.04363848012648498,12.411797335592171
1373,confirmation,2024,1,12.521981322562505,12.403287970099527,0.026386201779809222,12.423077621434384
1374,confirmation,2024,1,13.05301544288996,13.014821813071213,0.12761327683505325,13.110531770697504
1379,confirmation,2024,1,11.326607934898927,11.525256484760945,0.0005530174953056691,11.525671247882425
1381,confirmation,2024,1,10.97679912709094,11.24643378556533,-0.08036916012291653,11.186156915473143
1384,confirmation,2024,1,11.626263078808801,11.931242789216137,0.02251100141416898,11.948126040276764
1395,confirmation,2024,1,12.415437707935368,12.30244868767189,0.040525562689761055,12.33284285968921
1399,confirmation,2024,1,11.835016210489899,11.831556361969472,-0.04597322738920182,11.79707644142757
1403,confirmation,2024,1,12.174994689959313,12.14170381127865,0.01661464665884603,12.154164796272784
1412,confirmation,2024,1,11.849404844423074,11.897571876972162,0.025871754759210462,11.91697569304157
1413,confirmation,2024,1,11.407576060361786,11.460716406633393,0.016480937593384114,11.47307710982843
1421,confirmation,2024,1,12.100161978566867,12.039541195278476,0.04329270205130818,12.072010721816957
1422,confirmation,2024,1,11.755879486687116,11.837802642514452,-0.005461117614946736,11.833706804303242
1423,confirmation,2024,1,11.824087219587643,11.880817921444553,0.005614844724129124,11.88502905498765
1428,confirmation,2024,1,11.849404844423074,11.863642522034594,0.004304073845639878,11.866870577418824
1438,confirmation,2024,1,12.885673487343764,12.808221190894296,0.054788113747449116,12.849312276204882
1441,confirmation,2024,1,12.160033942617156,12.132695702332656,0.049581036362585956,12.169881479604596
1449,confirmation,2024,1,11.626263078808801,11.636668026851947,0.04663854024347465,11.671646932034554
1453,confirmation,2024,1,11.884495917930655,11.812868720066868,-0.03129992712158673,11.789393774725678
1455,confirmation,2024,1,12.128116509451258,12.1437262225498,0.030202534872865873,12.16637812370445
1456,confirmation,2024,1,12.07254696717504,12.09232874366646,0.0061820056874591685,12.096965247932054
1459,confirmation,2024,1,11.864469267087891,11.79447334695175,-0.002589573097383403,11.792531167128713
14,confirmation,2024,2,12.540761149388421,12.317297242500432,-0.03118967967544621,12.293904982743847
20,confirmation,2024,2,11.842236406331555,11.667270933574905,-0.025363075323167353,11.648248627082529
25,confirmation,2024,2,11.944714374881176,11.893000823834596,0.02023934956567957,11.908180336008856
27,confirmation,2024,2,11.811554895830454,11.826737606463855,0.023903101695137006,11.844664932735208
35,confirmation,2024,2,12.533579815765737,12.591821471813379,-0.04293873569297607,12.559617420043647
39,confirmation,2024,2,11.599112335481124,11.7454713710768,0.005083187142043834,11.749283761433333
43,confirmation,2024,2,11.87757552297847,11.901114858498987,0.07244588383549762,11.95544927137561
55,confirmation,2024,2,11.775297421715827,11.725182513357236,-0.004263586414517822,11.721984823546348
74,confirmation,2024,2,11.88380602959621,11.886267131726543,0.023903101695137006,11.904194457997896
79,confirmation,2024,2,11.824087219587643,11.796219038520174,-0.021420220932759977,11.780153872820604
85,confirmation,2024,2,12.034696963475044,12.041042691282602,-0.01454347346286414,12.030135086185453
88,confirmation,2024,2,12.010671928196443,12.029969579947197,-0.018035871287087283,12.016442676481882
99,confirmation,2024,2,11.326607934898927,11.371466605237305,-0.08952588650857651,11.304322190355872
100,confirmation,2024,2,11.767187766223199,11.70605810691796,0.0211718151743666,11.721936968298735
101,confirmation,2024,2,12.230770136157428,12.284989938498407,0.042496565182493784,12.316862362385278
104,confirmation,2024,2,12.200562492481511,12.136123974959862,0.001016058166603398,12.136886018584814
108,confirmation,2024,2,11.652696102959753,11.522710842455277,-0.030997591992670687,11.499462648460774
114,confirmation,2024,2,12.28765724080691,12.305789023883278,-0.0022523543409379504,12.304099758127576
121,confirmation,2024,2,12.100717685412471,11.989449009472636,0.030829035733470116,12.01257078627274
128,confirmation,2024,2,11.373674891823535,11.452964876213056,-0.009740222904549272,11.445659709034643
130,confirmation,2024,2,11.918397239722838,11.863432463698853,0.014452356597163228,11.874271731146726
144,confirmation,2024,2,12.225880174775122,12.31313914105985,-0.0030889161323374922,12.310822453960597
150,confirmation,2024,2,11.652696102959753,11.588544857913243,-0.015152789196338064,11.57718026601599
167,confirmation,2024,2,12.154784614286667,12.248026808685427,0.04122201654465857,12.278943321093921
177,confirmation,2024,2,12.259618151783465,12.272288506401818,0.020062035317564737,12.287335032889992
180,confirmation,2024,2,11.51293546492023,11.651606191185044,-0.022063231210548328,11.635058767777133
181,confirmation,2024,2,12.083910661257521,12.0544970299575,0.01023323531891674,12.062171956446686
187,confirmation,2024,2,12.06105265381003,12.079098965420474,-0.035747753810825525,12.052288150062354
189,confirmation,2024,2,11.940399914116648,11.869236533848351,-0.029329024731209095,11.847239765299944
190,confirmation,2024,2,12.563750586299374,12.471561618278095,0.029145051332328913,12.493420406777341
193,confirmation,2024,2,12.165255859329688,12.198811530308024,-0.0030889161323374922,12.196494843208772
194,confirmation,2024,2,11.775297421715827,11.870885293198514,-0.05273288225731496,11.831335631505528
198,confirmation,2024,2,12.367345048436391,12.49231101113106,-0.12542014540893517,12.398245902074358
199,confirmation,2024,2,11.552155793461898,11.626644000576494,-0.08060076043710893,11.566193430248662
200,confirmation,2024,2,12.524166311833152,12.634908542278305,-0.007318458908130816,12.629419698097207
201,confirmation,2024,2,11.849404844423074,11.873029239780879,0.007193436896059791,11.878424317452923
206,confirmation,2024,2,12.103491596905931,12.102573605084155,-0.01454347346286414,12.091665999987006
215,confirmation,2024,2,11.993813394724253,11.895336946113414,0.030110179946084774,11.917919581072978
219,confirmation,2024,2,12.649157827477366,12.325578850651032,0.05653767785029565,12.367982109038755
224,confirmation,2024,2,11.48247656671073,11.677873457998077,0.04584146484856955,11.712254556634504
233,confirmation,2024,2,11.456365695436427,11.479573869117672,-0.013856353201744939,11.469181604216363
235,confirmation,2024,2,12.285350445351659,12.283854154397522,0.0020984691043312376,12.28542800622577
237,confirmation,2024,2,12.130815551850676,12.130738867727239,0.001016058166603398,12.131500911352191
239,confirmation,2024,2,12.669809806411457,12.455222842514932,0.05333156795082469,12.49522151847805
240,confirmation,2024,2,11.635151947212842,11.741795152526517,-0.05388320207621319,11.701382750969357
250,confirmation,2024,2,12.531776395271262,12.503832629527393,0.04683089246643358,12.538955798877218
251,confirmation,2024,2,11.245059091624615,11.40901724215379,-0.01651497625850075,11.396631009959915
252,confirmation,2024,2,12.367345048436391,12.406626349414095,0.01675789397325436,12.419194769894036
260,confirmation,2024,2,11.48247656671073,11.550710684973843,-0.035555152188229314,11.52404432083267
262,confirmation,2024,2,12.52815976788113,12.773137123310553,0.010040006075814484,12.780667127867414
264,confirmation,2024,2,11.775297421715827,11.72591087564073,-0.008342391943763284,11.719654081682908
265,confirmation,2024,2,11.19822841866684,11.344468822736898,-0.035555152188229314,11.317802458595725
270,confirmation,2024,2,11.904974309480181,11.923102298628393,0.006177304613677955,11.927735277088651
278,confirmation,2024,2,11.856522261533737,11.559202109604003,0.044199729371853444,11.592351906632894
280,confirmation,2024,2,12.165255859329688,12.183717261185482,0.043886734252356646,12.216632311874749
289,confirmation,2024,2,11.711784520403112,11.649803755026468,-0.01903623047424205,11.635526582170787
300,confirmation,2024,2,11.973516181427835,11.864464222468337,0.07294235183971655,11.919170986348124
303,confirmation,2024,2,12.230770136157428,12.330570624638321,0.010385227621722788,12.338359545354614
308,confirmation,2024,2,11.402005077384885,11.4568956602775,0.0034541378216964404,11.459486263643772
329,confirmation,2024,2,12.276069679344003,12.058994891318356,0.03016071127088759,12.081615424771522
333,confirmation,2024,2,12.556733038263905,12.663734136313874,-0.007318458908130816,12.658245292132776
337,confirmation,2024,2,12.841132451487937,12.806040782604958,0.0448814304031241,12.8397018554073
338,confirmation,2024,2,12.273735966890268,12.303081244965,0.0005721550710062126,12.303510361268255
342,confirmation,2024,2,11.314486721293981,11.21682036453789,0.011785060833544816,11.22565916016305
343,confirmation,2024,2,11.37940550085183,11.46857202303626,-0.04560395796868782,11.434369054559745
345,confirmation,2024,2,11.350418300109132,11.422660841310691,-0.05588416327451568,11.380747718854805
347,confirmation,2024,2,11.928347504569842,11.825532631004645,0.022018128677527192,11.84204622751279
348,confirmation,2024,2,11.967187086434018,12.085091641469917,-0.019964594700549326,12.070118195444506
354,confirmation,2024,2,11.570259974415547,11.470024806264979,-0.035987742893246855,11.443033999095043
355,confirmation,2024,2,11.849404844423074,11.979566139775866,-0.0380618180809151,11.95101977621518
356,confirmation,2024,2,12.086731521684555,12.0534638742362,0.0019434918364299421,12.054921493113524
357,confirmation,2024,2,12.06105265381003,12.018057992142753,0.012439343648260145,12.027387499878948
358,confirmation,2024,2,11.80560254159177,11.855872966647167,-0.005288512727672361,11.851906582101414
365,confirmation,2024,2,12.154784614286667,12.121124694485195,0.02509687748874433,12.139947352601753
366,confirmation,2024,2,11.898194668458823,11.705781131071433,0.0026370356452434665,11.707758907805365
370,confirmation,2024,2,11.995357787034976,12.008219061530035,0.023903101695137006,12.026146387801388
371,confirmation,2024,2,12.057578437658945,12.116739039545049,0.011467638559450634,12.125339768464636
376,confirmation,2024,2,11.0186455364637,11.288445298013727,-0.12679746601218558,11.193347198504588
381,confirmation,2024,2,11.751950239425476,11.962077631589015,0.0327136318599652,11.986612855483989
383,confirmation,2024,2,12.271396795480596,12.235190629217396,-0.0003817727941825902,12.234904299621759
386,confirmation,2024,2,12.165255859329688,12.084268180742908,-0.03567570207030609,12.057511404190178
395,confirmation,2024,2,11.599112335481124,11.607541057690678,-0.022063231210548328,11.590993634282768
399,confirmation,2024,2,11.112462823634855,11.311476051335111,-0.07527292555558336,11.255021357168424
400,confirmation,2024,2,12.392556361841777,12.267348281443349,0.030704888980091313,12.290376948178418
403,confirmation,2024,2,11.58989576532275,11.514742669507777,0.01979544647008239,11.529589254360339
409,confirmation,2024,2,12.54254845357358,12.533754689228111,0.01217032661783522,12.542882434191487
414,confirmation,2024,2,11.652696102959753,11.59450202516156,-0.020665400249762336,11.57900297497424
416,confirmation,2024,2,12.106997888588934,12.136351471353056,0.008619066356309404,12.142815771120288
419,confirmation,2024,2,11.744045122410057,11.587979398524004,-0.04342655341620776,11.555409483461847
429,confirmation,2024,2,12.182809136284991,12.190623529481313,-0.03118967967544621,12.167231269724727
434,confirmation,2024,2,12.10625783509458,12.083700757281168,0.0016545660087340592,12.084941681787718
437,confirmation,2024,2,11.661354090741,11.542773720433816,-0.02661857343812746,11.52280979035522
441,confirmation,2024,2,13.22672519452875,13.091341023095042,0.07405068250262663,13.146879034972013
445,confirmation,2024,2,12.25486757159303,12.29730505753197,0.0005721550710062126,12.297734173835225
451,confirmation,2024,2,11.608244735642321,11.52191129867679,-0.02661857343812746,11.501947368598193
457,confirmation,2024,2,11.49273296168228,11.283716195752408,-0.04733374335265272,11.248215888237919
460,confirmation,2024,2,11.608244735642321,11.673039418812468,-0.028626932950398344,11.65156921909967
462,confirmation,2024,2,11.951186847493476,11.915793429082802,0.006633793305162801,11.920768774061674
463,confirmation,2024,2,11.04106411122238,11.726547310750089,-0.023141204773182933,11.709191407170202
468,confirmation,2024,2,11.89478753335453,11.961459003917307,0.022505270734351032,11.97833795696807
479,confirmation,2024,2,12.601490784782536,12.620572916251138,-0.05657882532960179,12.578138797253937
485,confirmation,2024,2,11.794345471549745,11.780812679561892,0.006334795713840811,11.785563776347272
487,confirmation,2024,2,11.957617696467539,11.911368393186356,0.022505270734351032,11.92824734623712
501,confirmation,2024,2,11.635151947212842,11.626814363275956,-0.02462335361765033,11.608346848062718
504,confirmation,2024,2,12.574185427296195,12.374679458082689,0.05860210084150672,12.418631033713819
505,confirmation,2024,2,11.898194668458823,11.863366658660167,-0.02185619586047771,11.84697451176481
508,confirmation,2024,2,12.246739428005663,12.070101694917428,-0.018035871287087283,12.056574791452112
523,confirmation,2024,2,11.976665770490767,11.92248195178497,0.055957863330946926,11.964450349283181
530,confirmation,2024,2,12.209192772866418,12.360641101411996,-0.08584319764429127,12.296258703178777
535,confirmation,2024,2,12.08954444723597,12.09929151547967,-0.026407016325007332,12.079486253235915
541,confirmation,2024,2,12.660331092405906,12.831890153035696,0.006090394389458427,12.836457948827789
544,confirmation,2024,2,11.798111925972618,11.792400834285305,-0.051414601200604725,11.75383988338485
546,confirmation,2024,2,12.34148164933907,12.347965223102747,-0.017836120689683318,12.334588132585484
548,confirmation,2024,2,11.771443882099637,11.751447792795023,0.005057571545153876,11.755240971453889
554,confirmation,2024,2,11.58989576532275,11.661331299444903,0.0030884625971189005,11.663647646392743
555,confirmation,2024,2,12.556733038263905,12.50168782607001,-0.021594198892365114,12.485492176900735
568,confirmation,2024,2,12.273735966890268,12.20426972155552,-0.02115029579676793,12.188406999707944
571,confirmation,2024,2,11.867805799560465,11.81360022589256,-0.0033096585493290137,11.811117981980564
579,confirmation,2024,2,11.891368749982085,11.993928223977736,-0.014911562008729114,11.982744552471189
582,confirmation,2024,2,12.442306148381938,12.843614349370917,0.05062442461266979,12.881582667830418
583,confirmation,2024,2,11.682676678340282,11.65511780403356,-0.020591552535190887,11.639674139632167
584,confirmation,2024,2,12.691583538230217,12.586808329712717,0.08351974835437354,12.649448140978498
586,confirmation,2024,2,12.820990681250251,12.867438775148242,0.045776691532382785,12.901771293797529
589,confirmation,2024,2,11.870606902224587,12.345887460637055,0.06074321765412213,12.391444873877646
592,confirmation,2024,2,13.02132904585825,12.965290487194425,0.018101688649387646,12.978866753681466
598,confirmation,2024,2,12.176654133447505,12.135648043778875,0.015014839100590913,12.14690917310432
606,confirmation,2024,2,12.230770136157428,12.166538334924065,-0.03967589569588983,12.136781413152146
612,confirmation,2024,2,11.904974309480181,11.979304818931721,0.02877572591570874,12.000886613368504
629,confirmation,2024,2,11.813037464800539,12.126779348538273,0.008640571192170477,12.1332597769324
633,confirmation,2024,2,11.320565693461432,12.035235501553139,-0.019419389439577526,12.020670959473456
640,confirmation,2024,2,12.485830907348902,12.460394220958603,0.013851302897165033,12.470782698131478
642,confirmation,2024,2,12.328294703023396,12.406595886147777,0.03341203231824621,12.431654910386461
646,confirmation,2024,2,11.872353615355413,11.83292620685844,-0.017257451362394424,11.819983118336644
648,confirmation,2024,2,11.951186847493476,11.878805819188827,-0.019637624670002084,11.864077600686326
651,confirmation,2024,2,12.235393555399902,12.227828720220712,0.04881180902630482,12.26443757699044
653,confirmation,2024,2,12.160033942617156,12.186343494410586,-0.0030889161323374922,12.184026807311334
655,confirmation,2024,2,12.765691290604371,12.829545656904987,0.00016620902544751005,12.829670313674072
658,confirmation,2024,2,11.91170829631447,11.989361990191206,0.03332846654885772,12.014358340102849
664,confirmation,2024,2,11.83138646878959,11.867489045484765,0.006749533800462612,11.872551195835111
676,confirmation,2024,2,11.908346971208951,11.880862152967989,-0.0074103470176079085,11.875304392704782
681,confirmation,2024,2,11.870606902224587,11.688361093476187,-0.009373462512743548,11.68133099659163
682,confirmation,2024,2,11.979391594635791,11.587296286553192,-0.017030001687128198,11.574523785287846
691,confirmation,2024,2,11.856522261533737,11.901382488053077,0.002897419701618745,11.90355555282929
694,confirmation,2024,2,11.59433032142082,11.576893464133564,-0.009056542098795101,11.570101057559468
696,confirmation,2024,2,12.07824495582233,12.061330343459078,0.03272021510166534,12.085870504785326
698,confirmation,2024,2,11.724004532183379,11.789804621252914,-0.010959183912038093,11.781585233318886
706,confirmation,2024,2,10.915106645867503,11.075633569446858,-0.08750347758985445,11.010005961254466
710,confirmation,2024,2,11.60733523953139,11.562189228191059,-0.018480151819624785,11.548329114326341
720,confirmation,2024,2,11.763691965388299,11.839934550134426,0.02760280163154135,11.860636651358082
724,confirmation,2024,2,11.813037464800539,11.801692011624246,0.021195382643332407,11.817588548606745
728,confirmation,2024,2,12.178192583415596,12.19894239357374,-0.0030889161323374922,12.196625706474487
739,confirmation,2024,2,12.095146671399466,11.828190100950838,-0.13018262396127664,11.73055313297988
747,confirmation,2024,2,12.371591321286905,12.361858274141756,-0.01454347346286414,12.350950669044607
756,confirmation,2024,2,12.058158312538197,12.022427060431953,0.007526091980761838,12.028071629417525
766,confirmation,2024,2,12.484208043148733,12.547573269940528,0.0432271847722508,12.579993658519717
773,confirmation,2024,2,11.580593459194764,11.839173162812497,-0.06534910744026177,11.7901613322323
778,confirmation,2024,2,11.86710429621008,11.816748861366072,-0.009667061019122652,11.80949856560173
793,confirmation,2024,2,12.505402864156405,12.36625722632106,0.04139673092586662,12.39730477451546
794,confirmation,2024,2,12.323860125621126,12.386127924080824,-0.01722284148131316,12.37321079296984
802,confirmation,2024,2,11.60733523953139,11.70285052456834,-0.06213245140177161,11.656251186017013
804,confirmation,2024,2,13.275829251377,12.966138459179659,-0.006691628233629438,12.961119738004436
806,confirmation,2024,2,12.335700805443338,12.246423428095403,0.008126145723602537,12.252518037388105
808,confirmation,2024,2,12.317171167298682,12.239642059121925,0.020508396394279732,12.255023356417635
809,confirmation,2024,2,11.982622797311857,11.88895430180034,0.00650341400138756,11.89383186230138
810,confirmation,2024,2,11.571203807011969,11.709275113640716,-0.039216223391573025,11.679862946097037
816,confirmation,2024,2,12.323415584358154,12.205246926723765,0.001016058166603398,12.206008970348718
818,confirmation,2024,2,12.509877789891931,12.580236733675731,-0.06997752573081543,12.52775358937762
824,confirmation,2024,2,11.845827048676645,11.844407152495215,-0.024767104686106534,11.825831823980636
826,confirmation,2024,2,12.861001210669146,12.956950660138041,-0.07190385336172019,12.90302277011675
827,confirmation,2024,2,11.603688960617083,11.46740326434766,0.024169467597623444,11.485530365045877
831,confirmation,2024,2,12.019749091416921,12.086823340106635,-0.01630352349720562,12.074595697483732
832,confirmation,2024,2,11.92504173829169,11.93251293608464,0.044179032734151594,11.965647210635254
835,confirmation,2024,2,11.849047640327147,11.829357606889854,0.011136190293540786,11.83770974961001
839,confirmation,2024,2,11.87757552297847,11.933664558538164,0.017789729080824768,11.947006855348782
854,confirmation,2024,2,11.970356641102999,12.04353000925597,-0.005518745857679533,12.03939094986271
856,confirmation,2024,2,11.751950239425476,11.848438588863006,0.02023934956567957,11.863618101037266
858,confirmation,2024,2,12.066816325306588,11.984521334740174,-0.0020065051946096526,11.983016455844217
865,confirmation,2024,2,12.43153750053306,12.184106733295716,0.008126145723602537,12.190201342588418
872,confirmation,2024,2,12.208574513247495,12.132191591900714,0.0033413227972159234,12.134697583998626
875,confirmation,2024,2,11.104972264124868,11.462052073028497,-0.02253068585285539,11.445154058638856
876,confirmation,2024,2,12.623064399210183,12.679879210607604,-0.01722284148131316,12.666962079496619
877,confirmation,2024,2,11.792456911128632,11.809425341735542,0.022718647640181756,11.826464327465679
878,confirmation,2024,2,12.765691290604371,12.772232216423223,-0.045645879031130966,12.737997807149874
879,confirmation,2024,2,11.904974309480181,11.918268985459248,0.007732626674626801,11.924068455465218
881,confirmation,2024,2,11.964007453736912,11.991603921762986,-0.04849504147681232,11.955232640655376
888,confirmation,2024,2,11.816734299348461,11.806137200290708,-0.020772256462754667,11.790558007943643
891,confirmation,2024,2,11.719134432217524,11.694064192947417,0.022505270734351032,11.710943145998181
899,confirmation,2024,2,13.323928581764989,13.07101065622137,-0.0025866539346885457,13.069070665770354
909,confirmation,2024,2,11.782960235741939,11.794296870824686,-0.010944285187809584,11.78608865693383
912,confirmation,2024,2,11.874097282798648,11.936416743384965,0.02645166618348011,11.956255493022576
914,confirmation,2024,2,11.884495917930655,11.854040583144693,0.0767105521974677,11.911573497292794
915,confirmation,2024,2,12.065280672855897,12.025277056458837,-0.018035871287087283,12.011750152993521
932,confirmation,2024,2,11.674202123168433,11.754500907472636,0.0074751190901970735,11.760107246790284
936,confirmation,2024,2,11.288543647320601,11.472591700154343,0.10298842620267294,11.549833019806348
941,confirmation,2024,2,11.924379271639218,12.054361340765888,-0.012044978432809068,12.045327606941282
948,confirmation,2024,2,12.506180941677357,12.557390116830794,-0.02677019762405687,12.53731246861275
952,confirmation,2024,2,11.694421681264394,11.647258773227811,0.005991831587306404,11.651752646918291
957,confirmation,2024,2,11.728044909070785,11.708147607405714,0.009190398740471582,11.715040406461068
959,confirmation,2024,2,12.128116509451258,12.176767441501376,-0.0003817727941825902,12.176481111905739
961,confirmation,2024,2,11.665655135642039,11.65892942272883,0.036936378999219664,11.686631706978245
966,confirmation,2024,2,12.094587859196112,12.023533555958089,-0.008903766967871755,12.016855730732185
967,confirmation,2024,2,11.982935344196433,11.8309757818981,0.08632641716531186,11.895720594772085
968,confirmation,2024,2,11.813037464800539,11.824236149778441,0.023459198599539828,11.841830548728096
974,confirmation,2024,2,12.111767460549332,12.29538376361521,0.008126145723602537,12.301478372907912
977,confirmation,2024,2,11.356283350762888,11.285463162715558,0.12975728335154177,11.382781125229215
981,confirmation,2024,2,12.091789104493502,11.988036239719657,-0.012805613191108182,11.978432029826326
984,confirmation,2024,2,12.45254592991672,12.422812718597001,-0.05291775412625808,12.383124403002308
989,confirmation,2024,2,12.180759965737863,12.181448442599562,0.02877572591570874,12.203030237036344
992,confirmation,2024,2,12.031725210748633,12.036480107235734,-0.04153635554098725,12.005327840579994
1003,confirmation,2024,2,12.354496960983985,12.393216812104157,-0.017392540711295354,12.380172406570686
1009,confirmation,2024,2,12.388398368982115,12.413170193983312,-0.035747753810825525,12.386359378625192
1011,confirmation,2024,2,11.813037464800539,11.772130896915447,-0.019480133569839228,11.757520796738069
1012,confirmation,2024,2,11.51293546492023,11.532224847574048,-0.047097210516026326,11.496901939687028
1020,confirmation,2024,2,12.271349956195543,12.219812119103649,-0.020267959218791504,12.204611149689555
1024,confirmation,2024,2,12.160033942617156,12.163979437863343,-0.03008103176950808,12.141418664036213
1026,confirmation,2024,2,11.630717389475995,11.728582051669473,0.002389952372766165,11.730374515949048
1027,confirmation,2024,2,12.02874460037869,11.887499783761516,-0.002865755453731832,11.885350467171218
1035,confirmation,2024,2,11.693169865968983,11.713614575872333,0.08903356050346677,11.780389746249933
1038,confirmation,2024,2,12.567240979056246,12.432276306665354,-0.05291775412625808,12.392587991070661
1039,confirmation,2024,2,11.48247656671073,11.543960866283603,-0.010892178615948222,11.535791732321643
1044,confirmation,2024,2,12.47717172708952,12.432726460595658,-0.015491257517200385,12.421108017457758
1052,confirmation,2024,2,12.206782393599413,12.147474175645927,-0.03118967967544621,12.124081915889342
1062,confirmation,2024,2,11.302216779257382,11.570767328883134,-0.0018461888805253578,11.56938268722274
1069,confirmation,2024,2,11.927687224983487,12.06238542811118,-0.05538084927348926,12.020849791156062
1071,confirmation,2024,2,11.813037464800539,11.790168929075737,-0.004263586414517822,11.78697123926485
1072,confirmation,2024,2,11.944714374881176,11.952128070088595,0.026068582577553838,11.97167950702176
1077,confirmation,2024,2,12.04355959836804,11.945613702585653,0.013533500402408881,11.955763827887461
1080,confirmation,2024,2,11.744045122410057,11.798333220777122,0.002389952372766165,11.800125685056697
1084,confirmation,2024,2,11.982935344196433,11.969804650151112,0.007955397896380757,11.975771198573398
1089,confirmation,2024,2,11.83138646878959,11.79626893356924,-0.05273288225731496,11.756719271876253
1092,confirmation,2024,2,11.982935344196433,11.962931841792365,0.03436596018343502,11.988706311929942
1094,confirmation,2024,2,11.891368749982085,11.979853075527418,0.045778994041309175,12.0141873210584
1097,confirmation,2024,2,11.751950239425476,11.639175027510825,0.0025002099565076237,11.641050184978207
1102,confirmation,2024,2,11.691080018519527,11.666296971539522,-0.004263586414517822,11.663099281728634
1124,confirmation,2024,2,11.678448377988165,11.48087690407523,-0.013547124670659494,11.470716560572235
1126,confirmation,2024,2,11.652696102959753,11.605018436634241,0.01706684087542571,11.61781856729081
1129,confirmation,2024,2,12.278397958261774,12.23525938544841,-0.011836330124709239,12.226382137854879
1135,confirmation,2024,2,12.037659911047468,12.10018812322228,0.0007006381435452494,12.100713601829938
1155,confirmation,2024,2,12.215037342290755,12.246066830325583,-0.036014824492546116,12.219055711956173
1157,confirmation,2024,2,12.100161978566867,12.105023683834515,0.0359659214905926,12.13199812495246
1158,confirmation,2024,2,12.345838935721968,12.280121416050093,-0.02525527009570882,12.261179963478313
1159,confirmation,2024,2,12.367889578686164,12.357843584382383,-0.0030519104190471656,12.355554651568099
1160,confirmation,2024,2,12.128116509451258,12.17390615655091,0.029729653780897543,12.196203396886583
1161,confirmation,2024,2,11.891368749982085,11.860899381467569,-0.017751221561536818,11.847585965296416
1173,confirmation,2024,2,12.05467400868968,11.990944844533528,0.03436596018343502,12.016719314671105
1176,confirmation,2024,2,12.560247968016562,12.586731650895565,-0.015233567682611093,12.575306475133607
1177,confirmation,2024,2,11.691080018519527,11.791265470703442,-0.020757357738526157,11.775697452399546
1178,confirmation,2024,2,11.652696102959753,11.616846356495254,-0.04009271719218776,11.586776818601113
1190,confirmation,2024,2,12.149507585033072,12.171649245792416,-0.01043849916392325,12.163820371419474
1200,confirmation,2024,2,11.904974309480181,11.850383020443044,-0.012051051477640583,11.841344731834813
1201,confirmation,2024,2,11.6617850286409,11.539045554572976,0.06168137035264761,11.585306582337461
1203,confirmation,2024,2,11.669937760751914,11.782090126245338,0.04533812759133155,11.816093721938836
1214,confirmation,2024,2,11.884495917930655,11.665665982831692,0.025604008666667136,11.684868989331692
1218,confirmation,2024,2,12.343470927093518,12.427665655267509,-0.01992998481946806,12.412718166652908
1222,confirmation,2024,2,11.80560254159177,11.709747991796776,-0.019480133569839228,11.695137891619398
1226,confirmation,2024,2,11.884495917930655,11.83620005331214,0.022018128677527192,11.852713649820286
1227,confirmation,2024,2,12.273735966890268,12.286954041551024,0.011187163184105543,12.295344413939103
1232,confirmation,2024,2,11.794345471549745,11.871177055428161,0.02094926284425736,11.886889002561354
1242,confirmation,2024,2,12.42250975887691,12.413857913202945,0.021618066701283526,12.430071463228908
1243,confirmation,2024,2,12.04355959836804,12.008044036276706,-0.0008685662977668367,12.007392611553382
1251,confirmation,2024,2,12.404927602627597,12.409408607449324,-0.050016770239818736,12.37189602976946
1253,confirmation,2024,2,11.775297421715827,11.682073046342847,-0.009972580099000072,11.674593611268596
1266,confirmation,2024,2,12.12215284831553,12.030303590225577,0.044179032734151594,12.06343786477619
1273,confirmation,2024,2,11.827743504053695,11.806101507954734,0.004778787823747144,11.809685598822545
1277,confirmation,2024,2,11.995357787034976,12.018941524476585,0.026068582577553838,12.03849296140975
1293,confirmation,2024,2,11.58525542883217,11.683755531325465,-0.07390570389338129,11.62832625340543
1295,confirmation,2024,2,11.652696102959753,11.72412429197561,-0.010959183912038093,11.715904904041581
1299,confirmation,2024,2,11.982935344196433,13.131370378816861,-0.1218202792649357,13.04000516936816
1315,confirmation,2024,2,11.686887175419702,11.674941556238666,0.020241454778143597,11.690122647322275
1317,confirmation,2024,2,12.596403811053621,12.50379966471563,-0.05657882532960179,12.46136554571843
1318,confirmation,2024,2,12.249615734512616,12.164963915710517,0.007172217858413728,12.170343079104327
1333,confirmation,2024,2,11.51293546492023,11.640031312080078,0.0175343114399887,11.653182045660069
1347,confirmation,2024,2,12.47801017053037,12.409260202332137,0.008932736459185527,12.415959754676527
1348,confirmation,2024,2,12.554840409959793,12.60593812070984,0.0350096911164774,12.6321953890472
1353,confirmation,2024,2,11.812296455066814,11.71731292299486,0.05336992257232553,11.757340364924104
1359,confirmation,2024,2,12.086731521684555,12.042089039714146,0.011631066279702729,12.050812339423922
1368,confirmation,2024,2,11.751950239425476,11.774637535630735,0.019924336531102815,11.789580788029062
1369,confirmation,2024,2,11.87757552297847,11.845406569369926,-0.0007636515017249599,11.844833830743632
1376,confirmation,2024,2,12.384223015005313,12.458147330976136,0.0350096911164774,12.484404599313494
1389,confirmation,2024,2,12.84132849667433,12.785623386002332,-0.013397849196521684,12.77557499910494
1390,confirmation,2024,2,11.782960235741939,11.806308305869127,0.03286785460904249,11.830959196825908
1394,confirmation,2024,2,12.001511614739405,11.828218722401216,-0.04893836887989681,11.791514945741293
1404,confirmation,2024,2,12.552930054797935,12.272465070130005,-0.018346468576484164,12.258705218697642
1410,confirmation,2024,2,12.278397958261774,12.25642623099351,-0.013203344397530098,12.246523722695363
1414,confirmation,2024,2,12.456835254920371,12.499155765123168,-0.055619250283967706,12.457441327410192
1424,confirmation,2024,2,12.524420916542532,12.124015985425638,-0.079781123850304,12.06418014253791
1427,confirmation,2024,2,12.509877789891931,12.466584167037812,0.04235065879105542,12.498347161131104
1429,confirmation,2024,2,11.686887175419702,11.619920590246727,-0.0061027032479154435,11.61534356281079
1430,confirmation,2024,2,12.116700301832573,12.175604409178087,0.041098734221707796,12.206428459844368
1445,confirmation,2024,2,12.098493002763465,12.18259660554948,-0.0003817727941825902,12.182310275953842
1458,confirmation,2024,2,12.493133274926212,12.449596406776429,0.05698158094589283,12.492332592485848
1460,confirmation,2024,2,11.901590234400047,11.921717742791015,-0.03309526476875372,11.89689629421445
6,confirmation,2024,3,11.870606902224587,11.990160239543762,0.0017640884924289418,11.991483305913084
9,confirmation,2024,3,11.774527900858468,11.815302847063805,-0.08881692317341539,11.748690154683743
33,confirmation,2024,3,12.100161978566867,12.15732528360663,-0.04411498682807514,12.124239043485574
36,confirmation,2024,3,12.6410997921206,12.64459999434209,-0.01575145313796586,12.632786404488616
53,confirmation,2024,3,11.608244735642321,11.501100829080974,0.03001122191878626,11.523609245520063
56,confirmation,2024,3,12.103491596905931,12.016545520839834,-0.022384017611623147,11.999757507631116
57,confirmation,2024,3,12.058158312538197,12.207171017390907,-0.07421168563156894,12.15151225316723
59,confirmation,2024,3,12.991755706536901,12.910002352048757,-0.0425059687999288,12.87812287544881
62,confirmation,2024,3,11.522885696764481,11.444557087083096,0.04313227226807098,11.476906291284148
71,confirmation,2024,3,12.404927602627597,12.420443243200483,-0.048205044367203055,12.38428945992508
73,confirmation,2024,3,12.128116509451258,12.166255821746562,-0.010725896793873667,12.158211399151156
76,confirmation,2024,3,11.418625774449598,11.422789697484138,-0.036763281563124285,11.395217236311794
80,confirmation,2024,3,11.608244735642321,11.65946835828985,-0.016994410287527968,11.646722550574204
81,confirmation,2024,3,12.173037959397275,12.282067428071192,-0.005921588360112258,12.277626236801108
87,confirmation,2024,3,12.066816325306588,12.070233861664056,0.0039391265878055345,12.07318820660491
90,confirmation,2024,3,11.724813914587886,11.67582939584779,0.011488243753080211,11.6844455786626
93,confirmation,2024,3,12.004574385508691,11.833562772639509,0.05542310937153143,11.875130104668157
102,confirmation,2024,3,12.08954444723597,12.063442821995372,-0.027892987578155018,12.042523081311755
103,confirmation,2024,3,11.68658461118553,11.665127322582393,0.005967645376851065,11.669603056615031
105,confirmation,2024,3,12.040614105490253,11.996590526651424,-0.056231834999709164,11.954416650401642
109,confirmation,2024,3,11.652696102959753,11.69632582534347,0.04313227226807098,11.728675029544522
113,confirmation,2024,3,12.85832230788469,12.764193159206108,-0.025921047552507757,12.744752373541727
115,confirmation,2024,3,12.466515835145202,12.356588128448843,0.08216312274161121,12.418210470505052
116,confirmation,2024,3,12.07824495582233,12.015868422714773,0.0153142815524391,12.027354133879102
118,confirmation,2024,3,11.951186847493476,11.92267174461948,-0.09109596178197218,11.854349773283001
120,confirmation,2024,3,12.0075668272517,12.05225216228473,-0.016007590833373518,12.040246469159701
123,confirmation,2024,3,11.820417517632333,11.839693108438064,-0.000432302376400108,11.839368881655764
125,confirmation,2024,3,12.10625783509458,12.053725431852516,-0.002369249867064674,12.051948494452217
126,confirmation,2024,3,11.344518647594766,11.330985947813947,0.04964858018237359,11.368222382950727
138,confirmation,2024,3,12.049424683420915,12.209781238329594,-0.09393849856662889,12.139327364404622
148,confirmation,2024,3,12.312686874960354,12.31870311656057,-6.186226891485153e-05,12.318656719858884
156,confirmation,2024,3,11.277215789596893,11.294366839901645,-0.03189280416079453,11.270447236781049
164,confirmation,2024,3,11.544433821905134,11.38429192108901,-0.010384057071879213,11.376503878285101
169,confirmation,2024,3,12.119975396053194,12.15629869878048,-0.00889252715485319,12.14962930341434
170,confirmation,2024,3,12.337105293891872,12.385845514019815,-0.0057634784895508814,12.381522905152652
171,confirmation,2024,3,11.763691965388299,11.69675480193152,-0.015161040648507491,11.68538402144514
191,confirmation,2024,3,12.660331092405906,12.553889905521727,0.07503201437309964,12.610163916301552
197,confirmation,2024,3,12.650351332641707,12.623553057889286,0.006748753106800884,12.628614622719386
207,confirmation,2024,3,11.87688084212164,11.820234255144836,-0.01782033100800358,11.806869006888833
211,confirmation,2024,3,11.49273296168228,11.451848056797276,-0.03268752957322211,11.42733240961736
221,confirmation,2024,3,12.230282214644559,12.29634191857594,-0.012379304700859815,12.287057440050296
230,confirmation,2024,3,12.167856627501678,12.190455350261661,-0.024413315241188498,12.17214536383077
238,confirmation,2024,3,12.178192583415596,12.299799766442543,0.004233846907924204,12.302975151623487
241,confirmation,2024,3,12.47801017053037,12.543195072804352,-0.00111762424222547,12.542356854622682
247,confirmation,2024,3,11.827743504053695,11.799510897483321,-0.018840891792003697,11.785380228639319
258,confirmation,2024,3,12.301387370778713,12.364645493243994,-0.06112398530985277,12.318802504261605
259,confirmation,2024,3,12.352339472153524,12.279509086290142,-0.02596285233312034,12.260036947040302
271,confirmation,2024,3,12.491255347155265,12.478114860513603,-0.0063955998283827115,12.473318160642316
276,confirmation,2024,3,12.230770136157428,12.056085964764431,0.005318099157709869,12.060074539132714
277,confirmation,2024,3,12.211065162153215,12.188399590119325,-0.017706115907803847,12.175120003188471
282,confirmation,2024,3,12.128116509451258,12.135381298796002,0.010538564745372625,12.143285222355031
283,confirmation,2024,3,12.242891437918386,12.284051618664654,0.08445967922564529,12.347396378083888
284,confirmation,2024,3,12.407383590534293,12.407631621697954,-0.02177071231905113,12.391303587458665
286,confirmation,2024,3,12.011886987792716,12.007661388023706,0.006748753106800884,12.012722952853807
291,confirmation,2024,3,12.359784657728284,12.407110703157644,0.030306586458414872,12.429840643001455
292,confirmation,2024,3,11.819681958463892,11.786719734033495,0.05885090160920744,11.8308579102404
293,confirmation,2024,3,11.782960235741939,11.914564694274713,-0.07371792002250277,11.859276254257836
294,confirmation,2024,3,12.367345048436391,12.353866230477797,-0.011250597243260246,12.345428282545353
295,confirmation,2024,3,12.025755079404917,11.947112094643295,-0.02032935952725423,11.931865074997853
297,confirmation,2024,3,11.931642378754141,11.774069725570325,0.021180557032847925,11.78995514334496
299,confirmation,2024,3,12.07254696717504,12.1025340605732,0.013871890939097783,12.112937978777524
309,confirmation,2024,3,11.320565693461432,11.626475935569168,0.005019441579208934,11.630240516753574
310,confirmation,2024,3,12.793862088206213,12.832934111971651,0.028831058707957154,12.85455740600262
316,confirmation,2024,3,12.146858590895919,12.134141481387593,-0.010725896793873667,12.126097058792187
320,confirmation,2024,3,12.141539457711714,12.17349895509311,-0.04857742496915172,12.137065886366248
331,confirmation,2024,3,11.686887175419702,11.844591439814382,-0.03399553418880082,11.81909478917278
335,confirmation,2024,3,12.165255859329688,12.191931765965657,0.0018844685034366052,12.193345117343235
336,confirmation,2024,3,12.34126328584159,12.221129585036747,0.04003160319764333,12.25115328743498
349,confirmation,2024,3,11.944714374881176,12.151901749507347,0.024318080726323864,12.17014031005209
350,confirmation,2024,3,12.988043102265232,13.083831644733884,0.048906363331396106,13.12051141723243
351,confirmation,2024,3,12.670001611311875,12.621568171549605,0.03536462047974817,12.648091636909415
364,confirmation,2024,3,11.678448377988165,11.543634985034007,0.03950972837130775,11.573267281312487
367,confirmation,2024,3,11.976665770490767,12.022320336938423,-0.02032935952725423,12.007073317292981
379,confirmation,2024,3,12.885204569609956,12.853990579673933,0.03341872366808349,12.879054622424995
387,confirmation,2024,3,11.302216779257382,11.474287013009555,-0.05537246892300419,11.432757661317302
388,confirmation,2024,3,11.736077016252437,11.770328687017525,-0.04335346471891414,11.737813588478339
390,confirmation,2024,3,12.962196972666593,12.957952511272843,-0.06354819013459137,12.9102913686719
391,confirmation,2024,3,11.686887175419702,11.76682364040133,-0.0004119141206622434,11.766514704810835
392,confirmation,2024,3,12.278397958261774,12.31942401154884,-0.040171578152087974,12.289295327934774
412,confirmation,2024,3,11.884495917930655,11.838771516726363,0.04834992635538864,11.875033961492903
415,confirmation,2024,3,12.337105293891872,12.379015312293596,-0.030436560936626604,12.356187891591127
418,confirmation,2024,3,12.384223015005313,12.216108982456737,0.049887507289051336,12.253524612923526
421,confirmation,2024,3,12.237091546357338,12.151892899355023,-0.06712611570867064,12.10154831257352
435,confirmation,2024,3,11.302216779257382,11.328781806042395,-0.016866224412270155,11.316132137733192
438,confirmation,2024,3,11.686887175419702,11.645107306715731,0.05497048057536492,11.686335167147256
439,confirmation,2024,3,11.411457364027745,11.587349394073021,0.049712534942470826,11.624633795279873
442,confirmation,2024,3,11.678448377988165,11.693611275923477,-0.025712493871667616,11.674326905519726
449,confirmation,2024,3,11.691080018519527,11.755029085683528,0.01737296472981373,11.768058809230888
455,confirmation,2024,3,12.144202560946876,11.902173561055289,-0.03668720605454289,11.874658156514382
456,confirmation,2024,3,12.075400019877522,11.998921689228828,-0.03233628416298926,11.974669476106586
458,confirmation,2024,3,12.45293662970407,12.35716708610231,0.05698928356389977,12.399909048775234
467,confirmation,2024,3,12.025755079404917,11.99971517091794,-0.06261281553434503,11.95275555926718
471,confirmation,2024,3,12.264346270624157,12.213909773577937,0.034508218126092734,12.239790937172506
477,confirmation,2024,3,12.249615734512616,12.29018368345406,0.0036811720258828895,12.292944562473473
481,confirmation,2024,3,12.694655727828803,12.76817936437285,0.028831058707957154,12.789802658403818
483,confirmation,2024,3,11.951186847493476,12.051236372762906,0.0029402655637158596,12.053441571935693
488,confirmation,2024,3,12.07254696717504,12.082269290656212,0.016277475968896823,12.094477397632884
493,confirmation,2024,3,12.059809113551397,12.04952667708277,-0.0023420532475275924,12.047770137147126
503,confirmation,2024,3,11.849404844423074,11.781762194088568,-0.021255557781751623,11.765820525752254
506,confirmation,2024,3,11.732069026983156,11.726697770185234,0.01616881429444797,11.73882438090607
515,confirmation,2024,3,11.477308649967686,11.405091901104065,0.03530476377532885,11.431570473935562
524,confirmation,2024,3,12.126764251515691,13.338535273044494,-0.1577656994260562,13.220210998474952
532,confirmation,2024,3,11.759793355371237,11.76675805704558,0.07764749387547476,11.824993677452186
542,confirmation,2024,3,12.421188057397055,12.477642790226222,-0.01700002203415315,12.464892773700607
543,confirmation,2024,3,12.270225154674701,12.26766566097473,-0.04857742496915172,12.231232592247867
551,confirmation,2024,3,11.849404844423074,11.721199218248302,-0.04014028251017402,11.69109400636567
553,confirmation,2024,3,12.450981602512561,12.497895715036512,-0.03112656562863427,12.474550790815035
556,confirmation,2024,3,11.635151947212842,11.636891970234986,0.06125036395008282,11.682829743197548
560,confirmation,2024,3,12.36308066783498,12.149732446867219,-0.009038202750520079,12.14295379480433
561,confirmation,2024,3,11.707677772181546,12.001001910907648,0.0054181050450767265,12.005065489691455
564,confirmation,2024,3,12.128116509451258,12.098923516735017,-0.009941088925571467,12.091467700040837
569,confirmation,2024,3,12.665397584983758,12.591833907886684,-0.013510988060737972,12.581700666841131
577,confirmation,2024,3,11.884495917930655,11.927812085563074,0.01309506809010845,11.937633386630656
578,confirmation,2024,3,12.010671928196443,11.934923932613742,0.006806418456342618,11.940028746455999
587,confirmation,2024,3,11.775297421715827,11.658521629329796,0.05291582249099599,11.698208496198042
590,confirmation,2024,3,11.283524879179666,11.505652584823475,0.04382059337504547,11.538518029854758
605,confirmation,2024,3,12.30592250537653,12.294712411533277,-0.02596285233312034,12.275240272283437
608,confirmation,2024,3,12.323860125621126,12.114311347481939,0.017017856454375098,12.12707473982272
615,confirmation,2024,3,11.231901180182515,11.264378376221726,-0.011691475871023496,11.25560976931846
617,confirmation,2024,3,12.118339189722553,12.108327523621002,0.019314239078473957,12.122813202929857
620,confirmation,2024,3,12.628070334272698,12.71250961359003,-0.037601020231730196,12.684308848416231
628,confirmation,2024,3,11.938199736300925,12.00314363030232,0.004742446164846557,12.006700464925956
634,confirmation,2024,3,11.845109950883979,11.838674350439614,0.016633458412929857,11.851149444249312
635,confirmation,2024,3,11.87757552297847,11.816183062529396,-0.07023535637741513,11.763506545246335
636,confirmation,2024,3,12.206077645517674,12.07314408724359,-0.0389851648514277,12.043905213605019
643,confirmation,2024,3,12.75130259456002,12.728163651879632,-0.051680556991357936,12.689403234136114
647,confirmation,2024,3,11.495789479023493,11.519359550313126,-0.009206284545682605,11.512454836903864
649,confirmation,2024,3,11.951186847493476,11.963310206678884,-0.009665325002295423,11.956061212927162
659,confirmation,2024,3,11.487617913343598,11.77059444884235,-0.04240751241757169,11.738788814529173
660,confirmation,2024,3,12.025755079404917,11.985932736144632,-0.0230889274207721,11.968616040579052
668,confirmation,2024,3,12.173037959397275,12.254155878671263,-0.04061168018748274,12.223697118530652
669,confirmation,2024,3,12.031725210748633,11.99386991870918,0.01012918301078633,12.00146680596727
678,confirmation,2024,3,11.603688960617083,11.582023413926647,0.015281205165031895,11.59348431780042
688,confirmation,2024,3,11.910365121788654,11.935231021032948,0.017012005591927542,11.947990025226893
690,confirmation,2024,3,12.179220327453933,12.146079166556481,0.016646386057769122,12.158563956099808
692,confirmation,2024,3,13.534474352733596,13.189564376950994,0.11606165791762996,13.276610620389217
693,confirmation,2024,3,12.721888795877375,12.635430725046463,0.04833144314762246,12.67167930740718
700,confirmation,2024,3,12.185875040240456,12.12216483405867,0.013123977868538136,12.132007817460075
703,confirmation,2024,3,12.799178471909892,12.796370653271005,0.11937537163022535,12.885902181993673
708,confirmation,2024,3,12.445093483000798,12.287661536680327,-0.03112656562863427,12.26431661245885
711,confirmation,2024,3,10.859018228147887,11.310452930064255,0.022356995981034123,11.32722067705003
715,confirmation,2024,3,11.779136168550774,12.086759477591263,0.02775709260996232,12.107577297048735
716,confirmation,2024,3,12.013706813470414,11.916772175206129,-0.002369249867064674,11.91499523780583
717,confirmation,2024,3,11.979805470779858,12.146659141710803,0.004773635202736336,12.150239368112855
719,confirmation,2024,3,12.739640688812674,12.653399023091016,0.023165231025491333,12.670772946360135
722,confirmation,2024,3,11.870606902224587,11.877872226527508,0.016399864635210634,11.890172125003916
734,confirmation,2024,3,11.786008995353765,11.811787157683215,-0.005245929479882089,11.807852710573304
738,confirmation,2024,3,12.3879816172226,12.34913484826913,-0.011994248470142091,12.340139161916523
740,confirmation,2024,3,12.154784614286667,12.187572024192024,-0.02390819424875141,12.16964087850546
741,confirmation,2024,3,11.790564777297387,11.676996839487467,-0.003321649454918002,11.674505602396279
744,confirmation,2024,3,12.07254696717504,11.941554428991425,-0.005245929479882089,11.937619981881515
754,confirmation,2024,3,12.526346537332584,12.526698165574192,-0.01575145313796586,12.514884575720718
762,confirmation,2024,3,11.51293546492023,11.595144947314955,0.03146748029227242,11.61874555753416
770,confirmation,2024,3,13.195615697878253,13.052465307056302,0.034508218126092734,13.078346470650871
772,confirmation,2024,3,11.532737896139919,11.692685333348189,0.014314772766609904,11.703421412923147
775,confirmation,2024,3,12.886643575525625,12.580405877818162,0.03516350420282513,12.606778505970281
783,confirmation,2024,3,12.139403856983334,12.154170661948298,-0.02390819424875141,12.136239516261734
784,confirmation,2024,3,12.016732516077072,12.011374679791867,0.016171859659570912,12.023503574536546
789,confirmation,2024,3,11.588969419043874,11.564023365168367,-0.00672814072718754,11.558977259622976
791,confirmation,2024,3,11.984184555794167,11.998098301516187,-0.024413315241188498,11.979788315085296
805,confirmation,2024,3,11.678448377988165,11.63275472074133,-0.03023809417686145,11.610076150108684
812,confirmation,2024,3,11.881041706925902,11.883028853199123,0.029248224466729436,11.90496502154917
813,confirmation,2024,3,10.932999821119937,11.472049845599036,-0.00669008527275277,11.467032281644471
815,confirmation,2024,3,11.661354090741,11.681979224376747,-0.007713814930103681,11.676193863179169
817,confirmation,2024,3,11.827743504053695,11.836216327985694,0.02263125719649672,11.853189770883066
819,confirmation,2024,3,11.951186847493476,11.899619629102661,0.05191795678568608,11.938558096691926
825,confirmation,2024,3,12.357079818283598,12.32622180916826,-0.0063955998283827115,12.321425109296973
834,confirmation,2024,3,12.025755079404917,11.953176257737494,-0.005921588360112258,11.94873506646741
837,confirmation,2024,3,11.941462360646149,11.775769120630544,0.03240995510061043,11.800076586956003
838,confirmation,2024,3,11.51293546492023,11.461465397264233,-0.009228316332763012,11.45454416001466
840,confirmation,2024,3,11.779136168550774,11.804875420528814,-0.03268752957322211,11.780359773348898
846,confirmation,2024,3,12.049424683420915,12.114101747149451,-0.01782033100800358,12.100736498893449
849,confirmation,2024,3,12.388398368982115,12.381697144004015,0.06393093556083712,12.429645345674643
851,confirmation,2024,3,11.78676973513378,11.855703392727321,0.007569199749272296,11.861380292539275
852,confirmation,2024,3,12.278397958261774,12.130786585488556,-0.020767424274646742,12.11521101728257
864,confirmation,2024,3,11.794345471549745,11.850467971634307,-0.007151626461313683,11.845104251788323
870,confirmation,2024,3,12.371591321286905,12.33555175792785,-0.01771786832729886,12.322263356682377
873,confirmation,2024,3,11.661354090741,11.669806479315703,0.012745430689540451,11.67936555233286
874,confirmation,2024,3,11.798111925972618,11.775357357757658,0.01480008877390938,11.78645742433809
882,confirmation,2024,3,12.141539457711714,12.254784811385042,0.03478970029597453,12.280877086607022
883,confirmation,2024,3,12.08954444723597,12.056706772936726,0.0039391265878055345,12.05966111787758
886,confirmation,2024,3,12.70351207261035,12.464772200310788,0.04518869899060307,12.49866372455374
889,confirmation,2024,3,12.498745990829315,12.617404216815055,-0.05739113142041855,12.574360868249741
894,confirmation,2024,3,12.013706813470414,11.966854921685728,-0.021708358731392985,11.950573652637184
902,confirmation,2024,3,11.938199736300925,11.85818233228173,0.01480008877390938,11.869282398862163
908,confirmation,2024,3,12.429220196836383,12.345739456725429,0.06206998343737347,12.392291944303459
913,confirmation,2024,3,11.385103457032141,11.452703832108234,0.024274085974342635,11.470909396588992
917,confirmation,2024,3,10.471978128496518,11.190867730387033,-0.17579437424080788,11.059021949706427
919,confirmation,2024,3,12.380030154325457,12.473463819914532,-0.026548533213237198,12.453552420004604
921,confirmation,2024,3,12.211065162153215,12.224641094017677,-0.03672365246409335,12.197098354669608
925,confirmation,2024,3,12.242891437918386,12.223094433473978,0.027413633790745726,12.243654658817038
933,confirmation,2024,3,12.676079399771027,12.594140067936658,-0.02044500534652296,12.578806313926766
935,confirmation,2024,3,12.396697137361691,12.31066462456345,-0.04454912802251138,12.277252778546567
940,confirmation,2024,3,12.406565597924235,12.328141299508166,0.09163832607089059,12.396870044061334
944,confirmation,2024,3,11.870606902224587,11.834891594368745,-0.0250798192350582,11.816081729942452
955,confirmation,2024,3,11.755879486687116,11.753602042133805,-0.021936430462498394,11.737149719286931
958,confirmation,2024,3,11.790564777297387,11.756414952862599,-0.01782033100800358,11.743049704606596
963,confirmation,2024,3,11.951186847493476,11.938862186290466,-0.00045580867099151434,11.938520329787222
975,confirmation,2024,3,12.02874460037869,12.014544710959317,0.030049770542188648,12.03708203886596
978,confirmation,2024,3,12.20557752297723,12.18973193511377,0.006748753106800884,12.19479349994387
988,confirmation,2024,3,12.887129532148373,12.967346181352864,0.0441952853656865,13.000492645377129
995,confirmation,2024,3,12.729323752253295,12.727169494316993,0.09018597720058047,12.794808977217428
1002,confirmation,2024,3,11.362114203075018,11.356840891875633,-0.010865593522999081,11.348691696733384
1014,confirmation,2024,3,11.350418300109132,11.532775565895255,-0.06007945882117755,11.487715971779371
1015,confirmation,2024,3,11.688566422839942,11.728216034263227,-0.018495989888233755,11.71434404184705
1030,confirmation,2024,3,11.678448377988165,11.673066113528575,0.030153169477497382,11.6956809906367
1036,confirmation,2024,3,11.338583982516495,11.362081768293933,-0.05609814089641415,11.320008162621622
1049,confirmation,2024,3,11.652696102959753,11.819907922193062,-0.026913188874078675,11.799723030537503
1058,confirmation,2024,3,12.421188057397055,12.322068069302922,0.039627660277002236,12.351788814510673
1061,confirmation,2024,3,12.271396795480596,12.226657160064368,0.034508218126092734,12.252538323658937
1063,confirmation,2024,3,11.407576060361786,11.729011211851091,-0.029568811815649458,11.706834602989353
1067,confirmation,2024,3,12.08954444723597,12.068383999460362,0.02589084182302859,12.087802130827633
1073,confirmation,2024,3,11.424105180165641,11.639016818344967,-0.09078311264094982,11.570929483864255
1082,confirmation,2024,3,11.798111925972618,11.784592720322676,-0.008989666122065247,11.777850470731128
1086,confirmation,2024,3,11.898194668458823,11.97939406495278,-0.01348521641101303,11.96928015264452
1087,confirmation,2024,3,11.332613886815139,11.501989639547732,-0.02609924703816547,11.482415204269108
1088,confirmation,2024,3,12.437188334739655,12.45874061782038,-0.011781658767184282,12.449904373744992
1096,confirmation,2024,3,12.080696479888445,12.113671282629275,0.007569199749272296,12.119348182441229
1099,confirmation,2024,3,11.759793355371237,11.58747292916579,0.04695751440447775,11.622691064969148
1104,confirmation,2024,3,11.979805470779858,11.886757710267517,0.009453524130556161,11.893847853365434
1111,confirmation,2024,3,12.144202560946876,12.108996227076638,0.0018844685034366052,12.110409578454215
1113,confirmation,2024,3,11.774527900858468,11.691459164271388,0.030175201264577796,11.714090565219822
1117,confirmation,2024,3,12.123239799036943,12.109600151825928,-0.02736936096081051,12.08907313110532
1120,confirmation,2024,3,11.803361242493628,11.697696464323736,0.008223486029354743,11.703864078845752
1123,confirmation,2024,3,11.626263078808801,11.365775007556774,-0.08688103349072085,11.300614232438733
1128,confirmation,2024,3,12.464587201678082,12.407355582162996,-0.043795322749314254,12.37450909010101
1132,confirmation,2024,3,11.44572741040675,11.547180326021104,0.07731764500253899,11.60516855977301
1136,confirmation,2024,3,11.532737896139919,11.56459578708033,0.03485213497916233,11.590734888314703
1137,confirmation,2024,3,11.686887175419702,11.704956493470643,-0.05512620502689942,11.663611839700469
1138,confirmation,2024,3,11.451060699493427,11.407511272269833,0.03769372049763659,11.43578156264306
1144,confirmation,2024,3,11.289794413577894,11.521785278784183,-0.08282594120701608,11.45966582287892
1145,confirmation,2024,3,11.289794413577894,11.34157692233879,-0.012993801262339871,11.331831571392035
1146,confirmation,2024,3,11.91170829631447,11.805526885622898,-0.008424296369363517,11.799208663345876
1149,confirmation,2024,3,11.669082701743504,11.603733876766976,-0.023846063905131852,11.585849328838126
1156,confirmation,2024,3,12.292254928916668,12.241009233835001,0.08888878145620042,12.307675819927152
1172,confirmation,2024,3,12.001511614739405,11.990661349954182,-0.007976246444481187,11.984679165120822
1184,confirmation,2024,3,11.695255355062795,11.874539608629384,-0.0016192977968595493,11.873325135281739
1186,confirmation,2024,3,11.560772327227417,11.744016618016532,-0.007713814930103681,11.738231256818954
1188,confirmation,2024,3,12.476103599529843,12.551152248813676,-0.003458279182505214,12.548558539426796
1189,confirmation,2024,3,12.180759965737863,12.130028530781885,-0.02390819424875141,12.112097385095321
1197,confirmation,2024,3,12.29779001527865,12.307282805732989,-0.003532892680156101,12.304633136222872
1205,confirmation,2024,3,11.941462360646149,11.9268666509562,0.029819218820544766,11.949231065071608
1212,confirmation,2024,3,12.00762780434872,12.235883341260756,0.005246388799371365,12.239818132860284
1213,confirmation,2024,3,11.635151947212842,11.387622468421487,0.019427212746350914,11.40219287798125
1216,confirmation,2024,3,11.736077016252437,11.593707457791995,-0.01782033100800358,11.580342209535992
1221,confirmation,2024,3,11.652696102959753,11.634165296324019,-0.01860796073956461,11.620209325769345
1233,confirmation,2024,3,11.530775206233024,11.51195336187832,0.011116323720714062,11.520290604668855
1235,confirmation,2024,3,11.775297421715827,11.618558856380004,0.04715230425129385,11.653923084568474
1244,confirmation,2024,3,13.049794835104816,12.95139272112108,-0.046118419559554015,12.916803906451413
1246,confirmation,2024,3,12.08954444723597,12.189858330462872,0.00015671822310406314,12.189975869130201
1248,confirmation,2024,3,12.042971193457888,11.854075858248084,-0.02950754362712915,11.831945200527738
1255,confirmation,2024,3,12.016128107502665,12.15640540085276,-0.07027426522420566,12.103699701934605
1259,confirmation,2024,3,12.154784614286667,12.083086342365856,-0.012780554878242596,12.073500926207174
1261,confirmation,2024,3,12.10625783509458,12.156217355968444,0.0039391265878055345,12.159171700909297
1267,confirmation,2024,3,11.711784520403112,11.78273686924829,-0.07058702878347312,11.729796597660684
1276,confirmation,2024,3,11.827743504053695,11.881665507749792,-0.005318256822293192,11.877676815133073
1281,confirmation,2024,3,12.33270970174018,12.238928108557511,-0.02390819424875141,12.220996962870947
1284,confirmation,2024,3,11.842236406331555,11.846200333622487,-0.02950754362712915,11.824069675902141
1297,confirmation,2024,3,11.951186847493476,11.931216129620172,0.005201486621459372,11.935117244586266
1306,confirmation,2024,3,12.691583538230217,12.661151331676999,0.013455946217288735,12.671243291339966
1310,confirmation,2024,3,12.09626335986454,12.087469814869772,-0.04061168018748274,12.057011054729161
1313,confirmation,2024,3,12.618185607609803,12.532406694218635,-0.01700002203415315,12.51965667769302
1316,confirmation,2024,3,12.239995696974733,12.12807036292561,-0.022384017611623147,12.111282349716893
1319,confirmation,2024,3,12.524530013005734,12.506830014775908,-0.026685216253037797,12.486816102586129
1326,confirmation,2024,3,10.915106645867503,11.156471829793727,-0.1201512821125871,11.066358368209286
1329,confirmation,2024,3,12.45293662970407,12.174286031430489,-0.06100233375151982,12.128534281116849
1331,confirmation,2024,3,12.33270970174018,12.360004435505006,-0.009948289128163805,12.352543218658884
1334,confirmation,2024,3,11.74006900564972,11.779349954148664,0.04913007105163784,11.816197507437392
1338,confirmation,2024,3,10.868587496017359,11.030309634539096,-0.03992736275388086,11.000364112473685
1346,confirmation,2024,3,11.59451466851004,11.444792713291939,-0.053469105605528804,11.404690884087792
1358,confirmation,2024,3,11.917730355182513,11.981071017058186,0.017920179230787116,11.994511151481277
1360,confirmation,2024,3,12.660331092405906,12.846607567787556,0.028831058707957154,12.868230861818525
1367,confirmation,2024,3,12.170450649220749,12.228673933954349,-0.06317864339422169,12.181289951408683
1372,confirmation,2024,3,12.016732516077072,12.069760170368069,-0.007976246444481187,12.063777985534708
1375,confirmation,2024,3,12.429220196836383,12.455380376561855,0.013123977868538136,12.46522335996326
1386,confirmation,2024,3,11.74006900564972,11.641315475426769,-0.0320719255170499,11.617261531288982
1393,confirmation,2024,3,11.719947764402807,11.748255442858467,0.008223486029354743,11.754423057380484
1401,confirmation,2024,3,11.695255355062795,11.660415634196108,0.05291582249099599,11.700102501064354
1402,confirmation,2024,3,12.170450649220749,12.115993813442397,0.0018844685034366052,12.117407164819975
1405,confirmation,2024,3,11.561725152903833,11.549154019513887,-0.1297524012210767,11.45183971859808
1406,confirmation,2024,3,12.524530013005734,12.548085058888692,0.02446060003000839,12.566430508911198
1419,confirmation,2024,3,11.728044909070785,11.809037237187631,0.03836471120343531,11.837810770590208
1420,confirmation,2024,3,12.314931534737134,12.39828049358283,0.049021478973557304,12.435046602812998
1426,confirmation,2024,3,11.863589378812122,11.871485169812843,-0.007976246444481187,11.865502984979482
1434,confirmation,2024,3,12.136191879981927,12.13406154932403,0.0018844685034366052,12.135474900701608
1437,confirmation,2024,3,11.699413330633599,11.67092156589258,0.025524094887856036,11.690064637058473
1440,confirmation,2024,3,12.190964083849375,12.077053259499142,-0.03233628416298926,12.0528010463769
1448,confirmation,2024,3,12.388398368982115,12.47604567224172,-0.040226959104685746,12.445875452913205
1450,confirmation,2024,3,11.429554725537322,11.425655303372842,-0.02583004460275072,11.406282769920779
1452,confirmation,2024,3,12.567554517655415,12.427583961692731,-0.02177071231905113,12.411255927453443
1454,confirmation,2024,3,11.344518647594766,11.798042517180338,-0.011532767778917832,11.78939294134615
1457,confirmation,2024,3,12.25486757159303,12.177670585374443,0.022702555825036122,12.194697502243221
10,confirmation,2024,4,11.678448377988165,11.70145888351071,0.0354316376575614,11.728032611753882
16,confirmation,2024,4,11.790564777297387,11.760313349363257,0.0038392772409507267,11.76319280729397
17,confirmation,2024,4,11.91170829631447,11.910462350781616,0.0067331963533585615,11.915512248046635
18,confirmation,2024,4,11.407576060361786,11.5855774964346,0.04608862216905828,11.620143963061395
19,confirmation,2024,4,11.976665770490767,11.995214999851713,0.02820785817915636,12.01637089348608
31,confirmation,2024,4,10.596659732783579,11.487548618683181,-0.05898455421076278,11.44331020302511
34,confirmation,2024,4,12.016732516077072,12.071369857605575,-0.005008003823781911,12.067613854737738
38,confirmation,2024,4,11.938199736300925,11.959325490130897,0.012175177728722099,11.968456873427439
47,confirmation,2024,4,12.387089184491993,12.585421665426077,-0.081998256057419,12.523922973383012
50,confirmation,2024,4,11.751950239425476,11.743879057827181,0.0032323755474718135,11.746303339487785
63,confirmation,2024,4,12.218500103788143,12.24327079583174,-0.022970852324016765,12.226042656588728
67,confirmation,2024,4,12.100717685412471,12.417452595768202,-0.03147377914891105,12.393847261406519
68,confirmation,2024,4,12.328294703023396,12.298071322238801,-0.009652685611388339,12.29083180803026
72,confirmation,2024,4,11.771443882099637,11.77861439040848,0.02039635184022085,11.793911654288646
77,confirmation,2024,4,11.818577604251555,11.644002034627347,0.08513394376567437,11.707852492451602
84,confirmation,2024,4,11.748005492256807,11.783907544755001,0.026256640569883145,11.803600025182414
95,confirmation,2024,4,12.229549885708273,12.232960231975362,0.0046785539007030835,12.23646914740089
96,confirmation,2024,4,12.128116509451258,12.11767158071468,0.04900043509964879,12.154421907039415
112,confirmation,2024,4,12.100717685412471,12.048577948535781,0.0035623268580805972,12.051249693679342
122,confirmation,2024,4,11.51293546492023,11.493787261261845,-0.054692277363693274,11.452768053239076
129,confirmation,2024,4,11.951186847493476,11.889409087335688,-0.019232301472857007,11.874984861231045
132,confirmation,2024,4,12.404927602627597,12.315316409068817,0.010516344649909748,12.32320366755625
157,confirmation,2024,4,11.603688960617083,11.625325182043998,0.03739923900868765,11.653374611300514
165,confirmation,2024,4,11.931642378754141,11.882453647683702,-0.02539198391713689,11.86340965974585
173,confirmation,2024,4,12.384223015005313,12.226265909089523,0.08957479313823,12.293447003943196
174,confirmation,2024,4,12.001511614739405,11.93873447279414,-0.054612028829387226,11.8977754511721
186,confirmation,2024,4,13.07107218827772,12.613573685718661,0.023371038177509906,12.631101964351794
188,confirmation,2024,4,11.813037464800539,11.805484146850986,-0.005192891401598064,11.801589478299787
204,confirmation,2024,4,11.91170829631447,11.844235505106465,0.016456591730786993,11.856577948904555
218,confirmation,2024,4,11.580593459194764,11.363120213724159,-0.050222802606130906,11.32545311176956
222,confirmation,2024,4,12.206077645517674,12.317721147881102,-0.0015690789796586196,12.316544338646358
223,confirmation,2024,4,12.100161978566867,12.067652467787216,0.014849252823939046,12.07878940740517
229,confirmation,2024,4,11.736077016252437,11.717267041545746,-0.02776126258013243,11.696446094610646
234,confirmation,2024,4,11.761354623750297,11.786786721474757,0.01220733034855967,11.795942219236176
243,confirmation,2024,4,11.277215789596893,11.482453083051226,-0.049179003502114994,11.445568830424639
246,confirmation,2024,4,12.394628892852941,12.294744251547979,-0.03098790000475704,12.27150332654441
254,confirmation,2024,4,11.970356641102999,11.96257867117926,-0.00854495947794811,11.9561699515708
261,confirmation,2024,4,12.07824495582233,12.061716008949952,-0.025502874378836044,12.042588853165826
266,confirmation,2024,4,12.075400019877522,12.10046924133101,0.015213685949157646,12.11187950579288
281,confirmation,2024,4,12.339295865674435,12.310755616585297,-0.01530805885527191,12.299274572443842
285,confirmation,2024,4,12.09626335986454,12.172941160506232,-0.023977609810672238,12.154957953148228
287,confirmation,2024,4,11.976665770490767,12.140009757373727,0.014954068856485557,12.151225309016091
288,confirmation,2024,4,11.385103457032141,11.51948828250999,0.03451282563395979,11.54537290173546
290,confirmation,2024,4,11.941950837487406,11.840137924424548,0.04064646290082043,11.870622771600162
307,confirmation,2024,4,12.323860125621126,12.321768010115385,-0.030540940810627963,12.298862304507413
313,confirmation,2024,4,11.694421681264394,11.780500067671518,0.0010776815043809784,11.781308328799804
315,confirmation,2024,4,12.08954444723597,12.008435853069257,-0.025696017876459264,11.989163839661913
318,confirmation,2024,4,12.506180941677357,12.472219865434061,-0.02985930566456358,12.449825386185639
319,confirmation,2024,4,12.468440756144114,12.739268817497935,0.06936279945252341,12.791290917087327
324,confirmation,2024,4,11.745433036677353,11.658827870071446,-0.01431796352788963,11.64808939742553
325,confirmation,2024,4,12.396697137361691,12.473696953578974,0.0027125911804315103,12.475731396964298
326,confirmation,2024,4,11.373674891823535,11.364629339831305,0.009535978483726087,11.3717813236941
327,confirmation,2024,4,12.688501881189456,12.51451952818596,0.04343888731493328,12.54709869367216
328,confirmation,2024,4,11.886218559372042,11.880074147184226,-0.019232301472857007,11.865649921079584
330,confirmation,2024,4,11.264476926102367,11.27379425527992,-0.0005538716727436915,11.273378851525363
332,confirmation,2024,4,11.842236406331555,11.794312026570294,0.007032145929835823,11.799586136017671
339,confirmation,2024,4,12.218500103788143,12.228632785940365,0.00319847032458552,12.231031638683804
340,confirmation,2024,4,11.951186847493476,11.84482861767058,0.00868349595050652,11.85134123963346
344,confirmation,2024,4,12.491255347155265,12.542904155304077,-0.002873352959993924,12.540749140584081
374,confirmation,2024,4,11.719947764402807,11.693658200081469,0.012175177728722099,11.70278958337801
377,confirmation,2024,4,11.904974309480181,11.834095360212526,0.005195320896330617,11.837991850884775
378,confirmation,2024,4,12.73670383776449,12.592117288685923,-0.02985930566456358,12.5697228094375
380,confirmation,2024,4,12.095146671399466,12.076236791191738,0.010516344649909748,12.08412404967917
385,confirmation,2024,4,12.388398368982115,12.515193232232754,0.0249715948744618,12.533921928388601
389,confirmation,2024,4,12.160033942617156,12.191601050423992,0.0021253522186955726,12.193195064588014
393,confirmation,2024,4,11.575909653758895,11.601314959824215,0.025985634303822336,11.620804185552082
394,confirmation,2024,4,11.51293546492023,11.432840618779581,0.013004510097266858,11.442594001352532
398,confirmation,2024,4,12.040614105490253,11.933549253727218,-0.008200736025520225,11.927398701708078
406,confirmation,2024,4,11.918397239722838,11.98638017430593,0.02374773458592582,12.004190975245374
408,confirmation,2024,4,12.083910661257521,11.952098137043755,0.07045884085029355,12.004942267681475
411,confirmation,2024,4,11.002116507732017,11.531485451906498,-0.04650980808324935,11.49660309584406
413,confirmation,2024,4,12.310437165348775,12.414991885776141,0.016029169859556026,12.427013763170809
426,confirmation,2024,4,11.813037464800539,11.779431095246236,-0.02766887066204182,11.758679442249704
427,confirmation,2024,4,12.524530013005734,12.395529830380745,-0.025397909011741687,12.376481398621939
428,confirmation,2024,4,11.599185726610004,11.621246563461249,0.06618045539168785,11.670881905005015
432,confirmation,2024,4,11.288543647320601,11.54574410052681,-0.015675018649116183,11.533987836539973
436,confirmation,2024,4,12.264346270624157,12.256726752131861,0.03235050032824147,12.280989627378043
444,confirmation,2024,4,12.058158312538197,12.137083981226471,0.0005713764997499898,12.137512513601283
448,confirmation,2024,4,12.20557752297723,12.236185755655063,0.011783199361207593,12.245023155175968
450,confirmation,2024,4,11.695255355062795,11.662616167981223,-0.030029288353151426,11.64009420171636
453,confirmation,2024,4,12.225880174775122,12.246263478264273,-0.003479626989368375,12.243653758022248
476,confirmation,2024,4,11.794345471549745,11.833306346434028,-0.015721112826514692,11.821515511814143
478,confirmation,2024,4,12.847929163278053,12.923531018228477,-0.014651390790077837,12.912542475135918
480,confirmation,2024,4,11.401681006153428,11.631665798101775,0.0008438870511454401,11.632298713390133
489,confirmation,2024,4,11.982935344196433,11.754429710708845,-0.020444287186900986,11.73909649531867
491,confirmation,2024,4,11.652696102959753,11.611156519888892,0.0007634763558055854,11.611729127155746
494,confirmation,2024,4,11.951186847493476,11.902646794184053,0.01881018375991974,11.916754432003993
495,confirmation,2024,4,11.421917019425596,11.51319983066612,-0.0008951712812015743,11.512528452205219
497,confirmation,2024,4,12.971542813248437,12.677947804155961,-0.029563784713729637,12.655774965620664
499,confirmation,2024,4,11.775297421715827,11.790994953937448,0.00837540734635809,11.797276509447217
500,confirmation,2024,4,11.695255355062795,11.759156091456974,0.025985634303822336,11.778645317184841
502,confirmation,2024,4,12.331387247601905,12.286139660833292,0.028261207948440746,12.307335566794624
510,confirmation,2024,4,11.732069026983156,11.861007535616713,0.012175177728722099,11.870138918913254
512,confirmation,2024,4,12.2193145828011,12.140410910536502,0.03746897109055284,12.168512638854416
516,confirmation,2024,4,12.90634935052389,12.866988903942742,-0.10298400868089427,12.789750897432071
518,confirmation,2024,4,12.487488878546145,12.561887140119682,0.06936279945252341,12.613909239709074
519,confirmation,2024,4,12.259618151783465,12.15379869245873,0.0046785539007030835,12.157307607884258
520,confirmation,2024,4,12.36308066783498,12.424413472420836,0.08070512833906865,12.484942318675138
522,confirmation,2024,4,11.918397239722838,11.947123945288343,-0.015413024222366265,11.935564177121568
525,confirmation,2024,4,12.662709207270272,12.63430952819296,0.06421976765363713,12.682474353933188
528,confirmation,2024,4,13.008661502470739,12.95111652495476,0.06230199087382767,12.99784301811013
529,confirmation,2024,4,11.362114203075018,11.357956796024872,0.029527349161950163,11.380102307896335
534,confirmation,2024,4,10.579005242826247,10.979683998060189,-0.17944954165540472,10.845096841818636
539,confirmation,2024,4,11.970356641102999,11.84825892235488,-0.019540390077005435,11.833603629797127
547,confirmation,2024,4,12.25486757159303,12.044146609863603,0.04064646290082043,12.074631457039217
550,confirmation,2024,4,12.479913113434042,12.36121622784349,0.0216262019172431,12.377435879281423
558,confirmation,2024,4,11.58989576532275,11.572077070542328,-0.03715999347028184,11.544207075439616
559,confirmation,2024,4,12.07254696717504,12.18601068493961,0.012147632486426196,12.19512140930443
567,confirmation,2024,4,12.691583538230217,12.664180861125857,0.05459418147519377,12.705126497232252
580,confirmation,2024,4,11.78676973513378,11.776824688279829,-0.03274425569974297,11.752266496505023
581,confirmation,2024,4,12.111217862017215,12.117545854419692,-0.015413024222366265,12.105986086252917
588,confirmation,2024,4,11.827743504053695,11.813503437297884,-0.010578081027628423,11.805569876527162
591,confirmation,2024,4,12.132969552931216,12.156823826821753,0.0021253522186955726,12.158417840985775
593,confirmation,2024,4,11.835016210489899,11.894467885290032,0.005298903489792478,11.898442062907376
595,confirmation,2024,4,11.608244735642321,11.665388787557273,0.020792635976905262,11.680983264539952
601,confirmation,2024,4,12.524530013005734,12.47131703932876,-0.011557247619151452,12.462649103614396
611,confirmation,2024,4,12.653961664405365,12.664543511276925,-0.015203385392802703,12.653140972232324
613,confirmation,2024,4,12.474193386571581,12.467493401567188,-0.04809814101209281,12.431419795808118
614,confirmation,2024,4,11.898194668458823,11.63938575271588,-0.07236872680811102,11.585109207609797
619,confirmation,2024,4,12.659737267217572,12.657676479423948,0.05052395304374375,12.695569444206756
621,confirmation,2024,4,11.112462823634855,11.053016920371078,-0.1190046083004078,10.963763464145773
622,confirmation,2024,4,12.388398368982115,12.353083250427332,0.03416717432314416,12.37870863116969
624,confirmation,2024,4,12.034696963475044,12.104565407217716,0.05212063741841413,12.143655885281527
625,confirmation,2024,4,12.014615485902027,11.938374923083524,-0.0003836291314170022,11.93808720123496
626,confirmation,2024,4,11.982935344196433,11.871288900200346,-0.012220292020627948,11.862123681184876
627,confirmation,2024,4,11.848690308590857,11.741014171498867,-0.008200736025520225,11.734863619479727
630,confirmation,2024,4,12.034696963475044,11.978989646791224,-0.018867868347638397,11.964838745530495
637,confirmation,2024,4,11.002116507732017,10.901811615570606,-0.12904247069117541,10.805029762552225
639,confirmation,2024,4,11.350418300109132,11.385756847878085,0.024365002700697656,11.404030599903608
644,confirmation,2024,4,11.931642378754141,11.931371742258117,0.007576864213880666,11.937054390418528
650,confirmation,2024,4,11.344518647594766,11.215159932234513,-0.03085535166344181,11.192018418486931
656,confirmation,2024,4,11.385103457032141,11.342531469707522,-0.05442036036113559,11.30171619943667
657,confirmation,2024,4,11.8879382384223,11.86409799437964,0.037763672133906245,11.892420748480069
662,confirmation,2024,4,12.904209855160254,12.834907076858983,0.009765617414499196,12.842231289919857
663,confirmation,2024,4,11.608244735642321,11.83478570991325,-0.09527100559155299,11.763332455719585
667,confirmation,2024,4,11.767575435251748,12.06151521726143,-0.04769436608076565,12.025744442700855
672,confirmation,2024,4,11.548302261270587,11.582648390107957,0.0117930004684124,11.591493140459267
674,confirmation,2024,4,12.458778882573533,12.393624608461728,0.058680803020209636,12.437635210726885
684,confirmation,2024,4,12.560247968016562,12.562590002935684,-0.020346417191688972,12.547330190041917
695,confirmation,2024,4,11.860062063178267,11.72312806549547,0.028796631626363763,11.744725539215242
697,confirmation,2024,4,11.39640288460621,11.435350599406714,0.05402069290632932,11.475866119086461
699,confirmation,2024,4,11.83863282480007,11.797620772711722,0.01072282786960662,11.805662893613928
702,confirmation,2024,4,11.849404844423074,11.910723199801936,-0.02752500779486408,11.890079443955788
709,confirmation,2024,4,12.09815887308463,12.077387901581886,0.006151355668047441,12.082001418332922
714,confirmation,2024,4,11.767575435251748,11.658490010362854,0.04652807622454835,11.693386067531266
718,confirmation,2024,4,11.964007453736912,11.98663617046875,0.03458778399932062,12.01257700846824
721,confirmation,2024,4,12.524530013005734,12.502774109176704,0.015692035170740123,12.514543135554758
733,confirmation,2024,4,12.312686874960354,12.376538630889463,0.0021253522186955726,12.378132645053485
735,confirmation,2024,4,11.58989576532275,11.610276242195981,-0.060533722046966824,11.564875950660756
746,confirmation,2024,4,12.61087420020211,12.720377133755296,0.009646652541287631,12.727612123161261
751,confirmation,2024,4,11.477308649967686,11.437824693194136,0.013645104148305266,11.448058521305365
752,confirmation,2024,4,11.995357787034976,11.985459354152551,0.00036959465634228694,11.985736550144807
755,confirmation,2024,4,11.957617696467539,11.864519991007738,0.012981216070903003,11.874255903060915
758,confirmation,2024,4,11.97603664577121,11.860249430985252,-0.06309735922007775,11.812926411570194
764,confirmation,2024,4,12.727841176689147,12.698664314061709,-0.024420752914843365,12.680348749375577
769,confirmation,2024,4,12.28690580994122,12.348811500758453,0.001760919093476969,12.350132190078561
780,confirmation,2024,4,11.813037464800539,11.899727243215958,-0.019109699451920575,11.885394968627018
786,confirmation,2024,4,11.992266613576142,12.011714477561544,-0.0066542020373960495,12.006723826033497
787,confirmation,2024,4,11.842236406331555,11.7311241734816,-0.02609667937273253,11.71155166395205
790,confirmation,2024,4,12.141539457711714,12.208384429819743,0.06345568532420084,12.255976193812893
792,confirmation,2024,4,11.896833207128452,11.911370673976267,-0.0305233041567859,11.888478195858678
798,confirmation,2024,4,11.608244735642321,11.510145656924879,-0.02889187034349707,11.488476754167255
803,confirmation,2024,4,12.149507585033072,12.137585416794295,0.0021253522186955726,12.139179430958317
811,confirmation,2024,4,12.10625783509458,12.128532617493446,0.014849252823939046,12.1396695571114
814,confirmation,2024,4,11.969723533345908,11.94588955636334,-0.05115718470411509,11.907521667835255
820,confirmation,2024,4,12.319405795112926,12.295127701386217,0.02924809858742585,12.317063775326787
821,confirmation,2024,4,12.117246896289503,12.133569615968101,0.0021253522186955726,12.135163630132123
823,confirmation,2024,4,12.323860125621126,12.137132932383446,-0.018589629882234275,12.123190709971771
833,confirmation,2024,4,12.37581963951765,12.315463587942174,0.008772928545706021,12.322043284351453
843,confirmation,2024,4,12.071975378543236,11.96085029305326,0.015318501981704168,11.972339169539538
850,confirmation,2024,4,12.138869243416009,12.061660080784279,0.05763074554684657,12.104883139944414
859,confirmation,2024,4,11.931642378754141,11.847532681019414,-0.08649729196800526,11.78265971204341
861,confirmation,2024,4,12.154521423145216,12.070873309700442,0.05950913098129575,12.115505157936413
862,confirmation,2024,4,11.78676973513378,11.827144172890891,-0.04383157725728585,11.794270489947927
863,confirmation,2024,4,11.931642378754141,11.872077384317373,-0.02078487760893392,11.856488726110673
867,confirmation,2024,4,12.424810506025395,12.430675328928508,-0.016660518671729775,12.41817993992471
868,confirmation,2024,4,11.767575435251748,11.842222082031295,0.03467501746419297,11.86822834512944
885,confirmation,2024,4,11.51293546492023,11.705760750106343,-0.0030577042266339578,11.703467471936367
893,confirmation,2024,4,11.947955847790901,11.85667851987257,0.0016347018921336852,11.857904546291671
901,confirmation,2024,4,11.608244735642321,11.645371189940487,0.054402417561603945,11.68617300311169
907,confirmation,2024,4,12.449022745701502,12.462058037507758,-0.02985930566456358,12.439663558259335
920,confirmation,2024,4,12.081081821061819,12.048260440416273,0.01961622210210065,12.06297260699285
923,confirmation,2024,4,12.043500773454495,12.054212410495289,0.0020846317688299025,12.055775884321912
927,confirmation,2024,4,12.560247968016562,12.596260060690257,-0.022970852324016765,12.579031921447244
928,confirmation,2024,4,12.07824495582233,12.09108110940347,-0.030623466879538437,12.068113509243817
930,confirmation,2024,4,12.310437165348775,12.293612508094544,0.011783199361207593,12.302449907615449
931,confirmation,2024,4,12.211065162153215,12.316122153452584,-0.03659797210416401,12.288673674374461
937,confirmation,2024,4,12.127575825689417,12.135743665235841,-0.025397909011741687,12.116695233477035
938,confirmation,2024,4,12.441148720271016,12.355915182248918,0.0216262019172431,12.37213483368685
939,confirmation,2024,4,12.387560521575551,12.39361631148455,-0.008537504637336598,12.387213183006548
962,confirmation,2024,4,12.513561021741964,12.437318709568707,0.03416717432314416,12.462944090311066
965,confirmation,2024,4,12.277932735946903,12.305840394751138,0.020321249675241793,12.32108133200757
970,confirmation,2024,4,11.849404844423074,11.695723004456854,-0.014985513311012638,11.684483869473594
972,confirmation,2024,4,12.06105265381003,11.991083914424385,0.024672832889544853,12.009588539091544
980,confirmation,2024,4,11.842236406331555,11.787986821573556,-0.010578081027628423,11.780053260802834
982,confirmation,2024,4,12.724869415131389,12.687837294966828,-0.024420752914843365,12.669521730280696
997,confirmation,2024,4,11.824087219587643,11.781020067259815,0.052903127230104506,11.820697412682394
998,confirmation,2024,4,12.128116509451258,11.981854968483786,0.008578679917960002,11.988288978422256
1004,confirmation,2024,4,11.827049837927534,11.910039758356554,0.022809746169236714,11.927147067983482
1006,confirmation,2024,4,11.917730355182513,11.829969680846572,0.044043844471288264,11.863002564200038
1007,confirmation,2024,4,12.004574385508691,12.009099402920002,-0.10041403739043925,11.933788874877173
1013,confirmation,2024,4,12.013706813470414,12.018539883459292,0.058680803020209636,12.062550485724449
1021,confirmation,2024,4,12.07824495582233,12.041696596284405,0.007119016662691508,12.047035858781424
1025,confirmation,2024,4,12.567240979056246,12.619579180707179,-0.027204501875158167,12.59917580430081
1034,confirmation,2024,4,12.345838935721968,12.390446472568822,0.001760919093476969,12.39176716188893
1040,confirmation,2024,4,11.289794413577894,11.348270035866957,-0.057015516497065,11.305508398494158
1045,confirmation,2024,4,12.535379989788607,12.574187629397727,-0.051525409498535665,12.535543572273825
1050,confirmation,2024,4,11.349241150793087,11.602168747274376,0.04469527531139049,11.63569020375792
1054,confirmation,2024,4,11.881041706925902,11.902403719970868,-0.0031737913016344575,11.900023376494643
1057,confirmation,2024,4,12.13270055639427,12.297869977317132,0.03094340579552389,12.321077531663775
1060,confirmation,2024,4,12.301387370778713,12.137589787080916,0.058680803020209636,12.181600389346073
1075,confirmation,2024,4,12.175618592671356,12.10403981842587,-0.009652685611388339,12.096800304217329
1076,confirmation,2024,4,12.299112067295642,12.14398610767972,0.07214037965312456,12.198091392419563
1083,confirmation,2024,4,12.165255859329688,12.18379898025836,-0.009652685611388339,12.176559466049818
1085,confirmation,2024,4,12.141539457711714,12.116181793271679,0.016786917555888785,12.128771981438595
1091,confirmation,2024,4,11.439289689006644,11.3945859509211,-0.04446794561924141,11.361234991706668
1093,confirmation,2024,4,11.824087219587643,12.010526034578522,-0.02993520050649676,11.98807463419865
1095,confirmation,2024,4,11.767575435251748,11.797634059938074,0.029178366505560653,11.819517834817246
1101,confirmation,2024,4,11.002116507732017,11.003522874010724,-0.08368159070013445,10.940761680985624
1105,confirmation,2024,4,11.571203807011969,11.67946611007048,0.012166708487579017,11.688591141436165
1106,confirmation,2024,4,12.691583538230217,12.734663877341722,-0.026371052511991323,12.71488558795773
1107,confirmation,2024,4,12.100161978566867,12.144202593979077,-0.030540940810627963,12.121296888371106
1114,confirmation,2024,4,11.80932691294063,11.808993002409967,0.025985634303822336,11.828482228137833
1118,confirmation,2024,4,11.775297421715827,11.833265302811734,0.01501041337755573,11.8445231128449
1147,confirmation,2024,4,12.100717685412471,12.100264989293366,-0.012564005105806925,12.090841985464012
1148,confirmation,2024,4,12.069685751267224,12.15054983958545,0.06035444265978553,12.19581567158029
1150,confirmation,2024,4,11.870606902224587,11.823935694474308,-0.01161590510315521,11.815223765646941
1151,confirmation,2024,4,11.728044909070785,11.747688240615554,-0.030645906177722313,11.724703810982263
1154,confirmation,2024,4,11.699413330633599,11.648242480688,0.02411835248897718,11.666331245054732
1162,confirmation,2024,4,12.319405795112926,12.217733796273182,0.07045884085029355,12.270577926910901
1163,confirmation,2024,4,11.767575435251748,11.746660184255932,-0.030953994781870747,11.72344468816953
1165,confirmation,2024,4,12.175618592671356,12.17954274317872,0.07421250030031362,12.235202118403954
1166,confirmation,2024,4,12.359527368950229,12.38137395237294,0.03119839818457381,12.40477275101137
1168,confirmation,2024,4,12.06105265381003,12.16845971795475,0.016786917555888785,12.181049906121666
1179,confirmation,2024,4,11.950541482162043,11.780992400218564,0.05074731061744626,11.819052883181648
1180,confirmation,2024,4,11.440365524765756,11.49363085314421,-0.01018580075386351,11.485991502578813
1182,confirmation,2024,4,12.880294363972055,12.557604941170295,0.03462397452447584,12.583572922063652
1183,confirmation,2024,4,13.521140839642674,13.086066696427448,0.013382672763300015,13.096103700999922
1192,confirmation,2024,4,12.066816325306588,12.025985472426177,-0.02985930566456358,12.003590993177754
1194,confirmation,2024,4,12.013706813470414,12.01148781499978,-0.02538027235789962,11.992452610731355
1195,confirmation,2024,4,11.970356641102999,11.878675995041597,-0.010883890731389793,11.870513076993054
1196,confirmation,2024,4,12.07824495582233,11.982306484060217,0.01715135068110739,11.995169997071047
1198,confirmation,2024,4,11.87757552297847,11.961839837299465,-0.023022234065058288,11.944573161750672
1206,confirmation,2024,4,12.513193308436527,12.512385029568277,0.00878846131760088,12.518976375556477
1207,confirmation,2024,4,11.580593459194764,11.631184525168667,0.024169367925794716,11.649311551113014
1210,confirmation,2024,4,12.577639650232573,12.503597041276386,0.025935973519136978,12.523049021415739
1211,confirmation,2024,4,12.149507585033072,12.202042082070072,-0.02078487760893392,12.186453423863371
1217,confirmation,2024,4,11.626263078808801,11.719837132175531,-0.04507026106073235,11.686034436379982
1225,confirmation,2024,4,12.122696471358964,12.185832602311194,0.012147632486426196,12.194943326676015
1231,confirmation,2024,4,12.154784614286667,12.199407242817069,-0.030953994781870747,12.176191746730666
1247,confirmation,2024,4,12.136191879981927,12.159652109362755,0.02425004236268303,12.177839641134767
1252,confirmation,2024,4,12.053801032483948,12.19589753779528,0.03094340579552389,12.219105092141923
1254,confirmation,2024,4,12.591338447675579,12.57284825819039,0.040393013903756284,12.603143018618209
1263,confirmation,2024,4,11.992266613576142,11.87252004834298,0.05700443241898306,11.915273372657216
1270,confirmation,2024,4,11.87757552297847,11.815785545406495,-0.008200736025520225,11.809634993387355
1279,confirmation,2024,4,12.37581963951765,12.467625506191714,-0.04146313498089516,12.436528154956044
1286,confirmation,2024,4,11.794345471549745,11.711939084367954,0.02683600632572019,11.732066089112244
1289,confirmation,2024,4,12.535379989788607,12.479009207747563,0.009421462264761093,12.486075304446134
1294,confirmation,2024,4,12.000897933306716,12.107111459573666,-0.03098790000475704,12.083870534570098
1298,confirmation,2024,4,11.849404844423074,11.953525005971708,-0.04140759429074686,11.922469310253648
1305,confirmation,2024,4,11.775297421715827,11.904489075920521,-0.03451446480095029,11.87860322731981
1307,confirmation,2024,4,12.218500103788143,12.136181565517012,0.03746897109055284,12.164283293834925
1308,confirmation,2024,4,11.835016210489899,11.877106352518602,-0.001075252009648425,11.876299913511366
1323,confirmation,2024,4,12.154784614286667,12.313434089543692,0.06741249985537545,12.363993464435223
1325,confirmation,2024,4,11.898194668458823,12.588568111107799,0.014522368814271661,12.599459887718503
1336,confirmation,2024,4,12.031129798974042,11.980531527255462,-0.0066542020373960495,11.975540875727415
1337,confirmation,2024,4,11.813037464800539,11.850354967167073,0.019354902043964582,11.864871143700046
1342,confirmation,2024,4,11.951186847493476,11.936468983227698,-0.012199571980588322,11.927319304242257
1352,confirmation,2024,4,12.049424683420915,11.988479351068136,-0.0036349863922823487,11.985753111273924
1355,confirmation,2024,4,12.367345048436391,12.368666215542703,0.0021253522186955726,12.370260229706725
1356,confirmation,2024,4,12.04355959836804,12.142710229513082,-0.015755018049400993,12.13089396597603
1357,confirmation,2024,4,11.608244735642321,11.65265072832201,0.0035773018045636915,11.655333704675433
1361,confirmation,2024,4,12.149507585033072,12.147608816619778,0.05918747938384695,12.191999426157663
1363,confirmation,2024,4,11.560772327227417,11.8305576221904,0.028242252727980748,11.851739311736385
1366,confirmation,2024,4,12.283038316285214,12.253083651031137,0.019675902320095147,12.267840577771208
1377,confirmation,2024,4,11.418625774449598,11.440439214070956,-0.02993520050649676,11.417987813691084
1378,confirmation,2024,4,11.669937760751914,11.829980561661628,-0.016456373659842552,11.817638281416746
1380,confirmation,2024,4,12.02874460037869,11.987509082050265,0.03189785494647898,12.011432473260124
1385,confirmation,2024,4,11.561725152903833,11.588404068173896,-0.0034398814869436405,11.585824157058688
1387,confirmation,2024,4,12.429220196836383,12.638576887884065,-0.03098790000475704,12.615335962880497
1392,confirmation,2024,4,11.728044909070785,11.717707517809258,-0.0030577042266339578,11.715414239639282
1397,confirmation,2024,4,11.982935344196433,12.017221371444952,0.023312549318133383,12.034705783433552
1398,confirmation,2024,4,11.83138646878959,11.826023444037501,0.04690480832186048,11.861202050278896
1400,confirmation,2024,4,11.831022768939789,11.967688912923673,-0.021337324582338352,11.95168591948692
1415,confirmation,2024,4,12.240478903153711,12.18759651179523,0.05242450073090434,12.226914887343408
1417,confirmation,2024,4,11.715874472198905,11.779724828406216,-0.005308384225681251,11.775743540236956
1418,confirmation,2024,4,12.73670383776449,12.738610535915852,-0.024420752914843365,12.72029497122972
1425,confirmation,2024,4,11.87757552297847,11.830843061603149,-0.008200736025520225,11.82469250958401
1433,confirmation,2024,4,11.07443600653965,11.519803153382258,-0.008501116427419565,11.513427316061692
1439,confirmation,2024,4,11.916395250412128,11.877424451164506,-0.02219925171539858,11.860775012377957
1444,confirmation,2024,4,11.703554089007538,11.566945922631524,0.02683600632572019,11.587072927375814
1451,confirmation,2024,4,11.820417517632333,11.7894385271328,-0.0030577042266339578,11.787145248962824
1,confirmation,2024,5,12.24769911637256,12.172961036658052,-0.011398898251223689,12.164411862969635
4,confirmation,2024,5,11.849404844423074,12.067484341309822,0.014421299309269902,12.078300315791774
7,confirmation,2024,5,12.634606283893019,12.501863674612006,-0.02566468246150967,12.482615162765873
8,confirmation,2024,5,12.206077645517674,12.276966861468948,-0.03705865493463728,12.24917287026797
11,confirmation,2024,5,11.771443882099637,11.758115962701037,-0.016081910187701977,11.746054530060261
12,confirmation,2024,5,12.75130259456002,12.877284558707563,0.07353226730648742,12.932433759187429
13,confirmation,2024,5,11.87757552297847,11.804128409941136,-0.009271981819829661,11.797174423576264
15,confirmation,2024,5,11.964007453736912,11.954934202024141,-0.022720829233847915,11.937893580098756
23,confirmation,2024,5,12.345838935721968,12.371291793858866,-0.04537090313690792,12.337263616506185
24,confirmation,2024,5,11.774527900858468,11.831706831699053,0.0003281937880537551,11.831952977040094
26,confirmation,2024,5,12.454107814022272,12.46086938604504,-0.0015045792217621354,12.459740951628719
30,confirmation,2024,5,11.134603622683905,11.139689277542704,0.07848175821834759,11.198550596206465
32,confirmation,2024,5,11.914054519303125,11.874447142424115,-0.009271981819829661,11.867493156059243
40,confirmation,2024,5,11.314486721293981,11.349111554417384,0.0322214724718219,11.37327765877125
41,confirmation,2024,5,11.982935344196433,11.857031259491585,-0.08493372772244902,11.793330963699749
49,confirmation,2024,5,11.635151947212842,11.485517875702554,-0.01648576721985306,11.473153550287664
51,confirmation,2024,5,12.083910661257521,12.094716874428912,0.017084715519457606,12.107530411068504
52,confirmation,2024,5,11.648338835562747,11.691928820068137,0.05512136952722298,11.733269847213554
58,confirmation,2024,5,12.188422799337028,12.186180275377652,-0.00272375419838892,12.18413745972886
60,confirmation,2024,5,11.735276702486741,11.697965622197541,0.029850366327930786,11.720353396943489
61,confirmation,2024,5,11.970356641102999,12.04595040434691,-0.021455962516775035,12.029858432459328
65,confirmation,2024,5,12.299112067295642,12.290242627892408,-0.015104512114515644,12.27891424380652
69,confirmation,2024,5,11.289794413577894,11.338771992131276,-0.005537690272849951,11.334618724426639
75,confirmation,2024,5,11.58432477200052,11.611354715760854,-0.0068920912205295455,11.606185647345457
83,confirmation,2024,5,12.409017571151187,12.310638169222612,-0.02024653719603703,12.295453266325584
92,confirmation,2024,5,11.498836682527127,11.69543335110005,-0.08270831705732987,11.633402113307053
97,confirmation,2024,5,12.273735966890268,12.276203653962567,-0.00272375419838892,12.274160838313774
98,confirmation,2024,5,11.459007676978688,11.721468234688551,0.00828625941417341,11.72768292924918
106,confirmation,2024,5,12.429220196836383,12.42385899372476,-0.02024653719603703,12.408674090827732
110,confirmation,2024,5,12.154784614286667,12.243591213341523,-0.00022660576408857318,12.243421259018456
119,confirmation,2024,5,12.676079399771027,12.73449273820725,-0.014293235175767312,12.723772811825423
124,confirmation,2024,5,11.944064817531656,11.99093834345069,-0.00993459863976098,11.983487394470869
131,confirmation,2024,5,12.328294703023396,12.257453786572416,-0.048616122276955734,12.220991694864699
133,confirmation,2024,5,11.923384748066601,11.9386499613763,4.789309966786795e-05,11.93868588120105
136,confirmation,2024,5,12.066816325306588,12.066890232634991,-0.03335304107134533,12.041875451831482
137,confirmation,2024,5,11.870606902224587,11.87390756822505,-0.006762035268204446,11.868836041773896
145,confirmation,2024,5,11.736077016252437,11.812618167774684,0.04747156937743499,11.84822184480776
147,confirmation,2024,5,11.561725152903833,11.535175146903267,0.014468878754534564,11.546026805969168
149,confirmation,2024,5,11.856522261533737,11.923357790783058,-0.008168898423272307,11.917231116965604
151,confirmation,2024,5,11.711784520403112,11.819950425874298,0.010232908265016563,11.827625107073061
158,confirmation,2024,5,12.504327379899443,12.519616982158638,-0.01644205164071768,12.5072854434281
159,confirmation,2024,5,12.448630513463613,12.371219334468027,0.01984538273716531,12.3861033715209
161,confirmation,2024,5,11.998439434579149,11.960411673996427,0.02366608673124591,11.978161239044862
163,confirmation,2024,5,12.301387370778713,12.367480216109318,0.021843768344660924,12.383863042367814
166,confirmation,2024,5,11.755879486687116,11.757548480492007,0.008228240882301306,11.763719661153733
176,confirmation,2024,5,12.400820837540556,12.313105044205932,-0.007359254153437394,12.307585603590853
178,confirmation,2024,5,12.058158312538197,12.12185046129021,-0.007406766134867213,12.116295386689059
179,confirmation,2024,5,13.126032637428713,12.94486797157908,0.07175669983332185,12.998685496454073
182,confirmation,2024,5,12.206577518060588,12.084642622051625,0.05797410215898473,12.128123198670863
184,confirmation,2024,5,12.206077645517674,12.121338088752125,-0.05499760861450967,12.080089882291244
192,confirmation,2024,5,12.122696471358964,12.028377618930357,-0.03355446344246549,12.003211771348507
203,confirmation,2024,5,11.626263078808801,11.61804091438206,-0.03794499129601238,11.58958217091005
208,confirmation,2024,5,11.856522261533737,11.857656798669272,0.007228117153458422,11.863077886534365
212,confirmation,2024,5,12.133507329024972,12.071199137711904,-0.02907468680577367,12.049393122607574
216,confirmation,2024,5,11.808955099378537,11.84367625233684,0.014141182417975271,11.854282139150321
228,confirmation,2024,5,11.571203807011969,11.488658879877393,-0.015645151899267084,11.476925015952943
232,confirmation,2024,5,12.90669432231532,12.820944457618749,-0.012942572140244097,12.811237528513566
242,confirmation,2024,5,11.612779849672751,11.412529037534412,0.00037398464414687554,11.412809526017522
245,confirmation,2024,5,12.230770136157428,12.362752641299947,-0.014293235175767312,12.35203271491812
248,confirmation,2024,5,11.849404844423074,11.856096609167048,-0.014045685181013134,11.845562345281289
253,confirmation,2024,5,12.06105265381003,12.06940877181583,-0.00993459863976098,12.061957822836009
255,confirmation,2024,5,11.884495917930655,11.86030643246813,-0.0006582983873544956,11.859812708677614
256,confirmation,2024,5,12.345838935721968,12.306204901877873,0.000586952910112834,12.306645116560457
263,confirmation,2024,5,11.92504173829169,11.885642987920477,-0.009319652615982821,11.87865324845849
267,confirmation,2024,5,12.128116509451258,12.093463779005281,0.024368076469892693,12.111739836357701
268,confirmation,2024,5,12.097936057925594,12.09567884745105,0.0807619148680098,12.156250283602057
301,confirmation,2024,5,11.964007453736912,11.9784980258679,0.0751589651489842,12.034867249729638
304,confirmation,2024,5,11.917730355182513,11.744731784751576,0.010328944663461452,11.752478493249171
305,confirmation,2024,5,12.59473402514672,12.532930458406858,-0.019032732093839707,12.518655909336477
311,confirmation,2024,5,12.017336559562407,12.07240888452256,0.024368076469892693,12.09068494187498
317,confirmation,2024,5,12.468440756144114,12.397105733888454,-0.022859342137195694,12.379961227285557
322,confirmation,2024,5,12.777055016970678,12.739786336777554,-0.0032171106239428093,12.737373503809597
323,confirmation,2024,5,12.614868865984631,12.56917344687802,-0.013587043688744947,12.558983164111462
334,confirmation,2024,5,12.240478903153711,12.141524382821784,-0.002161528752052137,12.139903236257744
341,confirmation,2024,5,12.220473454337986,12.259298014005907,-0.07902548734375779,12.200028898498088
352,confirmation,2024,5,12.154784614286667,12.234212121526209,0.02295476833791403,12.251428197779644
359,confirmation,2024,5,11.775297421715827,11.800921053898522,-0.05897827252930003,11.756687349501547
360,confirmation,2024,5,12.54254845357358,12.532407827367019,-0.0005618142241173608,12.53198646669893
361,confirmation,2024,5,11.957617696467539,11.918749759007955,-0.01979116568400562,11.903906384744952
363,confirmation,2024,5,12.198549416880068,12.085829273480725,0.013974354429417635,12.096310039302788
368,confirmation,2024,5,12.013706813470414,11.961270968753427,-0.022720829233847915,11.944230346828041
369,confirmation,2024,5,11.790564777297387,11.892892269148344,-0.0006582983873544956,11.892398545357828
373,confirmation,2024,5,11.736077016252437,11.633279022175977,-0.016058935392255985,11.621234820631784
382,confirmation,2024,5,12.142871895843887,12.266931049298273,0.0430790930605186,12.299240369093662
384,confirmation,2024,5,11.23850177707664,11.296633897312475,-0.09032432995287827,11.228890649847816
397,confirmation,2024,5,11.719947764402807,11.740118301681699,0.005135511299324928,11.743969935156192
401,confirmation,2024,5,12.411056299528171,12.33042644952887,-0.024107136282177182,12.312346097317237
402,confirmation,2024,5,12.013646205940514,12.11378377367443,0.014322456934419543,12.124525616375244
410,confirmation,2024,5,12.73596827534975,12.625322138641224,-0.008738613219500327,12.618768178726599
423,confirmation,2024,5,11.635151947212842,11.671758032712768,-0.016725066802751706,11.659214232610704
430,confirmation,2024,5,12.07254696717504,12.070239876655213,0.0026526808245644837,12.072229387273637
433,confirmation,2024,5,11.715874472198905,11.728899473632982,0.014871905553241114,11.740053402797912
440,confirmation,2024,5,11.608244735642321,11.831416643512974,0.03262722050342888,11.855887058890545
447,confirmation,2024,5,12.154784614286667,12.299780919499735,-0.02203523761847059,12.283254491285883
454,confirmation,2024,5,12.25486757159303,12.326139133999268,-0.023952151059328988,12.308175020704772
464,confirmation,2024,5,12.147919030759663,12.134709874900723,0.05807156620488664,12.178263549554389
465,confirmation,2024,5,11.728044909070785,11.631655186706894,0.005135511299324928,11.635506820181387
466,confirmation,2024,5,12.093693109638318,12.146468379628052,0.007737710391581967,12.15227166242174
470,confirmation,2024,5,12.138869243416009,12.127954707219185,-0.00993459863976098,12.120503758239364
472,confirmation,2024,5,12.154784614286667,12.189569637758392,-0.03877118633681796,12.160491248005778
482,confirmation,2024,5,12.832013750189885,12.786766180680381,0.00574974873265505,12.791078492229872
490,confirmation,2024,5,11.362114203075018,11.511482747939056,0.01998931585255917,11.526474734828476
496,confirmation,2024,5,10.460270761075149,11.173743680626313,-0.035151507179859695,11.147380050241418
498,confirmation,2024,5,12.122696471358964,11.976176599437487,-0.0013628605421194383,11.975154454030898
509,confirmation,2024,5,11.989165855127435,11.903853286465125,-0.019032732093839707,11.889578737394745
511,confirmation,2024,5,12.013100572810686,12.01354391887317,0.015959737299290126,12.025513721847638
526,confirmation,2024,5,12.07824495582233,12.092437539162129,0.034644863542495075,12.118421186818999
533,confirmation,2024,5,11.58525542883217,11.526862911819796,0.01354101441008708,11.537018672627362
537,confirmation,2024,5,12.144202560946876,12.185298725413572,-0.011398898251223689,12.176749551725155
538,confirmation,2024,5,11.619544188752133,11.701659106045573,-0.014339965253056499,11.69090413210578
540,confirmation,2024,5,12.513561021741964,12.434546558090009,-0.05149523988940291,12.395925128172957
545,confirmation,2024,5,12.098854850641,12.18256211174152,0.020517949860544244,12.197950574136929
552,confirmation,2024,5,11.630717389475995,11.625030593475115,-0.023362818243178134,11.607508479792731
563,confirmation,2024,5,11.58989576532275,11.67529255789515,-0.0059710719151402705,11.670814253958794
565,confirmation,2024,5,12.498745990829315,12.447849277601364,0.05954882458552033,12.492510896040503
566,confirmation,2024,5,11.759793355371237,11.769076049342777,-0.09904509947480987,11.69479222473667
570,confirmation,2024,5,11.820123358887447,11.876204864100897,0.007331254050102957,11.881703304638474
572,confirmation,2024,5,11.695255355062795,11.709648784521095,-0.07812379935457671,11.651055935005163
574,confirmation,2024,5,12.04355959836804,12.02940476892813,-0.01350633640819457,12.019275016621984
575,confirmation,2024,5,11.842236406331555,11.703006345963745,0.014247205897109445,11.713691750386577
596,confirmation,2024,5,12.672949516558306,12.67454470984899,0.10269872479056705,12.751568753441914
597,confirmation,2024,5,11.648373769145277,11.576564337441923,-0.015846968192813924,11.564679111297313
599,confirmation,2024,5,12.289958727201455,12.216901114842397,0.08196889351685652,12.278377784980039
600,confirmation,2024,5,11.92504173829169,11.942611856366588,0.00031188030009507255,11.94284576659166
603,confirmation,2024,5,12.301387370778713,12.299839767527352,-0.047894675438658815,12.263918760948359
607,confirmation,2024,5,11.931642378754141,11.986818784014151,0.005135511299324928,11.990670417488644
609,confirmation,2024,5,12.791358964949923,12.532027599145726,-0.014061297902947367,12.521481625718515
610,confirmation,2024,5,11.682676678340282,11.655591680264507,0.03734756902475167,11.68360235703307
618,confirmation,2024,5,11.566475710526321,11.683803405794684,-0.015910900865975585,11.671870230145203
623,confirmation,2024,5,11.813037464800539,11.743995542127054,-0.01297759568312162,11.734262345364714
631,confirmation,2024,5,11.728044909070785,11.586185584778997,-0.006079266884831501,11.581626134615373
632,confirmation,2024,5,12.252483791602627,12.344805716149853,-0.0032171106239428093,12.342392883181896
641,confirmation,2024,5,12.520887034998584,12.527007491884403,0.002201034641529827,12.52865826786555
652,confirmation,2024,5,11.58989576532275,11.621651640260646,0.00999879081635409,11.629150733372912
661,confirmation,2024,5,12.19552218463499,12.188270131873814,-0.024571873539376374,12.169841226719281
670,confirmation,2024,5,11.83138646878959,11.663146620983062,0.0841471862651273,11.726257010681907
671,confirmation,2024,5,12.063938642041201,12.068321987228328,0.012155095284211579,12.077438308691487
675,confirmation,2024,5,11.849404844423074,11.897662129912028,-0.015910900865975585,11.885728954262547
680,confirmation,2024,5,11.763691965388299,11.761822130415053,-0.021500055453174613,11.745697088825173
683,confirmation,2024,5,12.06105265381003,12.190982997822832,0.026895477517605574,12.211154605961037
701,confirmation,2024,5,12.652362948153474,12.638326588208344,-0.06422600653842803,12.590157083304522
704,confirmation,2024,5,11.849404844423074,11.831148719441845,-0.0003322068428754932,11.83089956430969
705,confirmation,2024,5,12.269052139516223,12.281831058206187,-0.017523235003718694,12.268688631953397
707,confirmation,2024,5,12.618185607609803,12.47057075549839,0.05507838675067846,12.5118795455614
723,confirmation,2024,5,11.732069026983156,11.661840651975586,0.02453174445548036,11.680239460317196
725,confirmation,2024,5,12.676079399771027,12.674050682005364,-0.061410218213937925,12.62799301834491
726,confirmation,2024,5,11.699413330633599,11.642990602086618,0.010332431658038783,11.650739925830147
729,confirmation,2024,5,11.608244735642321,11.802598437110566,-0.00170360567455995,11.801320732854647
730,confirmation,2024,5,11.542493975902508,11.410156687393224,-0.07254552787685348,11.355747541485584
731,confirmation,2024,5,12.373707715234994,12.442965523664144,0.027514221574408488,12.463601189844951
736,confirmation,2024,5,12.001511614739405,12.03125213997364,-0.025313223396361013,12.012267222426368
742,confirmation,2024,5,11.863589378812122,11.812022391735638,-0.005978706303524886,11.807538362007994
748,confirmation,2024,5,12.491176396967154,12.413904696858317,-0.03769398131248773,12.38563421087395
757,confirmation,2024,5,12.264346270624157,12.253431184527322,-0.04907651700019987,12.216623796777172
759,confirmation,2024,5,12.097378802727306,12.02792391350908,0.025969719489660308,12.047401203126325
765,confirmation,2024,5,12.506180941677357,12.442121200419923,-0.015431992229342419,12.430547206247915
774,confirmation,2024,5,11.648338835562747,11.698045708957089,0.009939316580866848,11.70550019639274
776,confirmation,2024,5,11.995357787034976,11.986311605738308,-0.02488856264969726,11.967645183751035
777,confirmation,2024,5,12.308182383129823,12.319505220459748,0.014322456934419543,12.330247063160563
782,confirmation,2024,5,12.077676615757813,12.102179594055876,-0.0012594545869262126,12.101235003115681
785,confirmation,2024,5,11.759793355371237,11.807333527763596,-0.03872142504309027,11.778292458981278
788,confirmation,2024,5,12.358798024384122,12.349543306963854,-0.014293235175767312,12.338823380582028
796,confirmation,2024,5,12.049424683420915,12.011923165669025,-0.009249007024383669,12.004986410400736
797,confirmation,2024,5,11.874097282798648,11.83202892663783,-0.04442218309960411,11.798712289313128
799,confirmation,2024,5,13.091906231773164,13.160354821857302,0.06115150939036068,13.206218453900073
800,confirmation,2024,5,12.07254696717504,12.020529498319334,0.06332767923724447,12.068025257747268
836,confirmation,2024,5,11.759793355371237,11.781289074431202,0.057650618703043194,11.824527038458484
841,confirmation,2024,5,11.849404844423074,11.690890587545232,-0.017203151340904405,11.677988224039554
842,confirmation,2024,5,11.967187086434018,11.926428491770979,0.002852584919556138,11.928567930460646
847,confirmation,2024,5,12.269052139516223,12.187314870611319,-0.011874512286564269,12.178408986396395
855,confirmation,2024,5,12.04355959836804,12.035705460787053,-0.05926225830320671,11.991258767059648
860,confirmation,2024,5,12.429220196836383,12.44450406266281,0.03667089814443964,12.47200723627114
866,confirmation,2024,5,11.908346971208951,11.825501666049293,0.0017604245018485462,11.82682198442568
880,confirmation,2024,5,11.824087219587643,11.805795789296456,0.03816084282993151,11.834416421418904
890,confirmation,2024,5,11.915058360753719,11.920487454950555,-0.06911872294794376,11.868648412739597
898,confirmation,2024,5,11.870278179170796,11.814192611444275,0.024493333109015115,11.832562611276037
904,confirmation,2024,5,12.388398368982115,12.407939004302131,0.020517949860544244,12.42332746669754
905,confirmation,2024,5,11.74006900564972,11.707336549864356,-0.014690127085302297,11.69631895455038
906,confirmation,2024,5,11.759793355371237,11.75454565465218,-0.00746822675522681,11.74894448458576
910,confirmation,2024,5,12.066816325306588,12.052088364717902,0.011987318553765967,12.061078853633227
916,confirmation,2024,5,11.225256725762893,11.349695478979086,-0.0147485470802281,11.338634068668915
922,confirmation,2024,5,11.890683588496984,11.985954261106945,0.008228240882301306,11.992125441768671
926,confirmation,2024,5,12.07254696717504,11.974097075584641,-0.027047216106087495,11.953811663505075
929,confirmation,2024,5,12.373707715234994,12.4000167621001,-0.04907651700019987,12.36320937434995
934,confirmation,2024,5,12.154784614286667,12.20629110614251,-0.015104512114515644,12.194962722056623
942,confirmation,2024,5,12.273735966890268,12.344378843688963,-0.011793805006013892,12.335533489934452
945,confirmation,2024,5,11.83138646878959,12.018394950963035,-0.02451225343893668,12.000010760883832
949,confirmation,2024,5,12.167856627501678,12.197413084658464,-0.00272375419838892,12.195370269009672
954,confirmation,2024,5,12.055255569732177,11.993925006440366,-0.059417346653555594,11.949361996450198
956,confirmation,2024,5,11.884495917930655,11.87353439816596,0.03845410814197242,11.90237497927244
971,confirmation,2024,5,11.813037464800539,11.287890977906656,-0.04569533663331564,11.25361947543167
983,confirmation,2024,5,11.982278882874377,12.079682329870682,-0.0009374336612527987,12.078979254624743
985,confirmation,2024,5,11.744045122410057,11.74217498895275,-0.003729328816972372,11.73937799234002
990,confirmation,2024,5,12.190964083849375,12.161136003938214,0.0430790930605186,12.193445323733602
993,confirmation,2024,5,12.138869243416009,12.192523822135731,0.0048863570312860476,12.196188589909196
999,confirmation,2024,5,11.418625774449598,11.484504614589405,-0.04447847944888898,11.451145755002738
1000,confirmation,2024,5,12.235636302128867,12.157535232855786,-0.017523235003718694,12.144392806602996
1005,confirmation,2024,5,12.10625783509458,12.143966291796128,-0.004643047524544761,12.140484006152718
1010,confirmation,2024,5,11.532737896139919,11.604599545452418,0.05641172739023796,11.646908340995097
1017,confirmation,2024,5,12.220966184120165,12.361910353592865,-0.015104512114515644,12.350581969506978
1018,confirmation,2024,5,12.141539457711714,12.131047778722529,0.039288796535128054,12.160514376123874
1023,confirmation,2024,5,11.373674891823535,11.578861522031202,-0.03559089187652309,11.55216835312381
1029,confirmation,2024,5,11.561725152903833,11.767468957467063,-0.006762035268204446,11.76239743101591
1031,confirmation,2024,5,11.982935344196433,11.750628878794958,0.08943705892084457,11.81770667298559
1032,confirmation,2024,5,12.190964083849375,12.214649823340332,-0.07267051481176004,12.160146937231513
1033,confirmation,2024,5,12.644330802262578,12.756147850974507,0.009164824648234478,12.763021469460684
1037,confirmation,2024,5,12.66191713053049,12.774915220347633,-0.004870275944528095,12.771262513389237
1042,confirmation,2024,5,12.06105265381003,11.978863834739123,0.040011844456897566,12.008872718081795
1043,confirmation,2024,5,12.185875040240456,12.180874728195386,0.0242471977256047,12.19906012648959
1047,confirmation,2024,5,13.229569788348705,12.976097223381583,0.0841374577494486,13.03920031669367
1048,confirmation,2024,5,11.884495917930655,11.889754391668298,0.008841125162616884,11.89638523554026
1051,confirmation,2024,5,12.080996832096167,12.105533429256853,0.006424660542236839,12.110351924663531
1055,confirmation,2024,5,12.449022745701502,12.475698298828693,-0.036695759084073146,12.448176479515638
1066,confirmation,2024,5,12.700771936142122,12.492699482188057,0.054372195263656095,12.533478628635798
1068,confirmation,2024,5,12.031129798974042,12.08427913260952,-0.015910900865975585,12.072345956960039
1070,confirmation,2024,5,11.813037464800539,11.765419219858881,0.014247205897109445,11.776104624281713
1079,confirmation,2024,5,11.956976469393481,11.847033304079222,0.024535853200338305,11.865435193979476
1090,confirmation,2024,5,12.190964083849375,12.23748746381957,-0.011571393143202262,12.228808918962168
1098,confirmation,2024,5,12.04355959836804,11.93602904453038,0.028220413061430864,11.957194354326454
1108,confirmation,2024,5,12.52352951631214,12.327872033090962,0.020517949860544244,12.343260495486371
1109,confirmation,2024,5,12.10625783509458,12.033050886559579,-0.01752493291623333,12.019907186872404
1112,confirmation,2024,5,12.230770136157428,12.13739827597333,-0.03335304107134533,12.112383495169821
1116,confirmation,2024,5,12.669809806411457,12.587811216179388,0.04947115594906282,12.624914583141186
1121,confirmation,2024,5,11.681832447342321,11.66694859097822,-0.048332692004769515,11.630699071974643
1125,confirmation,2024,5,12.007017865994577,12.021500199459554,-0.01350633640819457,12.011370447153409
1127,confirmation,2024,5,12.066816325306588,12.168479972171006,-0.004643047524544761,12.164997686527597
1131,confirmation,2024,5,11.813037464800539,11.99685113620689,-0.01835405802529336,11.983085592687921
1139,confirmation,2024,5,12.185875040240456,12.241049451862184,-0.02488856264969726,12.22238302987491
1140,confirmation,2024,5,11.87757552297847,11.717426730086771,-0.008252893812960002,11.71123705972705
1141,confirmation,2024,5,11.842236406331555,11.75117165678003,0.0230112493540459,11.768430093795565
1152,confirmation,2024,5,11.917730355182513,11.989997223200191,-0.04679813608098171,11.954898621139455
1153,confirmation,2024,5,12.345838935721968,12.18248272557279,0.021476838651529103,12.198590354561437
1164,confirmation,2024,5,11.59873612138334,11.86218184289055,-0.005777823470068893,11.857848475287998
1175,confirmation,2024,5,12.384223015005313,12.331239022392733,0.07876280062301409,12.390311122859993
1187,confirmation,2024,5,11.461642696843066,11.745530179854745,-0.03735944902481543,11.717510593086134
1204,confirmation,2024,5,12.269052139516223,12.276497640324308,-0.015104512114515644,12.265169256238421
1208,confirmation,2024,5,12.206077645517674,12.3114263403183,0.024535853200338305,12.329828230218554
1215,confirmation,2024,5,11.80932691294063,11.759710086829159,0.007331254050102957,11.765208527366736
1220,confirmation,2024,5,11.424105180165641,11.460140732817397,-0.03469099598256403,11.434122485830473
1224,confirmation,2024,5,11.834291315386718,11.845720608031044,-0.06935286339972238,11.793705960481253
1229,confirmation,2024,5,12.813920618864572,12.796382436745526,0.06485712325365264,12.845025279185766
1230,confirmation,2024,5,11.751950239425476,11.846206754396588,-0.0013438900027318065,11.84519883689454
1236,confirmation,2024,5,11.841423131921784,11.878051075787205,0.0751589651489842,11.934420299648943
1237,confirmation,2024,5,12.075400019877522,11.996295390908392,-0.00828586550454714,11.990080991779982
1239,confirmation,2024,5,11.86710429621008,11.793815936087407,-0.020567213050769726,11.77839052629933
1240,confirmation,2024,5,12.490879338036375,12.33174283785234,-0.07831929585673543,12.27300336595979
1241,confirmation,2024,5,12.323415584358154,12.249842648045638,-0.011398898251223689,12.24129347435722
1245,confirmation,2024,5,12.345838935721968,12.126583606883063,0.018512573911758635,12.140468037316882
1249,confirmation,2024,5,11.771443882099637,11.838683968153866,-0.04553135341096258,11.804535453095644
1257,confirmation,2024,5,12.616528611893463,12.684176205363858,-0.009236958276952135,12.677248486656143
1262,confirmation,2024,5,11.766799946849087,11.752031268514768,0.0017604245018485462,11.753351586891155
1269,confirmation,2024,5,12.850557278777309,12.706440623009062,0.024793065214279934,12.725035421919772
1272,confirmation,2024,5,12.132162346145595,12.08402189752956,0.02429014022831292,12.102239502700794
1274,confirmation,2024,5,12.083910661257521,12.017443229729071,-0.0019411088879647508,12.015987398063098
1282,confirmation,2024,5,12.100717685412471,12.117553960055734,0.04230969260246285,12.149286229507581
1285,confirmation,2024,5,12.037659911047468,12.104299051260629,-0.0353435784586921,12.07779136741661
1291,confirmation,2024,5,12.103491596905931,11.985188940308973,0.01354101441008708,11.995344701116538
1303,confirmation,2024,5,12.577639650232573,12.661918808178285,-0.0005618142241173608,12.661497447510197
1304,confirmation,2024,5,12.354496960983985,12.299852084285092,0.034644863542495075,12.325835731941963
1311,confirmation,2024,5,12.721888795877375,12.597992873872265,0.06939002451638922,12.650035392259557
1312,confirmation,2024,5,12.220966184120165,12.20602782294278,0.00022916761611213067,12.206199698654864
1321,confirmation,2024,5,11.960817678718287,11.966910602094696,-0.1031105605469652,11.889577681684472
1328,confirmation,2024,5,11.779136168550774,11.774100934090896,0.019239809717918256,11.788530791379335
1332,confirmation,2024,5,11.794345471549745,11.78367092753848,0.01751626921545165,11.796808129450069
1335,confirmation,2024,5,11.736077016252437,11.644693787101438,0.023394365323294107,11.662239561093909
1340,confirmation,2024,5,11.763691965388299,11.743092488657023,0.03852551038076556,11.771986621442597
1341,confirmation,2024,5,11.719947764402807,11.566073227586301,0.0018099718879857878,11.567430706502291
1344,confirmation,2024,5,12.083910661257521,12.018032435547655,0.0401666395441531,12.04815741520577
1345,confirmation,2024,5,11.95655945119582,12.045286362377944,0.00022916761611213067,12.045458238090028
1349,confirmation,2024,5,12.278397958261774,12.423795803526238,-0.013587043688744947,12.41360552075968
1350,confirmation,2024,5,11.711784520403112,11.754336457057072,-0.06187786426605288,11.707928058857531
1354,confirmation,2024,5,12.923914877701906,12.894976323876126,-0.01536129502944714,12.88345535260404
1365,confirmation,2024,5,11.878630514504515,11.89743994088794,0.004303438173043017,11.900667519517723
1371,confirmation,2024,5,11.561725152903833,11.602717780867836,-0.003118967383646908,11.600378555330101
1382,confirmation,2024,5,12.377927112974284,12.221686923804624,-0.0017115880685340153,12.220403232753224
1383,confirmation,2024,5,11.964007453736912,11.90310913204309,-0.025313223396361013,11.884124214495818
1388,confirmation,2024,5,11.820417517632333,11.92089126165456,-0.01759489200405179,11.907695092651522
1391,confirmation,2024,5,12.367345048436391,12.336329858757384,-0.00272375419838892,12.334287043108592
1396,confirmation,2024,5,12.546871224308068,12.515884928671216,-0.07831929585673543,12.457145456778665
1407,confirmation,2024,5,11.798111925972618,11.798788992324706,0.02614475246463882,11.818397556673185
1408,confirmation,2024,5,11.626263078808801,11.666534494366907,-0.020430680666043664,11.651211483867375
1409,confirmation,2024,5,11.74006900564972,11.540746192828493,0.008661622524591624,11.547242409721937
1411,confirmation,2024,5,12.345838935721968,12.254317948720292,-0.015104512114515644,12.242989564634405
1416,confirmation,2024,5,12.077676615757813,12.308280845216398,-0.004643047524544761,12.304798559572989
1431,confirmation,2024,5,12.165984756488543,12.13999792111753,0.045103391188884984,12.173825464509195
1432,confirmation,2024,5,11.87583791515714,11.796686231698652,-0.02249652790615363,11.779813835769037
1435,confirmation,2024,5,11.982935344196433,12.029662024495053,-0.008049922749916939,12.023624582432616
1436,confirmation,2024,5,12.066816325306588,12.054629256466777,-0.0655427055603707,12.005472227296499
1442,confirmation,2024,5,11.913719681428494,11.90050211847284,0.01586070914750354,11.912397650333467
1443,confirmation,2024,5,12.644330802262578,12.68605530665568,0.09354847764495382,12.756216664889395
1446,confirmation,2024,5,11.767575435251748,11.751731944361106,-0.04442218309960411,11.718415307036404
1447,confirmation,2024,5,11.969723533345908,11.862468652978706,-0.0018401623899328163,11.861088531186256
6,confirmation,2025,1,11.870606902224587,11.990160239543762,-0.01309324786971463,11.980340303641476
7,confirmation,2025,1,12.634606283893019,12.501863674612006,-0.020646932475930635,12.486378475255057
15,confirmation,2025,1,11.964007453736912,11.954934202024141,-0.012311911495564584,11.945700268402467
24,confirmation,2025,1,11.774527900858468,11.831706831699053,0.0005555099808071257,11.832123464184658
31,confirmation,2025,1,10.596659732783579,11.487548618683181,-0.022922763649903134,11.470356545945753
35,confirmation,2025,1,12.533579815765737,12.591821471813379,-0.02588663359484719,12.572406496617244
36,confirmation,2025,1,12.6410997921206,12.64459999434209,0.03237459734262449,12.668880942349059
38,confirmation,2025,1,11.938199736300925,11.959325490130897,0.009751786874938904,11.966639330287101
44,confirmation,2025,1,11.777218637129327,11.805718136132562,0.014642319875804048,11.816699876039415
46,confirmation,2025,1,12.675766851909591,12.578086415653539,-0.03623018674370221,12.550913775595763
50,confirmation,2025,1,11.751950239425476,11.743879057827181,0.024925584477628458,11.762573246185402
59,confirmation,2025,1,12.991755706536901,12.910002352048757,-0.044728538176740745,12.8764559484162
62,confirmation,2025,1,11.522885696764481,11.444557087083096,-0.006366614633636494,11.439782126107868
65,confirmation,2025,1,12.299112067295642,12.290242627892408,0.002650213695278583,12.292230288163866
70,confirmation,2025,1,12.323860125621126,12.282174338169584,0.04333364604568181,12.314674572703845
84,confirmation,2025,1,11.748005492256807,11.783907544755001,0.016791586414673286,11.796501234566007
89,confirmation,2025,1,11.350418300109132,11.220129405125546,-0.17124396476539105,11.091696431551503
91,confirmation,2025,1,11.60733523953139,11.51418724916653,0.03820381062770903,11.542840107137312
92,confirmation,2025,1,11.498836682527127,11.69543335110005,-0.08504502550986391,11.631649581967652
94,confirmation,2025,1,11.804855999911272,12.07177254326509,-0.04548085232506931,12.037661904021288
96,confirmation,2025,1,12.128116509451258,12.11767158071468,0.054347445113406376,12.158432164549735
98,confirmation,2025,1,11.459007676978688,11.721468234688551,-0.006681467235687067,11.716457134261786
100,confirmation,2025,1,11.767187766223199,11.70605810691796,0.019866626364583816,11.720958076691398
101,confirmation,2025,1,12.230770136157428,12.284989938498407,0.020542070332788476,12.300396491247998
108,confirmation,2025,1,11.652696102959753,11.522710842455277,-0.05995187503011222,11.477746936182694
116,confirmation,2025,1,12.07824495582233,12.015868422714773,0.02093413372133377,12.031569023005773
126,confirmation,2025,1,11.344518647594766,11.330985947813947,0.012239558546086202,11.34016561672351
142,confirmation,2025,1,12.468440756144114,12.38973421114625,0.006587467300628959,12.394674811621721
143,confirmation,2025,1,12.019749091416921,11.764383344274252,-0.042347544842426726,11.732622685642433
144,confirmation,2025,1,12.225880174775122,12.31313914105985,0.002650213695278583,12.315126801331308
154,confirmation,2025,1,12.367345048436391,12.151061393574624,0.04278642395985119,12.183151211544512
155,confirmation,2025,1,11.736077016252437,11.543280426420212,-0.1145105938300332,11.457397481047687
162,confirmation,2025,1,12.929993908996359,12.952296873952951,-0.017800801314501055,12.938946272967076
165,confirmation,2025,1,11.931642378754141,11.882453647683702,-0.03479098112081206,11.856360411843093
173,confirmation,2025,1,12.384223015005313,12.226265909089523,0.07022133971826129,12.27893191387822
174,confirmation,2025,1,12.001511614739405,11.93873447279414,-0.011179624745532727,11.93034975423499
186,confirmation,2025,1,13.07107218827772,12.613573685718661,0.05932865738133877,12.658070178754665
191,confirmation,2025,1,12.660331092405906,12.553889905521727,0.051427276130246516,12.592460362619411
193,confirmation,2025,1,12.165255859329688,12.198811530308024,0.002650213695278583,12.200799190579483
194,confirmation,2025,1,11.775297421715827,11.870885293198514,-0.0702113742485968,11.818226762512067
196,confirmation,2025,1,11.908346971208951,11.893260289285143,-0.0011929480646871299,11.892365578236628
198,confirmation,2025,1,12.367345048436391,12.49231101113106,-0.12402448953894075,12.399292643976853
207,confirmation,2025,1,11.87688084212164,11.820234255144836,-0.001137853049501146,11.81938086535771
215,confirmation,2025,1,11.993813394724253,11.895336946113414,0.025697379088817043,11.914609980430027
218,confirmation,2025,1,11.580593459194764,11.363120213724159,-0.05744606814623017,11.320035662614487
220,confirmation,2025,1,12.027191164883384,12.042170199097846,0.022967709601101022,12.059395981298673
223,confirmation,2025,1,12.100161978566867,12.067652467787216,0.028189383391656445,12.088794505330958
237,confirmation,2025,1,12.130815551850676,12.130738867727239,-0.011749716962496253,12.121926580005367
240,confirmation,2025,1,11.635151947212842,11.741795152526517,-0.04750764731129391,11.706164417043047
247,confirmation,2025,1,11.827743504053695,11.799510897483321,-0.014422991713012163,11.788693653698562
253,confirmation,2025,1,12.06105265381003,12.06940877181583,-0.01597156453228741,12.057430098416614
271,confirmation,2025,1,12.491255347155265,12.478114860513603,0.007747097696605046,12.483925183786058
273,confirmation,2025,1,12.577639650232573,12.614005589336644,0.0019745588323516854,12.615486508460908
274,confirmation,2025,1,11.842236406331555,12.010034345932464,-0.0009677999441185378,12.009308495974375
277,confirmation,2025,1,12.211065162153215,12.188399590119325,-0.045350373257081036,12.154386810176513
290,confirmation,2025,1,11.941950837487406,11.840137924424548,0.04497125957275966,11.873866369104118
292,confirmation,2025,1,11.819681958463892,11.786719734033495,0.05265850924948741,11.82621361597061
295,confirmation,2025,1,12.025755079404917,11.947112094643295,-0.016341366266990898,11.934856069943052
301,confirmation,2025,1,11.964007453736912,11.9784980258679,0.05903670185237711,12.022775552257183
304,confirmation,2025,1,11.917730355182513,11.744731784751576,-0.013353729114235045,11.734716487915898
311,confirmation,2025,1,12.017336559562407,12.07240888452256,0.019846902898097457,12.087294061696133
312,confirmation,2025,1,11.790564777297387,11.823597342956893,-0.0009677999441185378,11.822871492998804
315,confirmation,2025,1,12.08954444723597,12.008435853069257,-0.04046694072657818,11.978085647524322
326,confirmation,2025,1,11.373674891823535,11.364629339831305,-0.017056485837893733,11.351836975452885
333,confirmation,2025,1,12.556733038263905,12.663734136313874,0.028437343737274103,12.685062144116829
337,confirmation,2025,1,12.841132451487937,12.806040782604958,0.041541551963271875,12.837196946577413
339,confirmation,2025,1,12.218500103788143,12.228632785940365,-0.00205198490052641,12.22709379726497
344,confirmation,2025,1,12.491255347155265,12.542904155304077,-0.017800801314501055,12.529553554318202
358,confirmation,2025,1,11.80560254159177,11.855872966647167,-0.025507927546322487,11.836742020987426
366,confirmation,2025,1,11.898194668458823,11.705781131071433,-0.0023102371247166703,11.704048453227895
367,confirmation,2025,1,11.976665770490767,12.022320336938423,-0.016341366266990898,12.01006431223818
380,confirmation,2025,1,12.095146671399466,12.076236791191738,0.01590964929274708,12.088169028161298
388,confirmation,2025,1,11.736077016252437,11.770328687017525,-0.04446411978862391,11.736980597176057
389,confirmation,2025,1,12.160033942617156,12.191601050423992,0.006679668466704897,12.196610801774021
391,confirmation,2025,1,11.686887175419702,11.76682364040133,0.019428671725885784,11.781395144195745
395,confirmation,2025,1,11.599112335481124,11.607541057690678,-0.018251390664805238,11.593852514692074
396,confirmation,2025,1,11.767575435251748,11.761346574274059,-0.0220649432011023,11.744797866873233
402,confirmation,2025,1,12.013646205940514,12.11378377367443,0.00733840006512787,12.119287573723275
405,confirmation,2025,1,12.031725210748633,12.054950029525124,0.011853271783827259,12.063839983362994
409,confirmation,2025,1,12.54254845357358,12.533754689228111,0.0182845714290308,12.547468117799884
412,confirmation,2025,1,11.884495917930655,11.838771516726363,0.03440025019285024,11.864571704371
413,confirmation,2025,1,12.310437165348775,12.414991885776141,0.010245926425945132,12.4226763305956
420,confirmation,2025,1,11.863589378812122,11.783441615783056,-0.004648143782835932,11.77995550794593
422,confirmation,2025,1,12.278397958261774,12.304322295853025,0.03494200099056331,12.330528796595948
431,confirmation,2025,1,11.355113089309977,11.47615543506458,-0.030642571805691837,11.45317350621031
436,confirmation,2025,1,12.264346270624157,12.256726752131861,0.028771928476572995,12.27830569848929
440,confirmation,2025,1,11.608244735642321,11.831416643512974,0.005568488427457486,11.835593009833566
442,confirmation,2025,1,11.678448377988165,11.693611275923477,-0.02092146969205937,11.677920173654432
444,confirmation,2025,1,12.058158312538197,12.137083981226471,0.014974078486830824,12.148314540091594
446,confirmation,2025,1,11.755879486687116,11.928740771607883,-0.009649595166768776,11.921503575232807
451,confirmation,2025,1,11.608244735642321,11.52191129867679,-0.014422991713012163,11.51109405489203
454,confirmation,2025,1,12.25486757159303,12.326139133999268,-0.016590554967010812,12.31369621777401
462,confirmation,2025,1,11.951186847493476,11.915793429082802,0.04090145233664465,11.946469518335286
463,confirmation,2025,1,11.04106411122238,11.726547310750089,0.0029185244594186754,11.728736204094654
464,confirmation,2025,1,12.147919030759663,12.134709874900723,0.05233242424494272,12.17395919308443
468,confirmation,2025,1,11.89478753335453,11.961459003917307,0.016385280570276325,11.973747964345014
476,confirmation,2025,1,11.794345471549745,11.833306346434028,0.014235713273371215,11.843983131389058
480,confirmation,2025,1,11.401681006153428,11.631665798101775,0.007356810528968322,11.6371834059985
484,confirmation,2025,1,12.00762780434872,11.937351352211996,-0.015862873910227913,11.925454196779325
488,confirmation,2025,1,12.07254696717504,12.082269290656212,0.034794032103583825,12.1083648147339
489,confirmation,2025,1,11.982935344196433,11.754429710708845,-0.07013857759996235,11.701825777508873
496,confirmation,2025,1,10.460270761075149,11.173743680626313,-0.019624966394672688,11.159024955830308
511,confirmation,2025,1,12.013100572810686,12.01354391887317,0.02044165807919614,12.028875162432566
512,confirmation,2025,1,12.2193145828011,12.140410910536502,0.026278202543301,12.160119562443978
514,confirmation,2025,1,11.80560254159177,11.867848040798568,-0.023856505024498112,11.849955662030196
515,confirmation,2025,1,11.477308649967686,11.405091901104065,0.05104307073810692,11.443374204157646
516,confirmation,2025,1,12.90634935052389,12.866988903942742,-0.06092085650402718,12.821298261564722
519,confirmation,2025,1,12.259618151783465,12.15379869245873,0.009977494710542455,12.161281813491637
520,confirmation,2025,1,12.36308066783498,12.424413472420836,0.08101795468502747,12.485176938434607
527,confirmation,2025,1,11.790564777297387,11.815971195175177,0.016385280570276325,11.828260155602884
528,confirmation,2025,1,13.008661502470739,12.95111652495476,0.0442303198442239,12.984289264837928
548,confirmation,2025,1,11.771443882099637,11.751447792795023,0.008913812148495154,11.758133151906394
555,confirmation,2025,1,12.556733038263905,12.50168782607001,-0.006211096524513106,12.497029503676625
556,confirmation,2025,1,11.635151947212842,11.636891970234986,0.030183295452627993,11.659529441824457
564,confirmation,2025,1,12.128116509451258,12.098923516735017,0.01931101038175528,12.113406774521334
566,confirmation,2025,1,11.759793355371237,11.769076049342777,-0.08019429826720854,11.70893032564237
568,confirmation,2025,1,12.273735966890268,12.20426972155552,-0.024640481953714256,12.185789360090233
578,confirmation,2025,1,12.010671928196443,11.934923932613742,-0.007811359723413073,11.929065412821183
580,confirmation,2025,1,11.78676973513378,11.776824688279829,-0.02553912470733146,11.75767034474933
583,confirmation,2025,1,11.682676678340282,11.65511780403356,-0.014838259425720465,11.64398910946427
591,confirmation,2025,1,12.132969552931216,12.156823826821753,0.006679668466704897,12.161833578171782
594,confirmation,2025,1,11.849404844423074,11.847808546955108,0.014033872219462278,11.858333951119704
595,confirmation,2025,1,11.608244735642321,11.665388787557273,0.014642319875804048,11.676370527464126
596,confirmation,2025,1,12.672949516558306,12.67454470984899,0.1260593177007547,12.769089198124556
603,confirmation,2025,1,12.301387370778713,12.299839767527352,-0.08558842056552178,12.235648452103211
604,confirmation,2025,1,11.92504173829169,11.956776685203387,0.012800594999796758,11.966377131453234
606,confirmation,2025,1,12.230770136157428,12.166538334924065,-0.05223447448171263,12.12736247906278
607,confirmation,2025,1,11.931642378754141,11.986818784014151,-0.004760701218494624,11.98324825810028
614,confirmation,2025,1,11.898194668458823,11.63938575271588,-0.10194445626859865,11.562927410514432
626,confirmation,2025,1,11.982935344196433,11.871288900200346,-0.015367730601893372,11.859763102248927
632,confirmation,2025,1,12.252483791602627,12.344805716149853,0.02438096622835428,12.363091440821119
639,confirmation,2025,1,11.350418300109132,11.385756847878085,0.00705431343235609,11.391047582952352
644,confirmation,2025,1,11.931642378754141,11.931371742258117,0.01942046578071146,11.94593709159365
646,confirmation,2025,1,11.872353615355413,11.83292620685844,-0.02039774377591072,11.817627899026506
652,confirmation,2025,1,11.58989576532275,11.621651640260646,-0.002625089726767244,11.61968282296557
653,confirmation,2025,1,12.160033942617156,12.186343494410586,0.002650213695278583,12.188331154682045
666,confirmation,2025,1,12.348010479804223,12.385166462661967,-0.01601639602123301,12.373154165646042
668,confirmation,2025,1,12.173037959397275,12.254155878671263,-0.01597156453228741,12.242177205272046
672,confirmation,2025,1,11.548302261270587,11.582648390107957,0.004591684406071713,11.586092153412512
673,confirmation,2025,1,12.013706813470414,12.049689320167113,0.04715734654345577,12.085057330074704
681,confirmation,2025,1,11.870606902224587,11.688361093476187,-0.034400949961488556,11.66256038100507
683,confirmation,2025,1,12.06105265381003,12.190982997822832,0.016722986432721583,12.203525237647373
691,confirmation,2025,1,11.856522261533737,11.901382488053077,0.01806332699088859,11.914929983296243
695,confirmation,2025,1,11.860062063178267,11.72312806549547,0.02624604184727762,11.742812596880928
698,confirmation,2025,1,11.724004532183379,11.789804621252914,0.006962112266280152,11.795026205452624
699,confirmation,2025,1,11.83863282480007,11.797620772711722,0.02695638962230314,11.81783806492845
703,confirmation,2025,1,12.799178471909892,12.796370653271005,0.1260593177007547,12.890915141546571
707,confirmation,2025,1,12.618185607609803,12.47057075549839,0.057665849668130056,12.513820142749488
716,confirmation,2025,1,12.013706813470414,11.916772175206129,0.00887856346343371,11.923431097803704
722,confirmation,2025,1,11.870606902224587,11.877872226527508,-0.00036605843831256143,11.877597682698774
726,confirmation,2025,1,11.699413330633599,11.642990602086618,0.049640123345231005,11.68022069459554
727,confirmation,2025,1,12.310437165348775,12.290777807645188,0.07804385274471307,12.349310697203723
731,confirmation,2025,1,12.373707715234994,12.442965523664144,0.026273984760053184,12.462671012234184
732,confirmation,2025,1,12.141539457711714,12.137253838864469,0.02413806557764705,12.155357388047705
736,confirmation,2025,1,12.001511614739405,12.03125213997364,-0.04046694072657818,12.000901934428706
758,confirmation,2025,1,11.97603664577121,11.860249430985252,-0.09463824298878415,11.789270748743665
765,confirmation,2025,1,12.506180941677357,12.442121200419923,-0.0008794323836102159,12.441461626132215
767,confirmation,2025,1,12.188422799337028,12.139357040307106,-0.04645260669078123,12.10451758528902
772,confirmation,2025,1,11.532737896139919,11.692685333348189,-0.08383628036446397,11.629808123074842
774,confirmation,2025,1,11.648338835562747,11.698045708957089,0.016791586414673286,11.710639398768095
776,confirmation,2025,1,11.995357787034976,11.986311605738308,-0.01980012751557829,11.971461510101625
777,confirmation,2025,1,12.308182383129823,12.319505220459748,0.00733840006512787,12.325009020508594
788,confirmation,2025,1,12.358798024384122,12.349543306963854,-0.04046863219567842,12.319191832817095
793,confirmation,2025,1,12.505402864156405,12.36625722632106,0.03718030932393626,12.394142458314013
794,confirmation,2025,1,12.323860125621126,12.386127924080824,-0.00024653341766515263,12.385943024017575
800,confirmation,2025,1,12.07254696717504,12.020529498319334,0.0552625481733985,12.061976409449382
803,confirmation,2025,1,12.149507585033072,12.137585416794295,0.006679668466704897,12.142595168144323
808,confirmation,2025,1,12.317171167298682,12.239642059121925,0.02624604184727762,12.259326590507383
810,confirmation,2025,1,11.571203807011969,11.709275113640716,-0.02956857947875778,11.687098679031648
818,confirmation,2025,1,12.509877789891931,12.580236733675731,-0.05161184453654062,12.541527850273326
821,confirmation,2025,1,12.117246896289503,12.133569615968101,0.006679668466704897,12.13857936731813
829,confirmation,2025,1,12.128116509451258,12.092009446411643,-0.008452306638236508,12.085670216432966
845,confirmation,2025,1,11.944064817531656,11.840572222752346,0.01289867111332783,11.850246226087343
846,confirmation,2025,1,12.049424683420915,12.114101747149451,-0.001137853049501146,12.113248357362325
847,confirmation,2025,1,12.269052139516223,12.187314870611319,-0.026068701537903593,12.16776334445789
851,confirmation,2025,1,11.78676973513378,11.855703392727321,0.009977494710542455,11.863186513760228
869,confirmation,2025,1,12.037659911047468,12.008417436159096,0.0497738165157226,12.045747798545888
871,confirmation,2025,1,11.603688960617083,11.52415859691256,-0.005621779447933458,11.51994226232661
872,confirmation,2025,1,12.208574513247495,12.132191591900714,-0.00036605843831256143,12.13191704807198
875,confirmation,2025,1,11.104972264124868,11.462052073028497,-0.01649019776443787,11.449684424705168
876,confirmation,2025,1,12.623064399210183,12.679879210607604,-0.00024653341766515263,12.679694310544354
877,confirmation,2025,1,11.792456911128632,11.809425341735542,0.02786037279421111,11.8303206213312
880,confirmation,2025,1,11.824087219587643,11.805795789296456,0.03367709460216467,11.831053610248079
885,confirmation,2025,1,11.51293546492023,11.705760750106343,-0.005621779447933458,11.701544415520393
886,confirmation,2025,1,12.70351207261035,12.464772200310788,0.009518802435408674,12.471911302137345
891,confirmation,2025,1,11.719134432217524,11.694064192947417,0.016385280570276325,11.706353153375124
893,confirmation,2025,1,11.947955847790901,11.85667851987257,-0.008544804241691767,11.850269916691301
898,confirmation,2025,1,11.870278179170796,11.814192611444275,0.0017179359402788308,11.815481063399485
899,confirmation,2025,1,13.323928581764989,13.07101065622137,0.02580093441502276,13.090361357032638
904,confirmation,2025,1,12.388398368982115,12.407939004302131,0.0067369222566393775,12.412991695994611
910,confirmation,2025,1,12.066816325306588,12.052088364717902,0.01590964929274708,12.064020601687462
911,confirmation,2025,1,11.946660519211651,11.862995332408348,-0.02002171010570829,11.847979049829066
912,confirmation,2025,1,11.874097282798648,11.936416743384965,0.021302736308634974,11.952393795616441
913,confirmation,2025,1,11.385103457032141,11.452703832108234,0.0052536903429256255,11.456644099865429
917,confirmation,2025,1,10.471978128496518,11.190867730387033,-0.23626998837920385,11.01366523910263
933,confirmation,2025,1,12.676079399771027,12.594140067936658,-0.027957131381784742,12.57317221940032
935,confirmation,2025,1,12.396697137361691,12.31066462456345,-0.03751514850602908,12.282528263183929
943,confirmation,2025,1,11.918397239722838,11.801542560337378,-0.09587640444232574,11.729635257005633
944,confirmation,2025,1,11.870606902224587,11.834891594368745,-0.039475460115352884,11.80528499928223
949,confirmation,2025,1,12.167856627501678,12.197413084658464,0.006587467300628959,12.202353685133936
967,confirmation,2025,1,11.982935344196433,11.8309757818981,0.08116288577415635,11.891847946228717
975,confirmation,2025,1,12.02874460037869,12.014544710959317,0.014063772216710665,12.02509254012185
979,confirmation,2025,1,11.608244735642321,11.565287156647006,-0.043503944363622024,11.53265919837429
993,confirmation,2025,1,12.138869243416009,12.192523822135731,0.018040052044748577,12.206053861169293
994,confirmation,2025,1,12.066241450757124,12.044915552654034,-0.0010671158623875923,12.044115215757243
1002,confirmation,2025,1,11.362114203075018,11.356840891875633,-0.02054657527335769,11.341430960420615
1004,confirmation,2025,1,11.827049837927534,11.910039758356554,0.034794032103583825,11.936135282434241
1005,confirmation,2025,1,12.10625783509458,12.143966291796128,-0.027543515964229992,12.123308654822955
1006,confirmation,2025,1,11.917730355182513,11.829969680846572,0.037706549373591,11.858249592876765
1015,confirmation,2025,1,11.688566422839942,11.728216034263227,-0.02039774377591072,11.712917726431293
1016,confirmation,2025,1,12.33270970174018,12.261458780818822,-0.03719308592112712,12.233563966377977
1028,confirmation,2025,1,12.588194064175278,12.714457208639587,0.039480952507124745,12.74406792301993
1030,confirmation,2025,1,11.678448377988165,11.673066113528575,0.024590979981737093,11.691509348514877
1034,confirmation,2025,1,12.345838935721968,12.390446472568822,0.006587467300628959,12.395387073044294
1042,confirmation,2025,1,12.06105265381003,11.978863834739123,0.051345814055519315,12.017373195280761
1044,confirmation,2025,1,12.47717172708952,12.432726460595658,-0.02203924676647728,12.4161970255208
1055,confirmation,2025,1,12.449022745701502,12.475698298828693,-0.032358365861644714,12.45142952443246
1056,confirmation,2025,1,12.100717685412471,11.97689424028478,-0.03210483477366287,11.952815614204534
1058,confirmation,2025,1,12.421188057397055,12.322068069302922,0.05661025315572846,12.36452575916972
1061,confirmation,2025,1,12.271396795480596,12.226657160064368,0.026273984760053184,12.246362648634408
1072,confirmation,2025,1,11.944714374881176,11.952128070088595,0.024252129786306077,11.970317167428323
1073,confirmation,2025,1,11.424105180165641,11.639016818344967,-0.0926363472135202,11.569539557934826
1077,confirmation,2025,1,12.04355959836804,11.945613702585653,0.0128064699472519,11.955218555046093
1114,confirmation,2025,1,11.80932691294063,11.808993002409967,0.016385280570276325,11.821281962837674
1117,confirmation,2025,1,12.123239799036943,12.109600151825928,-0.019953649626583383,12.09463491460599
1123,confirmation,2025,1,11.626263078808801,11.365775007556774,-0.19813103305042,11.217176732768959
1129,confirmation,2025,1,12.278397958261774,12.23525938544841,-0.01970290775042489,12.22048220463559
1136,confirmation,2025,1,11.532737896139919,11.56459578708033,0.018907822045630053,11.578776653614552
1137,confirmation,2025,1,11.686887175419702,11.704956493470643,-0.06597352129536019,11.655476352499123
1150,confirmation,2025,1,11.870606902224587,11.823935694474308,-0.014663311060731894,11.812938211178759
1154,confirmation,2025,1,11.699413330633599,11.648242480688,0.012331759712162143,11.65749130047212
1162,confirmation,2025,1,12.319405795112926,12.217733796273182,0.05233242424494272,12.256983114456888
1177,confirmation,2025,1,11.691080018519527,11.791265470703442,-0.009063793098288314,11.784467625879726
1184,confirmation,2025,1,11.695255355062795,11.874539608629384,-0.01025775955053504,11.866846288966482
1185,confirmation,2025,1,12.137263685701864,12.233544924894018,0.004349348821093415,12.236806936509838
1191,confirmation,2025,1,12.031725210748633,12.089868186035737,0.005534538057492672,12.094019089578856
1197,confirmation,2025,1,12.29779001527865,12.307282805732989,0.0067369222566393775,12.312335497425469
1201,confirmation,2025,1,11.6617850286409,11.539045554572976,0.049810801084333015,11.576403655386226
1206,confirmation,2025,1,12.513193308436527,12.512385029568277,-5.264010773987221e-06,12.512381081560196
1208,confirmation,2025,1,12.206077645517674,12.3114263403183,0.017971125824812646,12.32490468468691
1218,confirmation,2025,1,12.343470927093518,12.427665655267509,0.0038098440912546702,12.43052303833595
1225,confirmation,2025,1,12.122696471358964,12.185832602311194,-0.011617075470078751,12.177119795708634
1229,confirmation,2025,1,12.813920618864572,12.796382436745526,0.0442303198442239,12.829555176628695
1238,confirmation,2025,1,12.180759965737863,12.268182446383074,0.006587467300628959,12.273123046858545
1239,confirmation,2025,1,11.86710429621008,11.793815936087407,-0.05870707541927596,11.74978562952295
1244,confirmation,2025,1,13.049794835104816,12.95139272112108,-0.056983602898676794,12.908655018947073
1249,confirmation,2025,1,11.771443882099637,11.838683968153866,-0.05276858636759553,11.799107528378169
1250,confirmation,2025,1,11.686887175419702,11.721610745877927,0.016385280570276325,11.733899706305634
1251,confirmation,2025,1,12.404927602627597,12.409408607449324,-0.08200797146235983,12.347902628852554
1252,confirmation,2025,1,12.053801032483948,12.19589753779528,-0.006303297690589044,12.19117006452734
1261,confirmation,2025,1,12.10625783509458,12.156217355968444,0.01590964929274708,12.168149592938004
1272,confirmation,2025,1,12.132162346145595,12.08402189752956,0.03494200099056331,12.110228398272483
1273,confirmation,2025,1,11.827743504053695,11.806101507954734,0.022229344387641414,11.822773516245466
1282,confirmation,2025,1,12.100717685412471,12.117553960055734,0.03213169669191723,12.141652732574672
1288,confirmation,2025,1,12.154784614286667,12.028163381343246,0.039751882353382686,12.057977293108284
1290,confirmation,2025,1,12.546113507028412,12.531468806782328,0.06790807855704487,12.582399865700111
1292,confirmation,2025,1,11.691080018519527,11.638005029683534,0.03639541920522489,11.665301594087452
1295,confirmation,2025,1,11.652696102959753,11.72412429197561,0.006962112266280152,11.72934587617532
1297,confirmation,2025,1,11.951186847493476,11.931216129620172,0.013781241646365221,11.941552060854946
1298,confirmation,2025,1,11.849404844423074,11.953525005971708,-0.04642378473018151,11.91870716742407
1299,confirmation,2025,1,11.982935344196433,13.131370378816861,-0.1621651518025114,13.009746514964977
1328,confirmation,2025,1,11.779136168550774,11.774100934090896,0.04674052770003796,11.809156329865925
1333,confirmation,2025,1,11.51293546492023,11.640031312080078,0.012748476596105108,11.649592669527157
1335,confirmation,2025,1,11.736077016252437,11.644693787101438,0.025705548000967637,11.663972948102165
1339,confirmation,2025,1,12.206077645517674,12.297053020507931,0.006587467300628959,12.301993620983403
1340,confirmation,2025,1,11.763691965388299,11.743092488657023,0.025239989913985357,11.762022481092512
1343,confirmation,2025,1,12.339295865674435,12.429093081680636,-0.040351996975914906,12.3988290839487
1344,confirmation,2025,1,12.083910661257521,12.018032435547655,0.03761309826925917,12.046242259249599
1346,confirmation,2025,1,11.59451466851004,11.444792713291939,-0.03247964561510294,11.420432979080612
1348,confirmation,2025,1,12.554840409959793,12.60593812070984,0.03139512022677861,12.629484460879924
1362,confirmation,2025,1,12.468440756144114,12.453850647379971,0.040220648585781324,12.484016133819306
1366,confirmation,2025,1,12.283038316285214,12.253083651031137,0.012800594999796758,12.262684097280983
1369,confirmation,2025,1,11.87757552297847,11.845406569369926,0.014033872219462278,11.855931973534522
1372,confirmation,2025,1,12.016732516077072,12.069760170368069,0.0030616548273077826,12.07205641148855
1374,confirmation,2025,1,13.05301544288996,13.014821813071213,0.09615834381145348,13.086940570929803
1379,confirmation,2025,1,11.326607934898927,11.525256484760945,-0.0014724575453925115,11.5241521416019
1387,confirmation,2025,1,12.429220196836383,12.638576887884065,-0.028115422427656012,12.617490321063324
1388,confirmation,2025,1,11.820417517632333,11.92089126165456,-0.11852821289357499,11.83199510198438
1390,confirmation,2025,1,11.782960235741939,11.806308305869127,0.03428138836850242,11.832019347145504
1396,confirmation,2025,1,12.546871224308068,12.515884928671216,-0.0257265058852812,12.496590049257255
1409,confirmation,2025,1,11.74006900564972,11.540746192828493,0.0055660734998900785,11.54492074795341
1411,confirmation,2025,1,12.345838935721968,12.254317948720292,0.002650213695278583,12.25630560899175
1415,confirmation,2025,1,12.240478903153711,12.18759651179523,0.053057091853105795,12.227389330685059
1423,confirmation,2025,1,11.824087219587643,11.880817921444553,0.01806332699088859,11.89436541668772
1429,confirmation,2025,1,11.686887175419702,11.619920590246727,-0.020200257217955462,11.60477039733326
1444,confirmation,2025,1,11.703554089007538,11.566945922631524,0.03833776587742223,11.59569924703959
1446,confirmation,2025,1,11.767575435251748,11.751731944361106,-0.05497623117662126,11.71049977097864
1450,confirmation,2025,1,11.429554725537322,11.425655303372842,-0.05132250907698817,11.3871634215651
1453,confirmation,2025,1,11.884495917930655,11.812868720066868,-0.019101325260849455,11.798542726121232
1455,confirmation,2025,1,12.128116509451258,12.1437262225498,0.027200525657571587,12.164126616792979
1457,confirmation,2025,1,12.25486757159303,12.177670585374443,0.009852199128531237,12.185059734720841
1459,confirmation,2025,1,11.864469267087891,11.79447334695175,-0.004648143782835932,11.790987239114624
2,confirmation,2025,2,12.109016442313738,12.068940104926428,0.0654747145950021,12.11804614087268
5,confirmation,2025,2,12.429220196836383,12.6522646099488,0.019986111400929565,12.667254193499497
8,confirmation,2025,2,12.206077645517674,12.276966861468948,-0.026368684891167265,12.257190347800572
10,confirmation,2025,2,11.678448377988165,11.70145888351071,0.017659477194398296,11.714703491406508
14,confirmation,2025,2,12.540761149388421,12.317297242500432,-0.031098918221856557,12.293973053834039
18,confirmation,2025,2,11.407576060361786,11.5855774964346,0.04185189885104766,11.616966420572886
19,confirmation,2025,2,11.976665770490767,11.995214999851713,0.029191214317206213,12.017108410589618
26,confirmation,2025,2,12.454107814022272,12.46086938604504,-0.019357504780618,12.446351257459577
30,confirmation,2025,2,11.134603622683905,11.139689277542704,0.07290045305153706,11.194364617331356
33,confirmation,2025,2,12.100161978566867,12.15732528360663,-0.03094345419457982,12.134117692960695
40,confirmation,2025,2,11.314486721293981,11.349111554417384,0.041390265115786445,11.380154253254224
47,confirmation,2025,2,12.387089184491993,12.585421665426077,-0.057270323130819555,12.542468923077962
49,confirmation,2025,2,11.635151947212842,11.485517875702554,-0.012704482879159125,11.475989513543185
51,confirmation,2025,2,12.083910661257521,12.094716874428912,0.017545060177717828,12.1078756695622
57,confirmation,2025,2,12.058158312538197,12.207171017390907,-0.06704963138243492,12.156883793854082
58,confirmation,2025,2,12.188422799337028,12.186180275377652,0.0014509756590852573,12.187268507121965
71,confirmation,2025,2,12.404927602627597,12.420443243200483,-0.036387471616578314,12.393152639488049
73,confirmation,2025,2,12.128116509451258,12.166255821746562,-0.011124637713044762,12.157912343461778
74,confirmation,2025,2,11.88380602959621,11.886267131726543,0.024683240819646166,11.904779562341277
86,confirmation,2025,2,12.468440756144114,12.485664911668705,0.021234371075322413,12.501590689975197
97,confirmation,2025,2,12.273735966890268,12.276203653962567,0.0014509756590852573,12.27729188570688
99,confirmation,2025,2,11.326607934898927,11.371466605237305,-0.0007787872527160089,11.370882514797769
113,confirmation,2025,2,12.85832230788469,12.764193159206108,-0.031098918221856557,12.740868970539715
114,confirmation,2025,2,12.28765724080691,12.305789023883278,-0.027426854896320234,12.285218882711039
115,confirmation,2025,2,12.466515835145202,12.356588128448843,0.054359571420667496,12.397357807014343
121,confirmation,2025,2,12.100717685412471,11.989449009472636,0.02534294436417319,12.008456217745767
127,confirmation,2025,2,11.759793355371237,11.846008260696314,-0.023146760257839415,11.828648190502934
129,confirmation,2025,2,11.951186847493476,11.889409087335688,-0.020317774301312954,11.874170756609702
138,confirmation,2025,2,12.049424683420915,12.209781238329594,-0.04119920634907215,12.17888183356779
141,confirmation,2025,2,11.652696102959753,11.555243041590696,0.03999316042466327,11.585237911909193
150,confirmation,2025,2,11.652696102959753,11.588544857913243,-0.02415143021913497,11.570431285248892
153,confirmation,2025,2,12.154784614286667,12.138955691083137,0.014964533031654662,12.150179090856877
158,confirmation,2025,2,12.504327379899443,12.519616982158638,0.0021296092486129637,12.521214189095097
163,confirmation,2025,2,12.301387370778713,12.367480216109318,0.03266655481270465,12.391980132218846
170,confirmation,2025,2,12.337105293891872,12.385845514019815,-0.005691828395498974,12.381576642723191
171,confirmation,2025,2,11.763691965388299,11.69675480193152,-0.035604776918278395,11.670051219242811
179,confirmation,2025,2,13.126032637428713,12.94486797157908,0.049108662444853846,12.981699468412721
180,confirmation,2025,2,11.51293546492023,11.651606191185044,-0.035604776918278395,11.624902608496335
181,confirmation,2025,2,12.083910661257521,12.0544970299575,0.04615099023036821,12.089110272630275
183,confirmation,2025,2,11.695255355062795,11.693522362418525,-0.02555547982642721,11.674355752548705
195,confirmation,2025,2,11.751950239425476,11.720120303188297,0.02584844352801622,11.73950663583431
201,confirmation,2025,2,11.849404844423074,11.873029239780879,0.029438886956989645,11.89510840499862
205,confirmation,2025,2,11.608244735642321,11.612796527685951,-0.02034531191426627,11.597537543750251
210,confirmation,2025,2,11.884495917930655,11.89426638429517,0.006862142496860477,11.899412991167816
211,confirmation,2025,2,11.49273296168228,11.451848056797276,-0.012448011231024098,11.442512048374008
214,confirmation,2025,2,11.957617696467539,11.952763367120792,-0.0013314732701572216,11.951764762168173
222,confirmation,2025,2,12.206077645517674,12.317721147881102,-0.0001890800698275657,12.31757933782873
226,confirmation,2025,2,11.626263078808801,11.536566426640947,-0.013842065819197402,11.526184877276549
235,confirmation,2025,2,12.285350445351659,12.283854154397522,0.010764385686496212,12.291927443662395
238,confirmation,2025,2,12.178192583415596,12.299799766442543,0.014752038567916584,12.310863795368482
239,confirmation,2025,2,12.669809806411457,12.455222842514932,0.049090705983951266,12.492040872002896
241,confirmation,2025,2,12.47801017053037,12.543195072804352,-0.0006088613629160473,12.542738426782165
249,confirmation,2025,2,12.100717685412471,12.124704783668905,-0.012904752610710706,12.115026219210872
256,confirmation,2025,2,12.345838935721968,12.306204901877873,0.0010996890063109754,12.307029668632607
257,confirmation,2025,2,12.242891437918386,12.221839934018561,0.059258458825771326,12.26628377813789
259,confirmation,2025,2,12.352339472153524,12.279509086290142,0.0002027159846924155,12.279661123278661
263,confirmation,2025,2,11.92504173829169,11.885642987920477,0.004004535749677923,11.888646389732735
265,confirmation,2025,2,11.19822841866684,11.344468822736898,-0.037797421341869655,11.316120756730497
268,confirmation,2025,2,12.097936057925594,12.09567884745105,0.10116751421333771,12.171554483111052
276,confirmation,2025,2,12.230770136157428,12.056085964764431,0.004491887562252279,12.059454880436121
283,confirmation,2025,2,12.242891437918386,12.284051618664654,0.05353110889882021,12.32419995033877
287,confirmation,2025,2,11.976665770490767,12.140009757373727,0.00811040217125332,12.146092559002167
289,confirmation,2025,2,11.711784520403112,11.649803755026468,-0.019501884800661052,11.635177341425972
291,confirmation,2025,2,12.359784657728284,12.407110703157644,0.012884395550453565,12.416773999820483
293,confirmation,2025,2,11.782960235741939,11.914564694274713,-0.06648324536391308,11.864702260251779
298,confirmation,2025,2,12.384223015005313,12.310520408224447,0.02172683895158444,12.326815537438135
308,confirmation,2025,2,11.402005077384885,11.4568956602775,0.00534811961867353,11.460906749991505
309,confirmation,2025,2,11.320565693461432,11.626475935569168,0.023050849979657104,11.64376407305391
314,confirmation,2025,2,12.834683971615659,12.433397669591555,-0.004922346305119453,12.429705909862715
318,confirmation,2025,2,12.506180941677357,12.472219865434061,-0.00912829989068881,12.465373640516045
320,confirmation,2025,2,12.141539457711714,12.17349895509311,-0.04166879791016164,12.142247356660489
323,confirmation,2025,2,12.614868865984631,12.56917344687802,-0.022195576432422457,12.552526764553702
327,confirmation,2025,2,12.688501881189456,12.51451952818596,0.06152855557584263,12.560665944867843
328,confirmation,2025,2,11.886218559372042,11.880074147184226,-0.020317774301312954,11.86483581645824
331,confirmation,2025,2,11.686887175419702,11.844591439814382,-0.040023428249624605,11.814573868627162
336,confirmation,2025,2,12.34126328584159,12.221129585036747,0.037838086961668065,12.249508150257999
340,confirmation,2025,2,11.951186847493476,11.84482861767058,-0.004113924548102413,11.841743174259502
342,confirmation,2025,2,11.314486721293981,11.21682036453789,0.009994576535790507,11.224316296939733
345,confirmation,2025,2,11.350418300109132,11.422660841310691,-0.06855572900288584,11.371244044558527
349,confirmation,2025,2,11.944714374881176,12.151901749507347,0.04095466109334938,12.18261774532736
351,confirmation,2025,2,12.670001611311875,12.621568171549605,0.022088369067254393,12.638134448350046
359,confirmation,2025,2,11.775297421715827,11.800921053898522,-0.056667670462923606,11.758420301051329
364,confirmation,2025,2,11.678448377988165,11.543634985034007,0.006090645560713231,11.548202969204542
371,confirmation,2025,2,12.057578437658945,12.116739039545049,0.01660067542851941,12.129189546116438
374,confirmation,2025,2,11.719947764402807,11.693658200081469,0.005167140388741726,11.697533555373026
376,confirmation,2025,2,11.0186455364637,11.288445298013727,-0.031958078970562374,11.264476738785804
377,confirmation,2025,2,11.904974309480181,11.834095360212526,-0.0013314732701572216,11.833096755259907
379,confirmation,2025,2,12.885204569609956,12.853990579673933,0.032406408399453975,12.878295385973523
382,confirmation,2025,2,12.142871895843887,12.266931049298273,0.03158037320179518,12.29061632919962
387,confirmation,2025,2,11.302216779257382,11.474287013009555,-0.05273720182246008,11.43473411164271
390,confirmation,2025,2,12.962196972666593,12.957952511272843,-0.06671005440934166,12.907919970465837
392,confirmation,2025,2,12.278397958261774,12.31942401154884,-0.03924588873134813,12.289989595000328
403,confirmation,2025,2,11.58989576532275,11.514742669507777,0.020657124260610164,11.530235512703236
407,confirmation,2025,2,11.652696102959753,11.65840543617035,-0.018643224348066766,11.6444230179093
411,confirmation,2025,2,11.002116507732017,11.531485451906498,-0.07254112363379012,11.477079609181155
414,confirmation,2025,2,11.652696102959753,11.59450202516156,-0.027085338390505635,11.57418802136868
418,confirmation,2025,2,12.384223015005313,12.216108982456737,0.03408870544602101,12.241675511541253
423,confirmation,2025,2,11.635151947212842,11.671758032712768,-0.017987435000954212,11.658267456462053
424,confirmation,2025,2,12.660331092405906,12.725539447496347,0.019986111400929565,12.740529031047044
434,confirmation,2025,2,12.10625783509458,12.083700757281168,0.015352415754126568,12.095215069096763
437,confirmation,2025,2,11.661354090741,11.542773720433816,-0.032867128291454856,11.518123374215225
439,confirmation,2025,2,11.411457364027745,11.587349394073021,0.06996174765456922,11.639820704813948
450,confirmation,2025,2,11.695255355062795,11.662616167981223,-0.014850027363521423,11.651478647458582
455,confirmation,2025,2,12.144202560946876,11.902173561055289,-0.03767330978266573,11.873918578718289
460,confirmation,2025,2,11.608244735642321,11.673039418812468,-0.0363757569384907,11.6457576011086
461,confirmation,2025,2,12.481565733211923,12.358285855885983,-0.018177487414046577,12.344652740325447
470,confirmation,2025,2,12.138869243416009,12.127954707219185,-0.0064942798260684735,12.123083997349633
472,confirmation,2025,2,12.154784614286667,12.189569637758392,-0.02850008644160749,12.168194572927186
474,confirmation,2025,2,12.994532278619134,12.796009794372608,0.049090705983951266,12.832827823860573
482,confirmation,2025,2,12.832013750189885,12.786766180680381,-0.005479271002819531,12.782656727428266
483,confirmation,2025,2,11.951186847493476,12.051236372762906,-0.0174836734577406,12.038123617669601
495,confirmation,2025,2,11.421917019425596,11.51319983066612,-0.013202509393191682,11.503297948621226
498,confirmation,2025,2,12.122696471358964,11.976176599437487,0.002339891153643272,11.97793151780272
502,confirmation,2025,2,12.331387247601905,12.286139660833292,0.034834307546987554,12.312265391493533
506,confirmation,2025,2,11.732069026983156,11.726697770185234,-0.01481174579357111,11.715588960840057
510,confirmation,2025,2,11.732069026983156,11.861007535616713,0.005167140388741726,11.86488289090827
534,confirmation,2025,2,10.579005242826247,10.979683998060189,-0.09842934802790254,10.905861987039263
536,confirmation,2025,2,11.58525542883217,11.759549921537984,0.0006800522225478133,11.760059960704895
545,confirmation,2025,2,12.098854850641,12.18256211174152,0.009808153847594946,12.189918227127215
553,confirmation,2025,2,12.450981602512561,12.497895715036512,-0.019357504780618,12.483377586451049
560,confirmation,2025,2,12.36308066783498,12.149732446867219,-0.012960696395807717,12.140011924570363
567,confirmation,2025,2,12.691583538230217,12.664180861125857,0.0657385633614975,12.71348478364698
569,confirmation,2025,2,12.665397584983758,12.591833907886684,0.003450080574115606,12.594421468317272
579,confirmation,2025,2,11.891368749982085,11.993928223977736,-0.0011670195902230456,11.99305295928507
582,confirmation,2025,2,12.442306148381938,12.843614349370917,0.05122210753439149,12.88203093002171
584,confirmation,2025,2,12.691583538230217,12.586808329712717,0.11004930850008861,12.669345311087783
587,confirmation,2025,2,11.775297421715827,11.658521629329796,0.048987756140020836,11.69526244643481
597,confirmation,2025,2,11.648373769145277,11.576564337441923,-0.040009930812529446,11.546556889332525
608,confirmation,2025,2,12.323860125621126,12.114311347481939,0.009071114418015246,12.12111468329545
609,confirmation,2025,2,12.791358964949923,12.532027599145726,-0.009761448482779244,12.524706512783641
616,confirmation,2025,2,11.83138646878959,11.81278598588007,-0.006636412574300071,11.807808676449346
622,confirmation,2025,2,12.388398368982115,12.353083250427332,0.04214444982982811,12.384691587799702
631,confirmation,2025,2,11.728044909070785,11.586185584778997,-0.01642983351694497,11.573863209641289
645,confirmation,2025,2,12.823631142839984,12.74549826869532,0.020598083698438206,12.760946831469148
656,confirmation,2025,2,11.385103457032141,11.342531469707522,-0.060860155175402775,11.29688635332597
659,confirmation,2025,2,11.487617913343598,11.77059444884235,-0.03506458904686634,11.744296007057201
661,confirmation,2025,2,12.19552218463499,12.188270131873814,-0.015372022988035586,12.176741114632788
664,confirmation,2025,2,11.83138646878959,11.867489045484765,0.034026917024620004,11.893009233253231
667,confirmation,2025,2,11.767575435251748,12.06151521726143,-0.0435840275746391,12.028827196580451
670,confirmation,2025,2,11.83138646878959,11.663146620983062,0.06909235136817592,11.714965884509194
678,confirmation,2025,2,11.603688960617083,11.582023413926647,-0.013202509393191682,11.572121531881754
684,confirmation,2025,2,12.560247968016562,12.562590002935684,-0.003059768033410892,12.560295176910625
690,confirmation,2025,2,12.179220327453933,12.146079166556481,0.02906938616552253,12.167881206180622
692,confirmation,2025,2,13.534474352733596,13.189564376950994,0.16623848117238407,13.314243237830281
700,confirmation,2025,2,12.185875040240456,12.12216483405867,0.034834307546987554,12.148290564718911
710,confirmation,2025,2,11.60733523953139,11.562189228191059,-0.007254267881691741,11.55674852727979
713,confirmation,2025,2,12.149507585033072,12.149100955528514,0.03978353169957184,12.178938604303193
720,confirmation,2025,2,11.763691965388299,11.839934550134426,0.013968639748837157,11.850411029946054
723,confirmation,2025,2,11.732069026983156,11.661840651975586,0.020339677070389868,11.677095409778378
724,confirmation,2025,2,11.813037464800539,11.801692011624246,0.049327030043614384,11.838687284156956
730,confirmation,2025,2,11.542493975902508,11.410156687393224,-0.1049476158052321,11.3314459755393
734,confirmation,2025,2,11.786008995353765,11.811787157683215,-0.010589808758999213,11.803844801113966
737,confirmation,2025,2,11.44572741040675,11.36596428853635,-0.04629110312745058,11.331245961190762
740,confirmation,2025,2,12.154784614286667,12.187572024192024,-0.01077335106027048,12.179492010896821
762,confirmation,2025,2,11.51293546492023,11.595144947314955,-0.008616702869558974,11.588682420162785
763,confirmation,2025,2,12.279327754099118,12.205118776816416,0.06252776844965305,12.252014603153656
766,confirmation,2025,2,12.484208043148733,12.547573269940528,0.0315741507434011,12.571253882998079
768,confirmation,2025,2,11.982935344196433,12.06137080826035,0.00015835478618105654,12.061489574349986
770,confirmation,2025,2,13.195615697878253,13.052465307056302,0.0351955016319415,13.078861933280258
779,confirmation,2025,2,11.87757552297847,11.785480076918198,0.016083745721803096,11.79754288620955
781,confirmation,2025,2,12.07824495582233,12.039625379156426,-0.013256039263484988,12.029683349708813
792,confirmation,2025,2,11.896833207128452,11.911370673976267,-0.041377290281788354,11.880337706264925
797,confirmation,2025,2,11.874097282798648,11.83202892663783,-0.03877936899268432,11.802944399893317
799,confirmation,2025,2,13.091906231773164,13.160354821857302,0.02421977061769462,13.178519649820574
811,confirmation,2025,2,12.10625783509458,12.128532617493446,0.03026464605064904,12.151231102031433
814,confirmation,2025,2,11.969723533345908,11.94588955636334,-0.03231716218408033,11.92165168472528
822,confirmation,2025,2,11.440365524765756,11.385580015573362,-0.04088661355646861,11.35491505540601
826,confirmation,2025,2,12.861001210669146,12.956950660138041,-0.06671005440934166,12.906918119331035
834,confirmation,2025,2,12.025755079404917,11.953176257737494,-0.01724198800167431,11.940244766736239
837,confirmation,2025,2,11.941462360646149,11.775769120630544,-0.0016430343250169574,11.774536844886782
838,confirmation,2025,2,11.51293546492023,11.461465397264233,-0.018504266387964746,11.44758719747326
839,confirmation,2025,2,11.87757552297847,11.933664558538164,0.012720380074444308,11.943204843593996
840,confirmation,2025,2,11.779136168550774,11.804875420528814,-0.012448011231024098,11.795539412105546
843,confirmation,2025,2,12.071975378543236,11.96085029305326,0.006862142496860477,11.965996899925907
844,confirmation,2025,2,11.856522261533737,11.744995439153122,-0.040023428249624605,11.714977867965903
853,confirmation,2025,2,12.00762780434872,12.015043649116665,0.027280498545978023,12.035504023026148
855,confirmation,2025,2,12.04355959836804,12.035705460787053,-0.0621932387487969,11.989060531725455
856,confirmation,2025,2,11.751950239425476,11.848438588863006,0.01606909419297981,11.86049040950774
874,confirmation,2025,2,11.798111925972618,11.775357357757658,0.01829520384231363,11.789078760639393
878,confirmation,2025,2,12.765691290604371,12.772232216423223,-0.017703597722175266,12.758954518131592
879,confirmation,2025,2,11.904974309480181,11.918268985459248,0.008926291671905222,11.924963704213177
883,confirmation,2025,2,12.08954444723597,12.056706772936726,0.004376348709163677,12.059989034468598
884,confirmation,2025,2,11.682676678340282,11.728631882559364,0.06388452291840606,11.77654527474817
889,confirmation,2025,2,12.498745990829315,12.617404216815055,-0.034861108273245164,12.591258385610121
894,confirmation,2025,2,12.013706813470414,11.966854921685728,-0.014913854733030696,11.955669530635955
897,confirmation,2025,2,11.575909653758895,11.334164467021154,-0.07215659217391826,11.280047022890715
923,confirmation,2025,2,12.043500773454495,12.054212410495289,0.009354243883927072,12.061228093408234
924,confirmation,2025,2,12.170450649220749,12.191867928942226,-0.0064942798260684735,12.186997219072675
931,confirmation,2025,2,12.211065162153215,12.316122153452584,-0.033216268133849085,12.291209952352197
942,confirmation,2025,2,12.273735966890268,12.344378843688963,-0.011124637713044762,12.336035365404179
947,confirmation,2025,2,11.870606902224587,11.901367744491916,0.017391467108097462,11.91441134482299
952,confirmation,2025,2,11.694421681264394,11.647258773227811,-0.019842252998569603,11.632377083478884
956,confirmation,2025,2,11.884495917930655,11.87353439816596,0.03408870544602101,11.899100927250476
960,confirmation,2025,2,11.951186847493476,12.07898471809475,0.030246277479357205,12.101669426204268
962,confirmation,2025,2,12.513561021741964,12.437318709568707,0.04214444982982811,12.468927046941078
971,confirmation,2025,2,11.813037464800539,11.287890977906656,-0.04253844281306208,11.25598714579686
973,confirmation,2025,2,11.507922973347437,11.739584112488838,-0.011082309893698825,11.731272380068564
980,confirmation,2025,2,11.842236406331555,11.787986821573556,-0.010589808758999213,11.780044465004307
981,confirmation,2025,2,12.091789104493502,11.988036239719657,0.014668070778925488,11.99903729280385
983,confirmation,2025,2,11.982278882874377,12.079682329870682,-0.014208956070200555,12.06902561281803
985,confirmation,2025,2,11.744045122410057,11.74217498895275,0.004998240547344336,11.745923669363258
1001,confirmation,2025,2,11.314486721293981,11.227555708876551,-0.0983961503644714,11.153758596103197
1010,confirmation,2025,2,11.532737896139919,11.604599545452418,0.06684479489408969,11.654733141622986
1012,confirmation,2025,2,11.51293546492023,11.532224847574048,-0.03233615431764883,11.50797273183581
1013,confirmation,2025,2,12.013706813470414,12.018539883459292,0.047216768899592906,12.053952460133987
1017,confirmation,2025,2,12.220966184120165,12.361910353592865,-0.01077335106027048,12.353830340297662
1021,confirmation,2025,2,12.07824495582233,12.041696596284405,0.034026917024620004,12.06721678405287
1022,confirmation,2025,2,12.175618592671356,12.228979271254943,-0.016743189952060603,12.216421878790896
1029,confirmation,2025,2,11.561725152903833,11.767468957467063,-0.012264374180692879,11.758270676831543
1031,confirmation,2025,2,11.982935344196433,11.750628878794958,0.10241577388773056,11.827440709210755
1047,confirmation,2025,2,13.229569788348705,12.976097223381583,0.061332989164209574,13.02209696525474
1050,confirmation,2025,2,11.349241150793087,11.602168747274376,0.04648466920783478,11.637032249180253
1057,confirmation,2025,2,12.13270055639427,12.297869977317132,0.04220292076774222,12.32952216789294
1069,confirmation,2025,2,11.927687224983487,12.06238542811118,-0.04344578053989248,12.02980109270626
1071,confirmation,2025,2,11.813037464800539,11.790168929075737,-0.012264374180692879,11.780970648440217
1074,confirmation,2025,2,11.979805470779858,11.946737576960883,-0.006850111277731522,11.941599993502585
1076,confirmation,2025,2,12.299112067295642,12.14398610767972,0.08504991208817056,12.207773541745848
1080,confirmation,2025,2,11.744045122410057,11.798333220777122,-0.015687201539953184,11.786567819622157
1082,confirmation,2025,2,11.798111925972618,11.784592720322676,-0.019501884800661052,11.76996630672218
1083,confirmation,2025,2,12.165255859329688,12.18379898025836,-0.012904752610710706,12.174120415800326
1086,confirmation,2025,2,11.898194668458823,11.97939406495278,0.0042178031252955534,11.982557417296752
1091,confirmation,2025,2,11.439289689006644,11.3945859509211,-0.0585154298468063,11.350699378535994
1093,confirmation,2025,2,11.824087219587643,12.010526034578522,-0.018643224348066766,11.996543616317473
1097,confirmation,2025,2,11.751950239425476,11.639175027510825,-0.007759348976729583,11.633355515778279
1099,confirmation,2025,2,11.759793355371237,11.58747292916579,0.06192438600657417,11.63391621867072
1100,confirmation,2025,2,11.964007453736912,11.928467729818568,-0.10571382146927548,11.849182363716611
1101,confirmation,2025,2,11.002116507732017,11.003522874010724,-0.0678676781935806,10.952622115365537
1103,confirmation,2025,2,11.813037464800539,11.818220306178244,-0.02801268550105427,11.797210792052454
1104,confirmation,2025,2,11.979805470779858,11.886757710267517,-0.005017661282318582,11.882994464305778
1105,confirmation,2025,2,11.571203807011969,11.67946611007048,0.0003465170272695915,11.679725997840933
1118,confirmation,2025,2,11.775297421715827,11.833265302811734,0.013514321739535574,11.843401044116385
1121,confirmation,2025,2,11.681832447342321,11.66694859097822,-0.03618752544929586,11.63980794689125
1130,confirmation,2025,2,11.849404844423074,11.822736891510434,-0.050904889937272775,11.784558224057479
1139,confirmation,2025,2,12.185875040240456,12.241049451862184,-0.03924588873134813,12.211615035313672
1140,confirmation,2025,2,11.87757552297847,11.717426730086771,-0.010748104419999202,11.709365651771773
1141,confirmation,2025,2,11.842236406331555,11.75117165678003,0.002563993893770265,11.753094652200359
1142,confirmation,2025,2,12.193498926601634,12.159317429325888,0.0095760181218573,12.166499442917281
1144,confirmation,2025,2,11.289794413577894,11.521785278784183,-0.08028815413677229,11.461569163181604
1152,confirmation,2025,2,11.917730355182513,11.989997223200191,-0.054258918644557355,11.949303034216774
1155,confirmation,2025,2,12.215037342290755,12.246066830325583,-0.02328000302117519,12.228606828059702
1161,confirmation,2025,2,11.891368749982085,11.860899381467569,-0.014627321730066655,11.849928890170018
1163,confirmation,2025,2,11.767575435251748,11.746660184255932,-0.028021323328433816,11.725644191759606
1164,confirmation,2025,2,11.59873612138334,11.86218184289055,-0.021948239429117073,11.845720663318712
1172,confirmation,2025,2,12.001511614739405,11.990661349954182,-0.006265920956711424,11.985961909236648
1179,confirmation,2025,2,11.950541482162043,11.780992400218564,0.07209314920500945,11.835062262122321
1181,confirmation,2025,2,12.429220196836383,12.345032371273785,0.007301980414236282,12.350508856584462
1190,confirmation,2025,2,12.149507585033072,12.171649245792416,-0.004736600735712224,12.168096795240633
1202,confirmation,2025,2,12.19552218463499,12.178275326779277,-0.01077335106027048,12.170195313484074
1210,confirmation,2025,2,12.577639650232573,12.503597041276386,-0.005953160694690843,12.499132170755368
1217,confirmation,2025,2,11.626263078808801,11.719837132175531,-0.030259930464911558,11.697142184326847
1221,confirmation,2025,2,11.652696102959753,11.634165296324019,-0.05857766549766462,11.59023204720077
1222,confirmation,2025,2,11.80560254159177,11.709747991796776,-0.014913854733030696,11.698562600747003
1226,confirmation,2025,2,11.884495917930655,11.83620005331214,0.0008974764225319475,11.83687316062904
1227,confirmation,2025,2,12.273735966890268,12.286954041551024,0.059258458825771326,12.331397885670352
1234,confirmation,2025,2,11.863589378812122,11.820127056457265,-0.030452212646426377,11.797287896972446
1243,confirmation,2025,2,12.04355959836804,12.008044036276706,-0.07007990409908947,11.95548410820239
1246,confirmation,2025,2,12.08954444723597,12.189858330462872,-0.00956371975332845,12.182685540647876
1247,confirmation,2025,2,12.136191879981927,12.159652109362755,0.03158037320179518,12.183337389264102
1255,confirmation,2025,2,12.016128107502665,12.15640540085276,-0.016035130113304232,12.144379053267782
1262,confirmation,2025,2,11.766799946849087,11.752031268514768,0.005167140388741726,11.755906623806325
1266,confirmation,2025,2,12.12215284831553,12.030303590225577,0.0360825672213804,12.057365515641612
1267,confirmation,2025,2,11.711784520403112,11.78273686924829,-0.08294510807075342,11.720528038195225
1287,confirmation,2025,2,11.870606902224587,11.989105501404644,0.009128243289631474,11.995951683871867
1293,confirmation,2025,2,11.58525542883217,11.683755531325465,-0.07653254245576427,11.626356124483642
1301,confirmation,2025,2,12.323860125621126,12.322568075258372,-0.011124637713044762,12.314224596973588
1302,confirmation,2025,2,12.086731521684555,12.050042652509262,0.04934817045003313,12.087053780346787
1304,confirmation,2025,2,12.354496960983985,12.299852084285092,0.0360825672213804,12.326914009701127
1307,confirmation,2025,2,12.218500103788143,12.136181565517012,0.03850284455472784,12.165058698933057
1308,confirmation,2025,2,11.835016210489899,11.877106352518602,-0.013555799989512956,11.866939502526467
1309,confirmation,2025,2,11.898194668458823,11.879539906156072,-0.009369244869303378,11.872512972504095
1310,confirmation,2025,2,12.09626335986454,12.087469814869772,-0.0064942798260684735,12.08259910500022
1314,confirmation,2025,2,12.716405147731708,12.712362411519326,0.07103434186529177,12.765638167918295
1337,confirmation,2025,2,11.813037464800539,11.850354967167073,-0.007876091305746086,11.844447898687763
1341,confirmation,2025,2,11.719947764402807,11.566073227586301,-0.010219900952616646,11.55840830187184
1345,confirmation,2025,2,11.95655945119582,12.045286362377944,-0.031098918221856557,12.02196217371155
1347,confirmation,2025,2,12.47801017053037,12.409260202332137,-0.00101629471823963,12.408497981293458
1349,confirmation,2025,2,12.278397958261774,12.423795803526238,-0.022195576432422457,12.40714912120192
1356,confirmation,2025,2,12.04355959836804,12.142710229513082,-0.014144358171811536,12.132101960884222
1358,confirmation,2025,2,11.917730355182513,11.981071017058186,0.011555177366074264,11.989737400082742
1359,confirmation,2025,2,12.086731521684555,12.042089039714146,0.054670428758140974,12.083091861282751
1376,confirmation,2025,2,12.384223015005313,12.458147330976136,-0.0063898292791597965,12.453354959016766
1397,confirmation,2025,2,11.982935344196433,12.017221371444952,0.01794994387504334,12.030683829351235
1410,confirmation,2025,2,12.278397958261774,12.25642623099351,-0.015392617846204371,12.244881767608856
1417,confirmation,2025,2,11.715874472198905,11.779724828406216,0.008560590508790022,11.78614527128781
1421,confirmation,2025,2,12.100161978566867,12.039541195278476,0.03026464605064904,12.062239679816463
1425,confirmation,2025,2,11.87757552297847,11.830843061603149,-0.012264374180692879,11.82164478096763
1426,confirmation,2025,2,11.863589378812122,11.871485169812843,-0.006265920956711424,11.866785729095309
1435,confirmation,2025,2,11.982935344196433,12.029662024495053,-0.01673917532656137,12.017107643000132
1437,confirmation,2025,2,11.699413330633599,11.67092156589258,0.005080212066377729,11.674731724942363
1438,confirmation,2025,2,12.885673487343764,12.808221190894296,0.06219817457935439,12.854869821828812
1451,confirmation,2025,2,11.820417517632333,11.7894385271328,-0.010132972630252653,11.78183879766011
1454,confirmation,2025,2,11.344518647594766,11.798042517180338,-0.030122302158883313,11.775450790561175
1,confirmation,2025,3,12.24769911637256,12.172961036658052,-0.010682982757265284,12.164948799590103
9,confirmation,2025,3,11.774527900858468,11.815302847063805,-0.06735766438752593,11.76478459877316
13,confirmation,2025,3,11.87757552297847,11.804128409941136,-0.0049813327642922785,11.800392410367916
21,confirmation,2025,3,12.692506186542177,12.741777133628315,0.05376977771730015,12.782104466916289
23,confirmation,2025,3,12.345838935721968,12.371291793858866,-0.03740459038669577,12.343238351068845
32,confirmation,2025,3,11.914054519303125,11.874447142424115,-0.0049813327642922785,11.870711142850896
34,confirmation,2025,3,12.016732516077072,12.071369857605575,-0.0054020980261581895,12.067318284085957
54,confirmation,2025,3,12.861001210669146,12.776856683162501,0.015748891876409224,12.788668352069807
60,confirmation,2025,3,11.735276702486741,11.697965622197541,0.04396665511447535,11.730940613533399
61,confirmation,2025,3,11.970356641102999,12.04595040434691,-0.028774280897686688,12.024369693673645
64,confirmation,2025,3,11.849404844423074,11.835330156182156,-0.021415149767774574,11.819268793856326
66,confirmation,2025,3,12.666660207428574,12.654590977036412,-0.005374648960876532,12.650559990315754
67,confirmation,2025,3,12.100717685412471,12.417452595768202,-0.03630357818370818,12.39022491213042
76,confirmation,2025,3,11.418625774449598,11.422789697484138,-0.020808608527616,11.407183241088426
82,confirmation,2025,3,11.941462360646149,12.05505026105805,-0.01408698834432394,12.044485019799806
83,confirmation,2025,3,12.409017571151187,12.310638169222612,-0.006365389574573476,12.305864127041682
85,confirmation,2025,3,12.034696963475044,12.041042691282602,0.004088189967502506,12.044108833758228
90,confirmation,2025,3,11.724813914587886,11.67582939584779,0.02555795099146694,11.69499785909139
103,confirmation,2025,3,11.68658461118553,11.665127322582393,-0.001356608189626735,11.664109866440173
104,confirmation,2025,3,12.200562492481511,12.136123974959862,-0.00983205899436168,12.12874993071409
105,confirmation,2025,3,12.040614105490253,11.996590526651424,-0.07467630997666529,11.940583294168926
110,confirmation,2025,3,12.154784614286667,12.243591213341523,0.0008105279706031978,12.244199109319474
118,confirmation,2025,3,11.951186847493476,11.92267174461948,-0.07158508969741403,11.86898292734642
122,confirmation,2025,3,11.51293546492023,11.493787261261845,-0.09524202533283394,11.42235574226222
125,confirmation,2025,3,12.10625783509458,12.053725431852516,-0.0076994832885466675,12.047950819386106
130,confirmation,2025,3,11.918397239722838,11.863432463698853,-0.003329645022743393,11.860935229931796
132,confirmation,2025,3,12.404927602627597,12.315316409068817,-0.004954699527188676,12.311600384423425
134,confirmation,2025,3,12.301387370778713,12.229521998542634,-0.05795821148104596,12.18605333993185
146,confirmation,2025,3,11.775297421715827,11.8090664140512,-0.02459443248881757,11.790620589684586
151,confirmation,2025,3,11.711784520403112,11.819950425874298,0.029046342600566703,11.841735182824722
152,confirmation,2025,3,12.827731880206521,12.703837043973895,0.04911794809883353,12.74067550504802
156,confirmation,2025,3,11.277215789596893,11.294366839901645,-0.029246262107284177,11.272432143321183
159,confirmation,2025,3,12.448630513463613,12.371219334468027,0.020259923680914005,12.386414277228711
164,confirmation,2025,3,11.544433821905134,11.38429192108901,-0.014367998349500309,11.373515922326884
166,confirmation,2025,3,11.755879486687116,11.757548480492007,-0.010665434059700154,11.749549404947231
167,confirmation,2025,3,12.154784614286667,12.248026808685427,0.05062835599642929,12.28599807568275
168,confirmation,2025,3,12.693501691489768,12.812688638248689,0.04770618502983244,12.848468277021063
185,confirmation,2025,3,11.751950239425476,11.691450623214633,0.05889447760491161,11.735621481418317
187,confirmation,2025,3,12.06105265381003,12.079098965420474,-0.03700181869254053,12.05134760140107
188,confirmation,2025,3,11.813037464800539,11.805484146850986,-0.010269087717920495,11.797782331062546
192,confirmation,2025,3,12.122696471358964,12.028377618930357,0.01567625852565975,12.0401348128246
206,confirmation,2025,3,12.103491596905931,12.102573605084155,0.004088189967502506,12.105639747559781
208,confirmation,2025,3,11.856522261533737,11.857656798669272,0.011590587287241732,11.866349739134703
209,confirmation,2025,3,12.531776395271262,12.429141203779613,-0.03043460386591397,12.406315250880178
219,confirmation,2025,3,12.649157827477366,12.325578850651032,0.06000572211409373,12.370583142236603
221,confirmation,2025,3,12.230282214644559,12.29634191857594,-0.005768375686898199,12.292015636810767
224,confirmation,2025,3,11.48247656671073,11.677873457998077,0.039978028354810825,11.707856979264184
225,confirmation,2025,3,12.864242696187505,12.896689067300455,0.11066202561154494,12.979685586509113
230,confirmation,2025,3,12.167856627501678,12.190455350261661,-0.009038898723182384,12.183676176219274
234,confirmation,2025,3,11.761354623750297,11.786786721474757,0.0313090294324714,11.81026849354911
243,confirmation,2025,3,11.277215789596893,11.482453083051226,-0.053114925088760284,11.442616889234655
245,confirmation,2025,3,12.230770136157428,12.362752641299947,-0.028171917034009286,12.34162370352444
248,confirmation,2025,3,11.849404844423074,11.856096609167048,-0.015396780080885042,11.844549024106385
269,confirmation,2025,3,11.699413330633599,11.644264239838373,0.016639673954780845,11.656743995304458
275,confirmation,2025,3,11.732069026983156,11.775871879527628,0.01102843095386324,11.784143202743026
280,confirmation,2025,3,12.165255859329688,12.183717261185482,0.056460069242446995,12.226062313117318
284,confirmation,2025,3,12.407383590534293,12.407631621697954,0.006749558955290934,12.412693790914423
286,confirmation,2025,3,12.011886987792716,12.007661388023706,0.008314679773654268,12.013897397853947
294,confirmation,2025,3,12.367345048436391,12.353866230477797,0.006692913579653285,12.358885915662537
305,confirmation,2025,3,12.59473402514672,12.532930458406858,0.01810659786417073,12.546510406804986
310,confirmation,2025,3,12.793862088206213,12.832934111971651,-0.0010218677026711774,12.832167711194648
313,confirmation,2025,3,11.694421681264394,11.780500067671518,-0.0021814523697950127,11.778863978394172
319,confirmation,2025,3,12.468440756144114,12.739268817497935,0.06234210553132745,12.78602539664643
321,confirmation,2025,3,12.74444728628135,12.67288345635492,0.04296771606710413,12.705109243405248
325,confirmation,2025,3,12.396697137361691,12.473696953578974,-0.008925176592376903,12.467003071134691
341,confirmation,2025,3,12.220473454337986,12.259298014005907,-0.053671481988483496,12.219044402514545
347,confirmation,2025,3,11.928347504569842,11.825532631004645,0.023214351865316,11.842943394903632
348,confirmation,2025,3,11.967187086434018,12.085091641469917,-0.023484415429010523,12.06747832989816
350,confirmation,2025,3,12.988043102265232,13.083831644733884,0.04296771606710413,13.116057431784212
354,confirmation,2025,3,11.570259974415547,11.470024806264979,-0.017808798260298346,11.456668207569756
355,confirmation,2025,3,11.849404844423074,11.979566139775866,-0.02525344028007196,11.960626059565811
357,confirmation,2025,3,12.06105265381003,12.018057992142753,0.008915152619235056,12.02474435660718
362,confirmation,2025,3,11.884495917930655,11.848825766608941,0.009567923352776262,11.856001709123523
365,confirmation,2025,3,12.154784614286667,12.121124694485195,0.00038815205957882896,12.121415808529878
370,confirmation,2025,3,11.995357787034976,12.008219061530035,0.0219763035651731,12.024701289203914
385,confirmation,2025,3,12.388398368982115,12.515193232232754,0.02996733865333783,12.537668736222757
394,confirmation,2025,3,11.51293546492023,11.432840618779581,0.0319178594477977,11.456779013365429
400,confirmation,2025,3,12.392556361841777,12.267348281443349,0.015973194188351525,12.279328177084613
401,confirmation,2025,3,12.411056299528171,12.33042644952887,-0.02312813433301522,12.313080348779108
404,confirmation,2025,3,12.460718739865236,12.415362305653318,0.0006188780794462532,12.415826464212902
415,confirmation,2025,3,12.337105293891872,12.379015312293596,-0.029022840796912877,12.357248181695912
419,confirmation,2025,3,11.744045122410057,11.587979398524004,-0.07448041906039751,11.532119084228706
425,confirmation,2025,3,11.842236406331555,11.877034872995614,-0.020048609699351648,11.8619984157211
427,confirmation,2025,3,12.524530013005734,12.395529830380745,-0.03245864652657175,12.371185845485817
432,confirmation,2025,3,11.288543647320601,11.54574410052681,0.018295023659233724,11.559465368271237
435,confirmation,2025,3,11.302216779257382,11.328781806042395,0.01000559879337416,11.336286005137426
441,confirmation,2025,3,13.22672519452875,13.091341023095042,0.11066202561154494,13.1743375423037
443,confirmation,2025,3,12.000897933306716,11.926760690958876,0.036946324944107545,11.954470434666955
449,confirmation,2025,3,11.691080018519527,11.755029085683528,-0.02889118877043878,11.733360694105698
458,confirmation,2025,3,12.45293662970407,12.35716708610231,0.06389256224599933,12.405086507786809
459,confirmation,2025,3,11.989165855127435,11.938725416211351,-0.04932033441397997,11.901735165400867
466,confirmation,2025,3,12.093693109638318,12.146468379628052,-0.0009512633750569013,12.145754932096759
473,confirmation,2025,3,11.904974309480181,11.840742229119794,-0.029246262107284177,11.818807532539331
478,confirmation,2025,3,12.847929163278053,12.923531018228477,-0.007085460390138885,12.918216922935873
485,confirmation,2025,3,11.794345471549745,11.780812679561892,0.00711545361161418,11.786149269770602
486,confirmation,2025,3,11.898194668458823,11.924275487016468,0.01768957407261062,11.937542667570925
490,confirmation,2025,3,11.362114203075018,11.511482747939056,0.023866116106052736,11.529382335018596
501,confirmation,2025,3,11.635151947212842,11.626814363275956,-0.02438889869120659,11.608522689257551
507,confirmation,2025,3,12.278397958261774,12.282262889726212,-0.046484359364617034,12.24739962020275
508,confirmation,2025,3,12.246739428005663,12.070101694917428,0.016840365653311852,12.082731969157411
517,confirmation,2025,3,11.970356641102999,12.034067656784075,-0.025217132925808856,12.015154807089719
521,confirmation,2025,3,11.573559498507079,11.382748569044852,0.0005523141644083341,11.383162804668158
524,confirmation,2025,3,12.126764251515691,13.338535273044494,-0.1727553456900499,13.208968763776957
529,confirmation,2025,3,11.362114203075018,11.357956796024872,0.02637670752445488,11.377739326668214
530,confirmation,2025,3,12.209192772866418,12.360641101411996,-0.06377687339312314,12.312808446367153
531,confirmation,2025,3,12.07254696717504,12.13035147611215,-0.03919805698996412,12.100952933369676
532,confirmation,2025,3,11.759793355371237,11.76675805704558,0.07295851042370924,11.821476939863363
533,confirmation,2025,3,11.58525542883217,11.526862911819796,0.0219763035651731,11.543345139493676
540,confirmation,2025,3,12.513561021741964,12.434546558090009,-0.03655366662379217,12.407131308122166
550,confirmation,2025,3,12.479913113434042,12.36121622784349,0.015973194188351525,12.373196123484755
557,confirmation,2025,3,11.856522261533737,11.902769661282994,-0.0016011921705951799,11.901568767155048
559,confirmation,2025,3,12.07254696717504,12.18601068493961,0.007523995697161382,12.19165368171248
572,confirmation,2025,3,11.695255355062795,11.709648784521095,-0.06515120632912086,11.660785379774254
577,confirmation,2025,3,11.884495917930655,11.927812085563074,0.021965462399992218,11.944286182363069
586,confirmation,2025,3,12.820990681250251,12.867438775148242,-0.002185073342305126,12.865799970141513
590,confirmation,2025,3,11.283524879179666,11.505652584823475,0.023437775499199995,11.523230916447874
598,confirmation,2025,3,12.176654133447505,12.135648043778875,-0.003673515159520196,12.132892907409236
610,confirmation,2025,3,11.682676678340282,11.655591680264507,0.015341324919596234,11.667097673954204
615,confirmation,2025,3,11.231901180182515,11.264378376221726,-0.0026520268886297913,11.262389356055253
627,confirmation,2025,3,11.848690308590857,11.741014171498867,-0.007664784858062887,11.73526558285532
628,confirmation,2025,3,11.938199736300925,12.00314363030232,-0.005327833790024309,11.999147754959802
630,confirmation,2025,3,12.034696963475044,11.978989646791224,-0.020048609699351648,11.96395318951671
633,confirmation,2025,3,11.320565693461432,12.035235501553139,-0.04560741479954508,12.00102994045348
640,confirmation,2025,3,12.485830907348902,12.460394220958603,-0.011982325564595024,12.451407476785157
642,confirmation,2025,3,12.328294703023396,12.406595886147777,0.017997236849009307,12.420093813784534
643,confirmation,2025,3,12.75130259456002,12.728163651879632,-0.03284511296175434,12.703529817158316
647,confirmation,2025,3,11.495789479023493,11.519359550313126,-0.006253021789061787,11.51466978397133
648,confirmation,2025,3,11.951186847493476,11.878805819188827,-0.029246262107284177,11.856871122608364
660,confirmation,2025,3,12.025755079404917,11.985932736144632,-0.01410123978935903,11.975356806302612
662,confirmation,2025,3,12.904209855160254,12.834907076858983,0.026260716298873547,12.854602614083138
665,confirmation,2025,3,12.955129822091815,12.736613440446723,0.014837194303416422,12.747741336174284
671,confirmation,2025,3,12.063938642041201,12.068321987228328,0.005058919216499978,12.072116176640703
675,confirmation,2025,3,11.849404844423074,11.897662129912028,-0.0061787575529279135,11.893028061747332
686,confirmation,2025,3,12.242891437918386,12.31436409834067,0.043704391707635196,12.347142392121397
687,confirmation,2025,3,12.336556900342153,12.375102595141668,0.022184531920078,12.391740994081726
693,confirmation,2025,3,12.721888795877375,12.635430725046463,0.042092719253013854,12.667000264486223
696,confirmation,2025,3,12.07824495582233,12.061330343459078,0.010711202284585776,12.069363745172517
697,confirmation,2025,3,11.39640288460621,11.435350599406714,0.04159815456257415,11.466549215328644
701,confirmation,2025,3,12.652362948153474,12.638326588208344,-0.04987057613292048,12.600923656108654
712,confirmation,2025,3,11.54031687156214,11.476682410827319,-0.045808982766800004,11.442325673752219
714,confirmation,2025,3,11.767575435251748,11.658490010362854,0.06782672573021012,11.709360054660511
715,confirmation,2025,3,11.779136168550774,12.086759477591263,0.015137977017183227,12.09811296035415
717,confirmation,2025,3,11.979805470779858,12.146659141710803,0.007127035887565745,12.152004418626477
735,confirmation,2025,3,11.58989576532275,11.610276242195981,-0.05030363358989361,11.572548517003561
739,confirmation,2025,3,12.095146671399466,11.828190100950838,-0.11022147138354091,11.745523997413182
741,confirmation,2025,3,11.790564777297387,11.676996839487467,0.009197789269390633,11.68389518143951
743,confirmation,2025,3,12.095146671399466,12.019779818966287,-0.03043460386591397,11.996953866066852
745,confirmation,2025,3,12.100717685412471,12.272372453534096,0.0467921638602907,12.307466576429315
746,confirmation,2025,3,12.61087420020211,12.720377133755296,0.006032551889722701,12.724901547672587
753,confirmation,2025,3,12.28765724080691,12.2380635172171,0.013146554564625462,12.247923433140569
754,confirmation,2025,3,12.526346537332584,12.526698165574192,0.0006889437265911718,12.527214873369136
755,confirmation,2025,3,11.957617696467539,11.864519991007738,0.02119030920465822,11.880412722911231
759,confirmation,2025,3,12.097378802727306,12.02792391350908,0.0194089999180104,12.042480663447588
771,confirmation,2025,3,11.812296455066814,11.808971597739225,-0.022286990640374885,11.792256354758944
784,confirmation,2025,3,12.016732516077072,12.011374679791867,-0.004504161151702095,12.00799655892809
787,confirmation,2025,3,11.842236406331555,11.7311241734816,-0.019490907670265574,11.716505992728901
804,confirmation,2025,3,13.275829251377,12.966138459179659,0.03488008071897864,12.992298519718892
805,confirmation,2025,3,11.678448377988165,11.63275472074133,-0.032233630777422556,11.608579497658264
806,confirmation,2025,3,12.335700805443338,12.246423428095403,0.00972644284265536,12.253718260227394
809,confirmation,2025,3,11.982622797311857,11.88895430180034,-0.0016011921705951799,11.887753407672394
813,confirmation,2025,3,10.932999821119937,11.472049845599036,-0.06480538934100168,11.423445803593285
817,confirmation,2025,3,11.827743504053695,11.836216327985694,0.012268659975828556,11.845417822967566
820,confirmation,2025,3,12.319405795112926,12.295127701386217,0.023125603099158946,12.312471903710586
823,confirmation,2025,3,12.323860125621126,12.137132932383446,-0.0181892325128339,12.12349100799882
825,confirmation,2025,3,12.357079818283598,12.32622180916826,0.014837194303416422,12.337349704895821
830,confirmation,2025,3,11.900912042974875,11.945841101488975,0.024060829536477014,11.963886723641332
836,confirmation,2025,3,11.759793355371237,11.781289074431202,0.04498241334283221,11.815025884438326
849,confirmation,2025,3,12.388398368982115,12.381697144004015,0.07605382635600766,12.43873751377102
859,confirmation,2025,3,11.931642378754141,11.847532681019414,-0.04560741479954508,11.813327119919755
860,confirmation,2025,3,12.429220196836383,12.44450406266281,0.02776655365091011,12.465328977900993
866,confirmation,2025,3,11.908346971208951,11.825501666049293,0.00418102462770307,11.82863743452007
873,confirmation,2025,3,11.661354090741,11.669806479315703,0.021125379802269494,11.685650514167405
882,confirmation,2025,3,12.141539457711714,12.254784811385042,0.036029126565546146,12.281806656309202
887,confirmation,2025,3,11.884495917930655,11.966460306243004,-0.032233630777422556,11.942285083159938
888,confirmation,2025,3,11.816734299348461,11.806137200290708,-0.010665434059700154,11.798138124745932
896,confirmation,2025,3,11.849404844423074,12.02013801800387,-0.020048609699351648,12.005101560729356
900,confirmation,2025,3,11.813037464800539,11.811796823408972,0.01317904629908189,11.821681108133284
901,confirmation,2025,3,11.608244735642321,11.645371189940487,0.024048676364664373,11.663407697213986
902,confirmation,2025,3,11.938199736300925,11.85818233228173,0.01768957407261062,11.871449512836188
903,confirmation,2025,3,12.100717685412471,12.09720633462794,0.012175825315627994,12.10633820361466
909,confirmation,2025,3,11.782960235741939,11.794296870824686,-0.010286377950000342,11.786582087362186
916,confirmation,2025,3,11.225256725762893,11.349695478979086,-0.018784565866958217,11.335607054578867
925,confirmation,2025,3,12.242891437918386,12.223094433473978,0.014258004206002563,12.233787936628481
930,confirmation,2025,3,12.310437165348775,12.293612508094544,0.012175825315627994,12.302744377081265
936,confirmation,2025,3,11.288543647320601,11.472591700154343,0.06782672573021012,11.523461744452
941,confirmation,2025,3,11.924379271639218,12.054361340765888,-0.01408698834432394,12.043796099507645
950,confirmation,2025,3,12.193498926601634,12.067904697681614,0.0239656477953471,12.085878933528125
955,confirmation,2025,3,11.755879486687116,11.753602042133805,-0.0902841301481335,11.685888944522704
957,confirmation,2025,3,11.728044909070785,11.708147607405714,0.0012346706643771178,11.709073610403996
963,confirmation,2025,3,11.951186847493476,11.938862186290466,-0.00307585430205602,11.936555295563924
964,confirmation,2025,3,12.384223015005313,12.476033357393046,-0.0220646001709199,12.459484907264857
968,confirmation,2025,3,11.813037464800539,11.824236149778441,0.021125379802269494,11.840080184630143
972,confirmation,2025,3,12.06105265381003,11.991083914424385,0.0037860115505049304,11.993923423087264
976,confirmation,2025,3,12.013706813470414,12.106481129838363,0.024060829536477014,12.12452675199072
977,confirmation,2025,3,11.356283350762888,11.285463162715558,0.09520512732154143,11.356867008206715
982,confirmation,2025,3,12.724869415131389,12.687837294966828,-0.0011176852924577336,12.686999030997484
986,confirmation,2025,3,11.736077016252437,11.642535564504069,0.05002807498628521,11.680056620743782
992,confirmation,2025,3,12.031725210748633,12.036480107235734,-0.025892018193697505,12.017061093590462
995,confirmation,2025,3,12.729323752253295,12.727169494316993,0.11066202561154494,12.81016601352565
1008,confirmation,2025,3,11.385103457032141,11.372004186360613,-0.04436367965525,11.338731426619175
1009,confirmation,2025,3,12.388398368982115,12.413170193983312,-0.03700181869254053,12.385418829963907
1018,confirmation,2025,3,12.141539457711714,12.131047778722529,0.05641862082117836,12.173361744338413
1019,confirmation,2025,3,11.982935344196433,12.043492971290608,0.006112232628160288,12.048077145761727
1023,confirmation,2025,3,11.373674891823535,11.578861522031202,-0.035623446648594,11.552143937044757
1025,confirmation,2025,3,12.567240979056246,12.619579180707179,-0.019285636446910767,12.605114953371995
1039,confirmation,2025,3,11.48247656671073,11.543960866283603,-0.006938756381192264,11.538756798997708
1046,confirmation,2025,3,11.846543632608535,11.74891056770487,-0.034235550065824114,11.723233905155501
1048,confirmation,2025,3,11.884495917930655,11.889754391668298,0.01658825352314406,11.902195581810656
1049,confirmation,2025,3,11.652696102959753,11.819907922193062,-0.041929084425759836,11.788461108873742
1059,confirmation,2025,3,12.721888795877375,12.809831873924319,-0.009109503050796667,12.802999746636221
1062,confirmation,2025,3,11.302216779257382,11.570767328883134,0.0367687454011769,11.598343887934016
1070,confirmation,2025,3,11.813037464800539,11.765419219858881,0.0197136167332684,11.780204432408832
1079,confirmation,2025,3,11.956976469393481,11.847033304079222,0.013146554564625462,11.856893220002691
1088,confirmation,2025,3,12.437188334739655,12.45874061782038,-0.009801195304232352,12.451389721342206
1090,confirmation,2025,3,12.190964083849375,12.23748746381957,-0.001713559956106869,12.23620229385249
1106,confirmation,2025,3,12.691583538230217,12.734663877341722,0.003169044200104743,12.7370406604918
1107,confirmation,2025,3,12.100161978566867,12.144202593979077,-0.03043460386591397,12.121376641079642
1108,confirmation,2025,3,12.52352951631214,12.327872033090962,-0.01125532901879943,12.319430536326863
1111,confirmation,2025,3,12.144202560946876,12.108996227076638,-0.0015188937975298012,12.107857056728491
1112,confirmation,2025,3,12.230770136157428,12.13739827597333,-0.011467465483720877,12.12879767686054
1113,confirmation,2025,3,11.774527900858468,11.691459164271388,0.025777209420736108,11.71079207133694
1116,confirmation,2025,3,12.669809806411457,12.587811216179388,0.04770618502983244,12.623590854951761
1122,confirmation,2025,3,12.268582547911404,12.275034537086862,-0.005768375686898199,12.270708255321688
1126,confirmation,2025,3,11.652696102959753,11.605018436634241,0.008154781557582856,11.611134522802429
1127,confirmation,2025,3,12.066816325306588,12.168479972171006,-0.009038898723182384,12.161700798128619
1132,confirmation,2025,3,11.44572741040675,11.547180326021104,0.04849190078393131,11.583549251609053
1134,confirmation,2025,3,12.386312871189734,12.39502813445011,-0.054571994712742516,12.354099138415553
1135,confirmation,2025,3,12.037659911047468,12.10018812322228,-0.002930656866530894,12.09799013057238
1138,confirmation,2025,3,11.451060699493427,11.407511272269833,0.02667446348585633,11.427517119884225
1145,confirmation,2025,3,11.289794413577894,11.34157692233879,-0.02229407836260571,11.324856363566836
1146,confirmation,2025,3,11.91170829631447,11.805526885622898,-0.018480477091963925,11.791666527803924
1147,confirmation,2025,3,12.100717685412471,12.100264989293366,-0.013056064875140412,12.090472940637012
1148,confirmation,2025,3,12.069685751267224,12.15054983958545,0.029705794434493504,12.17282918541132
1153,confirmation,2025,3,12.345838935721968,12.18248272557279,0.04609026000747386,12.217050420578396
1159,confirmation,2025,3,12.367889578686164,12.357843584382383,0.032587621750821395,12.382284300695499
1160,confirmation,2025,3,12.128116509451258,12.17390615655091,0.009606174587535958,12.181110787491562
1168,confirmation,2025,3,12.06105265381003,12.16845971795475,0.0031329358209368063,12.170809419820452
1174,confirmation,2025,3,12.208574513247495,12.239311443001084,0.04692892415045598,12.274508136113926
1175,confirmation,2025,3,12.384223015005313,12.331239022392733,0.08660526134224752,12.396192968399419
1176,confirmation,2025,3,12.560247968016562,12.586731650895565,0.0009063573682000486,12.587411418921715
1180,confirmation,2025,3,11.440365524765756,11.49363085314421,-0.03339200603256482,11.468586848619788
1182,confirmation,2025,3,12.880294363972055,12.557604941170295,0.027525822927616066,12.578249308366008
1187,confirmation,2025,3,11.461642696843066,11.745530179854745,-0.023518337935865483,11.727891426402845
1188,confirmation,2025,3,12.476103599529843,12.551152248813676,0.006969950055667759,12.556379711355426
1195,confirmation,2025,3,11.970356641102999,11.878675995041597,-0.002158346025154226,11.87705723552273
1196,confirmation,2025,3,12.07824495582233,11.982306484060217,-0.0015188937975298012,11.98116731371207
1212,confirmation,2025,3,12.00762780434872,12.235883341260756,0.007413347732068759,12.241443352059807
1213,confirmation,2025,3,11.635151947212842,11.387622468421487,0.010844115418889543,11.395755554985653
1232,confirmation,2025,3,11.794345471549745,11.871177055428161,0.012268659975828556,11.880378550410033
1240,confirmation,2025,3,12.490879338036375,12.33174283785234,-0.05593416882038819,12.28979221123705
1257,confirmation,2025,3,12.616528611893463,12.684176205363858,0.002318120437201138,12.68591479569176
1268,confirmation,2025,3,12.843973993864076,12.783566699171624,-0.012930731771291558,12.773868650343156
1271,confirmation,2025,3,12.468440756144114,12.349404524191955,0.07118084515177434,12.402790158055787
1275,confirmation,2025,3,11.842236406331555,11.83980647501539,0.06588181457763467,11.889217835948616
1279,confirmation,2025,3,12.37581963951765,12.467625506191714,-0.03740459038669577,12.439572063401693
1281,confirmation,2025,3,12.33270970174018,12.238928108557511,-0.01411878848692416,12.228339017192319
1284,confirmation,2025,3,11.842236406331555,11.846200333622487,-0.017887894199886942,11.832784412972572
1289,confirmation,2025,3,12.535379989788607,12.479009207747563,0.04335635813063182,12.511526476345537
1291,confirmation,2025,3,12.103491596905931,11.985188940308973,0.0219763035651731,12.001671167982852
1296,confirmation,2025,3,11.83863282480007,11.82937137045492,-0.0016011921705951799,11.828170476326974
1303,confirmation,2025,3,12.577639650232573,12.661918808178285,0.006969950055667759,12.667146270720036
1306,confirmation,2025,3,12.691583538230217,12.661151331676999,-0.009109503050796667,12.654319204388901
1311,confirmation,2025,3,12.721888795877375,12.597992873872265,0.05128884696939344,12.63645950909931
1315,confirmation,2025,3,11.686887175419702,11.674941556238666,0.012868158079547325,11.684592674798326
1323,confirmation,2025,3,12.154784614286667,12.313434089543692,0.06662883502388993,12.36340571581161
1325,confirmation,2025,3,11.898194668458823,12.588568111107799,0.008773601615948718,12.595148312319761
1326,confirmation,2025,3,10.915106645867503,11.156471829793727,-0.11738533339146684,11.068432829750126
1361,confirmation,2025,3,12.149507585033072,12.147608816619778,0.042844859530893675,12.179742461267947
1368,confirmation,2025,3,11.751950239425476,11.774637535630735,-0.007817653762325455,11.76877429530899
1370,confirmation,2025,3,12.354496960983985,12.444526195687034,-0.03655366662379217,12.417110945719191
1377,confirmation,2025,3,11.418625774449598,11.440439214070956,-0.029905269898538575,11.418010261647051
1378,confirmation,2025,3,11.669937760751914,11.829980561661628,-0.04147964138069031,11.798870830626111
1380,confirmation,2025,3,12.02874460037869,11.987509082050265,0.008964708867545438,11.994232613700923
1383,confirmation,2025,3,11.964007453736912,11.90310913204309,-0.004105694467303999,11.900029861192612
1393,confirmation,2025,3,11.719947764402807,11.748255442858467,-0.0016011921705951799,11.747054548730521
1394,confirmation,2025,3,12.001511614739405,11.828218722401216,-0.0359560450655394,11.801251688602061
1395,confirmation,2025,3,12.415437707935368,12.30244868767189,0.0023900775279475043,12.30424124581785
1398,confirmation,2025,3,11.83138646878959,11.826023444037501,0.05283088491744391,11.865646607725584
1401,confirmation,2025,3,11.695255355062795,11.660415634196108,0.05566218738137178,11.702162274732137
1402,confirmation,2025,3,12.170450649220749,12.115993813442397,-0.0015188937975298012,12.114854643094251
1404,confirmation,2025,3,12.552930054797935,12.272465070130005,-0.007777152643574569,12.266632205647324
1414,confirmation,2025,3,12.456835254920371,12.499155765123168,-0.043932213758886104,12.466206604804004
1419,confirmation,2025,3,11.728044909070785,11.809037237187631,0.013340304863993043,11.819042465835626
1424,confirmation,2025,3,12.524420916542532,12.124015985425638,-0.06655382481591257,12.074100616813704
1427,confirmation,2025,3,12.509877789891931,12.466584167037812,0.06577791126098632,12.515917600483553
1431,confirmation,2025,3,12.165984756488543,12.13999792111753,0.033507143915552706,12.165128279054194
1433,confirmation,2025,3,11.07443600653965,11.519803153382258,-0.014367998349500309,11.509027154620131
1434,confirmation,2025,3,12.136191879981927,12.13406154932403,-0.0015188937975298012,12.132922378975884
1441,confirmation,2025,3,12.160033942617156,12.132695702332656,0.06465710868144346,12.181188533843738
1449,confirmation,2025,3,11.626263078808801,11.636668026851947,0.02637670752445488,11.656450557495289
1456,confirmation,2025,3,12.07254696717504,12.09232874366646,-0.002930656866530894,12.090130751016561
1458,confirmation,2025,3,12.493133274926212,12.449596406776429,0.06085664587699734,12.495238891184178
3,confirmation,2025,4,12.317171167298682,12.23417385707729,-0.011120185002120453,12.225833718325699
4,confirmation,2025,4,11.849404844423074,12.067484341309822,0.016781635495022575,12.080070567931088
11,confirmation,2025,4,11.771443882099637,11.758115962701037,-0.025017334889047286,11.739352961534252
12,confirmation,2025,4,12.75130259456002,12.877284558707563,0.05235466455755971,12.916550557125733
16,confirmation,2025,4,11.790564777297387,11.760313349363257,0.010870126454287556,11.768465944203973
17,confirmation,2025,4,11.91170829631447,11.910462350781616,0.004990785986806427,11.91420544027172
20,confirmation,2025,4,11.842236406331555,11.667270933574905,-0.0014039906053237665,11.666217940620912
25,confirmation,2025,4,11.944714374881176,11.893000823834596,0.012177050527918063,11.902133611730534
39,confirmation,2025,4,11.599112335481124,11.7454713710768,0.0002672468088554074,11.745671806183442
52,confirmation,2025,4,11.648338835562747,11.691928820068137,0.046755229800857286,11.72699524241878
55,confirmation,2025,4,11.775297421715827,11.725182513357236,-0.0015013065819120795,11.724056533420802
68,confirmation,2025,4,12.328294703023396,12.298071322238801,-0.007920313640574777,12.29213108700837
69,confirmation,2025,4,11.289794413577894,11.338771992131276,-0.02225897087145594,11.322077763977685
72,confirmation,2025,4,11.771443882099637,11.77861439040848,0.028782767664920886,11.800201466157171
75,confirmation,2025,4,11.58432477200052,11.611354715760854,-0.015006632516854811,11.600099741373212
77,confirmation,2025,4,11.818577604251555,11.644002034627347,0.0471584147425217,11.679370845684238
81,confirmation,2025,4,12.173037959397275,12.282067428071192,-0.01258361889609766,12.27262971389912
87,confirmation,2025,4,12.066816325306588,12.070233861664056,0.0070675031870002175,12.075534489054306
88,confirmation,2025,4,12.010671928196443,12.029969579947197,0.024478700736503777,12.048328605499576
93,confirmation,2025,4,12.004574385508691,11.833562772639509,0.0757124827544369,11.890347134705337
95,confirmation,2025,4,12.229549885708273,12.232960231975362,0.009781888398796705,12.240296648274459
102,confirmation,2025,4,12.08954444723597,12.063442821995372,-0.024981739077264448,12.044706517687423
106,confirmation,2025,4,12.429220196836383,12.42385899372476,0.0009217900654493849,12.424550336273848
107,confirmation,2025,4,11.51293546492023,11.368036540064747,-0.006922234662143675,11.362844864068139
109,confirmation,2025,4,11.652696102959753,11.69632582534347,0.039589878943296096,11.726018234550942
117,confirmation,2025,4,11.842236406331555,11.75151074194781,-0.024512826583880005,11.7331261220099
119,confirmation,2025,4,12.676079399771027,12.73449273820725,-0.013543324802211435,12.72433524460559
120,confirmation,2025,4,12.0075668272517,12.05225216228473,-0.001424706128926456,12.051183632688035
123,confirmation,2025,4,11.820417517632333,11.839693108438064,0.002019761816654032,11.841207929800555
133,confirmation,2025,4,11.923384748066601,11.9386499613763,0.009351383273865333,11.945663498831697
135,confirmation,2025,4,12.100717685412471,12.054522149492895,0.0017318309011802597,12.05582102266878
136,confirmation,2025,4,12.066816325306588,12.066890232634991,-0.02434263460841067,12.048633256678682
140,confirmation,2025,4,12.352339472153524,12.24545168362777,0.007086525342418313,12.250766577634584
145,confirmation,2025,4,11.736077016252437,11.812618167774684,0.030845687285748425,11.835752433238994
147,confirmation,2025,4,11.561725152903833,11.535175146903267,0.0173440884905972,11.548183213271216
148,confirmation,2025,4,12.312686874960354,12.31870311656057,-0.006662383572827733,12.313706328880949
149,confirmation,2025,4,11.856522261533737,11.923357790783058,-0.016514348972363823,11.910972029053784
157,confirmation,2025,4,11.603688960617083,11.625325182043998,0.037155876864688776,11.653192089692514
160,confirmation,2025,4,12.676079399771027,12.628780562619855,0.016109300804385728,12.640862538223145
176,confirmation,2025,4,12.400820837540556,12.313105044205932,0.0019491710349295386,12.314566922482129
178,confirmation,2025,4,12.058158312538197,12.12185046129021,-0.009120858954597154,12.115009817074261
182,confirmation,2025,4,12.206577518060588,12.084642622051625,0.061071173603157204,12.130446002253993
202,confirmation,2025,4,12.052344376474922,12.017442659119338,-0.04183719955847572,11.98606475945048
204,confirmation,2025,4,11.91170829631447,11.844235505106465,0.006582017037251032,11.849172017884403
212,confirmation,2025,4,12.133507329024972,12.071199137711904,-0.02424025503016014,12.053018946439284
216,confirmation,2025,4,11.808955099378537,11.84367625233684,0.022047987846769788,11.860212243221918
217,confirmation,2025,4,12.25486757159303,12.228181329799774,-0.011120185002120453,12.219841191048184
232,confirmation,2025,4,12.90669432231532,12.820944457618749,-0.021600785490805845,12.804743868500644
233,confirmation,2025,4,11.456365695436427,11.479573869117672,0.02676540648936178,11.499647923984694
251,confirmation,2025,4,11.245059091624615,11.40901724215379,-0.019138894656998806,11.394663071161041
252,confirmation,2025,4,12.367345048436391,12.406626349414095,-0.011790474254157881,12.397783493723477
254,confirmation,2025,4,11.970356641102999,11.96257867117926,-0.0012789484083786413,11.961619459872976
255,confirmation,2025,4,11.884495917930655,11.86030643246813,0.009122536082472042,11.867148334529984
258,confirmation,2025,4,12.301387370778713,12.364645493243994,-0.037405230406041885,12.336591570439463
262,confirmation,2025,4,12.52815976788113,12.773137123310553,0.0028146801638854095,12.775248133433466
264,confirmation,2025,4,11.775297421715827,11.72591087564073,0.0010742998841753264,11.726716600553862
278,confirmation,2025,4,11.856522261533737,11.559202109604003,0.03860392215861117,11.588155051222962
279,confirmation,2025,4,12.936754021718041,12.862126185311523,0.03965805998465525,12.891869730300014
281,confirmation,2025,4,12.339295865674435,12.310755616585297,-0.0024617877550407357,12.308909275769016
288,confirmation,2025,4,11.385103457032141,11.51948828250999,0.005228745734566417,11.523409841810915
300,confirmation,2025,4,11.973516181427835,11.864464222468337,0.03009313469074289,11.887034073486394
303,confirmation,2025,4,12.230770136157428,12.330570624638321,0.004776290932329689,12.334152842837568
306,confirmation,2025,4,12.631016799175821,12.608931274124572,-0.04418724371969719,12.575790841334799
317,confirmation,2025,4,12.468440756144114,12.397105733888454,-0.008730237285324419,12.39055805592446
322,confirmation,2025,4,12.777055016970678,12.739786336777554,-0.018495000041797976,12.725915086746205
335,confirmation,2025,4,12.165255859329688,12.191931765965657,0.0065629948818329365,12.196854012127032
338,confirmation,2025,4,12.273735966890268,12.303081244965,-0.011120185002120453,12.29474110621341
343,confirmation,2025,4,11.37940550085183,11.46857202303626,-0.011590802413680469,11.459878921226
346,confirmation,2025,4,11.850832386224807,11.820967796755271,0.035902539945079866,11.84789470171408
352,confirmation,2025,4,12.154784614286667,12.234212121526209,0.012387350672965838,12.243502634530934
361,confirmation,2025,4,11.957617696467539,11.918749759007955,-0.03863732819693005,11.889771762860258
368,confirmation,2025,4,12.013706813470414,11.961270968753427,-0.023940817057042346,11.943315355960644
373,confirmation,2025,4,11.736077016252437,11.633279022175977,-0.024981739077264448,11.614542717868028
375,confirmation,2025,4,12.299112067295642,12.227140970137986,-0.007920313640574777,12.221200734907555
383,confirmation,2025,4,12.271396795480596,12.235190629217396,-0.007920313640574777,12.229250393986964
384,confirmation,2025,4,11.23850177707664,11.296633897312475,-0.12401303754894016,11.20362411915077
386,confirmation,2025,4,12.165255859329688,12.084268180742908,-0.029023254539375713,12.062500739838377
393,confirmation,2025,4,11.575909653758895,11.601314959824215,0.024459272291784306,11.619659414043053
398,confirmation,2025,4,12.040614105490253,11.933549253727218,-0.0015013065819120795,11.932423273790784
399,confirmation,2025,4,11.112462823634855,11.311476051335111,-0.08577129698909683,11.247147578593289
426,confirmation,2025,4,11.813037464800539,11.779431095246236,-0.02659344198004074,11.759486013761206
429,confirmation,2025,4,12.182809136284991,12.190623529481313,-0.0071642750041356435,12.18525032322821
448,confirmation,2025,4,12.20557752297723,12.236185755655063,0.006263068191470014,12.240883056798666
453,confirmation,2025,4,12.225880174775122,12.246263478264273,0.020723491882246335,12.261806097175958
456,confirmation,2025,4,12.075400019877522,11.998921689228828,-0.021142763246864996,11.98306461679368
469,confirmation,2025,4,12.429220196836383,12.418015739102865,-0.018495000041797976,12.404144489071516
491,confirmation,2025,4,11.652696102959753,11.611156519888892,-0.007066393090207256,11.605856725071236
492,confirmation,2025,4,11.798111925972618,11.888585298645905,0.017916237751104173,11.902022476959234
493,confirmation,2025,4,12.059809113551397,12.04952667708277,0.001623146214430557,12.050744036743593
494,confirmation,2025,4,11.951186847493476,11.902646794184053,0.006151511912319655,11.907260428118292
497,confirmation,2025,4,12.971542813248437,12.677947804155961,-0.01890542243442745,12.663768737330141
500,confirmation,2025,4,11.695255355062795,11.759156091456974,0.024459272291784306,11.777500545675812
504,confirmation,2025,4,12.574185427296195,12.374679458082689,0.071516393229895,12.42831675300511
513,confirmation,2025,4,11.774527900858468,11.715249144313646,0.011195297990992384,11.72364561780689
518,confirmation,2025,4,12.487488878546145,12.561887140119682,0.04036899436723497,12.592163885895108
522,confirmation,2025,4,11.918397239722838,11.947123945288343,-0.009888255839719265,11.939707753408554
535,confirmation,2025,4,12.08954444723597,12.09929151547967,-0.014017052979733133,12.08877872574487
537,confirmation,2025,4,12.144202560946876,12.185298725413572,-0.011120185002120453,12.176958586661982
539,confirmation,2025,4,11.970356641102999,11.84825892235488,-0.009120858954597154,11.841418278138931
541,confirmation,2025,4,12.660331092405906,12.831890153035696,0.000984404136238741,12.832628456137876
543,confirmation,2025,4,12.270225154674701,12.26766566097473,-0.0346908161590208,12.241647548855465
544,confirmation,2025,4,11.798111925972618,11.792400834285305,-0.06932835673898892,11.740404566731064
546,confirmation,2025,4,12.34148164933907,12.347965223102747,-0.01929884852973795,12.333491086705443
547,confirmation,2025,4,12.25486757159303,12.044146609863603,0.0491665142458718,12.081021495548006
549,confirmation,2025,4,11.736077016252437,11.697609887537237,-0.001896724285977058,11.696187344322754
551,confirmation,2025,4,11.849404844423074,11.721199218248302,-0.05870953244011085,11.677167068918218
554,confirmation,2025,4,11.58989576532275,11.661331299444903,-0.0017324451988609488,11.660031965545757
561,confirmation,2025,4,11.707677772181546,12.001001910907648,-0.011193620863117492,11.99260669526031
562,confirmation,2025,4,12.04355959836804,12.045024820138595,-0.014355163580856204,12.034258447452952
563,confirmation,2025,4,11.58989576532275,11.67529255789515,-0.0045182074212036785,11.671903902329246
570,confirmation,2025,4,11.820123358887447,11.876204864100897,0.011195297990992384,11.884601337594141
573,confirmation,2025,4,12.32163544049751,12.252879865484793,0.02476651876895297,12.271454754561509
576,confirmation,2025,4,11.682676678340282,11.632476536382745,-0.012761188766268455,11.622905644808043
599,confirmation,2025,4,12.289958727201455,12.216901114842397,0.07599656136580078,12.273898535866747
602,confirmation,2025,4,11.856522261533737,11.769399552888324,-0.01949093937019803,11.754781348360675
612,confirmation,2025,4,11.904974309480181,11.979304818931721,0.03196328907226768,12.003277285735923
619,confirmation,2025,4,12.659737267217572,12.657676479423948,0.03965805998465525,12.68742002441244
623,confirmation,2025,4,11.813037464800539,11.743995542127054,-0.013660136728102599,11.733750439580977
624,confirmation,2025,4,12.034696963475044,12.104565407217716,0.04526423560138056,12.138513583918751
625,confirmation,2025,4,12.014615485902027,11.938374923083524,0.03380720378939472,11.96373032592557
634,confirmation,2025,4,11.845109950883979,11.838674350439614,0.024459272291784306,11.857018804658452
635,confirmation,2025,4,11.87757552297847,11.816183062529396,-0.07537236834378387,11.759653786271558
637,confirmation,2025,4,11.002116507732017,10.901811615570606,-0.17635692220529367,10.769543923916636
641,confirmation,2025,4,12.520887034998584,12.527007491884403,-0.02169487140334365,12.510736338331895
655,confirmation,2025,4,12.765691290604371,12.829545656904987,-0.011252603940195706,12.82110620394984
657,confirmation,2025,4,11.8879382384223,11.86409799437964,0.02125940093023863,11.880042545077318
669,confirmation,2025,4,12.031725210748633,11.99386991870918,0.0017318309011802597,11.995168791885066
674,confirmation,2025,4,12.458778882573533,12.393624608461728,0.04782274718995274,12.429491668854192
680,confirmation,2025,4,11.763691965388299,11.761822130415053,-0.02181746352750161,11.745459032769427
702,confirmation,2025,4,11.849404844423074,11.910723199801936,-0.024363909000965554,11.892450268051212
719,confirmation,2025,4,12.739640688812674,12.653399023091016,0.03986448606206769,12.683297387637566
725,confirmation,2025,4,12.676079399771027,12.674050682005364,-0.05112065000505971,12.635710194501568
728,confirmation,2025,4,12.178192583415596,12.19894239357374,-0.010615676696953171,12.190980636051025
729,confirmation,2025,4,11.608244735642321,11.802598437110566,-0.012256680461101177,11.79340592676474
733,confirmation,2025,4,12.312686874960354,12.376538630889463,-0.011120185002120453,12.368198492137873
742,confirmation,2025,4,11.863589378812122,11.812022391735638,-0.024685960254240177,11.793507921544958
744,confirmation,2025,4,12.07254696717504,11.941554428991425,-0.013660136728102599,11.931309326445348
748,confirmation,2025,4,12.491176396967154,12.413904696858317,-0.034856224353157314,12.387762528593449
749,confirmation,2025,4,12.469978029554953,12.426889494842172,0.042835510232220084,12.459016127516337
750,confirmation,2025,4,11.49273296168228,11.292038358529066,-0.09829722780555154,11.218315437674903
752,confirmation,2025,4,11.995357787034976,11.985459354152551,-0.006433536381434446,11.980634201866476
760,confirmation,2025,4,12.577639650232573,12.626029185494291,-0.01890542243442745,12.611850118668471
761,confirmation,2025,4,11.755879486687116,11.651089632949263,-0.01258361889609766,11.64165191877719
764,confirmation,2025,4,12.727841176689147,12.698664314061709,-0.021600785490805845,12.682463724943604
769,confirmation,2025,4,12.28690580994122,12.348811500758453,0.004776290932329689,12.3523937189577
773,confirmation,2025,4,11.580593459194764,11.839173162812497,-0.03559091272260515,11.812479978270543
775,confirmation,2025,4,12.886643575525625,12.580405877818162,0.034058539607418635,12.605949782523727
778,confirmation,2025,4,11.86710429621008,11.816748861366072,-0.009120858954597154,11.809908217150124
783,confirmation,2025,4,12.139403856983334,12.154170661948298,-0.010615676696953171,12.146208904425583
785,confirmation,2025,4,11.759793355371237,11.807333527763596,-0.06749070265815883,11.756715500769976
786,confirmation,2025,4,11.992266613576142,12.011714477561544,0.018415236160111856,12.025525904681627
789,confirmation,2025,4,11.588969419043874,11.564023365168367,-0.010122106023689353,11.5564317856506
790,confirmation,2025,4,12.141539457711714,12.208384429819743,0.06324217111653849,12.255816058157146
795,confirmation,2025,4,12.178192583415596,12.202009986850959,-0.009633407742980122,12.194784931043724
796,confirmation,2025,4,12.049424683420915,12.011923165669025,-0.014129049221487042,12.001326378752909
801,confirmation,2025,4,12.206077645517674,12.207396290187713,0.02581893850817984,12.226760494068849
807,confirmation,2025,4,11.816734299348461,11.78640002858694,0.011195297990992384,11.794796502080183
812,confirmation,2025,4,11.881041706925902,11.883028853199123,0.021542882878295373,11.899186015357845
819,confirmation,2025,4,11.951186847493476,11.899619629102661,0.05475054155202862,11.940682535266683
827,confirmation,2025,4,11.603688960617083,11.46740326434766,0.0017316911675109472,11.468702032723293
828,confirmation,2025,4,12.149507585033072,12.17867086610312,-0.016009840667196542,12.166663485602722
832,confirmation,2025,4,11.92504173829169,11.93251293608464,0.024668722490337528,11.951014477952393
841,confirmation,2025,4,11.849404844423074,11.690890587545232,-0.014056615217781641,11.680348126131895
842,confirmation,2025,4,11.967187086434018,11.926428491770979,0.006366058087139521,11.931203035336333
850,confirmation,2025,4,12.138869243416009,12.061660080784279,0.04474349194545609,12.09521769974337
854,confirmation,2025,4,11.970356641102999,12.04353000925597,-0.01258361889609766,12.034092295083898
857,confirmation,2025,4,11.898194668458823,11.896717609074365,0.017434706893028434,11.909793639244135
858,confirmation,2025,4,12.066816325306588,11.984521334740174,0.0070675031870002175,11.989821962130424
865,confirmation,2025,4,12.43153750053306,12.184106733295716,0.00046695227992007873,12.184456947505655
867,confirmation,2025,4,12.424810506025395,12.430675328928508,-0.002205187668145525,12.429021438177399
868,confirmation,2025,4,11.767575435251748,11.842222082031295,0.016871389613154517,11.854875624241162
890,confirmation,2025,4,11.915058360753719,11.920487454950555,-0.055301874820584095,11.879011048835117
892,confirmation,2025,4,12.058158312538197,12.06635931790025,-0.05840481319588587,12.022555708003337
905,confirmation,2025,4,11.74006900564972,11.707336549864356,-0.010964773671724201,11.699112969610564
906,confirmation,2025,4,11.759793355371237,11.75454565465218,-0.001730153773305367,11.753248039322202
907,confirmation,2025,4,12.449022745701502,12.462058037507758,0.00412166142699506,12.465149283578004
919,confirmation,2025,4,12.380030154325457,12.473463819914532,-0.013314477610818148,12.463477961706419
926,confirmation,2025,4,12.07254696717504,11.974097075584641,-0.02033326027953319,11.958847130374991
927,confirmation,2025,4,12.560247968016562,12.596260060690257,-0.018495000041797976,12.582388810658909
929,confirmation,2025,4,12.373707715234994,12.4000167621001,-0.046882606776075586,12.364854807018043
932,confirmation,2025,4,11.674202123168433,11.754500907472636,0.006656020217486936,11.75949292263575
937,confirmation,2025,4,12.127575825689417,12.135743665235841,-0.016009840667196542,12.123736284735443
938,confirmation,2025,4,12.441148720271016,12.355915182248918,0.009276754861054677,12.36287274839471
939,confirmation,2025,4,12.387560521575551,12.39361631148455,0.005532329568768814,12.397765558661126
945,confirmation,2025,4,11.83138646878959,12.018394950963035,-0.019365297302873428,12.00387097798588
946,confirmation,2025,4,11.735276702486741,11.8485091625325,-0.016500104998728754,11.836134083783453
948,confirmation,2025,4,12.506180941677357,12.557390116830794,-0.04038694033559168,12.5270999115791
951,confirmation,2025,4,11.767575435251748,11.843110729318497,0.03272205466490089,11.867652270317173
958,confirmation,2025,4,11.790564777297387,11.756414952862599,-0.02181746352750161,11.740051855216972
959,confirmation,2025,4,12.128116509451258,12.176767441501376,-0.007920313640574777,12.170827206270944
966,confirmation,2025,4,12.094587859196112,12.023533555958089,-0.011073458358473901,12.015228462189233
970,confirmation,2025,4,11.849404844423074,11.695723004456854,0.006916524718452136,11.700910397995692
984,confirmation,2025,4,12.45254592991672,12.422812718597001,-0.04738711508124287,12.387272382286069
987,confirmation,2025,4,11.669937760751914,11.73262950423802,-0.028223555332673143,11.711461837738515
988,confirmation,2025,4,12.887129532148373,12.967346181352864,0.03942921279326196,12.99691809094781
989,confirmation,2025,4,12.180759965737863,12.181448442599562,0.03196328907226768,12.205420909403763
991,confirmation,2025,4,12.759960632315702,12.675755237788762,-0.006208817861522989,12.67109862439262
999,confirmation,2025,4,11.418625774449598,11.484504614589405,-0.027608050903699163,11.46379857641163
1007,confirmation,2025,4,12.004574385508691,12.009099402920002,-0.1173057283021873,11.921120106693362
1014,confirmation,2025,4,11.350418300109132,11.532775565895255,-0.05921836092321519,11.488361795202843
1020,confirmation,2025,4,12.271349956195543,12.219812119103649,-0.0032559226639000136,12.217370177105725
1026,confirmation,2025,4,11.630717389475995,11.728582051669473,-0.00018582756681526373,11.728442680994362
1027,confirmation,2025,4,12.02874460037869,11.887499783761516,-0.001730153773305367,11.886202168431538
1032,confirmation,2025,4,12.190964083849375,12.214649823340332,-0.10353434390501369,12.136999065411572
1033,confirmation,2025,4,12.644330802262578,12.756147850974507,0.02225899762353648,12.77284209919216
1036,confirmation,2025,4,11.338583982516495,11.362081768293933,-0.09829722780555154,11.28835884743977
1041,confirmation,2025,4,11.951186847493476,11.991674320583995,-0.04098642502330617,11.960934501816515
1045,confirmation,2025,4,12.535379989788607,12.574187629397727,-0.0434672067950692,12.541587224301425
1051,confirmation,2025,4,12.080996832096167,12.105533429256853,0.0034126962314812706,12.108092951430464
1063,confirmation,2025,4,11.407576060361786,11.729011211851091,-0.02465743179812777,11.710518138002495
1067,confirmation,2025,4,12.08954444723597,12.068383999460362,0.03302808206069661,12.093155061005884
1068,confirmation,2025,4,12.031129798974042,12.08427913260952,-0.01308812720126494,12.074463037208572
1075,confirmation,2025,4,12.175618592671356,12.10403981842587,-0.007920313640574777,12.098099583195438
1078,confirmation,2025,4,11.840796531639839,11.77579250987632,-0.01276788030054323,11.766216599650912
1081,confirmation,2025,4,11.884495917930655,12.008676223778105,-0.009770192120827418,12.001348579687484
1092,confirmation,2025,4,11.982935344196433,11.962931841792365,0.008772246555887396,11.96951102670928
1094,confirmation,2025,4,11.891368749982085,11.979853075527418,0.04541865923780535,12.013917069955772
1098,confirmation,2025,4,12.04355959836804,11.93602904453038,0.042481863073281965,11.967890441835342
1109,confirmation,2025,4,12.10625783509458,12.033050886559579,-0.02988671479192738,12.010635850465633
1119,confirmation,2025,4,11.849404844423074,11.794918682395236,-0.014164645033269876,11.784295198620283
1120,confirmation,2025,4,11.803361242493628,11.697696464323736,0.011195297990992384,11.70609293781698
1131,confirmation,2025,4,11.813037464800539,11.99685113620689,-0.0530375497898793,11.95707297386448
1133,confirmation,2025,4,11.674202123168433,11.764691531665262,-0.10700908722109959,11.684434716249438
1143,confirmation,2025,4,12.959540872420414,12.86338787745109,0.0028146801638854095,12.865498887574004
1157,confirmation,2025,4,12.100161978566867,12.105023683834515,0.029522183303355213,12.127165321312031
1165,confirmation,2025,4,12.175618592671356,12.17954274317872,0.06494309992332248,12.228250068121213
1166,confirmation,2025,4,12.359527368950229,12.38137395237294,0.013353337462014822,12.39138895546945
1170,confirmation,2025,4,13.345508528717259,13.262390977805689,0.1689059415188827,13.38907043394485
1171,confirmation,2025,4,12.049424683420915,11.9668855936819,-0.04183719955847572,11.935507694013042
1178,confirmation,2025,4,11.652696102959753,11.616846356495254,-0.043615522961956,11.584134714273787
1189,confirmation,2025,4,12.180759965737863,12.130028530781885,-0.010615676696953171,12.12206677325917
1193,confirmation,2025,4,11.736077016252437,11.726930418871197,0.009565929448685203,11.734104865957711
1194,confirmation,2025,4,12.013706813470414,12.01148781499978,-0.052185381109085875,11.972348779167966
1200,confirmation,2025,4,11.904974309480181,11.850383020443044,0.029567994186058977,11.872559016082588
1207,confirmation,2025,4,11.580593459194764,11.631184525168667,0.029527261333211947,11.653329971168576
1215,confirmation,2025,4,11.80932691294063,11.759710086829159,0.011195297990992384,11.768106560322403
1216,confirmation,2025,4,11.736077016252437,11.593707457791995,-0.02181746352750161,11.577344360146368
1220,confirmation,2025,4,11.424105180165641,11.460140732817397,-0.007356664162313487,11.454623234695662
1223,confirmation,2025,4,11.870606902224587,11.955186316039402,-0.009888255839719265,11.947770124159613
1224,confirmation,2025,4,11.834291315386718,11.845720608031044,-0.08536948461569821,11.78169349456927
1230,confirmation,2025,4,11.751950239425476,11.846206754396588,-0.004701177943457755,11.842680870938995
1233,confirmation,2025,4,11.530775206233024,11.51195336187832,0.024397707230370973,11.530251642301097
1235,confirmation,2025,4,11.775297421715827,11.618558856380004,0.020123509317081237,11.633651488367814
1242,confirmation,2025,4,12.42250975887691,12.413857913202945,0.014519513497243165,12.424747548325877
1253,confirmation,2025,4,11.775297421715827,11.682073046342847,-0.01889444135436165,11.667902215327075
1256,confirmation,2025,4,11.755879486687116,11.737365865433814,0.034058625227952825,11.762909834354778
1260,confirmation,2025,4,11.92504173829169,11.884812661758328,0.01028254418977062,11.892524569900656
1265,confirmation,2025,4,12.10625783509458,12.029397909578742,-0.11461624065104294,11.94343572909046
1269,confirmation,2025,4,12.850557278777309,12.706440623009062,0.06455659408480763,12.754858068572668
1270,confirmation,2025,4,11.87757552297847,11.815785545406495,-0.0015013065819120795,11.81465956547006
1276,confirmation,2025,4,11.827743504053695,11.881665507749792,-0.0015013065819120795,11.880539527813358
1277,confirmation,2025,4,11.995357787034976,12.018941524476585,0.02926792601588927,12.0408924689885
1283,confirmation,2025,4,11.921725007667265,11.910757985047617,0.023079388250502725,11.928067526235495
1286,confirmation,2025,4,11.794345471549745,11.711939084367954,0.03136326217157442,11.735461530996634
1294,confirmation,2025,4,12.000897933306716,12.107111459573666,-0.01929884852973795,12.092637323176362
1300,confirmation,2025,4,11.944714374881176,11.96354395555871,0.02423042510039102,11.981716774384005
1312,confirmation,2025,4,12.220966184120165,12.20602782294278,-0.0071642750041356435,12.200654616689677
1313,confirmation,2025,4,12.618185607609803,12.532406694218635,-0.01890542243442745,12.518227627392815
1316,confirmation,2025,4,12.239995696974733,12.12807036292561,-0.023940817057042346,12.110114750132828
1319,confirmation,2025,4,12.524530013005734,12.506830014775908,-0.03149063914679273,12.483212035415812
1322,confirmation,2025,4,11.19135563385109,11.221110008378387,0.016080489641700713,11.233170375609662
1329,confirmation,2025,4,12.45293662970407,12.174286031430489,-0.052382813640239854,12.134998921200308
1330,confirmation,2025,4,12.081081821061819,12.10104187816781,0.006263068191470014,12.105739179311414
1331,confirmation,2025,4,12.33270970174018,12.360004435505006,0.00412166142699506,12.363095681575253
1332,confirmation,2025,4,11.794345471549745,11.78367092753848,0.012510777006089198,11.793054010293048
1334,confirmation,2025,4,11.74006900564972,11.779349954148664,0.03717859449828158,11.807233900022375
1351,confirmation,2025,4,12.206077645517674,12.05224994909871,-0.0041966696382904735,12.049102446869993
1353,confirmation,2025,4,11.812296455066814,11.71731292299486,0.07136703383994203,11.770838198374816
1354,confirmation,2025,4,12.923914877701906,12.894976323876126,-0.01913426962582073,12.88062562165676
1355,confirmation,2025,4,12.367345048436391,12.368666215542703,-0.011120185002120453,12.360326076791113
1357,confirmation,2025,4,11.608244735642321,11.65265072832201,-0.004701177943457755,11.649124844864417
1360,confirmation,2025,4,12.660331092405906,12.846607567787556,-0.011276925264326824,12.838149873839312
1373,confirmation,2025,4,12.521981322562505,12.403287970099527,0.015628980788107098,12.415009705690608
1381,confirmation,2025,4,10.97679912709094,11.24643378556533,-0.09290200563004107,11.176757281342798
1385,confirmation,2025,4,11.561725152903833,11.588404068173896,-0.02670677089514524,11.568373990002536
1386,confirmation,2025,4,11.74006900564972,11.641315475426769,-0.050965504010838575,11.60309134741864
1389,confirmation,2025,4,12.84132849667433,12.785623386002332,-0.023492874878620833,12.768003729843366
1399,confirmation,2025,4,11.835016210489899,11.831556361969472,-0.03606223570699949,11.804509685189222
1400,confirmation,2025,4,11.831022768939789,11.967688912923673,-0.03692277830364991,11.939996829195936
1403,confirmation,2025,4,12.174994689959313,12.14170381127865,0.005532329568768814,12.145853058455225
1406,confirmation,2025,4,12.524530013005734,12.548085058888692,0.01370013256066262,12.558360158309188
1407,confirmation,2025,4,11.798111925972618,11.798788992324706,0.023079388250502725,11.816098533512584
1408,confirmation,2025,4,11.626263078808801,11.666534494366907,-0.02974713121013906,11.644224145959303
1413,confirmation,2025,4,11.407576060361786,11.460716406633393,0.02170234417399258,11.476993164763888
1420,confirmation,2025,4,12.314931534737134,12.39828049358283,0.03455877288916082,12.4241995732497
1422,confirmation,2025,4,11.755879486687116,11.837802642514452,-0.024520455904993375,11.819412300585707
1428,confirmation,2025,4,11.849404844423074,11.863642522034594,0.006151511912319655,11.868256155968833
1439,confirmation,2025,4,11.916395250412128,11.877424451164506,-0.049411789470087474,11.84036560906194
1442,confirmation,2025,4,11.913719681428494,11.90050211847284,0.006582017037251032,11.905438631250778
1443,confirmation,2025,4,12.644330802262578,12.68605530665568,0.10219788520589831,12.762703720560104
1445,confirmation,2025,4,12.098493002763465,12.18259660554948,-0.007920313640574777,12.176656370319048
1447,confirmation,2025,4,11.969723533345908,11.862468652978706,-0.0013200364714575686,11.861478625625113
22,confirmation,2025,5,11.845109950883979,11.765178684870053,-0.037639466164474236,11.736949085246698
27,confirmation,2025,5,11.811554895830454,11.826737606463855,0.020458025442664736,11.842081125545853
28,confirmation,2025,5,12.631343648903034,12.595328050877752,0.004592286564410186,12.59877226580106
29,confirmation,2025,5,12.242891437918386,12.212168139818328,0.018069512767540284,12.225720274393982
37,confirmation,2025,5,11.884495917930655,11.921214364490503,0.0073270383745018056,11.926709643271378
41,confirmation,2025,5,11.982935344196433,11.857031259491585,-0.0821449027351171,11.795422582440247
42,confirmation,2025,5,12.04355959836804,12.048269784505711,0.05179198286915976,12.087113771657581
43,confirmation,2025,5,11.87757552297847,11.901114858498987,0.07767693013395013,11.95937255609945
45,confirmation,2025,5,11.856522261533737,11.890992635777474,0.018069512767540284,11.904544770353128
48,confirmation,2025,5,12.428019481065613,12.378733274391555,-0.01324326151871049,12.368800828252523
53,confirmation,2025,5,11.608244735642321,11.501100829080974,-0.02871335959946273,11.479565809381377
56,confirmation,2025,5,12.103491596905931,12.016545520839834,-0.013451118588132398,12.006457181898735
63,confirmation,2025,5,12.218500103788143,12.24327079583174,0.003457427323058475,12.245863866324035
78,confirmation,2025,5,11.751950239425476,11.680051570866903,0.0011095302200532266,11.680883718531943
79,confirmation,2025,5,11.824087219587643,11.796219038520174,-0.04214632140786075,11.764609297464279
80,confirmation,2025,5,11.608244735642321,11.65946835828985,-0.02556838686926472,11.640292068137901
111,confirmation,2025,5,11.827013315851762,11.887734555114362,-0.056489125063368124,11.845367711316836
112,confirmation,2025,5,12.100717685412471,12.048577948535781,-0.018786682255010873,12.034487936844522
124,confirmation,2025,5,11.944064817531656,11.99093834345069,0.00020154224203893997,11.991089500132219
128,confirmation,2025,5,11.373674891823535,11.452964876213056,-0.01766576550777047,11.439715552082228
131,confirmation,2025,5,12.328294703023396,12.257453786572416,-0.03441450769909162,12.231642905798097
137,confirmation,2025,5,11.870606902224587,11.87390756822505,-0.010835817202395952,11.865780705323253
139,confirmation,2025,5,12.345838935721968,12.431069579696024,-0.03826397546735043,12.402371598095511
161,confirmation,2025,5,11.998439434579149,11.960411673996427,0.04061344190975283,11.990871755428742
169,confirmation,2025,5,12.119975396053194,12.15629869878048,-0.019921541496362584,12.141357542658207
172,confirmation,2025,5,12.278397958261774,12.11054310765836,-0.020093880366802652,12.095472697383258
175,confirmation,2025,5,12.122696471358964,12.191805980796438,0.027157716737465552,12.212174268349537
177,confirmation,2025,5,12.259618151783465,12.272288506401818,0.011882407858754124,12.281200312295883
184,confirmation,2025,5,12.206077645517674,12.121338088752125,-0.05580080539638315,12.079487484704838
189,confirmation,2025,5,11.940399914116648,11.869236533848351,0.01604856767042654,11.881272959601171
190,confirmation,2025,5,12.563750586299374,12.471561618278095,0.033556256397018855,12.49672881057586
197,confirmation,2025,5,12.650351332641707,12.623553057889286,0.011519599732754956,12.632192757688852
199,confirmation,2025,5,11.552155793461898,11.626644000576494,-0.03757428954018796,11.598463283421353
200,confirmation,2025,5,12.524166311833152,12.634908542278305,0.010831429341316784,12.643032114284292
203,confirmation,2025,5,11.626263078808801,11.61804091438206,-0.021743010304906215,11.60173365665338
213,confirmation,2025,5,12.439875187430008,12.392799312702138,0.01889360175101327,12.406969514015397
227,confirmation,2025,5,12.577639650232573,12.513988267845534,-0.03556063186722764,12.487317793945113
228,confirmation,2025,5,11.571203807011969,11.488658879877393,0.007771684620850282,11.494487643343032
229,confirmation,2025,5,11.736077016252437,11.717267041545746,-0.023810168231981163,11.69940941537176
231,confirmation,2025,5,11.904974309480181,11.847936290821352,-0.005211520342846217,11.844027650564216
236,confirmation,2025,5,11.402005077384885,11.384101349011218,-0.07074589059038716,11.331041931068427
242,confirmation,2025,5,11.612779849672751,11.412529037534412,-0.01418780833074622,11.401888181286353
244,confirmation,2025,5,11.695255355062795,11.810933159367309,0.014680283264231715,11.821943371815482
246,confirmation,2025,5,12.394628892852941,12.294744251547979,-0.03477750233259372,12.268661124798534
250,confirmation,2025,5,12.531776395271262,12.503832629527393,0.042041391262463104,12.53536367297424
260,confirmation,2025,5,11.48247656671073,11.550710684973843,-0.0400471278914575,11.52067533905525
261,confirmation,2025,5,12.07824495582233,12.061716008949952,-0.013854737589896051,12.051324955757531
266,confirmation,2025,5,12.075400019877522,12.10046924133101,0.03887350407380714,12.129624369386367
267,confirmation,2025,5,12.128116509451258,12.093463779005281,0.024197559726120768,12.111611948799872
270,confirmation,2025,5,11.904974309480181,11.923102298628393,9.50579286314035e-05,11.923173592074868
272,confirmation,2025,5,12.394628892852941,12.289117940019,0.0630401418332092,12.336398046393908
282,confirmation,2025,5,12.128116509451258,12.135381298796002,0.030949921743047434,12.158593740103287
285,confirmation,2025,5,12.09626335986454,12.172941160506232,-0.007576078777983022,12.167259101422745
296,confirmation,2025,5,11.86710429621008,11.885595270872024,-0.008359644817185968,11.879325537259135
297,confirmation,2025,5,11.931642378754141,11.774069725570325,-0.02984821884081445,11.751683561439714
299,confirmation,2025,5,12.07254696717504,12.1025340605732,0.031095883053785182,12.125855972863539
302,confirmation,2025,5,12.495007682693725,12.515352769233864,-0.04604159648737238,12.480821571868335
307,confirmation,2025,5,12.323860125621126,12.321768010115385,-0.0255140226086868,12.30263249315887
316,confirmation,2025,5,12.146858590895919,12.134141481387593,-0.012547539478104273,12.124730826779015
324,confirmation,2025,5,11.745433036677353,11.658827870071446,0.04500130705182987,11.692578850360318
329,confirmation,2025,5,12.276069679344003,12.058994891318356,0.046015988234934746,12.093506882494557
330,confirmation,2025,5,11.264476926102367,11.27379425527992,-0.022474216822556133,11.256938592663003
332,confirmation,2025,5,11.842236406331555,11.794312026570294,0.004046542821560473,11.797346933686464
334,confirmation,2025,5,12.240478903153711,12.141524382821784,0.009437039360271134,12.148602162341987
353,confirmation,2025,5,11.461642696843066,11.424720462629239,0.017625373744189918,11.437939492937382
356,confirmation,2025,5,12.086731521684555,12.0534638742362,0.0035299649075733637,12.05611134791688
360,confirmation,2025,5,12.54254845357358,12.532407827367019,-0.014230167147277387,12.52173520200656
363,confirmation,2025,5,12.198549416880068,12.085829273480725,-0.010853374532272461,12.07768924258152
369,confirmation,2025,5,11.790564777297387,11.892892269148344,0.005181402062912184,11.896778320695528
372,confirmation,2025,5,11.808821212646512,11.691509028570227,0.008687270904268348,11.698024481748428
378,confirmation,2025,5,12.73670383776449,12.592117288685923,-0.01324326151871049,12.58218484254689
381,confirmation,2025,5,11.751950239425476,11.962077631589015,0.026455695980404877,11.981919403574318
397,confirmation,2025,5,11.719947764402807,11.740118301681699,0.0073270383745018056,11.745613580462575
406,confirmation,2025,5,11.918397239722838,11.98638017430593,-0.07635534816522449,11.929113663182012
408,confirmation,2025,5,12.083910661257521,11.952098137043755,0.052161488547421836,11.991219253454322
410,confirmation,2025,5,12.73596827534975,12.625322138641224,-0.036510185915613266,12.597939499204514
416,confirmation,2025,5,12.106997888588934,12.136351471353056,-0.0022142533306571677,12.134690781355063
417,confirmation,2025,5,11.915058360753719,11.945676028991837,0.0007534575212744983,11.946241122132793
421,confirmation,2025,5,12.237091546357338,12.151892899355023,-0.11301487878067117,12.067131740269518
428,confirmation,2025,5,11.599185726610004,11.621246563461249,0.036466908512105434,11.648596744845328
430,confirmation,2025,5,12.07254696717504,12.070239876655213,0.026754097735701907,12.09030544995699
433,confirmation,2025,5,11.715874472198905,11.728899473632982,0.01850983006645964,11.742781846182826
438,confirmation,2025,5,11.686887175419702,11.645107306715731,0.0612926116146873,11.691076765426747
445,confirmation,2025,5,12.25486757159303,12.29730505753197,-0.01318565814895601,12.287415813920253
447,confirmation,2025,5,12.154784614286667,12.299780919499735,-0.005211520342846217,12.2958722792426
452,confirmation,2025,5,12.54254845357358,12.314510590147039,0.03912650735545807,12.343855470663632
457,confirmation,2025,5,11.49273296168228,11.283716195752408,-0.031417582771539616,11.260153008673754
465,confirmation,2025,5,11.728044909070785,11.631655186706894,0.0073270383745018056,11.63715046548777
467,confirmation,2025,5,12.025755079404917,11.99971517091794,-0.06331983766902785,11.952225292666169
471,confirmation,2025,5,12.264346270624157,12.213909773577937,0.026913494618348605,12.234094894541698
475,confirmation,2025,5,12.433212202169729,12.419264826925044,0.025778635376996886,12.438598803457792
477,confirmation,2025,5,12.249615734512616,12.29018368345406,0.011307585927595325,12.298664372899756
479,confirmation,2025,5,12.601490784782536,12.620572916251138,-0.03866759446911407,12.591572220399303
481,confirmation,2025,5,12.694655727828803,12.76817936437285,0.0007568075661496185,12.768746970047463
487,confirmation,2025,5,11.957617696467539,11.911368393186356,0.019323166201313025,11.92586076783734
499,confirmation,2025,5,11.775297421715827,11.790994953937448,0.012587957948634414,11.800435922398924
503,confirmation,2025,5,11.849404844423074,11.781762194088568,-0.020586871147991154,11.766322040727575
505,confirmation,2025,5,11.898194668458823,11.863366658660167,-0.024504721966438568,11.844988117185338
509,confirmation,2025,5,11.989165855127435,11.903853286465125,-0.022163864815649918,11.887230387853387
523,confirmation,2025,5,11.976665770490767,11.92248195178497,0.06794157954240881,11.973438136441777
525,confirmation,2025,5,12.662709207270272,12.63430952819296,0.010941376041274146,12.642515560223915
526,confirmation,2025,5,12.07824495582233,12.092437539162129,0.032940075859915374,12.117142596057064
538,confirmation,2025,5,11.619544188752133,11.701659106045573,0.04609134998169502,11.736227618531844
542,confirmation,2025,5,12.421188057397055,12.477642790226222,-0.0282531370932572,12.45645293740628
552,confirmation,2025,5,11.630717389475995,11.625030593475115,-0.025164767867501076,11.606157017574489
558,confirmation,2025,5,11.58989576532275,11.572077070542328,-0.0471668275320417,11.536701949893297
565,confirmation,2025,5,12.498745990829315,12.447849277601364,0.024964345987253958,12.466572537091805
571,confirmation,2025,5,11.867805799560465,11.81360022589256,-0.0030581961823739935,11.81130657875578
574,confirmation,2025,5,12.04355959836804,12.02940476892813,-0.019921541496362584,12.014463612805857
575,confirmation,2025,5,11.842236406331555,11.703006345963745,0.019323166201313025,11.71749872061473
581,confirmation,2025,5,12.111217862017215,12.117545854419692,-0.006346379584197936,12.112786069731543
585,confirmation,2025,5,11.798111925972618,11.84094988095476,0.05392676466539789,11.881394954453809
588,confirmation,2025,5,11.827743504053695,11.813503437297884,-0.002688665431118146,11.811486938224546
589,confirmation,2025,5,11.870606902224587,12.345887460637055,0.0474955105808474,12.38150909357269
592,confirmation,2025,5,13.02132904585825,12.965290487194425,0.0956492297590685,13.037027409513726
593,confirmation,2025,5,11.835016210489899,11.894467885290032,0.025806795101973867,11.913822981616512
600,confirmation,2025,5,11.92504173829169,11.942611856366588,0.008758824426141405,11.949180974686193
601,confirmation,2025,5,12.524530013005734,12.47131703932876,0.017480397269038286,12.484427337280538
605,confirmation,2025,5,12.30592250537653,12.294712411533277,-0.01318565814895601,12.28482316792156
611,confirmation,2025,5,12.653961664405365,12.664543511276925,-0.021260510758352523,12.64859812820816
613,confirmation,2025,5,12.474193386571581,12.467493401567188,-0.03866759446911407,12.438492705715353
617,confirmation,2025,5,12.118339189722553,12.108327523621002,0.024197559726120768,12.126475693415593
618,confirmation,2025,5,11.566475710526321,11.683803405794684,0.001431241435824019,11.684876836871553
620,confirmation,2025,5,12.628070334272698,12.71250961359003,-0.01694748690447179,12.699798998411675
621,confirmation,2025,5,11.112462823634855,11.053016920371078,-0.09517635595627817,10.98163465340387
629,confirmation,2025,5,11.813037464800539,12.126779348538273,-0.016882465467825524,12.114117499437404
636,confirmation,2025,5,12.206077645517674,12.07314408724359,-0.05207786091736492,12.034085691555566
638,confirmation,2025,5,11.440365524765756,11.58589511480805,-0.08089891642749149,11.525220927487432
649,confirmation,2025,5,11.951186847493476,11.963310206678884,-0.020093880366802652,11.948239796403781
650,confirmation,2025,5,11.344518647594766,11.215159932234513,-0.057128096072157304,11.172313860180395
651,confirmation,2025,5,12.235393555399902,12.227828720220712,0.04157708695791394,12.259011535439148
654,confirmation,2025,5,11.813037464800539,11.800957147862125,-0.0020410400830585852,11.79942636779983
658,confirmation,2025,5,11.91170829631447,11.989361990191206,0.03734884702020154,12.017373625456358
663,confirmation,2025,5,11.608244735642321,11.83478570991325,-0.07748995277717707,11.776668245330367
676,confirmation,2025,5,11.908346971208951,11.880862152967989,-0.00962236194248215,11.873645381511128
677,confirmation,2025,5,11.373674891823535,11.6755820318007,-0.02486394496324757,11.656934073078263
679,confirmation,2025,5,12.827995001361906,12.762793687075016,0.06275051933396794,12.809856576575491
682,confirmation,2025,5,11.979391594635791,11.587296286553192,0.00682818472551484,11.592417425097329
685,confirmation,2025,5,12.30592250537653,12.265433562313989,0.012076235282625858,12.274490738775958
688,confirmation,2025,5,11.910365121788654,11.935231021032948,0.018917105913935556,11.9494188504684
689,confirmation,2025,5,12.879019669789754,12.316173651452035,0.07025887733966607,12.368867809456784
694,confirmation,2025,5,11.59433032142082,11.576893464133564,-0.030109511735093623,11.554311330332244
704,confirmation,2025,5,11.849404844423074,11.831148719441845,-0.013052949089394509,11.8213590076248
705,confirmation,2025,5,12.269052139516223,12.281831058206187,-0.019828419927626257,12.266959743260466
706,confirmation,2025,5,10.915106645867503,11.075633569446858,-0.09944409975417223,11.001050494631228
708,confirmation,2025,5,12.445093483000798,12.287661536680327,0.010831429341316784,12.295785108686314
709,confirmation,2025,5,12.09815887308463,12.077387901581886,-0.0022142533306571677,12.075727211583894
711,confirmation,2025,5,10.859018228147887,11.310452930064255,0.030534877859233166,11.33335408845868
718,confirmation,2025,5,11.964007453736912,11.98663617046875,0.025048384851963368,12.005422459107722
721,confirmation,2025,5,12.524530013005734,12.502774109176704,0.03980160532297671,12.532625313168936
738,confirmation,2025,5,12.3879816172226,12.34913484826913,-0.004727205431580821,12.345589444195445
747,confirmation,2025,5,12.371591321286905,12.361858274141756,-0.012547539478104273,12.352447619533178
751,confirmation,2025,5,11.477308649967686,11.437824693194136,0.008916259283261025,11.444511887656581
756,confirmation,2025,5,12.058158312538197,12.022427060431953,0.02796409288686525,12.043400130097103
757,confirmation,2025,5,12.264346270624157,12.253431184527322,-0.03866759446911407,12.224430488675488
780,confirmation,2025,5,11.813037464800539,11.899727243215958,-0.02324200484114238,11.882295739585102
782,confirmation,2025,5,12.077676615757813,12.102179594055876,0.00644689116799679,12.107014762431874
791,confirmation,2025,5,11.984184555794167,11.998098301516187,-0.0008629983763132759,11.997451052733952
798,confirmation,2025,5,11.608244735642321,11.510145656924879,-0.021144828668999242,11.49428703542313
802,confirmation,2025,5,11.60733523953139,11.70285052456834,-0.07041997559181498,11.650035542874479
815,confirmation,2025,5,11.661354090741,11.681979224376747,-0.006563901202011342,11.677056298475238
816,confirmation,2025,5,12.323415584358154,12.205246926723765,-0.019828419927626257,12.190375611778045
824,confirmation,2025,5,11.845827048676645,11.844407152495215,-0.01734960077063371,11.83139495191724
831,confirmation,2025,5,12.019749091416921,12.086823340106635,-0.013451118588132398,12.076735001165536
833,confirmation,2025,5,12.37581963951765,12.315463587942174,-0.004946059903669831,12.311754043014423
835,confirmation,2025,5,11.849047640327147,11.829357606889854,0.011824163841582427,11.838225729771041
848,confirmation,2025,5,11.80186424743109,11.796163128267636,0.022209398398458223,11.812820177066481
852,confirmation,2025,5,12.278397958261774,12.130786585488556,-0.017040737755664347,12.118006032171808
861,confirmation,2025,5,12.154521423145216,12.070873309700442,0.05151697829042945,12.109511043418264
862,confirmation,2025,5,11.78676973513378,11.827144172890891,-0.0642583377662515,11.778950419566202
863,confirmation,2025,5,11.931642378754141,11.872077384317373,-0.00644121953663131,11.8672464696649
864,confirmation,2025,5,11.794345471549745,11.850467971634307,-0.003461815184137639,11.847871610246203
870,confirmation,2025,5,12.371591321286905,12.33555175792785,-0.024379163367335088,12.31726738540235
881,confirmation,2025,5,11.964007453736912,11.991603921762986,-0.05074585455170014,11.95354453084921
895,confirmation,2025,5,11.685693195625964,11.710834512751683,0.01604856767042654,11.722870938504503
908,confirmation,2025,5,12.429220196836383,12.345739456725429,0.058870819325911955,12.389892571219862
914,confirmation,2025,5,11.884495917930655,11.854040583144693,0.06316498491355528,11.90141432182986
915,confirmation,2025,5,12.065280672855897,12.025277056458837,0.024300953815325932,12.04350277182033
918,confirmation,2025,5,11.813037464800539,11.801175471535263,0.03429125894947775,11.826893915747371
920,confirmation,2025,5,12.081081821061819,12.048260440416273,0.023376993726073887,12.06579318571083
921,confirmation,2025,5,12.211065162153215,12.224641094017677,-0.007576078777983022,12.21895903493419
922,confirmation,2025,5,11.890683588496984,11.985954261106945,-0.012809250127969195,11.976347323510968
928,confirmation,2025,5,12.07824495582233,12.09108110940347,-0.04102285125855157,12.060313970959557
934,confirmation,2025,5,12.154784614286667,12.20629110614251,-0.013589277150719656,12.19609914827947
940,confirmation,2025,5,12.406565597924235,12.328141299508166,0.08808347588742327,12.394203906423733
953,confirmation,2025,5,11.804855999911272,11.75448859812286,0.04415515068870811,11.78760496113939
954,confirmation,2025,5,12.055255569732177,11.993925006440366,-0.051469486746502764,11.955322891380488
961,confirmation,2025,5,11.665655135642039,11.65892942272883,0.024625751845091956,11.677398736612648
965,confirmation,2025,5,12.277932735946903,12.305840394751138,0.039565323246727194,12.335514387186183
969,confirmation,2025,5,10.542732775946709,11.104467370750221,-0.03185869876392397,11.080573346677278
974,confirmation,2025,5,12.111767460549332,12.29538376361521,0.019297220752776914,12.309856679179791
978,confirmation,2025,5,12.20557752297723,12.18973193511377,0.011519599732754956,12.198371634913336
990,confirmation,2025,5,12.190964083849375,12.161136003938214,0.025542569678734778,12.180292931197265
996,confirmation,2025,5,11.7085004721646,11.591344471506487,0.049112087501064355,11.628178537132285
997,confirmation,2025,5,11.824087219587643,11.781020067259815,0.03788915068100857,11.809436930270572
998,confirmation,2025,5,12.128116509451258,11.981854968483786,0.03846988507204349,12.01070738228782
1000,confirmation,2025,5,12.235636302128867,12.157535232855786,-0.019828419927626257,12.142663917910065
1003,confirmation,2025,5,12.354496960983985,12.393216812104157,-0.005465640498688529,12.38911758173014
1011,confirmation,2025,5,11.813037464800539,11.772130896915447,-0.017167406453310923,11.759255342075464
1024,confirmation,2025,5,12.160033942617156,12.163979437863343,-0.00045937937454963024,12.163634903332431
1035,confirmation,2025,5,11.693169865968983,11.713614575872333,0.07844160829330783,11.772445782092314
1037,confirmation,2025,5,12.66191713053049,12.774915220347633,0.0035893338232238364,12.777607220715051
1038,confirmation,2025,5,12.567240979056246,12.432276306665354,-0.03826397546735043,12.403578325064842
1040,confirmation,2025,5,11.289794413577894,11.348270035866957,-0.10508462361212575,11.269456568157862
1043,confirmation,2025,5,12.185875040240456,12.180874728195386,0.042838338816863115,12.213003482308034
1052,confirmation,2025,5,12.206782393599413,12.147474175645927,-0.02014284906623346,12.132367038846253
1053,confirmation,2025,5,12.013706813470414,11.995858910518994,-0.006346379584197936,11.991099125830845
1054,confirmation,2025,5,11.881041706925902,11.902403719970868,-0.034728635286391994,11.876357243506074
1060,confirmation,2025,5,12.301387370778713,12.137589787080916,0.044383867527399874,12.170877687726467
1064,confirmation,2025,5,11.612779849672751,11.774773107387102,-0.014976494949807118,11.763540736174747
1065,confirmation,2025,5,11.944714374881176,11.946185694199846,0.011420544839818782,11.954751102829709
1066,confirmation,2025,5,12.700771936142122,12.492699482188057,0.02623839665082997,12.512378279676179
1084,confirmation,2025,5,11.982935344196433,11.969804650151112,0.007676590361781876,11.975562092922448
1085,confirmation,2025,5,12.141539457711714,12.116181793271679,0.024197559726120768,12.13432996306627
1087,confirmation,2025,5,11.332613886815139,11.501989639547732,-0.07087559685476202,11.44883294190666
1089,confirmation,2025,5,11.83138646878959,11.79626893356924,-0.0640850941390711,11.748205112964936
1095,confirmation,2025,5,11.767575435251748,11.797634059938074,0.020458025442664736,11.812977579020073
1096,confirmation,2025,5,12.080696479888445,12.113671282629275,0.0035299649075733637,12.116318756309955
1102,confirmation,2025,5,11.691080018519527,11.666296971539522,-0.010835817202395952,11.658170108637725
1110,confirmation,2025,5,12.54254845357358,12.66268649552062,0.010831429341316784,12.670810067526608
1115,confirmation,2025,5,11.669937760751914,11.658436897392706,-0.0036427955617906547,11.655704800721363
1124,confirmation,2025,5,11.678448377988165,11.48087690407523,-0.009734911952708588,11.473575720110698
1125,confirmation,2025,5,12.007017865994577,12.021500199459554,-0.019921541496362584,12.006559043337282
1128,confirmation,2025,5,12.464587201678082,12.407355582162996,-0.02567835127251665,12.388096818708608
1149,confirmation,2025,5,11.669082701743504,11.603733876766976,-0.025641821992674167,11.58450251027247
1151,confirmation,2025,5,11.728044909070785,11.747688240615554,-0.021228739608154364,11.731766685909438
1156,confirmation,2025,5,12.292254928916668,12.241009233835001,0.07231110030774049,12.295242559065807
1158,confirmation,2025,5,12.345838935721968,12.280121416050093,0.009033420358507488,12.286896481318974
1167,confirmation,2025,5,12.41044511731981,12.40928155507066,-0.044906737246020664,12.375601502136144
1169,confirmation,2025,5,12.367345048436391,12.213082266286277,0.007872678948653358,12.218986775497767
1173,confirmation,2025,5,12.05467400868968,11.990944844533528,0.02669472693395751,12.010965889733997
1183,confirmation,2025,5,13.521140839642674,13.086066696427448,-0.005538551391614632,13.081912782883737
1186,confirmation,2025,5,11.560772327227417,11.744016618016532,-0.006563901202011342,11.739093692115024
1192,confirmation,2025,5,12.066816325306588,12.025985472426177,-0.01324326151871049,12.016053026287144
1198,confirmation,2025,5,11.87757552297847,11.961839837299465,0.014887108436655028,11.973005168626957
1199,confirmation,2025,5,12.08954444723597,12.041000896288466,-0.013589277150719656,12.030808938425427
1203,confirmation,2025,5,11.669937760751914,11.782090126245338,0.037534023532495873,11.81024064389471
1204,confirmation,2025,5,12.269052139516223,12.276497640324308,-0.013589277150719656,12.266305682461269
1205,confirmation,2025,5,11.941462360646149,11.9268666509562,0.031293733777921225,11.950336951289641
1209,confirmation,2025,5,11.849404844423074,11.841628180142527,0.02710078722133498,11.861953770558529
1211,confirmation,2025,5,12.149507585033072,12.202042082070072,-0.00644121953663131,12.1972111674176
1214,confirmation,2025,5,11.884495917930655,11.665665982831692,0.0043787298775005805,11.668950030239818
1219,confirmation,2025,5,11.296024885689746,11.139489659643791,0.030416749189410404,11.16230222153585
1228,confirmation,2025,5,11.898194668458823,11.8339605559475,0.0337699161318323,11.859287993046374
1231,confirmation,2025,5,12.154784614286667,12.199407242817069,-0.02494502747333288,12.180698472212068
1236,confirmation,2025,5,11.841423131921784,11.878051075787205,0.06230559483557867,11.924780271913889
1237,confirmation,2025,5,12.075400019877522,11.996295390908392,0.0027942775816008902,11.998391099094592
1241,confirmation,2025,5,12.323415584358154,12.249842648045638,-0.01318565814895601,12.23995340443392
1245,confirmation,2025,5,12.345838935721968,12.126583606883063,0.08512489551658337,12.1904272785205
1248,confirmation,2025,5,12.042971193457888,11.854075858248084,-0.03613011554577048,11.826978271588755
1254,confirmation,2025,5,12.591338447675579,12.57284825819039,0.01846914785755855,12.58670011908356
1258,confirmation,2025,5,11.511934974596555,11.362904931251041,-0.006543740219235532,11.357997126086614
1259,confirmation,2025,5,12.154784614286667,12.083086342365856,-0.012143920476340627,12.073978402008601
1263,confirmation,2025,5,11.992266613576142,11.87252004834298,0.04873182143677504,11.90906891442056
1264,confirmation,2025,5,12.103491596905931,12.001367756845701,0.038641986216676444,12.030349246508209
1274,confirmation,2025,5,12.083910661257521,12.017443229729071,0.007872678948653358,12.023347738940561
1278,confirmation,2025,5,12.19552218463499,12.171969925035125,0.023587525048087074,12.18966056882119
1280,confirmation,2025,5,11.133142723386813,11.556243295262087,-0.10236718218988594,11.479467908619673
1285,confirmation,2025,5,12.037659911047468,12.104299051260629,-0.023588743547540307,12.086607493599974
1305,confirmation,2025,5,11.775297421715827,11.904489075920521,-0.0640850941390711,11.856425255316218
1317,confirmation,2025,5,12.596403811053621,12.50379966471563,-0.03866759446911407,12.474798968863796
1318,confirmation,2025,5,12.249615734512616,12.164963915710517,0.011519599732754956,12.173603615510084
1320,confirmation,2025,5,11.6172944892629,11.6438958748476,0.012034896907263011,11.652922047528048
1321,confirmation,2025,5,11.960817678718287,11.966910602094696,-0.07748995277717707,11.908793137511813
1324,confirmation,2025,5,11.320565693461432,11.280367199624036,0.05392676466539789,11.320812273123085
1327,confirmation,2025,5,11.277215789596893,11.41069916986713,-0.024436401765062683,11.392371868543332
1336,confirmation,2025,5,12.031129798974042,11.980531527255462,0.023587525048087074,11.998222171041526
1338,confirmation,2025,5,10.868587496017359,11.030309634539096,-0.04880278295009019,10.993707547326528
1342,confirmation,2025,5,11.951186847493476,11.936468983227698,0.00020154224203893997,11.936620139909227
1350,confirmation,2025,5,11.711784520403112,11.754336457057072,-0.050298115553193384,11.716612870392177
1352,confirmation,2025,5,12.049424683420915,11.988479351068136,0.001431241435824019,11.989552782145005
1363,confirmation,2025,5,11.560772327227417,11.8305576221904,-0.019267240047884972,11.816107192154485
1364,confirmation,2025,5,11.963574241653713,12.038236076574014,0.01095386220158074,12.0464514732252
1365,confirmation,2025,5,11.878630514504515,11.89743994088794,-0.0008548224136220028,11.896798824077724
1367,confirmation,2025,5,12.170450649220749,12.228673933954349,-0.03674169541235007,12.201117662395086
1371,confirmation,2025,5,11.561725152903833,11.602717780867836,-0.00012122131958492571,11.602626864878147
1375,confirmation,2025,5,12.429220196836383,12.455380376561855,0.02669472693395751,12.475401421762324
1382,confirmation,2025,5,12.377927112974284,12.221686923804624,0.016707864815576574,12.234217822416307
1384,confirmation,2025,5,11.626263078808801,11.931242789216137,0.005213955930376105,11.93515325616392
1391,confirmation,2025,5,12.367345048436391,12.336329858757384,-0.006940309222998155,12.331124626840136
1392,confirmation,2025,5,11.728044909070785,11.717707517809258,-0.003461815184137639,11.715111156421154
1405,confirmation,2025,5,11.561725152903833,11.549154019513887,-0.11170380143028352,11.465376168441175
1412,confirmation,2025,5,11.849404844423074,11.897571876972162,0.02297337472431024,11.914801908015395
1416,confirmation,2025,5,12.077676615757813,12.308280845216398,-0.0008629983763132759,12.307633596434163
1418,confirmation,2025,5,12.73670383776449,12.738610535915852,-0.02087913507499889,12.722951184609602
1430,confirmation,2025,5,12.116700301832573,12.175604409178087,0.04637250643353774,12.21038378900324
1432,confirmation,2025,5,11.87583791515714,11.796686231698652,-0.00962236194248215,11.789469460241792
1436,confirmation,2025,5,12.066816325306588,12.054629256466777,-0.06151982643544083,12.008489386640196
1440,confirmation,2025,5,12.190964083849375,12.077053259499142,-0.033918112254617105,12.051614675308178
1448,confirmation,2025,5,12.388398368982115,12.47604567224172,-0.04604159648737238,12.44151447487619
1452,confirmation,2025,5,12.567554517655415,12.427583961692731,-0.03691380491737692,12.399898608004698
1460,confirmation,2025,5,11.901590234400047,11.921717742791015,-0.028085873507721754,11.900653337660223
2,confirmation,2029,1,12.109016442313738,12.068940104926428,0.07729466424437964,12.126911103109713
8,confirmation,2029,1,12.206077645517674,12.276966861468948,-0.018454737123942466,12.263125808625992
10,confirmation,2029,1,11.678448377988165,11.70145888351071,0.01861256441776652,11.715418306824036
15,confirmation,2029,1,11.964007453736912,11.954934202024141,-0.019938423638366766,11.939980384295366
20,confirmation,2029,1,11.842236406331555,11.667270933574905,-0.009110703900091114,11.660437905649836
21,confirmation,2029,1,12.692506186542177,12.741777133628315,0.06045044496461644,12.787114967351776
29,confirmation,2029,1,12.242891437918386,12.212168139818328,0.009037167632383696,12.218946015542615
33,confirmation,2029,1,12.100161978566867,12.15732528360663,-0.03469616532744525,12.131303159611045
34,confirmation,2029,1,12.016732516077072,12.071369857605575,-0.003928773131926614,12.06842327775663
45,confirmation,2029,1,11.856522261533737,11.890992635777474,0.009037167632383696,11.897770511501761
47,confirmation,2029,1,12.387089184491993,12.585421665426077,-0.08840655651861354,12.519116748037117
49,confirmation,2029,1,11.635151947212842,11.485517875702554,-0.01666502794143527,11.473019104746477
51,confirmation,2029,1,12.083910661257521,12.094716874428912,0.014242756520569187,12.105398941819338
52,confirmation,2029,1,11.648338835562747,11.691928820068137,0.038855443522855644,11.721070402710279
54,confirmation,2029,1,12.861001210669146,12.776856683162501,-0.012251944394964586,12.767667724866278
57,confirmation,2029,1,12.058158312538197,12.207171017390907,-0.07651122958362595,12.149787595203188
59,confirmation,2029,1,12.991755706536901,12.910002352048757,-0.07774590575673622,12.851692922731205
66,confirmation,2029,1,12.666660207428574,12.654590977036412,-0.007241802205375501,12.64915962538238
75,confirmation,2029,1,11.58432477200052,11.611354715760854,-0.019969910678613357,11.596377282751893
85,confirmation,2029,1,12.034696963475044,12.041042691282602,-0.021871591444054473,12.024638997699562
92,confirmation,2029,1,11.498836682527127,11.69543335110005,-0.05493519801994844,11.65423195258509
99,confirmation,2029,1,11.326607934898927,11.371466605237305,-0.03750586865726955,11.343337203744353
104,confirmation,2029,1,12.200562492481511,12.136123974959862,-0.008620667048611995,12.129658474673402
106,confirmation,2029,1,12.429220196836383,12.42385899372476,-0.0073746151111395335,12.418328032391406
110,confirmation,2029,1,12.154784614286667,12.243591213341523,0.01551688085216418,12.255228873980645
113,confirmation,2029,1,12.85832230788469,12.764193159206108,-0.029731933002584754,12.74189420945417
121,confirmation,2029,1,12.100717685412471,11.989449009472636,0.026108815225254333,12.009030620891577
126,confirmation,2029,1,11.344518647594766,11.330985947813947,-0.0050647487206301476,11.327187386273474
135,confirmation,2029,1,12.100717685412471,12.054522149492895,-0.008444636353718822,12.048188672227607
136,confirmation,2029,1,12.066816325306588,12.066890232634991,-0.013263726989447833,12.056942437392905
137,confirmation,2029,1,11.870606902224587,11.87390756822505,-0.0011582154871280933,11.873038906609704
141,confirmation,2029,1,11.652696102959753,11.555243041590696,0.05682188276713473,11.597859453666047
148,confirmation,2029,1,12.312686874960354,12.31870311656057,-0.018761674526388057,12.30463186066578
153,confirmation,2029,1,12.154784614286667,12.138955691083137,0.01652305181641969,12.151347979945452
160,confirmation,2029,1,12.676079399771027,12.628780562619855,-0.025590126530221906,12.60958796772219
164,confirmation,2029,1,11.544433821905134,11.38429192108901,-0.009001826271635559,11.377540551385284
167,confirmation,2029,1,12.154784614286667,12.248026808685427,0.059763622098421156,12.292849525259243
168,confirmation,2029,1,12.693501691489768,12.812688638248689,0.060953088199419546,12.858403454398253
175,confirmation,2029,1,12.122696471358964,12.191805980796438,0.01599244248408234,12.2038003126595
177,confirmation,2029,1,12.259618151783465,12.272288506401818,0.026611458460057438,12.292247100246861
181,confirmation,2029,1,12.083910661257521,12.0544970299575,0.05353399640446104,12.094647527260845
186,confirmation,2029,1,13.07107218827772,12.613573685718661,0.03542358540973038,12.64014137477596
187,confirmation,2029,1,12.06105265381003,12.079098965420474,-0.022456331098670766,12.06225671709647
193,confirmation,2029,1,12.165255859329688,12.198811530308024,-0.011730583966278421,12.190013592333315
202,confirmation,2029,1,12.052344376474922,12.017442659119338,-0.021434334273289835,12.00136690841437
206,confirmation,2029,1,12.103491596905931,12.102573605084155,-0.021871591444054473,12.086169911501115
214,confirmation,2029,1,11.957617696467539,11.952763367120792,-9.551025404104258e-05,11.95269173443026
220,confirmation,2029,1,12.027191164883384,12.042170199097846,0.0064664950056406755,12.047020070352076
222,confirmation,2029,1,12.206077645517674,12.317721147881102,0.01834013236411622,12.331476247154189
229,confirmation,2029,1,11.736077016252437,11.717267041545746,-0.02141057711802913,11.701209108707225
246,confirmation,2029,1,12.394628892852941,12.294744251547979,-0.023774932150595503,12.276913052435033
250,confirmation,2029,1,12.531776395271262,12.503832629527393,0.05465950262332712,12.544827256494889
252,confirmation,2029,1,12.367345048436391,12.406626349414095,-0.017806361457783134,12.393271578320757
258,confirmation,2029,1,12.301387370778713,12.364645493243994,-0.06337000917947541,12.317117986359388
259,confirmation,2029,1,12.352339472153524,12.279509086290142,-0.006539573831783787,12.274604405916305
262,confirmation,2029,1,12.52815976788113,12.773137123310553,0.024430182895574044,12.791459760482233
263,confirmation,2029,1,11.92504173829169,11.885642987920477,-0.015426268278548289,11.874073286711566
266,confirmation,2029,1,12.075400019877522,12.10046924133101,0.027034256977567377,12.120744934064186
276,confirmation,2029,1,12.230770136157428,12.056085964764431,0.012745182834683504,12.065644851890443
286,confirmation,2029,1,12.011886987792716,12.007661388023706,0.01614212686781396,12.019767983174567
320,confirmation,2029,1,12.141539457711714,12.17349895509311,-0.02915276347825736,12.151634382484417
321,confirmation,2029,1,12.74444728628135,12.67288345635492,0.029725548205461732,12.695177617509017
324,confirmation,2029,1,11.745433036677353,11.658827870071446,0.017898248009003203,11.6722515560782
331,confirmation,2029,1,11.686887175419702,11.844591439814382,-0.032904041961759015,11.819913408343062
341,confirmation,2029,1,12.220473454337986,12.259298014005907,-0.011859135491842851,12.250403662387026
346,confirmation,2029,1,11.850832386224807,11.820967796755271,0.02815741716854075,11.842085859631677
349,confirmation,2029,1,11.944714374881176,12.151901749507347,0.01777597409306909,12.16523373007715
351,confirmation,2029,1,12.670001611311875,12.621568171549605,0.03022819144026483,12.644239315129804
354,confirmation,2029,1,11.570259974415547,11.470024806264979,-0.014385584448338283,11.459235617928725
364,confirmation,2029,1,11.678448377988165,11.543634985034007,0.028909566150488227,11.565317159646874
365,confirmation,2029,1,12.154784614286667,12.121124694485195,0.01652305181641969,12.13351698334751
376,confirmation,2029,1,11.0186455364637,11.288445298013727,-0.05353583078513661,11.248293424924874
377,confirmation,2029,1,11.904974309480181,11.834095360212526,-9.551025404104258e-05,11.834023727521995
378,confirmation,2029,1,12.73670383776449,12.592117288685923,-0.006685150683169221,12.587103425673547
388,confirmation,2029,1,11.736077016252437,11.770328687017525,-0.05168283705855641,11.731566559223607
393,confirmation,2029,1,11.575909653758895,11.601314959824215,0.026889828676141588,11.621482331331322
394,confirmation,2029,1,11.51293546492023,11.432840618779581,0.032058263887518375,11.45688431669522
396,confirmation,2029,1,11.767575435251748,11.761346574274059,-0.016801806984772683,11.748745219035479
412,confirmation,2029,1,11.884495917930655,11.838771516726363,0.04185817197658236,11.8701651457088
418,confirmation,2029,1,12.384223015005313,12.216108982456737,0.039419898446174335,12.245673906291367
424,confirmation,2029,1,12.660331092405906,12.725539447496347,-0.012898716993704762,12.715865409751068
428,confirmation,2029,1,11.599185726610004,11.621246563461249,0.04225162197415524,11.652935279941865
432,confirmation,2029,1,11.288543647320601,11.54574410052681,0.0277465216200103,11.566553991741818
433,confirmation,2029,1,11.715874472198905,11.728899473632982,0.025644708443510997,11.748133004965615
434,confirmation,2029,1,12.10625783509458,12.083700757281168,0.0028552657382839844,12.08584220658488
436,confirmation,2029,1,12.264346270624157,12.256726752131861,0.03547926167071958,12.283336198384902
437,confirmation,2029,1,11.661354090741,11.542773720433816,-0.012117670038342868,11.533685467905059
441,confirmation,2029,1,13.22672519452875,13.091341023095042,0.06104747079395236,13.137126626190506
452,confirmation,2029,1,12.54254845357358,12.314510590147039,0.02367765497647369,12.332268831379395
455,confirmation,2029,1,12.144202560946876,11.902173561055289,-0.042043899934666125,11.870640636104289
465,confirmation,2029,1,11.728044909070785,11.631655186706894,-0.005473341581702889,11.627550180520617
490,confirmation,2029,1,11.362114203075018,11.511482747939056,0.01685172092260575,11.52412153863101
493,confirmation,2029,1,12.059809113551397,12.04952667708277,0.007699716991819014,12.055301464826634
497,confirmation,2029,1,12.971542813248437,12.677947804155961,-0.012209252565734467,12.66879086473166
502,confirmation,2029,1,12.331387247601905,12.286139660833292,0.031933652184059344,12.310089899971336
509,confirmation,2029,1,11.989165855127435,11.903853286465125,-0.0008215001951246302,11.903237161318781
520,confirmation,2029,1,12.36308066783498,12.424413472420836,0.07966245755777453,12.484160315589167
524,confirmation,2029,1,12.126764251515691,13.338535273044494,-0.15641898251990705,13.221221036154564
534,confirmation,2029,1,10.579005242826247,10.979683998060189,-0.05425797172941276,10.938990519263129
538,confirmation,2029,1,11.619544188752133,11.701659106045573,0.06371203835119824,11.749443134808972
541,confirmation,2029,1,12.660331092405906,12.831890153035696,-0.03194426242301739,12.807931956218432
542,confirmation,2029,1,12.421188057397055,12.477642790226222,-0.012209252565734467,12.46848585080192
543,confirmation,2029,1,12.270225154674701,12.26766566097473,-0.02915276347825736,12.245801088366036
549,confirmation,2029,1,11.736077016252437,11.697609887537237,-0.0024115500356438747,11.695801225010504
555,confirmation,2029,1,12.556733038263905,12.50168782607001,0.01777597409306909,12.515019806639812
556,confirmation,2029,1,11.635151947212842,11.636891970234986,0.018799385610933732,11.650991509443186
570,confirmation,2029,1,11.820123358887447,11.876204864100897,-0.0016608587219311944,11.874959220059448
571,confirmation,2029,1,11.867805799560465,11.81360022589256,-0.0018476799150984068,11.812214465956236
575,confirmation,2029,1,11.842236406331555,11.703006345963745,0.026889828676141588,11.723173717470852
579,confirmation,2029,1,11.891368749982085,11.993928223977736,-0.00417867873887653,11.990794214923579
588,confirmation,2029,1,11.827743504053695,11.813503437297884,-0.013822467681380665,11.803136586536848
589,confirmation,2029,1,11.870606902224587,12.345887460637055,0.05311847532632148,12.385726317131796
593,confirmation,2029,1,11.835016210489899,11.894467885290032,0.038688899988297325,11.923484560281254
596,confirmation,2029,1,12.672949516558306,12.67454470984899,0.11226463330777317,12.75874318482982
599,confirmation,2029,1,12.289958727201455,12.216901114842397,0.06938955213511278,12.268943278943732
607,confirmation,2029,1,11.931642378754141,11.986818784014151,-0.005473341581702889,11.982713777827874
610,confirmation,2029,1,11.682676678340282,11.655591680264507,0.03406312684588827,11.681139025398924
611,confirmation,2029,1,12.653961664405365,12.664543511276925,-0.027602679230504718,12.643841501854046
612,confirmation,2029,1,11.904974309480181,11.979304818931721,0.02772372140553769,12.000097609985875
621,confirmation,2029,1,11.112462823634855,11.053016920371078,-0.06746825950879537,11.002415725739482
622,confirmation,2029,1,12.388398368982115,12.353083250427332,0.044384274786522175,12.386371456517224
624,confirmation,2029,1,12.034696963475044,12.104565407217716,0.05353399640446104,12.144715904521062
629,confirmation,2029,1,11.813037464800539,12.126779348538273,0.0003684403106105809,12.127055678771232
631,confirmation,2029,1,11.728044909070785,11.586185584778997,-0.014094222570967412,11.575614917850771
632,confirmation,2029,1,12.252483791602627,12.344805716149853,-0.007241802205375501,12.339374364495821
636,confirmation,2029,1,12.206077645517674,12.07314408724359,-0.04656585207664594,12.038219698186104
650,confirmation,2029,1,11.344518647594766,11.215159932234513,-0.012868048792550432,11.2055088956401
662,confirmation,2029,1,12.904209855160254,12.834907076858983,0.009958317035070285,12.842375814635286
665,confirmation,2029,1,12.955129822091815,12.736613440446723,-0.013473237946941937,12.726508511986516
672,confirmation,2029,1,11.548302261270587,11.582648390107957,-0.003108921029799213,11.580316699335608
681,confirmation,2029,1,11.870606902224587,11.688361093476187,0.004087113601773384,11.691426428677516
691,confirmation,2029,1,11.856522261533737,11.901382488053077,0.007907294027708008,11.907312958573858
692,confirmation,2029,1,13.534474352733596,13.189564376950994,0.09294614522488975,13.259273985869662
693,confirmation,2029,1,12.721888795877375,12.635430725046463,0.023232500024930904,12.652855100065162
695,confirmation,2029,1,11.860062063178267,11.72312806549547,0.013421554283271887,11.733194231207923
704,confirmation,2029,1,11.849404844423074,11.831148719441845,0.01611751921750843,11.843236858854977
707,confirmation,2029,1,12.618185607609803,12.47057075549839,0.024180298211276787,12.488705979156848
708,confirmation,2029,1,12.445093483000798,12.287661536680327,-0.013122276767840446,12.277819829104446
710,confirmation,2029,1,11.60733523953139,11.562189228191059,6.170392625988799e-07,11.562189690970506
717,confirmation,2029,1,11.979805470779858,12.146659141710803,-0.0024919717684685093,12.144790162884451
719,confirmation,2029,1,12.739640688812674,12.653399023091016,0.03219463995913576,12.677545003060368
724,confirmation,2029,1,11.813037464800539,11.801692011624246,0.015063659380451667,11.812989756159585
730,confirmation,2029,1,11.542493975902508,11.410156687393224,-0.11849917344515394,11.321282307309358
737,confirmation,2029,1,11.44572741040675,11.36596428853635,-0.03681365651771692,11.338354046148062
741,confirmation,2029,1,11.790564777297387,11.676996839487467,0.003758438472790491,11.67981566834206
743,confirmation,2029,1,12.095146671399466,12.019779818966287,-0.009691164635483654,12.012511445489674
747,confirmation,2029,1,12.371591321286905,12.361858274141756,-0.021871591444054473,12.345454580558716
756,confirmation,2029,1,12.058158312538197,12.022427060431953,0.0476535218419961,12.05816720181345
764,confirmation,2029,1,12.727841176689147,12.698664314061709,-0.01808972712819941,12.68509701871556
771,confirmation,2029,1,11.812296455066814,11.808971597739225,-0.024520494035695558,11.790581227212453
794,confirmation,2029,1,12.323860125621126,12.386127924080824,-0.012970594712138832,12.37639997804672
797,confirmation,2029,1,11.874097282798648,11.83202892663783,-0.04297166920701489,11.79980017473257
799,confirmation,2029,1,13.091906231773164,13.160354821857302,0.024347716877799883,13.178615609515653
801,confirmation,2029,1,12.206077645517674,12.207396290187713,0.02592199403208712,12.226837785711778
804,confirmation,2029,1,13.275829251377,12.966138459179659,0.024347716877799883,12.98439924683801
815,confirmation,2029,1,11.661354090741,11.681979224376747,0.0028161252341775385,11.68409131830238
818,confirmation,2029,1,12.509877789891931,12.580236733675731,-0.05052904015051826,12.542339953562843
819,confirmation,2029,1,11.951186847493476,11.899619629102661,0.051888944978528605,11.938536337836558
822,confirmation,2029,1,11.440365524765756,11.385580015573362,-0.05732615366304632,11.342585400326078
827,confirmation,2029,1,11.603688960617083,11.46740326434766,0.01861256441776652,11.481362687660985
829,confirmation,2029,1,12.128116509451258,12.092009446411643,0.010351346727026346,12.099772956456912
830,confirmation,2029,1,11.900912042974875,11.945841101488975,0.03212047337722656,11.969931456521895
838,confirmation,2029,1,11.51293546492023,11.461465397264233,-0.01219769434695317,11.452317126504017
840,confirmation,2029,1,11.779136168550774,11.804875420528814,-0.014720713767944475,11.793834885202855
853,confirmation,2029,1,12.00762780434872,12.015043649116665,0.036884725486989255,12.042707193231907
856,confirmation,2029,1,11.751950239425476,11.848438588863006,0.024887693513906888,11.867104358998436
862,confirmation,2029,1,11.78676973513378,11.827144172890891,-0.05315640359266005,11.787276870196397
868,confirmation,2029,1,11.767575435251748,11.842222082031295,0.03406312684588827,11.867769427165712
870,confirmation,2029,1,12.371591321286905,12.33555175792785,-0.012461722280282174,12.326205466217639
874,confirmation,2029,1,11.798111925972618,11.775357357757658,0.02100935411367665,11.791114373342916
875,confirmation,2029,1,11.104972264124868,11.462052073028497,-0.01947205389862926,11.447448032604525
877,confirmation,2029,1,11.792456911128632,11.809425341735542,0.03339474162271113,11.834471397952575
881,confirmation,2029,1,11.964007453736912,11.991603921762986,-0.024729275694289052,11.973056964992269
885,confirmation,2029,1,11.51293546492023,11.705760750106343,-0.00703869004959304,11.700481732569148
886,confirmation,2029,1,12.70351207261035,12.464772200310788,-0.02257735572343778,12.44783918351821
889,confirmation,2029,1,12.498745990829315,12.617404216815055,-0.02417026690499111,12.599276516636312
891,confirmation,2029,1,11.719134432217524,11.694064192947417,0.026889828676141588,11.714231564454524
892,confirmation,2029,1,12.058158312538197,12.06635931790025,-0.04885214376947985,12.02972021007314
905,confirmation,2029,1,11.74006900564972,11.707336549864356,-0.00794199311891572,11.70138005502517
908,confirmation,2029,1,12.429220196836383,12.345739456725429,0.06443012641545585,12.394062051537022
918,confirmation,2029,1,11.813037464800539,11.801175471535263,0.009872649245957033,11.80857995846973
925,confirmation,2029,1,12.242891437918386,12.223094433473978,0.027221078170734585,12.24351024210203
927,confirmation,2029,1,12.560247968016562,12.596260060690257,-0.007241802205375501,12.590828709036225
931,confirmation,2029,1,12.211065162153215,12.316122153452584,-0.01496905240950928,12.304895364145452
933,confirmation,2029,1,12.676079399771027,12.594140067936658,-0.030469835236887014,12.571287691508994
937,confirmation,2029,1,12.127575825689417,12.135743665235841,-0.0155716391979486,12.12406493583738
945,confirmation,2029,1,11.83138646878959,12.018394950963035,-0.030461381064726675,11.99554891516449
954,confirmation,2029,1,12.055255569732177,11.993925006440366,-0.03935519711826962,11.964408608601664
958,confirmation,2029,1,11.790564777297387,11.756414952862599,-0.01864001947323061,11.742434938257675
964,confirmation,2029,1,12.384223015005313,12.476033357393046,-0.027602679230504718,12.455331347970167
965,confirmation,2029,1,12.277932735946903,12.305840394751138,0.020964585614935482,12.32156383396234
971,confirmation,2029,1,11.813037464800539,11.287890977906656,-0.029079475592170653,11.266081371212529
973,confirmation,2029,1,11.507922973347437,11.739584112488838,0.004087113601773384,11.742649447690168
977,confirmation,2029,1,11.356283350762888,11.285463162715558,0.09883707793911892,11.359590971169897
978,confirmation,2029,1,12.20557752297723,12.18973193511377,0.01614212686781396,12.20183853026463
984,confirmation,2029,1,12.45254592991672,12.422812718597001,-0.03469616532744525,12.396790594601416
994,confirmation,2029,1,12.066241450757124,12.044915552654034,-0.0017587725783304673,12.043596473220287
1002,confirmation,2029,1,11.362114203075018,11.356840891875633,-0.013591579336164315,11.34664720737351
1003,confirmation,2029,1,12.354496960983985,12.393216812104157,-0.0073746151111395335,12.387685850770803
1005,confirmation,2029,1,12.10625783509458,12.143966291796128,-0.025311709694690657,12.12498250952511
1010,confirmation,2029,1,11.532737896139919,11.604599545452418,0.019869507045012617,11.619501675736178
1012,confirmation,2029,1,11.51293546492023,11.532224847574048,-0.027499833339087572,11.511599972569732
1018,confirmation,2029,1,12.141539457711714,12.131047778722529,0.04872443411899154,12.167591104311773
1021,confirmation,2029,1,12.07824495582233,12.041696596284405,0.004365633026136777,12.044970821054008
1023,confirmation,2029,1,11.373674891823535,11.578861522031202,-0.029770129770943253,11.556533924702995
1033,confirmation,2029,1,12.644330802262578,12.756147850974507,0.015810440453698543,12.768005681314781
1034,confirmation,2029,1,12.345838935721968,12.390446472568822,-0.006352752638616579,12.38568190808986
1037,confirmation,2029,1,12.66191713053049,12.774915220347633,-0.03194426242301739,12.75095702353037
1054,confirmation,2029,1,11.881041706925902,11.902403719970868,-0.016801806984772683,11.889802364732288
1057,confirmation,2029,1,12.13270055639427,12.297869977317132,0.017962795286236306,12.311342073781809
1059,confirmation,2029,1,12.721888795877375,12.809831873924319,-0.04869949827749135,12.7733072502162
1065,confirmation,2029,1,11.944714374881176,11.946185694199846,0.00365933630472185,11.948930196428387
1066,confirmation,2029,1,12.700771936142122,12.492699482188057,0.021409740566478267,12.508756787612915
1068,confirmation,2029,1,12.031129798974042,12.08427913260952,-0.009240397284051873,12.07734883464648
1075,confirmation,2029,1,12.175618592671356,12.10403981842587,-0.005850109403813474,12.099652236373009
1076,confirmation,2029,1,12.299112067295642,12.14398610767972,0.0676969569476441,12.194758825390453
1077,confirmation,2029,1,12.04355959836804,11.945613702585653,0.016025497626189662,11.957632825805296
1082,confirmation,2029,1,11.798111925972618,11.784592720322676,-0.02141057711802913,11.768534787484155
1100,confirmation,2029,1,11.964007453736912,11.928467729818568,-0.0836979936574899,11.86569423457545
1106,confirmation,2029,1,12.691583538230217,12.734663877341722,-0.014979810210532976,12.723429019683822
1108,confirmation,2029,1,12.52352951631214,12.327872033090962,-0.025590126530221906,12.308679438193296
1112,confirmation,2029,1,12.230770136157428,12.13739827597333,-0.013263726989447833,12.127450480731245
1119,confirmation,2029,1,11.849404844423074,11.794918682395236,-0.008631457546886033,11.788445089235072
1120,confirmation,2029,1,11.803361242493628,11.697696464323736,-0.0016608587219311944,11.696450820282287
1128,confirmation,2029,1,12.464587201678082,12.407355582162996,-0.012917109074622131,12.39766775035703
1135,confirmation,2029,1,12.037659911047468,12.10018812322228,0.003544730166254297,12.10284667084697
1139,confirmation,2029,1,12.185875040240456,12.241049451862184,-0.03732337076209937,12.213056923790608
1143,confirmation,2029,1,12.959540872420414,12.86338787745109,0.024430182895574044,12.881710514622771
1148,confirmation,2029,1,12.069685751267224,12.15054983958545,0.05905229508779399,12.194839060901295
1150,confirmation,2029,1,11.870606902224587,11.823935694474308,-0.0060125103296192655,11.819426311727094
1151,confirmation,2029,1,11.728044909070785,11.747688240615554,-0.019248959210396453,11.733251521207757
1161,confirmation,2029,1,11.891368749982085,11.860899381467569,-0.03636694194848606,11.833624175006204
1177,confirmation,2029,1,11.691080018519527,11.791265470703442,-0.007609370643638697,11.785558442720713
1185,confirmation,2029,1,12.137263685701864,12.233544924894018,0.005168324605842093,12.2374211683484
1187,confirmation,2029,1,11.461642696843066,11.745530179854745,-0.07630241081064895,11.688303371746759
1190,confirmation,2029,1,12.149507585033072,12.171649245792416,-0.018761674526388057,12.157577989897625
1203,confirmation,2029,1,11.669937760751914,11.782090126245338,0.04902179856089302,11.818856475166008
1204,confirmation,2029,1,12.269052139516223,12.276497640324308,-0.011730583966278421,12.2676997023496
1212,confirmation,2029,1,12.00762780434872,12.235883341260756,0.016629827651686992,12.24835571199952
1220,confirmation,2029,1,11.424105180165641,11.460140732817397,-0.03699060010135483,11.432397782741381
1223,confirmation,2029,1,11.870606902224587,11.955186316039402,-0.00855093285608156,11.94877311639734
1227,confirmation,2029,1,12.273735966890268,12.286954041551024,0.05284453197649073,12.326587440533391
1231,confirmation,2029,1,12.154784614286667,12.199407242817069,-0.01864001947323061,12.185427228212145
1234,confirmation,2029,1,11.863589378812122,11.820127056457265,-0.016698813336739577,11.80760294645471
1236,confirmation,2029,1,11.841423131921784,11.878051075787205,0.058691525780797886,11.922069720122803
1238,confirmation,2029,1,12.180759965737863,12.268182446383074,-0.006352752638616579,12.263417881904111
1251,confirmation,2029,1,12.404927602627597,12.409408607449324,-0.037686493841591916,12.381143737068129
1253,confirmation,2029,1,11.775297421715827,11.682073046342847,-0.0021023544238184407,11.680496280524983
1263,confirmation,2029,1,11.992266613576142,11.87252004834298,0.07217655130389275,11.926652461820899
1268,confirmation,2029,1,12.843973993864076,12.783566699171624,-0.028834345505350967,12.76194094004261
1271,confirmation,2029,1,12.468440756144114,12.349404524191955,0.03210776692079316,12.37348534938255
1276,confirmation,2029,1,11.827743504053695,11.881665507749792,-0.0011582154871280933,11.880796846134446
1280,confirmation,2029,1,11.133142723386813,11.556243295262087,-0.0795053053441758,11.496614316253956
1286,confirmation,2029,1,11.794345471549745,11.711939084367954,0.03347761219519379,11.73704729351435
1290,confirmation,2029,1,12.546113507028412,12.531468806782328,0.06045044496461644,12.57680664050579
1291,confirmation,2029,1,12.103491596905931,11.985188940308973,0.024119271031343075,12.00327839358248
1295,confirmation,2029,1,11.652696102959753,11.72412429197561,0.0028161252341775385,11.726236385901244
1298,confirmation,2029,1,11.849404844423074,11.953525005971708,-0.05999272300882291,11.90853046371509
1300,confirmation,2029,1,11.944714374881176,11.96354395555871,0.024119271031343075,11.981633408832218
1301,confirmation,2029,1,12.323860125621126,12.322568075258372,-0.021871591444054473,12.306164381675332
1304,confirmation,2029,1,12.354496960983985,12.299852084285092,0.03212047337722656,12.323942439318012
1315,confirmation,2029,1,11.686887175419702,11.674941556238666,0.01575312380842198,11.686756399094982
1320,confirmation,2029,1,11.6172944892629,11.6438958748476,0.005055097454107086,11.647687197938179
1322,confirmation,2029,1,11.19135563385109,11.221110008378387,0.010550757975181648,11.229023076859773
1324,confirmation,2029,1,11.320565693461432,11.280367199624036,0.09345924661145706,11.35046163458263
1333,confirmation,2029,1,11.51293546492023,11.640031312080078,0.009872649245957033,11.647435799014545
1334,confirmation,2029,1,11.74006900564972,11.779349954148664,0.028272998083641223,11.800554702711395
1337,confirmation,2029,1,11.813037464800539,11.850354967167073,-0.00063577539832295,11.849878135618331
1338,confirmation,2029,1,10.868587496017359,11.030309634539096,-0.05194832233538446,10.991348392787557
1342,confirmation,2029,1,11.951186847493476,11.936468983227698,0.006168206818601591,11.94109513834165
1344,confirmation,2029,1,12.083910661257521,12.018032435547655,0.03353942388370939,12.043187003460437
1351,confirmation,2029,1,12.206077645517674,12.05224994909871,-0.00703869004959304,12.046970931561516
1359,confirmation,2029,1,12.086731521684555,12.042089039714146,0.05076343875966253,12.080161618783892
1363,confirmation,2029,1,11.560772327227417,11.8305576221904,-0.0053832409892852215,11.826520191448436
1367,confirmation,2029,1,12.170450649220749,12.228673933954349,-0.058178999044980785,12.185039684670613
1376,confirmation,2029,1,12.384223015005313,12.458147330976136,0.0034798882462196866,12.460757247160801
1380,confirmation,2029,1,12.02874460037869,11.987509082050265,0.03622468665250269,12.014677597039642
1381,confirmation,2029,1,10.97679912709094,11.24643378556533,-0.0695493527256236,11.194271771021112
1385,confirmation,2029,1,11.561725152903833,11.588404068173896,-0.013806947384114095,11.57804885763581
1388,confirmation,2029,1,11.820417517632333,11.92089126165456,0.0037669109712483847,11.923716444882997
1412,confirmation,2029,1,11.849404844423074,11.897571876972162,0.021168836859074624,11.913448504616468
1424,confirmation,2029,1,12.524420916542532,12.124015985425638,-0.055475843780659444,12.082409102590143
1425,confirmation,2029,1,11.87757552297847,11.830843061603149,-0.0011582154871280933,11.829974399987803
1429,confirmation,2029,1,11.686887175419702,11.619920590246727,0.0009878808279919745,11.62066150086772
1432,confirmation,2029,1,11.87583791515714,11.796686231698652,-0.02877883251183759,11.775102107314774
1434,confirmation,2029,1,12.136191879981927,12.13406154932403,0.0028552657382839844,12.136202998627743
1435,confirmation,2029,1,11.982935344196433,12.029662024495053,-0.007422549450471489,12.024095112407199
1441,confirmation,2029,1,12.160033942617156,12.132695702332656,0.056080451827158824,12.174756041203025
1444,confirmation,2029,1,11.703554089007538,11.566945922631524,0.03347761219519379,11.59205413177792
1449,confirmation,2029,1,11.626263078808801,11.636668026851947,0.033103141617376784,11.66149538306498
1450,confirmation,2029,1,11.429554725537322,11.425655303372842,-0.028520752986234122,11.404264738633167
1456,confirmation,2029,1,12.07254696717504,12.09232874366646,0.003544730166254297,12.094987291291151
16,confirmation,2029,2,11.790564777297387,11.760313349363257,0.016538078597864325,11.772716908311654
19,confirmation,2029,2,11.976665770490767,11.995214999851713,0.025433196560108215,12.014289897271794
22,confirmation,2029,2,11.845109950883979,11.765178684870053,-0.028882991478931936,11.743516441260853
24,confirmation,2029,2,11.774527900858468,11.831706831699053,0.035207498218750036,11.858112455363116
32,confirmation,2029,2,11.914054519303125,11.874447142424115,-0.0007864935275432282,11.873857272278459
42,confirmation,2029,2,12.04355959836804,12.048269784505711,0.029459943311970258,12.070364741989689
46,confirmation,2029,2,12.675766851909591,12.578086415653539,0.004098400276523573,12.581160215860931
58,confirmation,2029,2,12.188422799337028,12.186180275377652,0.00657887572340697,12.191114432170206
63,confirmation,2029,2,12.218500103788143,12.24327079583174,0.01158239942053504,12.251957595397142
64,confirmation,2029,2,11.849404844423074,11.835330156182156,-0.054384238602602594,11.794541977230205
67,confirmation,2029,2,12.100717685412471,12.417452595768202,-0.028471178881920065,12.396099211606762
68,confirmation,2029,2,12.328294703023396,12.298071322238801,-0.01119266311147805,12.289676824905193
71,confirmation,2029,2,12.404927602627597,12.420443243200483,-0.016739080984390673,12.407888932462189
76,confirmation,2029,2,11.418625774449598,11.422789697484138,-0.0350984283932214,11.396465876189222
79,confirmation,2029,2,11.824087219587643,11.796219038520174,-0.025909739667399744,11.776786733769624
81,confirmation,2029,2,12.173037959397275,12.282067428071192,-0.008091685582737514,12.27599866388414
89,confirmation,2029,2,11.350418300109132,11.220129405125546,-0.11758302527402932,11.131942136170023
95,confirmation,2029,2,12.229549885708273,12.232960231975362,-0.004443895477594322,12.229627310367166
100,confirmation,2029,2,11.767187766223199,11.70605810691796,0.012314768220125685,11.715294183083055
101,confirmation,2029,2,12.230770136157428,12.284989938498407,0.02905575362501799,12.306781753717171
109,confirmation,2029,2,11.652696102959753,11.69632582534347,0.03430920234876851,11.722057727105046
111,confirmation,2029,2,11.827013315851762,11.887734555114362,-0.04492454890890768,11.854041143432681
112,confirmation,2029,2,12.100717685412471,12.048577948535781,-0.018841448943858627,12.034446861827888
116,confirmation,2029,2,12.07824495582233,12.015868422714773,0.02010831907637945,12.030949662022058
117,confirmation,2029,2,11.842236406331555,11.75151074194781,-0.02400612682290677,11.73350614683063
122,confirmation,2029,2,11.51293546492023,11.493787261261845,-0.09201469094683402,11.42477624305172
127,confirmation,2029,2,11.759793355371237,11.846008260696314,-0.024080689620341177,11.827947743481058
145,confirmation,2029,2,11.736077016252437,11.812618167774684,0.03745256513891776,11.840707591628872
146,confirmation,2029,2,11.775297421715827,11.8090664140512,-0.021239109306397226,11.793137082071402
150,confirmation,2029,2,11.652696102959753,11.588544857913243,-0.012811214028331797,11.578936447391994
154,confirmation,2029,2,12.367345048436391,12.151061393574624,0.05140762006275618,12.189617108621691
157,confirmation,2029,2,11.603688960617083,11.625325182043998,0.04187093682167649,11.656728384660255
159,confirmation,2029,2,12.448630513463613,12.371219334468027,0.017028818112486546,12.383990948052391
178,confirmation,2029,2,12.058158312538197,12.12185046129021,-0.005841410771004124,12.117469403211956
179,confirmation,2029,2,13.126032637428713,12.94486797157908,0.06626845930266666,12.994569316056081
182,confirmation,2029,2,12.206577518060588,12.084642622051625,0.030963449080299316,12.107865208861849
183,confirmation,2029,2,11.695255355062795,11.693522362418525,-0.02586145333888585,11.67412627241436
189,confirmation,2029,2,11.940399914116648,11.869236533848351,0.006935459320055642,11.874438128338394
197,confirmation,2029,2,12.650351332641707,12.623553057889286,0.012176494104022021,12.632685428467303
198,confirmation,2029,2,12.367345048436391,12.49231101113106,-0.13562806557609736,12.390589961948987
200,confirmation,2029,2,12.524166311833152,12.634908542278305,0.011189222203517412,12.643300458930943
203,confirmation,2029,2,11.626263078808801,11.61804091438206,-0.04499872235556965,11.584291872615383
204,confirmation,2029,2,11.91170829631447,11.844235505106465,0.00625117771376353,11.848923888391788
207,confirmation,2029,2,11.87688084212164,11.820234255144836,-0.023612949605889142,11.80252454294042
209,confirmation,2029,2,12.531776395271262,12.429141203779613,-0.04730999153840836,12.393658710125807
215,confirmation,2029,2,11.993813394724253,11.895336946113414,0.03303633906111874,11.920114200409254
219,confirmation,2029,2,12.649157827477366,12.325578850651032,0.06386292937773108,12.373476047684331
230,confirmation,2029,2,12.167856627501678,12.190455350261661,-0.015714299870543697,12.178669625358754
231,confirmation,2029,2,11.904974309480181,11.847936290821352,-0.0072992233762612145,11.842461873289155
249,confirmation,2029,2,12.100717685412471,12.124704783668905,-0.01119266311147805,12.116310286335297
251,confirmation,2029,2,11.245059091624615,11.40901724215379,-0.011119438292501069,11.400677663434415
254,confirmation,2029,2,11.970356641102999,11.96257867117926,0.013540896904976495,11.972734343857992
257,confirmation,2029,2,12.242891437918386,12.221839934018561,0.030803392267737307,12.244942478219365
275,confirmation,2029,2,11.732069026983156,11.775871879527628,0.006624791177378012,11.780840472910661
279,confirmation,2029,2,12.936754021718041,12.862126185311523,0.04466223228159891,12.895622859522721
288,confirmation,2029,2,11.385103457032141,11.51948828250999,0.00600158246304157,11.523989469357272
289,confirmation,2029,2,11.711784520403112,11.649803755026468,-0.023213664616430475,11.632393506564146
292,confirmation,2029,2,11.819681958463892,11.786719734033495,0.030923154733183054,11.809912100083382
296,confirmation,2029,2,11.86710429621008,11.885595270872024,0.0034786955606455052,11.888204292542508
307,confirmation,2029,2,12.323860125621126,12.321768010115385,-0.04730999153840836,12.286285516461579
308,confirmation,2029,2,11.402005077384885,11.4568956602775,0.014996275806839049,11.468142867132629
312,confirmation,2029,2,11.790564777297387,11.823597342956893,-0.008091685582737514,11.81752857876984
315,confirmation,2029,2,12.08954444723597,12.008435853069257,-0.012062418094909903,11.999389039498075
316,confirmation,2029,2,12.146858590895919,12.134141481387593,-0.019633911150334922,12.119416048024842
317,confirmation,2029,2,12.468440756144114,12.397105733888454,-0.00396308182059431,12.394133422523009
319,confirmation,2029,2,12.468440756144114,12.739268817497935,0.05022875481066208,12.776940383605933
325,confirmation,2029,2,12.396697137361691,12.473696953578974,0.008609770667334328,12.480154281579475
327,confirmation,2029,2,12.688501881189456,12.51451952818596,0.059082806681196365,12.558831633196858
330,confirmation,2029,2,11.264476926102367,11.27379425527992,-0.003164924417503508,11.271420561966792
336,confirmation,2029,2,12.34126328584159,12.221129585036747,0.04015501650332812,12.251245847414243
340,confirmation,2029,2,11.951186847493476,11.84482861767058,0.016857881079528823,11.857472028480226
344,confirmation,2029,2,12.491255347155265,12.542904155304077,0.014394188478422764,12.553699796662894
347,confirmation,2029,2,11.928347504569842,11.825532631004645,0.012248294677081861,11.834718852012456
348,confirmation,2029,2,11.967187086434018,12.085091641469917,-0.02022306846972556,12.069924340117623
352,confirmation,2029,2,12.154784614286667,12.234212121526209,-0.007957489967887428,12.228244004050293
353,confirmation,2029,2,11.461642696843066,11.424720462629239,0.052389373847306187,11.46401249301472
358,confirmation,2029,2,11.80560254159177,11.855872966647167,-0.0018734513305043523,11.85446787814929
363,confirmation,2029,2,12.198549416880068,12.085829273480725,-0.021039985955238705,12.070049284014296
373,confirmation,2029,2,11.736077016252437,11.633279022175977,-0.02004928826070531,11.618242055980447
379,confirmation,2029,2,12.885204569609956,12.853990579673933,0.008852126350786431,12.860629674437023
383,confirmation,2029,2,12.271396795480596,12.235190629217396,-0.01119266311147805,12.226796131883788
384,confirmation,2029,2,11.23850177707664,11.296633897312475,-0.08078179408552934,11.236047551748328
398,confirmation,2029,2,12.040614105490253,11.933549253727218,-0.012981551562462938,11.92381309005537
403,confirmation,2029,2,11.58989576532275,11.514742669507777,0.019160309515258517,11.529112901644222
408,confirmation,2029,2,12.083910661257521,11.952098137043755,0.061040523038495234,11.997878529322627
411,confirmation,2029,2,11.002116507732017,11.531485451906498,-0.03412044401203004,11.505895118897476
422,confirmation,2029,2,12.278397958261774,12.304322295853025,0.028263291418541694,12.325519764416931
426,confirmation,2029,2,11.813037464800539,11.779431095246236,-0.03522989776627714,11.75300867192153
427,confirmation,2029,2,12.524530013005734,12.395529830380745,-0.04770316875542599,12.359752453814176
431,confirmation,2029,2,11.355113089309977,11.47615543506458,-0.07715154745502023,11.418291774473316
438,confirmation,2029,2,11.686887175419702,11.645107306715731,0.058374979503528934,11.688888541343378
439,confirmation,2029,2,11.411457364027745,11.587349394073021,0.061937897691641014,11.633802817341751
443,confirmation,2029,2,12.000897933306716,11.926760690958876,0.04087870947990589,11.957419723068805
444,confirmation,2029,2,12.058158312538197,12.137083981226471,0.0005207018915541056,12.137474507645138
450,confirmation,2029,2,11.695255355062795,11.662616167981223,0.0698480547928166,11.715002209075836
453,confirmation,2029,2,12.225880174775122,12.246263478264273,-0.010879194639366154,12.23810408228475
454,confirmation,2029,2,12.25486757159303,12.326139133999268,-0.0017959150132981054,12.324792197739294
462,confirmation,2029,2,11.951186847493476,11.915793429082802,0.032118758581203756,11.939882498018704
470,confirmation,2029,2,12.138869243416009,12.127954707219185,-0.009753500058806127,12.12063958217508
473,confirmation,2029,2,11.904974309480181,11.840742229119794,-0.028315574949924392,11.819505547907351
481,confirmation,2029,2,12.694655727828803,12.76817936437285,0.021470654121949928,12.784282354964313
485,confirmation,2029,2,11.794345471549745,11.780812679561892,0.013467999943365254,11.790913679519416
488,confirmation,2029,2,12.07254696717504,12.082269290656212,0.010943793975552061,12.090477136137876
492,confirmation,2029,2,11.798111925972618,11.888585298645905,0.035022597131431465,11.91485224649448
494,confirmation,2029,2,11.951186847493476,11.902646794184053,0.009844904515882975,11.910030472570964
501,confirmation,2029,2,11.635151947212842,11.626814363275956,-0.03717158544267013,11.598935674193953
508,confirmation,2029,2,12.246739428005663,12.070101694917428,-0.003828795970136578,12.067230097939825
512,confirmation,2029,2,12.2193145828011,12.140410910536502,0.045783370116161355,12.174748438123624
523,confirmation,2029,2,11.976665770490767,11.92248195178497,0.07653969555543158,11.979886723451544
529,confirmation,2029,2,11.362114203075018,11.357956796024872,0.051030243246065615,11.396229478459421
530,confirmation,2029,2,12.209192772866418,12.360641101411996,-0.05524240084138739,12.319209300780956
540,confirmation,2029,2,12.513561021741964,12.434546558090009,-0.055330092247957395,12.393048988904042
552,confirmation,2029,2,11.630717389475995,11.625030593475115,-0.023879681238890407,11.607120832545947
561,confirmation,2029,2,11.707677772181546,12.001001910907648,-0.011082281729442416,11.992690199610566
562,confirmation,2029,2,12.04355959836804,12.045024820138595,-0.01268461953699137,12.035511355485852
568,confirmation,2029,2,12.273735966890268,12.20426972155552,0.004952786260127391,12.207984311250614
569,confirmation,2029,2,12.665397584983758,12.591833907886684,-0.03617281584275215,12.56470429600462
580,confirmation,2029,2,11.78676973513378,11.776824688279829,-0.03601106412587847,11.749816390185421
582,confirmation,2029,2,12.442306148381938,12.843614349370917,0.06577322295402807,12.892944266586438
583,confirmation,2029,2,11.682676678340282,11.65511780403356,-0.039010648141282245,11.625859817927598
585,confirmation,2029,2,11.798111925972618,11.84094988095476,0.05180294085501308,11.879802086596019
603,confirmation,2029,2,12.301387370778713,12.299839767527352,-0.09467566179310768,12.228833021182522
605,confirmation,2029,2,12.30592250537653,12.294712411533277,-0.0004975899201202013,12.294339219093187
609,confirmation,2029,2,12.791358964949923,12.532027599145726,-0.033120543212600925,12.507187191736275
613,confirmation,2029,2,12.474193386571581,12.467493401567188,-0.05612255445443369,12.425401485726363
614,confirmation,2029,2,11.898194668458823,11.63938575271588,-0.052979690383099354,11.599650984928555
618,confirmation,2029,2,11.566475710526321,11.683803405794684,0.0029965648256379636,11.686050829413913
623,confirmation,2029,2,11.813037464800539,11.743995542127054,-0.01187474393591871,11.735089484175115
630,confirmation,2029,2,12.034696963475044,11.978989646791224,-0.009134818061350096,11.97213853324521
633,confirmation,2029,2,11.320565693461432,12.035235501553139,-0.027577986950209504,12.014552011340482
648,confirmation,2029,2,11.951186847493476,11.878805819188827,-0.028315574949924392,11.857569137976384
670,confirmation,2029,2,11.83138646878959,11.663146620983062,0.06366012663925039,11.7108917159625
674,confirmation,2029,2,12.458778882573533,12.393624608461728,0.05034544984713738,12.431383695847082
682,confirmation,2029,2,11.979391594635791,11.587296286553192,-0.04132338770297883,11.556303745775958
684,confirmation,2029,2,12.560247968016562,12.562590002935684,-0.013101560519663678,12.552763832545937
686,confirmation,2029,2,12.242891437918386,12.31436409834067,0.036791315831962844,12.341957585214642
688,confirmation,2029,2,11.910365121788654,11.935231021032948,0.016629533123027878,11.947703170875219
698,confirmation,2029,2,11.724004532183379,11.789804621252914,0.0168596521582655,11.802449360371613
711,confirmation,2029,2,10.859018228147887,11.310452930064255,0.06951652795474268,11.362590326030311
713,confirmation,2029,2,12.149507585033072,12.149100955528514,0.004205378274593464,12.152254989234459
714,confirmation,2029,2,11.767575435251748,11.658490010362854,0.03288670735766132,11.6831550408811
722,confirmation,2029,2,11.870606902224587,11.877872226527508,-0.004044610488135648,11.874838768661407
727,confirmation,2029,2,12.310437165348775,12.290777807645188,0.06497865190881234,12.339511796576797
729,confirmation,2029,2,11.608244735642321,11.802598437110566,0.025346082888831004,11.82160799927719
738,confirmation,2029,2,12.3879816172226,12.34913484826913,-0.02043714540550867,12.333806989214999
748,confirmation,2029,2,12.491176396967154,12.413904696858317,-0.030227134146812544,12.391234346248208
750,confirmation,2029,2,11.49273296168228,11.292038358529066,-0.04638392713855413,11.25725041317515
765,confirmation,2029,2,12.506180941677357,12.442121200419923,-0.015907697978455784,12.43019042693608
766,confirmation,2029,2,12.484208043148733,12.547573269940528,0.04406554990514404,12.580622432369386
767,confirmation,2029,2,12.188422799337028,12.139357040307106,-0.04025156916337241,12.109168363434577
768,confirmation,2029,2,11.982935344196433,12.06137080826035,0.02135179657938468,12.077384655694887
770,confirmation,2029,2,13.195615697878253,13.052465307056302,-0.006090409927305714,13.047897499610823
774,confirmation,2029,2,11.648338835562747,11.698045708957089,0.05198743460287053,11.737036284909243
775,confirmation,2029,2,12.886643575525625,12.580405877818162,0.0661664001710457,12.630030677946447
778,confirmation,2029,2,11.86710429621008,11.816748861366072,-0.005841410771004124,11.812367803287819
786,confirmation,2029,2,11.992266613576142,12.011714477561544,-0.008817658130712705,12.00510123396351
787,confirmation,2029,2,11.842236406331555,11.7311241734816,-0.034175469440789585,11.705492571401008
789,confirmation,2029,2,11.588969419043874,11.564023365168367,0.014762104701003876,11.57509494369412
793,confirmation,2029,2,12.505402864156405,12.36625722632106,0.05062193202767971,12.40422367534182
796,confirmation,2029,2,12.049424683420915,12.011923165669025,-0.00791790537371725,12.005984736638737
802,confirmation,2029,2,11.60733523953139,11.70285052456834,-0.05493374139757963,11.661650218520156
808,confirmation,2029,2,12.317171167298682,12.239642059121925,0.0048408924092640864,12.243272728428874
821,confirmation,2029,2,12.117246896289503,12.133569615968101,-0.0004975899201202013,12.13319642352801
825,confirmation,2029,2,12.357079818283598,12.32622180916826,0.0069657448648908485,12.331446117816927
834,confirmation,2029,2,12.025755079404917,11.953176257737494,-0.008091685582737514,11.947107493550442
843,confirmation,2029,2,12.071975378543236,11.96085029305326,0.0279461314879043,11.981809891669188
847,confirmation,2029,2,12.269052139516223,12.187314870611319,-0.04770316875542599,12.15153749404475
848,confirmation,2029,2,11.80186424743109,11.796163128267636,0.015583116937640284,11.807850465970867
852,confirmation,2029,2,12.278397958261774,12.130786585488556,-0.037694906452198335,12.102515405649408
855,confirmation,2029,2,12.04355959836804,12.035705460787053,-0.05378862845842689,11.995363989443232
872,confirmation,2029,2,12.208574513247495,12.132191591900714,-0.004044610488135648,12.129158134034613
882,confirmation,2029,2,12.141539457711714,12.254784811385042,0.04640177994509213,12.289586146343861
884,confirmation,2029,2,11.682676678340282,11.728631882559364,0.044238538591334614,11.761810786502865
887,confirmation,2029,2,11.884495917930655,11.966460306243004,0.010653341292736344,11.974450312212555
890,confirmation,2029,2,11.915058360753719,11.920487454950555,-0.043908508072236035,11.887556073896379
899,confirmation,2029,2,13.323928581764989,13.07101065622137,0.045061517271057575,13.104806794174664
903,confirmation,2029,2,12.100717685412471,12.09720633462794,-0.0014691950984322812,12.096104438304115
913,confirmation,2029,2,11.385103457032141,11.452703832108234,0.014120740092622546,11.4632943871777
924,confirmation,2029,2,12.170450649220749,12.191867928942226,-0.009753500058806127,12.184552803898121
929,confirmation,2029,2,12.373707715234994,12.4000167621001,-0.05612255445443369,12.357924846259275
930,confirmation,2029,2,12.310437165348775,12.293612508094544,-0.0014691950984322812,12.29251061177072
934,confirmation,2029,2,12.154784614286667,12.20629110614251,-0.011585840328495677,12.197601725896138
935,confirmation,2029,2,12.396697137361691,12.31066462456345,0.01890555886923351,12.324843793715376
942,confirmation,2029,2,12.273735966890268,12.344378843688963,-0.019633911150334922,12.329653410326213
944,confirmation,2029,2,11.870606902224587,11.834891594368745,-0.05414159797438685,11.794285395887956
946,confirmation,2029,2,11.735276702486741,11.8485091625325,-0.03496793164726589,11.82228321379705
950,confirmation,2029,2,12.193498926601634,12.067904697681614,0.02905575362501799,12.089696512900378
963,confirmation,2029,2,11.951186847493476,11.938862186290466,-0.011949306733353102,11.92990020624045
969,confirmation,2029,2,10.542732775946709,11.104467370750221,-8.40651589357384e-05,11.10440432188102
981,confirmation,2029,2,12.091789104493502,11.988036239719657,0.03393193814792611,12.0134851933306
983,confirmation,2029,2,11.982278882874377,12.079682329870682,-0.004626049462168219,12.076212792774056
988,confirmation,2029,2,12.887129532148373,12.967346181352864,0.045061517271057575,13.001142319306158
995,confirmation,2029,2,12.729323752253295,12.727169494316993,0.12313718184279057,12.819522380699086
996,confirmation,2029,2,11.7085004721646,11.591344471506487,0.05916351299541496,11.635717106253049
998,confirmation,2029,2,12.128116509451258,11.981854968483786,0.003313724756275358,11.984340262050992
1004,confirmation,2029,2,11.827049837927534,11.910039758356554,0.010943793975552061,11.918247603838218
1007,confirmation,2029,2,12.004574385508691,12.009099402920002,-0.07976993487105567,11.949271951766711
1015,confirmation,2029,2,11.688566422839942,11.728216034263227,-0.01982989125270794,11.713343615823696
1016,confirmation,2029,2,12.33270970174018,12.261458780818822,-0.05513753030925757,12.22010563308688
1028,confirmation,2029,2,12.588194064175278,12.714457208639587,-0.007774561756593226,12.708626287322142
1039,confirmation,2029,2,11.48247656671073,11.543960866283603,-0.022967045506233345,11.526735582153929
1051,confirmation,2029,2,12.080996832096167,12.105533429256853,0.0081994576975634,12.111683022530027
1056,confirmation,2029,2,12.100717685412471,11.97689424028478,-0.058193394866358314,11.933249194135012
1060,confirmation,2029,2,12.301387370778713,12.137589787080916,0.05034544984713738,12.17534887446627
1062,confirmation,2029,2,11.302216779257382,11.570767328883134,-0.010251393538114656,11.563078783729548
1067,confirmation,2029,2,12.08954444723597,12.068383999460362,0.04726363446549275,12.103831725309481
1069,confirmation,2029,2,11.927687224983487,12.06238542811118,-0.029988008182973203,12.03989442197395
1073,confirmation,2029,2,11.424105180165641,11.639016818344967,-0.08016134100933661,11.578895812587964
1079,confirmation,2029,2,11.956976469393481,11.847033304079222,0.013327643357290695,11.85702903659719
1080,confirmation,2029,2,11.744045122410057,11.798333220777122,0.0038449112676698675,11.801216904227875
1083,confirmation,2029,2,12.165255859329688,12.18379898025836,-0.01119266311147805,12.175404482924751
1087,confirmation,2029,2,11.332613886815139,11.501989639547732,-0.034305966186745106,11.476260164907673
1088,confirmation,2029,2,12.437188334739655,12.45874061782038,-0.0017959150132981054,12.457393681560406
1090,confirmation,2029,2,12.190964083849375,12.23748746381957,0.016368801038604535,12.249764064598523
1092,confirmation,2029,2,11.982935344196433,11.962931841792365,0.027324606314385727,11.983425296528154
1094,confirmation,2029,2,11.891368749982085,11.979853075527418,0.036868173202211876,12.007504205429077
1098,confirmation,2029,2,12.04355959836804,11.93602904453038,-0.006489694916764395,11.931161773342808
1105,confirmation,2029,2,11.571203807011969,11.67946611007048,-0.0019232779180579165,11.678023651631937
1107,confirmation,2029,2,12.100161978566867,12.144202593979077,-0.04730999153840836,12.108720100325272
1109,confirmation,2029,2,12.10625783509458,12.033050886559579,-0.034065346726635554,12.007501876514603
1114,confirmation,2029,2,11.80932691294063,11.808993002409967,0.024099397986791456,11.82706755090006
1116,confirmation,2029,2,12.669809806411457,12.587811216179388,0.0661664001710457,12.637436016307673
1124,confirmation,2029,2,11.678448377988165,11.48087690407523,0.013721315385055456,11.49116789061402
1125,confirmation,2029,2,12.007017865994577,12.021500199459554,-0.019240733933317294,12.007069649009566
1127,confirmation,2029,2,12.066816325306588,12.168479972171006,-0.015714299870543697,12.1566942472681
1130,confirmation,2029,2,11.849404844423074,11.822736891510434,-0.046706137317236315,11.787707288522506
1134,confirmation,2029,2,12.386312871189734,12.39502813445011,-0.06825100177254197,12.343839883120703
1138,confirmation,2029,2,11.451060699493427,11.407511272269833,0.00886452131335933,11.414159663254852
1141,confirmation,2029,2,11.842236406331555,11.75117165678003,0.07351528284646089,11.806308118914876
1155,confirmation,2029,2,12.215037342290755,12.246066830325583,-0.006044007793032825,12.24153382448081
1159,confirmation,2029,2,12.367889578686164,12.357843584382383,-0.01563639692079916,12.346116286691784
1167,confirmation,2029,2,12.41044511731981,12.40928155507066,-0.055330092247957395,12.367783985884692
1169,confirmation,2029,2,12.367345048436391,12.213082266286277,0.008765374599330016,12.219656297235774
1176,confirmation,2029,2,12.560247968016562,12.586731650895565,-0.016885700942563166,12.574067375188642
1179,confirmation,2029,2,11.950541482162043,11.780992400218564,0.06154472047462339,11.827150940574532
1193,confirmation,2029,2,11.736077016252437,11.726930418871197,-0.014627951387446507,11.715959455330612
1197,confirmation,2029,2,12.29779001527865,12.307282805732989,0.025970996532448415,12.326761053132325
1200,confirmation,2029,2,11.904974309480181,11.850383020443044,-0.008537485821973393,11.843979906076564
1202,confirmation,2029,2,12.19552218463499,12.178275326779277,-0.011585840328495677,12.169585946532905
1210,confirmation,2029,2,12.577639650232573,12.503597041276386,0.0069657448648908485,12.508821349925054
1214,confirmation,2029,2,11.884495917930655,11.665665982831692,0.0435698430059736,11.698343365086172
1217,confirmation,2029,2,11.626263078808801,11.719837132175531,-0.04385705022975331,11.686944344503216
1219,confirmation,2029,2,11.296024885689746,11.139489659643791,0.03288670735766132,11.164154690162038
1225,confirmation,2029,2,12.122696471358964,12.185832602311194,-0.008545660741959447,12.179423356754725
1229,confirmation,2029,2,12.813920618864572,12.796382436745526,0.055357305472956767,12.837900415850244
1235,confirmation,2029,2,11.775297421715827,11.618558856380004,-0.018103754407615295,11.604981040574293
1241,confirmation,2029,2,12.323415584358154,12.249842648045638,-0.0004975899201202013,12.249469455605547
1243,confirmation,2029,2,12.04355959836804,12.008044036276706,-0.014654141856745151,11.997053429884147
1245,confirmation,2029,2,12.345838935721968,12.126583606883063,0.03414069881545229,12.152189130994651
1247,confirmation,2029,2,12.136191879981927,12.159652109362755,0.02994803293890704,12.182113134066935
1249,confirmation,2029,2,11.771443882099637,11.838683968153866,-0.04235969654766522,11.806914195743117
1252,confirmation,2029,2,12.053801032483948,12.19589753779528,0.022325040105553737,12.212641317874446
1257,confirmation,2029,2,12.616528611893463,12.684176205363858,-0.006190627751205315,12.679533234550455
1258,confirmation,2029,2,11.511934974596555,11.362904931251041,-0.006307827513101734,11.358174060616214
1259,confirmation,2029,2,12.154784614286667,12.083086342365856,-0.008545660741959447,12.076677096809387
1262,confirmation,2029,2,11.766799946849087,11.752031268514768,-0.0012433458924925045,11.751098759095399
1264,confirmation,2029,2,12.103491596905931,12.001367756845701,0.03381859005828022,12.02673169938941
1265,confirmation,2029,2,12.10625783509458,12.029397909578742,-0.11497467056704593,11.943166906653458
1270,confirmation,2029,2,11.87757552297847,11.815785545406495,-0.012981551562462938,11.806049381734647
1272,confirmation,2029,2,12.132162346145595,12.08402189752956,0.028263291418541694,12.105219366093467
1273,confirmation,2029,2,11.827743504053695,11.806101507954734,0.006289972115983942,11.810818987041722
1279,confirmation,2029,2,12.37581963951765,12.467625506191714,-0.04503430404605821,12.433849778157171
1282,confirmation,2029,2,12.100717685412471,12.117553960055734,0.06417331877997715,12.165683949140716
1296,confirmation,2029,2,11.83863282480007,11.82937137045492,0.00478998727242208,11.832963860909237
1297,confirmation,2029,2,11.951186847493476,11.931216129620172,0.009844904515882975,11.938599808007083
1302,confirmation,2029,2,12.086731521684555,12.050042652509262,0.049952272630119754,12.087506856981852
1306,confirmation,2029,2,12.691583538230217,12.661151331676999,0.0033059380700472844,12.663630785229534
1311,confirmation,2029,2,12.721888795877375,12.597992873872265,0.03353799827767471,12.623146372580521
1317,confirmation,2029,2,12.596403811053621,12.50379966471563,-0.05612255445443369,12.461707748874806
1321,confirmation,2029,2,11.960817678718287,11.966910602094696,-0.0801631120880733,11.906788268028642
1329,confirmation,2029,2,12.45293662970407,12.174286031430489,-0.005278746998410835,12.17032697118168
1339,confirmation,2029,2,12.206077645517674,12.297053020507931,0.00657887572340697,12.301987177300486
1341,confirmation,2029,2,11.719947764402807,11.566073227586301,0.011915483230667018,11.5750098400093
1354,confirmation,2029,2,12.923914877701906,12.894976323876126,-0.0164864159531045,12.882611511911298
1368,confirmation,2029,2,11.751950239425476,11.774637535630735,0.028029470391368716,11.795659638424262
1375,confirmation,2029,2,12.429220196836383,12.455380376561855,0.027324606314385727,12.475873831297644
1378,confirmation,2029,2,11.669937760751914,11.829980561661628,-0.03838601344289154,11.80119105157946
1384,confirmation,2029,2,11.626263078808801,11.931242789216137,0.013467999943365254,11.941343789173661
1389,confirmation,2029,2,12.84132849667433,12.785623386002332,0.008433784776282345,12.791948724584543
1391,confirmation,2029,2,12.367345048436391,12.336329858757384,0.00657887572340697,12.341264015549939
1398,confirmation,2029,2,11.83138646878959,11.826023444037501,0.02518087266908345,11.844909098539313
1401,confirmation,2029,2,11.695255355062795,11.660415634196108,0.06946322991190441,11.712513056630035
1403,confirmation,2029,2,12.174994689959313,12.14170381127865,0.0026486785860966302,12.143690320218221
1416,confirmation,2029,2,12.077676615757813,12.308280845216398,-0.015714299870543697,12.296495120313491
1417,confirmation,2029,2,11.715874472198905,11.779724828406216,-0.020483250163161642,11.764362390783845
1419,confirmation,2029,2,11.728044909070785,11.809037237187631,0.06268250779422838,11.856049118033303
1423,confirmation,2029,2,11.824087219587643,11.880817921444553,0.00625117771376353,11.885506304729876
1431,confirmation,2029,2,12.165984756488543,12.13999792111753,0.046995187366417474,12.175244311642343
1442,confirmation,2029,2,11.913719681428494,11.90050211847284,0.00625117771376353,11.905190501758163
1445,confirmation,2029,2,12.098493002763465,12.18259660554948,-0.01119266311147805,12.174202108215871
1446,confirmation,2029,2,11.767575435251748,11.751731944361106,-0.04425633521921199,11.718539692946697
1448,confirmation,2029,2,12.388398368982115,12.47604567224172,-0.05572937723741606,12.434248639313656
3,confirmation,2029,3,12.317171167298682,12.23417385707729,0.004881783188212426,12.237835194468449
9,confirmation,2029,3,11.774527900858468,11.815302847063805,-0.09208774910868056,11.746237035232294
12,confirmation,2029,3,12.75130259456002,12.877284558707563,0.06262583338178382,12.924253933743902
18,confirmation,2029,3,11.407576060361786,11.5855774964346,0.04641770359342701,11.620390774129671
31,confirmation,2029,3,10.596659732783579,11.487548618683181,-0.03911900660631223,11.458209363728447
50,confirmation,2029,3,11.751950239425476,11.743879057827181,0.010740739290839414,11.75193461229531
62,confirmation,2029,3,11.522885696764481,11.444557087083096,-0.015263762933097273,11.433109264883273
65,confirmation,2029,3,12.299112067295642,12.290242627892408,-0.0031365936461317445,12.287890182657808
72,confirmation,2029,3,11.771443882099637,11.77861439040848,0.042259811690877246,11.810309249176639
78,confirmation,2029,3,11.751950239425476,11.680051570866903,0.01704718651276691,11.692836960751478
88,confirmation,2029,3,12.010671928196443,12.029969579947197,0.015151507489195436,12.041333210564094
91,confirmation,2029,3,11.60733523953139,11.51418724916653,0.027749640585075307,11.534999479605338
96,confirmation,2029,3,12.128116509451258,12.11767158071468,0.040481699165203056,12.148032855088582
97,confirmation,2029,3,12.273735966890268,12.276203653962567,0.010894702343216957,12.28437468071998
98,confirmation,2029,3,11.459007676978688,11.721468234688551,0.03924936649607597,11.750905259560607
102,confirmation,2029,3,12.08954444723597,12.063442821995372,-0.029513184569526105,12.041307933568227
105,confirmation,2029,3,12.040614105490253,11.996590526651424,-0.09254261799634587,11.927183563154165
114,confirmation,2029,3,12.28765724080691,12.305789023883278,-0.03899256244952117,12.276544602046137
118,confirmation,2029,3,11.951186847493476,11.92267174461948,-0.06543481667865843,11.873595632110487
119,confirmation,2029,3,12.676079399771027,12.73449273820725,-0.019179342235166454,12.720108231530874
120,confirmation,2029,3,12.0075668272517,12.05225216228473,0.006911627045501611,12.057435882568857
138,confirmation,2029,3,12.049424683420915,12.209781238329594,-0.05334301159258239,12.169773979635156
170,confirmation,2029,3,12.337105293891872,12.385845514019815,0.011227571351550482,12.394266192533477
188,confirmation,2029,3,11.813037464800539,11.805484146850986,0.004785547439078118,11.809073307430294
190,confirmation,2029,3,12.563750586299374,12.471561618278095,0.04413539093975505,12.504663161482911
191,confirmation,2029,3,12.660331092405906,12.553889905521727,0.04109085572233939,12.584708047313482
195,confirmation,2029,3,11.751950239425476,11.720120303188297,0.04260969260774355,11.752077572644104
199,confirmation,2029,3,11.552155793461898,11.626644000576494,-0.07016161266661419,11.574022791076533
210,confirmation,2029,3,11.884495917930655,11.89426638429517,0.01901916266880299,11.908530756296772
212,confirmation,2029,3,12.133507329024972,12.071199137711904,-0.03419227400309466,12.045554932209583
223,confirmation,2029,3,12.100161978566867,12.067652467787216,0.03285175104920413,12.09229128107412
227,confirmation,2029,3,12.577639650232573,12.513988267845534,-0.018461299195521037,12.500142293448892
232,confirmation,2029,3,12.90669432231532,12.820944457618749,-0.017334950424797855,12.80794324480015
236,confirmation,2029,3,11.402005077384885,11.384101349011218,-0.06759560469964696,11.333404645486482
239,confirmation,2029,3,12.669809806411457,12.455222842514932,0.03525877721055124,12.481666925422845
248,confirmation,2029,3,11.849404844423074,11.856096609167048,-0.0016346084466745047,11.854870652832043
255,confirmation,2029,3,11.884495917930655,11.86030643246813,-0.0040405512990231195,11.857276018993863
264,confirmation,2029,3,11.775297421715827,11.72591087564073,7.371011052571212e-05,11.725966158223624
265,confirmation,2029,3,11.19822841866684,11.344468822736898,-0.01386276599705974,11.334071748239104
268,confirmation,2029,3,12.097936057925594,12.09567884745105,0.07592546021655727,12.152622942613467
269,confirmation,2029,3,11.699413330633599,11.644264239838373,-0.01766616306233202,11.631014617541624
270,confirmation,2029,3,11.904974309480181,11.923102298628393,-0.011878828672214917,11.914193177124233
285,confirmation,2029,3,12.09626335986454,12.172941160506232,-0.03386642950912838,12.147541338374387
290,confirmation,2029,3,11.941950837487406,11.840137924424548,0.030329994921415276,11.86288542061561
295,confirmation,2029,3,12.025755079404917,11.947112094643295,-0.015665904436023205,11.935362666316278
299,confirmation,2029,3,12.07254696717504,12.1025340605732,0.009755372791700759,12.109850590166976
301,confirmation,2029,3,11.964007453736912,11.9784980258679,0.08657096883577899,12.043426252494735
304,confirmation,2029,3,11.917730355182513,11.744731784751576,0.0027539444778118876,11.746797243109935
306,confirmation,2029,3,12.631016799175821,12.608931274124572,-0.05088270939467457,12.570769242078565
310,confirmation,2029,3,12.793862088206213,12.832934111971651,-0.0012487479577987853,12.831997551003303
313,confirmation,2029,3,11.694421681264394,11.780500067671518,0.018816843428426808,11.794612700242839
334,confirmation,2029,3,12.240478903153711,12.141524382821784,0.005251977004502744,12.14546336557516
342,confirmation,2029,3,11.314486721293981,11.21682036453789,0.007112448960108133,11.22215470125797
361,confirmation,2029,3,11.957617696467539,11.918749759007955,-0.05449251684808486,11.87788037137189
369,confirmation,2029,3,11.790564777297387,11.892892269148344,-0.0040405512990231195,11.889861855674077
372,confirmation,2029,3,11.808821212646512,11.691509028570227,0.041445289725133914,11.722592995864078
380,confirmation,2029,3,12.095146671399466,12.076236791191738,0.007691558477132809,12.082005460049587
386,confirmation,2029,3,12.165255859329688,12.084268180742908,-0.031141455778618495,12.060912088908944
387,confirmation,2029,3,11.302216779257382,11.474287013009555,-0.10839037985035506,11.392994228121788
389,confirmation,2029,3,12.160033942617156,12.191601050423992,0.004881783188212426,12.195262387815152
390,confirmation,2029,3,12.962196972666593,12.957952511272843,-0.04286977087851566,12.925800183113957
401,confirmation,2029,3,12.411056299528171,12.33042644952887,0.0048815989218768336,12.334087648720278
404,confirmation,2029,3,12.460718739865236,12.415362305653318,-0.026230564838604482,12.395689382024365
406,confirmation,2029,3,11.918397239722838,11.98638017430593,-0.012633892285933847,11.97690475509148
407,confirmation,2029,3,11.652696102959753,11.65840543617035,0.005592305825284793,11.662599665539313
417,confirmation,2029,3,11.915058360753719,11.945676028991837,-0.009809854781860368,11.938318637905441
419,confirmation,2029,3,11.744045122410057,11.587979398524004,-0.059935333037545536,11.543027898745844
446,confirmation,2029,3,11.755879486687116,11.928740771607883,-0.03157084266486263,11.905062639609236
448,confirmation,2029,3,12.20557752297723,12.236185755655063,0.002262502209112096,12.237882632311896
449,confirmation,2029,3,11.691080018519527,11.755029085683528,-0.023613536595539705,11.737318933236873
457,confirmation,2029,3,11.49273296168228,11.283716195752408,-0.023079095301900044,11.266406874275983
461,confirmation,2029,3,12.481565733211923,12.358285855885983,-0.010605677697137886,12.35033159761313
463,confirmation,2029,3,11.04106411122238,11.726547310750089,-0.006860868711487931,11.721401659216474
468,confirmation,2029,3,11.89478753335453,11.961459003917307,0.011092062993108207,11.969778051162137
471,confirmation,2029,3,12.264346270624157,12.213909773577937,0.03140517677685846,12.23746365616058
476,confirmation,2029,3,11.794345471549745,11.833306346434028,-0.008745119940894192,11.826747506478357
478,confirmation,2029,3,12.847929163278053,12.923531018228477,-0.024345126215302167,12.905272173567
483,confirmation,2029,3,11.951186847493476,12.051236372762906,-0.03240538608496645,12.02693233319918
491,confirmation,2029,3,11.652696102959753,11.611156519888892,-0.01415063405273501,11.60054354434934
496,confirmation,2029,3,10.460270761075149,11.173743680626313,-0.042667007201834674,11.141743425224936
498,confirmation,2029,3,12.122696471358964,11.976176599437487,-0.018559682850979843,11.962256837299252
505,confirmation,2029,3,11.898194668458823,11.863366658660167,-0.008939014783657231,11.856662397572425
514,confirmation,2029,3,11.80560254159177,11.867848040798568,-0.06167334788683327,11.821593029883443
516,confirmation,2029,3,12.90634935052389,12.866988903942742,-0.05088814771285983,12.828822793158098
522,confirmation,2029,3,11.918397239722838,11.947123945288343,-0.017550155665429466,11.93396132853927
526,confirmation,2029,3,12.07824495582233,12.092437539162129,0.036799910602421486,12.120037472113944
531,confirmation,2029,3,12.07254696717504,12.13035147611215,-0.02391089840188089,12.11241830231074
537,confirmation,2029,3,12.144202560946876,12.185298725413572,0.004881783188212426,12.188960062804732
544,confirmation,2029,3,11.798111925972618,11.792400834285305,-0.07928351129363612,11.732938200815077
545,confirmation,2029,3,12.098854850641,12.18256211174152,0.034702806324059185,12.208589216484564
547,confirmation,2029,3,12.25486757159303,12.044146609863603,0.030329994921415276,12.066894106054665
551,confirmation,2029,3,11.849404844423074,11.721199218248302,-0.03729573553887663,11.693227416594144
554,confirmation,2029,3,11.58989576532275,11.661331299444903,0.048314448764230654,11.697567136018076
558,confirmation,2029,3,11.58989576532275,11.572077070542328,-0.03895385151780291,11.542861681903975
559,confirmation,2029,3,12.07254696717504,12.18601068493961,-0.003750416945892429,12.183197872230192
572,confirmation,2029,3,11.695255355062795,11.709648784521095,-0.026920566468025556,11.689458359670075
578,confirmation,2029,3,12.010671928196443,11.934923932613742,-0.02660893960746581,11.914967227908143
587,confirmation,2029,3,11.775297421715827,11.658521629329796,0.047413454023914135,11.69408171984773
590,confirmation,2029,3,11.283524879179666,11.505652584823475,0.02422801755151533,11.52382359798711
591,confirmation,2029,3,12.132969552931216,12.156823826821753,0.004881783188212426,12.160485164212913
597,confirmation,2029,3,11.648373769145277,11.576564337441923,0.000542173215460553,11.576970967353517
615,confirmation,2029,3,11.231901180182515,11.264378376221726,-0.0482535273473589,11.228188230711208
616,confirmation,2029,3,11.83138646878959,11.81278598588007,-0.026177840554193053,11.793152605464426
619,confirmation,2029,3,12.659737267217572,12.657676479423948,0.03952945512428042,12.687323570767159
627,confirmation,2029,3,11.848690308590857,11.741014171498867,-0.015574627277373819,11.729333201040836
628,confirmation,2029,3,11.938199736300925,12.00314363030232,-0.01319691072582719,11.99324594725795
640,confirmation,2029,3,12.485830907348902,12.460394220958603,0.024334929798708754,12.478645418307634
642,confirmation,2029,3,12.328294703023396,12.406595886147777,0.013703532344918102,12.416873535406465
644,confirmation,2029,3,11.931642378754141,11.931371742258117,-0.010547274333135553,11.923461286508266
649,confirmation,2029,3,11.951186847493476,11.963310206678884,-0.02037774176457561,11.948026900355451
651,confirmation,2029,3,12.235393555399902,12.227828720220712,0.03796782248616538,12.256304587085337
652,confirmation,2029,3,11.58989576532275,11.621651640260646,0.048314448764230654,11.65788747683382
653,confirmation,2029,3,12.160033942617156,12.186343494410586,-0.0031365936461317445,12.183991049175987
655,confirmation,2029,3,12.765691290604371,12.829545656904987,-0.00213574255170526,12.827943849991208
656,confirmation,2029,3,11.385103457032141,11.342531469707522,-0.06754472583786,11.291872925329127
660,confirmation,2029,3,12.025755079404917,11.985932736144632,-0.010015028734384326,11.978421464593843
664,confirmation,2029,3,11.83138646878959,11.867489045484765,0.056332825598574825,11.909738664683696
667,confirmation,2029,3,11.767575435251748,12.06151521726143,-0.05719777576427737,12.018616885438222
671,confirmation,2029,3,12.063938642041201,12.068321987228328,0.010960338151336391,12.07654224084183
673,confirmation,2029,3,12.013706813470414,12.049689320167113,0.0532681321038517,12.089640419245002
675,confirmation,2029,3,11.849404844423074,11.897662129912028,-0.00046669656293061353,11.89731210748983
677,confirmation,2029,3,11.373674891823535,11.6755820318007,-0.010050677801200565,11.668044023449799
678,confirmation,2029,3,11.603688960617083,11.582023413926647,0.010908997856666335,11.590205162319148
679,confirmation,2029,3,12.827995001361906,12.762793687075016,0.10219239860749041,12.839437986030633
680,confirmation,2029,3,11.763691965388299,11.761822130415053,-0.01592595097964261,11.749877667180321
694,confirmation,2029,3,11.59433032142082,11.576893464133564,-0.028569349943632902,11.555466451675839
697,confirmation,2029,3,11.39640288460621,11.435350599406714,0.049726795938253465,11.472645696360404
700,confirmation,2029,3,12.185875040240456,12.12216483405867,0.030786991447416954,12.145255077644233
705,confirmation,2029,3,12.269052139516223,12.281831058206187,-0.00784843097468415,12.275944734975173
706,confirmation,2029,3,10.915106645867503,11.075633569446858,-0.0068289208791966404,11.07051187878746
709,confirmation,2029,3,12.09815887308463,12.077387901581886,0.011606428066555805,12.086092722631804
712,confirmation,2029,3,11.54031687156214,11.476682410827319,-0.020712154259905045,11.461148295132391
720,confirmation,2029,3,11.763691965388299,11.839934550134426,0.029136752531014477,11.861787114532687
721,confirmation,2029,3,12.524530013005734,12.502774109176704,0.05014831009475956,12.540385341747774
725,confirmation,2029,3,12.676079399771027,12.674050682005364,-0.04297219257851825,12.641821537571476
726,confirmation,2029,3,11.699413330633599,11.642990602086618,0.020899175634475034,11.658664983812475
732,confirmation,2029,3,12.141539457711714,12.137253838864469,-0.0033845258262948453,12.134715444494748
734,confirmation,2029,3,11.786008995353765,11.811787157683215,0.00031996232726049217,11.81202712942866
735,confirmation,2029,3,11.58989576532275,11.610276242195981,-0.06919620886739603,11.558379085545434
740,confirmation,2029,3,12.154784614286667,12.187572024192024,-0.0031365936461317445,12.185219578957424
742,confirmation,2029,3,11.863589378812122,11.812022391735638,-0.009699323519276666,11.804747899096181
749,confirmation,2029,3,12.469978029554953,12.426889494842172,0.02962206309963847,12.4491060421669
752,confirmation,2029,3,11.995357787034976,11.985459354152551,-0.020833876048391282,11.969833947116259
761,confirmation,2029,3,11.755879486687116,11.651089632949263,-0.008485073397274785,11.644725827901308
769,confirmation,2029,3,12.28690580994122,12.348811500758453,0.010894702343216957,12.356982527515866
772,confirmation,2029,3,11.532737896139919,11.692685333348189,0.00429684975832357,11.695907970666932
773,confirmation,2029,3,11.580593459194764,11.839173162812497,-0.0583063127030984,11.795443428285173
776,confirmation,2029,3,11.995357787034976,11.986311605738308,-0.052608265618678596,11.9468554065243
781,confirmation,2029,3,12.07824495582233,12.039625379156426,-0.020833876048391282,12.023999972120134
782,confirmation,2029,3,12.077676615757813,12.102179594055876,-0.010770051251625001,12.094102055617157
783,confirmation,2029,3,12.139403856983334,12.154170661948298,-0.0031365936461317445,12.151818216713698
784,confirmation,2029,3,12.016732516077072,12.011374679791867,-0.014007492109767518,12.000869060709542
785,confirmation,2029,3,11.759793355371237,11.807333527763596,-0.024956605171277575,11.788616073885137
806,confirmation,2029,3,12.335700805443338,12.246423428095403,0.03680523973231906,12.274027357894642
824,confirmation,2029,3,11.845827048676645,11.844407152495215,0.024240619261422642,11.862587616941282
831,confirmation,2029,3,12.019749091416921,12.086823340106635,-0.007647527601679033,12.081087694405376
833,confirmation,2029,3,12.37581963951765,12.315463587942174,-0.0006675999359357287,12.314962887990223
859,confirmation,2029,3,11.931642378754141,11.847532681019414,-0.09078149461582578,11.779446560057545
864,confirmation,2029,3,11.794345471549745,11.850467971634307,-0.006509545009219135,11.845585812877394
865,confirmation,2029,3,12.43153750053306,12.184106733295716,0.03680523973231906,12.211710663094955
867,confirmation,2029,3,12.424810506025395,12.430675328928508,0.0024923869182334668,12.432544619117184
871,confirmation,2029,3,11.603688960617083,11.52415859691256,-0.006509545009219135,11.519276438155647
876,confirmation,2029,3,12.623064399210183,12.679879210607604,-0.01967075996529257,12.665126140633635
879,confirmation,2029,3,11.904974309480181,11.918268985459248,0.015093984230441691,11.92958947363208
880,confirmation,2029,3,11.824087219587643,11.805795789296456,0.04071476619098759,11.836331863939696
883,confirmation,2029,3,12.08954444723597,12.056706772936726,0.007691558477132809,12.062475441794575
893,confirmation,2029,3,11.947955847790901,11.85667851987257,-0.0036864043642721436,11.853913716599367
895,confirmation,2029,3,11.685693195625964,11.710834512751683,0.007978761199088153,11.716818583651
896,confirmation,2029,3,11.849404844423074,12.02013801800387,-0.007647527601679033,12.01440237230261
897,confirmation,2029,3,11.575909653758895,11.334164467021154,-0.021454880173737555,11.31807330689085
898,confirmation,2029,3,11.870278179170796,11.814192611444275,0.007978761199088153,11.820176682343591
904,confirmation,2029,3,12.388398368982115,12.407939004302131,0.034702806324059185,12.433966109045175
909,confirmation,2029,3,11.782960235741939,11.794296870824686,-0.007157027159167239,11.788929100455311
911,confirmation,2029,3,11.946660519211651,11.862995332408348,-0.011221382337771538,11.85457929565502
912,confirmation,2029,3,11.874097282798648,11.936416743384965,0.03459131577339938,11.962360230215015
915,confirmation,2029,3,12.065280672855897,12.025277056458837,0.015151507489195436,12.036640687075733
917,confirmation,2029,3,10.471978128496518,11.190867730387033,-0.17655298396517988,11.058452992413148
919,confirmation,2029,3,12.380030154325457,12.473463819914532,-0.02353258717476873,12.455814379533455
922,confirmation,2029,3,11.890683588496984,11.985954261106945,-0.001996651900040153,11.984456772181915
923,confirmation,2029,3,12.043500773454495,12.054212410495289,0.027871538468279906,12.0751160643465
939,confirmation,2029,3,12.387560521575551,12.39361631148455,0.013652831991026765,12.40385593547782
940,confirmation,2029,3,12.406565597924235,12.328141299508166,0.0430142317987521,12.36040197335723
943,confirmation,2029,3,11.918397239722838,11.801542560337378,-0.07848837226217349,11.742676281140747
947,confirmation,2029,3,11.870606902224587,11.901367744491916,0.014702582018877981,11.912394681006074
949,confirmation,2029,3,12.167856627501678,12.197413084658464,0.010894702343216957,12.205584111415877
951,confirmation,2029,3,11.767575435251748,11.843110729318497,0.017215513410696423,11.85602236437652
953,confirmation,2029,3,11.804855999911272,11.75448859812286,0.04071476619098759,11.7850246727661
956,confirmation,2029,3,11.884495917930655,11.87353439816596,0.019031169230172354,11.88780777508859
959,confirmation,2029,3,12.128116509451258,12.176767441501376,-0.012201675914286423,12.167616184565661
961,confirmation,2029,3,11.665655135642039,11.65892942272883,0.030983662620352362,11.682167169694095
974,confirmation,2029,3,12.111767460549332,12.29538376361521,0.03680523973231906,12.322987693414449
991,confirmation,2029,3,12.759960632315702,12.675755237788762,-0.003303654435449151,12.673277496962175
999,confirmation,2029,3,11.418625774449598,11.484504614589405,-0.06886858784386936,11.432853173706503
1000,confirmation,2029,3,12.235636302128867,12.157535232855786,-0.00784843097468415,12.151648909624772
1008,confirmation,2029,3,11.385103457032141,11.372004186360613,-0.09574282094756707,11.300197070649938
1011,confirmation,2029,3,11.813037464800539,11.772130896915447,0.0011575081228562432,11.77299902800759
1013,confirmation,2029,3,12.013706813470414,12.018539883459292,0.03851702846190595,12.047427654805722
1014,confirmation,2029,3,11.350418300109132,11.532775565895255,-0.06690144272141604,11.482599483854193
1022,confirmation,2029,3,12.175618592671356,12.228979271254943,0.013652831991026765,12.239218895248213
1029,confirmation,2029,3,11.561725152903833,11.767468957467063,-0.015574627277373819,11.755787987009032
1030,confirmation,2029,3,11.678448377988165,11.673066113528575,0.029454598757404075,11.695157062596628
1040,confirmation,2029,3,11.289794413577894,11.348270035866957,-0.09574282094756707,11.276462920156282
1044,confirmation,2029,3,12.47717172708952,12.432726460595658,-0.006449128072269875,12.427889614541456
1045,confirmation,2029,3,12.535379989788607,12.574187629397727,-0.03352301690418716,12.549045366719586
1046,confirmation,2029,3,11.846543632608535,11.74891056770487,-0.04273822614897055,11.716856898093143
1052,confirmation,2029,3,12.206782393599413,12.147474175645927,-0.009443546266476616,12.14039151594607
1053,confirmation,2029,3,12.013706813470414,11.995858910518994,-0.017550155665429466,11.982696293769921
1064,confirmation,2029,3,11.612779849672751,11.774773107387102,-0.018943686016273047,11.760565342874896
1071,confirmation,2029,3,11.813037464800539,11.790168929075737,-0.015574627277373819,11.778487958617706
1072,confirmation,2029,3,11.944714374881176,11.952128070088595,0.01882045505985544,11.966243411383486
1074,confirmation,2029,3,11.979805470779858,11.946737576960883,-0.022299605635793834,11.930012872734038
1091,confirmation,2029,3,11.439289689006644,11.3945859509211,-0.06436796688749273,11.34630997575548
1093,confirmation,2029,3,11.824087219587643,12.010526034578522,0.005592305825284793,12.014720263947485
1095,confirmation,2029,3,11.767575435251748,11.797634059938074,0.015445307932710484,11.809218040887608
1097,confirmation,2029,3,11.751950239425476,11.639175027510825,-0.027224055621309487,11.618756985794843
1099,confirmation,2029,3,11.759793355371237,11.58747292916579,0.044906825435268465,11.621153048242242
1101,confirmation,2029,3,11.002116507732017,11.003522874010724,-0.04529699798857854,10.969550125519289
1102,confirmation,2029,3,11.691080018519527,11.666296971539522,-0.015574627277373819,11.654616001081491
1104,confirmation,2029,3,11.979805470779858,11.886757710267517,0.005546222592073917,11.890917377211572
1110,confirmation,2029,3,12.54254845357358,12.66268649552062,-0.004351314652399361,12.659423009531322
1113,confirmation,2029,3,11.774527900858468,11.691459164271388,0.03418844125061159,11.717100495209346
1115,confirmation,2029,3,11.669937760751914,11.658436897392706,0.018816843428426808,11.672549529964027
1123,confirmation,2029,3,11.626263078808801,11.365775007556774,-0.13066722757243965,11.267774586877444
1126,confirmation,2029,3,11.652696102959753,11.605018436634241,0.013718344595726614,11.615307195081035
1132,confirmation,2029,3,11.44572741040675,11.547180326021104,0.03448393098789225,11.573043274262023
1142,confirmation,2029,3,12.193498926601634,12.159317429325888,0.025184498205501143,12.178205802980013
1144,confirmation,2029,3,11.289794413577894,11.521785278784183,-0.06321308590870822,11.47437546435265
1146,confirmation,2029,3,11.91170829631447,11.805526885622898,-0.04021942692285898,11.775362315430755
1149,confirmation,2029,3,11.669082701743504,11.603733876766976,-0.030510459668210498,11.580851032015818
1152,confirmation,2029,3,11.917730355182513,11.989997223200191,-0.06767072290552979,11.939244181021044
1153,confirmation,2029,3,12.345838935721968,12.18248272557279,0.012860912068784612,12.192128409624377
1158,confirmation,2029,3,12.345838935721968,12.280121416050093,-0.002766399829841425,12.278046616177713
1165,confirmation,2029,3,12.175618592671356,12.17954274317872,0.06109305709815316,12.225362536002335
1166,confirmation,2029,3,12.359527368950229,12.38137395237294,0.028977572821702373,12.403107131989216
1171,confirmation,2029,3,12.049424683420915,11.9668855936819,-0.037409057745586005,11.93882880037271
1175,confirmation,2029,3,12.384223015005313,12.331239022392733,0.06773685713699756,12.382041665245481
1180,confirmation,2029,3,11.440365524765756,11.49363085314421,-0.022650423015517653,11.476643035882573
1183,confirmation,2029,3,13.521140839642674,13.086066696427448,0.02435289127990483,13.104331364887377
1184,confirmation,2029,3,11.695255355062795,11.874539608629384,-0.0006690158033067902,11.874037846776904
1191,confirmation,2029,3,12.031725210748633,12.089868186035737,-0.009941319237883321,12.082412196607324
1194,confirmation,2029,3,12.013706813470414,12.01148781499978,-0.052608265618678596,11.972031615785772
1206,confirmation,2029,3,12.513193308436527,12.512385029568277,0.012199185363867968,12.521534418591179
1207,confirmation,2029,3,11.580593459194764,11.631184525168667,0.02114374494945683,11.64704233388076
1211,confirmation,2029,3,12.149507585033072,12.202042082070072,-0.029513184569526105,12.179907193642928
1215,confirmation,2029,3,11.80932691294063,11.759710086829159,0.007521750980129561,11.765351400064256
1222,confirmation,2029,3,11.80560254159177,11.709747991796776,0.0011575081228562432,11.710616122888919
1226,confirmation,2029,3,11.884495917930655,11.83620005331214,0.00805915398389236,11.84224441880006
1228,confirmation,2029,3,11.898194668458823,11.8339605559475,0.034298972513195275,11.859684785332398
1230,confirmation,2029,3,11.751950239425476,11.846206754396588,0.0015088318251250355,11.847338378265432
1232,confirmation,2029,3,11.794345471549745,11.871177055428161,0.014702582018877981,11.882203991942319
1237,confirmation,2029,3,12.075400019877522,11.996295390908392,-0.007478237158393829,11.990686713039597
1239,confirmation,2029,3,11.86710429621008,11.793815936087407,-0.045422179991740474,11.759749301093601
1248,confirmation,2029,3,12.042971193457888,11.854075858248084,-0.057320102947231,11.811085781037661
1250,confirmation,2029,3,11.686887175419702,11.721610745877927,0.011092062993108207,11.729929793122757
1254,confirmation,2029,3,12.591338447675579,12.57284825819039,0.024615589456897204,12.591309950283064
1256,confirmation,2029,3,11.755879486687116,11.737365865433814,0.010844135689681678,11.745498967201076
1285,confirmation,2029,3,12.037659911047468,12.104299051260629,0.019528781932870238,12.118945637710281
1294,confirmation,2029,3,12.000897933306716,12.107111459573666,-0.024004479062456285,12.089108100276825
1299,confirmation,2029,3,11.982935344196433,13.131370378816861,-0.09162966552808786,13.062648129670794
1303,confirmation,2029,3,12.577639650232573,12.661918808178285,-0.003303654435449151,12.659441067351699
1308,confirmation,2029,3,11.835016210489899,11.877106352518602,0.007924625502917355,11.88304982164579
1310,confirmation,2029,3,12.09626335986454,12.087469814869772,-0.016782970406629523,12.074882587064799
1313,confirmation,2029,3,12.618185607609803,12.532406694218635,-0.026400032692952536,12.51260666969892
1314,confirmation,2029,3,12.716405147731708,12.712362411519326,0.040955083413786855,12.743078724079666
1316,confirmation,2029,3,12.239995696974733,12.12807036292561,-0.007647527601679033,12.122334717224351
1319,confirmation,2029,3,12.524530013005734,12.506830014775908,-0.02778633113717119,12.485990266423029
1323,confirmation,2029,3,12.154784614286667,12.313434089543692,0.02962206309963847,12.33565063686842
1332,confirmation,2029,3,11.794345471549745,11.78367092753848,0.02195592149226605,11.80013786865768
1347,confirmation,2029,3,12.47801017053037,12.409260202332137,0.0026622112080257375,12.411256860738156
1350,confirmation,2029,3,11.711784520403112,11.754336457057072,-0.049746632319634845,11.717026482817346
1355,confirmation,2029,3,12.367345048436391,12.368666215542703,0.004881783188212426,12.372327552933863
1356,confirmation,2029,3,12.04355959836804,12.142710229513082,-0.016823648023707866,12.130092493495301
1357,confirmation,2029,3,11.608244735642321,11.65265072832201,0.0015088318251250355,11.653782352190854
1361,confirmation,2029,3,12.149507585033072,12.147608816619778,0.05031615056723546,12.185345929545205
1365,confirmation,2029,3,11.878630514504515,11.89743994088794,-0.012008028332730378,11.888433919638393
1366,confirmation,2029,3,12.283038316285214,12.253083651031137,0.01805677728452038,12.266626233994527
1369,confirmation,2029,3,11.87757552297847,11.845406569369926,0.010960338151336391,11.853626822983427
1371,confirmation,2029,3,11.561725152903833,11.602717780867836,0.010671325591414885,11.610721275061398
1372,confirmation,2029,3,12.016732516077072,12.069760170368069,-0.00046669656293061353,12.06941014794587
1373,confirmation,2029,3,12.521981322562505,12.403287970099527,0.018075533381965377,12.416844620136
1377,confirmation,2029,3,11.418625774449598,11.440439214070956,0.005592305825284793,11.444633443439919
1396,confirmation,2029,3,12.546871224308068,12.515884928671216,-0.01904963794470132,12.50159770021269
1399,confirmation,2029,3,11.835016210489899,11.831556361969472,-0.05152984489923129,11.79290897829505
1409,confirmation,2029,3,11.74006900564972,11.540746192828493,0.025445347494596083,11.55983020344944
1414,confirmation,2029,3,12.456835254920371,12.499155765123168,-0.07137044325118751,12.445627932684777
1427,confirmation,2029,3,12.509877789891931,12.466584167037812,0.04235227726253505,12.498348374984714
1437,confirmation,2029,3,11.699413330633599,11.67092156589258,0.01183409336632035,11.67979713591732
1438,confirmation,2029,3,12.885673487343764,12.808221190894296,0.05234223631305009,12.847477868129083
1439,confirmation,2029,3,11.916395250412128,11.877424451164506,-0.01820096010244055,11.863773731087676
1440,confirmation,2029,3,12.190964083849375,12.077053259499142,-0.039920026281211246,12.047113239788233
1457,confirmation,2029,3,12.25486757159303,12.177670585374443,0.014108617731303036,12.18825204867292
1459,confirmation,2029,3,11.864469267087891,11.79447334695175,-0.0040405512990231195,11.791442933477484
4,confirmation,2029,4,11.849404844423074,12.067484341309822,-0.016017399571735563,12.05547129163102
5,confirmation,2029,4,12.429220196836383,12.6522646099488,-0.005138901189903497,12.648410434056371
7,confirmation,2029,4,12.634606283893019,12.501863674612006,-0.021825006994412692,12.485494919366197
11,confirmation,2029,4,11.771443882099637,11.758115962701037,-0.014659308691636614,11.74712148118231
23,confirmation,2029,4,12.345838935721968,12.371291793858866,-0.04870808096588657,12.33476073313445
26,confirmation,2029,4,12.454107814022272,12.46086938604504,-0.024439858575773445,12.44253949211321
27,confirmation,2029,4,11.811554895830454,11.826737606463855,0.025045562069647018,11.84552177801609
28,confirmation,2029,4,12.631343648903034,12.595328050877752,-0.010735502162194807,12.587276424256107
30,confirmation,2029,4,11.134603622683905,11.139689277542704,0.08910346977489926,11.20651687987388
37,confirmation,2029,4,11.884495917930655,11.921214364490503,-0.011221949252232731,11.912797902551327
38,confirmation,2029,4,11.938199736300925,11.959325490130897,0.00029045644655747256,11.959543332465815
39,confirmation,2029,4,11.599112335481124,11.7454713710768,0.004010081771838507,11.748478932405678
40,confirmation,2029,4,11.314486721293981,11.349111554417384,0.0007465640538575698,11.349671477457777
41,confirmation,2029,4,11.982935344196433,11.857031259491585,-0.10068566092093673,11.781517013800881
43,confirmation,2029,4,11.87757552297847,11.901114858498987,0.049024964142963416,11.93788358160621
44,confirmation,2029,4,11.777218637129327,11.805718136132562,0.01664921341053692,11.818205046190464
53,confirmation,2029,4,11.608244735642321,11.501100829080974,0.014530251153450933,11.511998517446061
55,confirmation,2029,4,11.775297421715827,11.725182513357236,-0.013768837696773818,11.714855885084656
70,confirmation,2029,4,12.323860125621126,12.282174338169584,0.04522322642399447,12.31609175798758
80,confirmation,2029,4,11.608244735642321,11.65946835828985,-0.03029561847698193,11.636746644432113
103,confirmation,2029,4,11.68658461118553,11.665127322582393,0.008493519511944698,11.671497462216351
108,confirmation,2029,4,11.652696102959753,11.522710842455277,-0.08487629942923708,11.459053617883349
124,confirmation,2029,4,11.944064817531656,11.99093834345069,-0.01454205800096094,11.98003179994997
128,confirmation,2029,4,11.373674891823535,11.452964876213056,-0.013826382072925086,11.442595089658361
130,confirmation,2029,4,11.918397239722838,11.863432463698853,0.009409308914093214,11.870489445384424
133,confirmation,2029,4,11.923384748066601,11.9386499613763,0.005708943641103409,11.942931669107127
142,confirmation,2029,4,12.468440756144114,12.38973421114625,0.0031429211156154065,12.392091401982961
143,confirmation,2029,4,12.019749091416921,11.764383344274252,-0.03883264422555643,11.735258861105084
149,confirmation,2029,4,11.856522261533737,11.923357790783058,-0.022480442978695177,11.906497458549037
152,confirmation,2029,4,12.827731880206521,12.703837043973895,0.035422093527918204,12.730403614119833
156,confirmation,2029,4,11.277215789596893,11.294366839901645,-0.02609150245310374,11.274798213061818
161,confirmation,2029,4,11.998439434579149,11.960411673996427,0.03818607766392534,11.989051232244371
162,confirmation,2029,4,12.929993908996359,12.952296873952951,-0.024893715253021254,12.933626587513185
163,confirmation,2029,4,12.301387370778713,12.367480216109318,0.039760632979575446,12.397300690843998
166,confirmation,2029,4,11.755879486687116,11.757548480492007,0.0003433369610849799,11.75780598321282
169,confirmation,2029,4,12.119975396053194,12.15629869878048,-0.008232347113190973,12.150124438445587
174,confirmation,2029,4,12.001511614739405,11.93873447279414,-0.03699459565214243,11.910988526055034
176,confirmation,2029,4,12.400820837540556,12.313105044205932,0.001462133963937909,12.314201644678885
184,confirmation,2029,4,12.206077645517674,12.121338088752125,-0.04729892879964338,12.085863892152393
185,confirmation,2029,4,11.751950239425476,11.691450623214633,0.0534774520251503,11.731558712233497
196,confirmation,2029,4,11.908346971208951,11.893260289285143,0.004099178953275738,11.8963346735001
205,confirmation,2029,4,11.608244735642321,11.612796527685951,-0.019244869267471022,11.598362875735347
208,confirmation,2029,4,11.856522261533737,11.857656798669272,0.01673426213178218,11.870207495268108
213,confirmation,2029,4,12.439875187430008,12.392799312702138,0.004811359664290551,12.396407832450356
217,confirmation,2029,4,12.25486757159303,12.228181329799774,-0.007567281115325508,12.22250586896328
221,confirmation,2029,4,12.230282214644559,12.29634191857594,0.006469892741705091,12.30119433813222
224,confirmation,2029,4,11.48247656671073,11.677873457998077,0.04974718713246913,11.71518384834743
225,confirmation,2029,4,12.864242696187505,12.896689067300455,0.09381843314898812,12.967052892162197
233,confirmation,2029,4,11.456365695436427,11.479573869117672,-0.004703956836836724,11.476045901490044
235,confirmation,2029,4,12.285350445351659,12.283854154397522,0.01077191414271152,12.291933090004555
237,confirmation,2029,4,12.130815551850676,12.130738867727239,-0.002256306026639301,12.129046638207258
242,confirmation,2029,4,11.612779849672751,11.412529037534412,0.011279046623269255,11.420988322501865
244,confirmation,2029,4,11.695255355062795,11.810933159367309,-0.0034576579879761382,11.808339915876328
253,confirmation,2029,4,12.06105265381003,12.06940877181583,-0.01454205800096094,12.05850222831511
256,confirmation,2029,4,12.345838935721968,12.306204901877873,0.00545274924809643,12.310294463813944
260,confirmation,2029,4,11.48247656671073,11.550710684973843,-0.04138001848996673,11.519675671106368
274,confirmation,2029,4,11.842236406331555,12.010034345932464,-0.010446760367815302,12.002199275656602
280,confirmation,2029,4,12.165255859329688,12.183717261185482,0.06786269994086884,12.234614286141133
282,confirmation,2029,4,12.128116509451258,12.135381298796002,0.0463497446405245,12.170143607276396
284,confirmation,2029,4,12.407383590534293,12.407631621697954,0.023257504885963023,12.425074750362427
293,confirmation,2029,4,11.782960235741939,11.914564694274713,-0.07192825065901089,11.860618506280455
294,confirmation,2029,4,12.367345048436391,12.353866230477797,0.010432139858362798,12.361690335371568
300,confirmation,2029,4,11.973516181427835,11.864464222468337,-0.012152526521610248,11.855349827577129
303,confirmation,2029,4,12.230770136157428,12.330570624638321,0.0031429211156154065,12.332927815475033
311,confirmation,2029,4,12.017336559562407,12.07240888452256,0.01617114128496623,12.084537240486284
314,confirmation,2029,4,12.834683971615659,12.433397669591555,-0.010319174185663124,12.425658288952308
318,confirmation,2029,4,12.506180941677357,12.472219865434061,-0.021825006994412692,12.455851110188252
323,confirmation,2029,4,12.614868865984631,12.56917344687802,-0.025455337109041666,12.550081944046239
326,confirmation,2029,4,11.373674891823535,11.364629339831305,0.025722163272295456,11.383920962285528
328,confirmation,2029,4,11.886218559372042,11.880074147184226,-0.010820958149859197,11.871958428571832
329,confirmation,2029,4,12.276069679344003,12.058994891318356,0.02572203964238282,12.078286421050143
332,confirmation,2029,4,11.842236406331555,11.794312026570294,0.005708943641103409,11.798593734301122
335,confirmation,2029,4,12.165255859329688,12.191931765965657,0.0054609390540253135,12.196027470256176
338,confirmation,2029,4,12.273735966890268,12.303081244965,-0.007567281115325508,12.297405784128506
339,confirmation,2029,4,12.218500103788143,12.228632785940365,0.010432139858362798,12.236456890834136
343,confirmation,2029,4,11.37940550085183,11.46857202303626,-0.02483080170688991,11.449948921756093
345,confirmation,2029,4,11.350418300109132,11.422660841310691,-0.06618973740264722,11.373018538258705
355,confirmation,2029,4,11.849404844423074,11.979566139775866,-0.04503436265444267,11.945790367785033
356,confirmation,2029,4,12.086731521684555,12.0534638742362,0.003787115728806401,12.056304211032806
359,confirmation,2029,4,11.775297421715827,11.800921053898522,-0.025791707776126327,11.781577273066427
367,confirmation,2029,4,11.976665770490767,12.022320336938423,-0.029924541705692528,11.999876930659154
368,confirmation,2029,4,12.013706813470414,11.961270968753427,-0.021531160380800104,11.945122598467826
370,confirmation,2029,4,11.995357787034976,12.008219061530035,0.025045562069647018,12.02700323308227
374,confirmation,2029,4,11.719947764402807,11.693658200081469,0.00029045644655747256,11.693876042416386
382,confirmation,2029,4,12.142871895843887,12.266931049298273,0.0239149432201239,12.284867256713367
392,confirmation,2029,4,12.278397958261774,12.31942401154884,-0.04778267749550227,12.283587003427213
397,confirmation,2029,4,11.719947764402807,11.740118301681699,-0.011221949252232731,11.731701839742524
399,confirmation,2029,4,11.112462823634855,11.311476051335111,-0.046974519884884505,11.276245161421448
400,confirmation,2029,4,12.392556361841777,12.267348281443349,0.011028346149631114,12.275619541055573
402,confirmation,2029,4,12.013646205940514,12.11378377367443,0.006469892741705091,12.118636193230708
405,confirmation,2029,4,12.031725210748633,12.054950029525124,0.0024860449236788168,12.056814563217882
414,confirmation,2029,4,11.652696102959753,11.59450202516156,-0.016591262063403295,11.582058578614008
415,confirmation,2029,4,12.337105293891872,12.379015312293596,-0.022480442978695177,12.362154980059575
416,confirmation,2029,4,12.106997888588934,12.136351471353056,0.0015568511998926174,12.137519109752976
423,confirmation,2029,4,11.635151947212842,11.671758032712768,-0.02157553942611202,11.655576378143184
430,confirmation,2029,4,12.07254696717504,12.070239876655213,0.0047508110397404164,12.073802984935018
442,confirmation,2029,4,11.678448377988165,11.693611275923477,-0.02938459605347651,11.671572828883368
451,confirmation,2029,4,11.608244735642321,11.52191129867679,-0.023995487921619475,11.503914682735575
456,confirmation,2029,4,12.075400019877522,11.998921689228828,-0.01430370571243552,11.988193909944501
458,confirmation,2029,4,12.45293662970407,12.35716708610231,0.08567171384732558,12.421420871487804
459,confirmation,2029,4,11.989165855127435,11.938725416211351,-0.04126143628450573,11.907779338997972
464,confirmation,2029,4,12.147919030759663,12.134709874900723,0.04559675215859207,12.168907439019668
466,confirmation,2029,4,12.093693109638318,12.146468379628052,-0.01310318837663444,12.136640988345576
467,confirmation,2029,4,12.025755079404917,11.99971517091794,-0.05282470209829723,11.960096644344217
469,confirmation,2029,4,12.429220196836383,12.418015739102865,-0.01902137138122751,12.403749710566943
472,confirmation,2029,4,12.154784614286667,12.189569637758392,-0.01430370571243552,12.178841858474065
474,confirmation,2029,4,12.994532278619134,12.796009794372608,0.032447199397571715,12.820345193920787
475,confirmation,2029,4,12.433212202169729,12.419264826925044,0.0221643156828724,12.435888063687198
477,confirmation,2029,4,12.249615734512616,12.29018368345406,0.006762009859152891,12.295255190848424
480,confirmation,2029,4,11.401681006153428,11.631665798101775,0.045292970517096416,11.665635525989597
482,confirmation,2029,4,12.832013750189885,12.786766180680381,-0.014183513022080338,12.77612854591382
484,confirmation,2029,4,12.00762780434872,11.937351352211996,-0.028679093939668946,11.915842031757244
487,confirmation,2029,4,11.957617696467539,11.911368393186356,0.016759692850614315,11.923938162824317
500,confirmation,2029,4,11.695255355062795,11.759156091456974,0.016759692850614315,11.771725861094936
504,confirmation,2029,4,12.574185427296195,12.374679458082689,0.0655065388992445,12.423809362257122
510,confirmation,2029,4,11.732069026983156,11.861007535616713,0.00029045644655747256,11.86122537795163
511,confirmation,2029,4,12.013100572810686,12.01354391887317,0.011341205656068382,12.022049823115221
513,confirmation,2029,4,11.774527900858468,11.715249144313646,-8.374133548641168e-05,11.71518633831203
515,confirmation,2029,4,11.477308649967686,11.405091901104065,0.04536793101118407,11.439117849362454
518,confirmation,2029,4,12.487488878546145,12.561887140119682,0.02853185962423109,12.583286034837855
519,confirmation,2029,4,12.259618151783465,12.15379869245873,0.003787115728806401,12.156639029255336
525,confirmation,2029,4,12.662709207270272,12.63430952819296,0.033950346818777025,12.659772288307042
528,confirmation,2029,4,13.008661502470739,12.95111652495476,0.012311745911854261,12.96035033438865
535,confirmation,2029,4,12.08954444723597,12.09929151547967,-0.0021977311799865206,12.097643217094681
546,confirmation,2029,4,12.34148164933907,12.347965223102747,-0.020096390689025335,12.332892930085979
563,confirmation,2029,4,11.58989576532275,11.67529255789515,-0.010707412248425927,11.66726199870883
564,confirmation,2029,4,12.128116509451258,12.098923516735017,0.004437028094284399,12.10225128780573
565,confirmation,2029,4,12.498745990829315,12.447849277601364,0.047635443180064435,12.483575859986413
573,confirmation,2029,4,12.32163544049751,12.252879865484793,-0.007846567718250524,12.246994939696105
576,confirmation,2029,4,11.682676678340282,11.632476536382745,-0.0004862286890411293,11.632111864865964
584,confirmation,2029,4,12.691583538230217,12.586808329712717,0.08348912059300842,12.649425170157473
595,confirmation,2029,4,11.608244735642321,11.665388787557273,0.01664921341053692,11.677875697615175
602,confirmation,2029,4,11.856522261533737,11.769399552888324,-0.028793624327607573,11.747804334642618
625,confirmation,2029,4,12.014615485902027,11.938374923083524,0.007769929225462661,11.944202370002621
634,confirmation,2029,4,11.845109950883979,11.838674350439614,0.016759692850614315,11.851244120077576
637,confirmation,2029,4,11.002116507732017,10.901811615570606,-0.12777700799716324,10.805978859572734
638,confirmation,2029,4,11.440365524765756,11.58589511480805,-0.08312307556267445,11.523552808136044
639,confirmation,2029,4,11.350418300109132,11.385756847878085,0.0003433369610849799,11.386014350598899
645,confirmation,2029,4,12.823631142839984,12.74549826869532,0.012057337117680594,12.754541271533581
647,confirmation,2029,4,11.495789479023493,11.519359550313126,-0.010793943566427329,11.511264092638307
657,confirmation,2029,4,11.8879382384223,11.86409799437964,0.019734586980960804,11.87889893461536
661,confirmation,2029,4,12.19552218463499,12.188270131873814,-0.003252956502924611,12.185830414496621
663,confirmation,2029,4,11.608244735642321,11.83478570991325,-0.09456100330845221,11.763864957431911
666,confirmation,2029,4,12.348010479804223,12.385166462661967,-0.0021977311799865206,12.383518164276978
668,confirmation,2029,4,12.173037959397275,12.254155878671263,-0.01454205800096094,12.243249335170542
669,confirmation,2029,4,12.031725210748633,11.99386991870918,0.015528674877181514,12.005516424867066
683,confirmation,2029,4,12.06105265381003,12.190982997822832,0.030820463924517975,12.21409834576622
685,confirmation,2029,4,12.30592250537653,12.265433562313989,0.042236216037809735,12.297110724342346
687,confirmation,2029,4,12.336556900342153,12.375102595141668,0.029707628196713715,12.397383316289202
689,confirmation,2029,4,12.879019669789754,12.316173651452035,0.09360992021686547,12.386381091614684
699,confirmation,2029,4,11.83863282480007,11.797620772711722,0.04008833813410246,11.827687026312299
702,confirmation,2029,4,11.849404844423074,11.910723199801936,0.0040874101025092525,11.913788757378818
715,confirmation,2029,4,11.779136168550774,12.086759477591263,0.020245801689592825,12.101943828858458
718,confirmation,2029,4,11.964007453736912,11.98663617046875,0.014888720578619279,11.997802710902713
731,confirmation,2029,4,12.373707715234994,12.442965523664144,0.030450184901905104,12.465803162340572
739,confirmation,2029,4,12.095146671399466,11.828190100950838,-0.052026456292893215,11.789170258731168
753,confirmation,2029,4,12.28765724080691,12.2380635172171,0.017472212090093798,12.25116767628467
754,confirmation,2029,4,12.526346537332584,12.526698165574192,-0.005336275019940096,12.522695959309237
757,confirmation,2029,4,12.264346270624157,12.253431184527322,-0.057101462290779,12.210605087809238
758,confirmation,2029,4,11.97603664577121,11.860249430985252,-0.0653133255924442,11.81126443679092
759,confirmation,2029,4,12.097378802727306,12.02792391350908,0.019421727474523538,12.042490209114971
760,confirmation,2029,4,12.577639650232573,12.626029185494291,-0.008113795320249986,12.619943839004103
762,confirmation,2029,4,11.51293546492023,11.595144947314955,-0.0150628032677359,11.583847844864152
777,confirmation,2029,4,12.308182383129823,12.319505220459748,0.006469892741705091,12.324357640016027
780,confirmation,2029,4,11.813037464800539,11.899727243215958,-0.028679093939668946,11.878217922761205
788,confirmation,2029,4,12.358798024384122,12.349543306963854,-0.01716946789000897,12.336666206046347
790,confirmation,2029,4,12.141539457711714,12.208384429819743,0.07728224153122434,12.266346110968161
803,confirmation,2029,4,12.149507585033072,12.137585416794295,-0.007567281115325508,12.1319099559578
805,confirmation,2029,4,11.678448377988165,11.63275472074133,-0.03661665925478072,11.605292226300245
807,confirmation,2029,4,11.816734299348461,11.78640002858694,-8.374133548641168e-05,11.786337222585324
809,confirmation,2029,4,11.982622797311857,11.88895430180034,-8.374133548641168e-05,11.888891495798724
810,confirmation,2029,4,11.571203807011969,11.709275113640716,-0.049773399814859155,11.671945063779573
811,confirmation,2029,4,12.10625783509458,12.128532617493446,0.027247710563339887,12.148968400415951
812,confirmation,2029,4,11.881041706925902,11.883028853199123,0.04541016873386904,11.917086479749525
813,confirmation,2029,4,10.932999821119937,11.472049845599036,-0.0014715459412900163,11.470946186143069
814,confirmation,2029,4,11.969723533345908,11.94588955636334,-0.020491708444611692,11.930520775029882
820,confirmation,2029,4,12.319405795112926,12.295127701386217,0.039760632979575446,12.324948176120898
826,confirmation,2029,4,12.861001210669146,12.956950660138041,-0.09153869289022604,12.888296640470372
832,confirmation,2029,4,11.92504173829169,11.93251293608464,0.030131929705464452,11.955111883363738
841,confirmation,2029,4,11.849404844423074,11.690890587545232,-0.006307893148330721,11.686159667683983
844,confirmation,2029,4,11.856522261533737,11.744995439153122,-0.04711851344458912,11.70965655406968
845,confirmation,2029,4,11.944064817531656,11.840572222752346,0.008056653247086138,11.84661471268766
850,confirmation,2029,4,12.138869243416009,12.061660080784279,0.046261932743089755,12.096356530341597
854,confirmation,2029,4,11.970356641102999,12.04353000925597,-0.010446760367815302,12.03569493898011
857,confirmation,2029,4,11.898194668458823,11.896717609074365,0.026239791197030106,11.916397452472138
858,confirmation,2029,4,12.066816325306588,11.984521334740174,-0.0029324422708671177,11.982322003037025
860,confirmation,2029,4,12.429220196836383,12.44450406266281,0.0382984597728508,12.473227907492449
869,confirmation,2029,4,12.037659911047468,12.008417436159096,0.07120028574552556,12.06181765046824
878,confirmation,2029,4,12.765691290604371,12.772232216423223,-0.03328709657791368,12.747266893989789
894,confirmation,2029,4,12.013706813470414,11.966854921685728,-0.014659308691636614,11.955860440167001
900,confirmation,2029,4,11.813037464800539,11.811796823408972,0.02657942408669243,11.831731391473992
906,confirmation,2029,4,11.759793355371237,11.75454565465218,-0.005482968477741119,11.750433428293874
910,confirmation,2029,4,12.066816325306588,12.052088364717902,-0.0029324422708671177,12.049889033014752
914,confirmation,2029,4,11.884495917930655,11.854040583144693,0.06484571234906127,11.902674867406489
920,confirmation,2029,4,12.081081821061819,12.048260440416273,0.027905511356252757,12.069189573933462
926,confirmation,2029,4,12.07254696717504,11.974097075584641,-0.024115557409030937,11.956010407527868
957,confirmation,2029,4,11.728044909070785,11.708147607405714,0.00416981595836487,11.711274969374488
962,confirmation,2029,4,12.513561021741964,12.437318709568707,0.027588257541909873,12.45800990272514
967,confirmation,2029,4,11.982935344196433,11.8309757818981,0.07047797436402624,11.88383426267112
968,confirmation,2029,4,11.813037464800539,11.824236149778441,0.019734586980960804,11.839037090014163
970,confirmation,2029,4,11.849404844423074,11.695723004456854,0.02782720072485697,11.716593405000497
972,confirmation,2029,4,12.06105265381003,11.991083914424385,-0.005336059628135128,11.987081869703283
980,confirmation,2029,4,11.842236406331555,11.787986821573556,-0.003574908678651819,11.785305640064568
982,confirmation,2029,4,12.724869415131389,12.687837294966828,-0.01353228251479592,12.677688083080731
986,confirmation,2029,4,11.736077016252437,11.642535564504069,0.04670553234804598,11.677564713765104
990,confirmation,2029,4,12.190964083849375,12.161136003938214,0.0239149432201239,12.179072211353308
992,confirmation,2029,4,12.031725210748633,12.036480107235734,-0.024549388913203816,12.018068065550832
1009,confirmation,2029,4,12.388398368982115,12.413170193983312,-0.029583356454302885,12.390982676642585
1019,confirmation,2029,4,11.982935344196433,12.043492971290608,-0.008232347113190973,12.037318710955715
1020,confirmation,2029,4,12.271349956195543,12.219812119103649,-0.01310318837663444,12.209984727821173
1024,confirmation,2029,4,12.160033942617156,12.163979437863343,-0.02381339060757536,12.146119394907661
1025,confirmation,2029,4,12.567240979056246,12.619579180707179,-0.023032750954008193,12.602304617491672
1026,confirmation,2029,4,11.630717389475995,11.728582051669473,-0.005803462057686797,11.724229455126208
1027,confirmation,2029,4,12.02874460037869,11.887499783761516,-0.005482968477741119,11.88338755740321
1036,confirmation,2029,4,11.338583982516495,11.362081768293933,-0.06906476323331329,11.310283195868948
1038,confirmation,2029,4,12.567240979056246,12.432276306665354,-0.04870808096588657,12.395745245940939
1042,confirmation,2029,4,12.06105265381003,11.978863834739123,0.04649639873157461,12.013736133787804
1048,confirmation,2029,4,11.884495917930655,11.889754391668298,-0.002828567927340308,11.887632965722792
1055,confirmation,2029,4,12.449022745701502,12.475698298828693,-0.03799787873494565,12.447199889777483
1070,confirmation,2029,4,11.813037464800539,11.765419219858881,0.016759692850614315,11.777988989496842
1078,confirmation,2029,4,11.840796531639839,11.77579250987632,-0.021119221633294917,11.75995309365135
1081,confirmation,2029,4,11.884495917930655,12.008676223778105,-0.007603300361861116,12.00297374850671
1085,confirmation,2029,4,12.141539457711714,12.116181793271679,0.01617114128496623,12.128310149235404
1086,confirmation,2029,4,11.898194668458823,11.97939406495278,0.0102466984256025,11.987079088771981
1103,confirmation,2029,4,11.813037464800539,11.818220306178244,-0.019773225068679998,11.803390387376734
1117,confirmation,2029,4,12.123239799036943,12.109600151825928,-0.02130131473581986,12.093624165774063
1118,confirmation,2029,4,11.775297421715827,11.833265302811734,0.015869221855751507,11.845167219203548
1122,confirmation,2029,4,12.268582547911404,12.275034537086862,0.006469892741705091,12.279886956643141
1131,confirmation,2029,4,11.813037464800539,11.99685113620689,-0.03509814064500816,11.970527530723135
1137,confirmation,2029,4,11.686887175419702,11.704956493470643,-0.11139586315187763,11.621409596106735
1157,confirmation,2029,4,12.100161978566867,12.105023683834515,0.03864272817062555,12.134005729962485
1168,confirmation,2029,4,12.06105265381003,12.16845971795475,0.01617114128496623,12.180588073918475
1173,confirmation,2029,4,12.05467400868968,11.990944844533528,0.019421727474523538,12.00551114013942
1178,confirmation,2029,4,11.652696102959753,11.616846356495254,-0.04309907147745281,11.584522052887165
1186,confirmation,2029,4,11.560772327227417,11.744016618016532,0.011053539192025898,11.752306772410552
1188,confirmation,2029,4,12.476103599529843,12.551152248813676,0.005571301041037417,12.555330724594453
1196,confirmation,2029,4,12.07824495582233,11.982306484060217,0.0054609390540253135,11.986402188350736
1198,confirmation,2029,4,11.87757552297847,11.961839837299465,0.042670125273308025,11.993842431254446
1199,confirmation,2029,4,12.08954444723597,12.041000896288466,-0.015960662440217932,12.029030399458303
1224,confirmation,2029,4,11.834291315386718,11.845720608031044,-0.0647202029382461,11.797180455827359
1240,confirmation,2029,4,12.490879338036375,12.33174283785234,-0.05692138140680739,12.289051801797235
1244,confirmation,2029,4,13.049794835104816,12.95139272112108,-0.08082849065928513,12.890771353126615
1246,confirmation,2029,4,12.08954444723597,12.189858330462872,0.004885240779134718,12.193522261047223
1260,confirmation,2029,4,11.92504173829169,11.884812661758328,0.027905511356252757,11.905741795275517
1261,confirmation,2029,4,12.10625783509458,12.156217355968444,-0.0029324422708671177,12.154018024265294
1266,confirmation,2029,4,12.12215284831553,12.030303590225577,0.030131929705464452,12.052902537504675
1267,confirmation,2029,4,11.711784520403112,11.78273686924829,-0.08362349867780519,11.720019245239936
1274,confirmation,2029,4,12.083910661257521,12.017443229729071,0.004437028094284399,12.020771000799785
1275,confirmation,2029,4,11.842236406331555,11.83980647501539,0.06484571234906127,11.888440759277186
1277,confirmation,2029,4,11.995357787034976,12.018941524476585,0.008144127007506542,12.025049619732215
1284,confirmation,2029,4,11.842236406331555,11.846200333622487,-0.03407832108192365,11.820641592811045
1288,confirmation,2029,4,12.154784614286667,12.028163381343246,0.04730547791485622,12.063642489779388
1293,confirmation,2029,4,11.58525542883217,11.683755531325465,-0.08312307556267445,11.621413224653459
1305,confirmation,2029,4,11.775297421715827,11.904489075920521,-0.044134956912169294,11.871387858236394
1318,confirmation,2029,4,12.249615734512616,12.164963915710517,0.010229846858836485,12.172636300854645
1325,confirmation,2029,4,11.898194668458823,12.588568111107799,0.02867599208050895,12.61007510516818
1328,confirmation,2029,4,11.779136168550774,11.774100934090896,0.03405841981747045,11.799644748953998
1335,confirmation,2029,4,11.736077016252437,11.644693787101438,0.017656188633134916,11.65793592857629
1336,confirmation,2029,4,12.031129798974042,11.980531527255462,-0.011333654330370684,11.972031286507683
1340,confirmation,2029,4,11.763691965388299,11.743092488657023,0.03841016485098874,11.771900112295265
1343,confirmation,2029,4,12.339295865674435,12.429093081680636,-0.05168297509623306,12.390330850358461
1346,confirmation,2029,4,11.59451466851004,11.444792713291939,-0.033084910716102076,11.419979030254863
1349,confirmation,2029,4,12.278397958261774,12.423795803526238,-0.025455337109041666,12.404704300694457
1352,confirmation,2029,4,12.049424683420915,11.988479351068136,-0.0020533790429228785,11.986939316785945
1353,confirmation,2029,4,11.812296455066814,11.71731292299486,0.06187821754808807,11.763721586155926
1358,confirmation,2029,4,11.917730355182513,11.981071017058186,0.013994812860136112,11.991567126703288
1360,confirmation,2029,4,12.660331092405906,12.846607567787556,-0.014183513022080338,12.835969933020996
1362,confirmation,2029,4,12.468440756144114,12.453850647379971,0.027243169392702063,12.474283024424498
1364,confirmation,2029,4,11.963574241653713,12.038236076574014,0.004327926099755807,12.04148202114883
1370,confirmation,2029,4,12.354496960983985,12.444526195687034,-0.043397105877200366,12.411978366279135
1379,confirmation,2029,4,11.326607934898927,11.525256484760945,-0.004703956836836724,11.521728517133317
1383,confirmation,2029,4,11.964007453736912,11.90310913204309,-0.006060196021314324,11.898563985027105
1390,confirmation,2029,4,11.782960235741939,11.806308305869127,0.031140526836928757,11.829663700996823
1394,confirmation,2029,4,12.001511614739405,11.828218722401216,-0.05361383134222513,11.788008348894547
1397,confirmation,2029,4,11.982935344196433,12.017221371444952,0.035050198957541065,12.043509020663109
1400,confirmation,2029,4,11.831022768939789,11.967688912923673,-0.04466016487239879,11.934193789269374
1402,confirmation,2029,4,12.170450649220749,12.115993813442397,0.0054609390540253135,12.120089517732916
1404,confirmation,2029,4,12.552930054797935,12.272465070130005,-0.021825006994412692,12.256096314884196
1405,confirmation,2029,4,11.561725152903833,11.549154019513887,-0.13449592834412666,11.448282073255792
1406,confirmation,2029,4,12.524530013005734,12.548085058888692,0.04392518991943237,12.581028951328266
1411,confirmation,2029,4,12.345838935721968,12.254317948720292,-0.015960662440217932,12.24234745189013
1421,confirmation,2029,4,12.100161978566867,12.039541195278476,0.027247710563339887,12.05997697820098
1422,confirmation,2029,4,11.755879486687116,11.837802642514452,-0.0016742459710228507,11.836546958036186
1426,confirmation,2029,4,11.863589378812122,11.871485169812843,-0.0020533790429228785,11.869945135530651
1428,confirmation,2029,4,11.849404844423074,11.863642522034594,0.008683837771449899,11.870155400363181
1430,confirmation,2029,4,12.116700301832573,12.175604409178087,0.024613363411563383,12.19406443173676
1433,confirmation,2029,4,11.07443600653965,11.519803153382258,0.01974254636959045,11.53461006315945
1436,confirmation,2029,4,12.066816325306588,12.054629256466777,-0.07122533917963748,12.001210252082048
1451,confirmation,2029,4,11.820417517632333,11.7894385271328,-0.019187324891319753,11.77504803346431
1453,confirmation,2029,4,11.884495917930655,11.812868720066868,-0.01947499135536223,11.798262476550347
1458,confirmation,2029,4,12.493133274926212,12.449596406776429,0.0717038264057741,12.50337427658076
1460,confirmation,2029,4,11.901590234400047,11.921717742791015,-0.010707412248425927,11.913687183604695
1,confirmation,2029,5,12.24769911637256,12.172961036658052,-0.0031627350285746035,12.17058898538662
6,confirmation,2029,5,11.870606902224587,11.990160239543762,0.0038246491689097684,11.993028726420444
13,confirmation,2029,5,11.87757552297847,11.804128409941136,-0.011568098905362874,11.795452335762114
14,confirmation,2029,5,12.540761149388421,12.317297242500432,-0.011032155150532543,12.309023126137532
17,confirmation,2029,5,11.91170829631447,11.910462350781616,0.015215027694476729,11.921873621552473
25,confirmation,2029,5,11.944714374881176,11.893000823834596,0.014323586638361478,11.903743513813367
35,confirmation,2029,5,12.533579815765737,12.591821471813379,-0.012853321424146576,12.58218148074527
36,confirmation,2029,5,12.6410997921206,12.64459999434209,0.027386753702102442,12.665140059618668
48,confirmation,2029,5,12.428019481065613,12.378733274391555,0.01293925740288188,12.388437717443717
56,confirmation,2029,5,12.103491596905931,12.016545520839834,-0.015404619849270138,12.004992055952881
60,confirmation,2029,5,11.735276702486741,11.697965622197541,0.04130352246841628,11.728943264048853
61,confirmation,2029,5,11.970356641102999,12.04595040434691,-0.0484747035968822,12.009594376649247
69,confirmation,2029,5,11.289794413577894,11.338771992131276,-0.04621233978689534,11.304112737291105
73,confirmation,2029,5,12.128116509451258,12.166255821746562,-0.011882157140438894,12.157344203891233
74,confirmation,2029,5,11.88380602959621,11.886267131726543,0.03350560037520094,11.911396332007943
77,confirmation,2029,5,11.818577604251555,11.644002034627347,0.052530765166288906,11.683400108502063
82,confirmation,2029,5,11.941462360646149,12.05505026105805,-0.00951796072472581,12.047911790514505
83,confirmation,2029,5,12.409017571151187,12.310638169222612,0.01710825762543623,12.323469362441688
84,confirmation,2029,5,11.748005492256807,11.783907544755001,0.013247280997804721,11.793843005503355
86,confirmation,2029,5,12.468440756144114,12.485664911668705,0.015976769174453596,12.497647488549545
87,confirmation,2029,5,12.066816325306588,12.070233861664056,-0.0027341230717319786,12.068183269360256
90,confirmation,2029,5,11.724813914587886,11.67582939584779,0.031032138423796565,11.699103499665638
93,confirmation,2029,5,12.004574385508691,11.833562772639509,0.08172064271119245,11.894853254672903
94,confirmation,2029,5,11.804855999911272,12.07177254326509,-0.03035782610867945,12.049004173683581
107,confirmation,2029,5,11.51293546492023,11.368036540064747,-0.033342864084707456,11.343029392001217
115,confirmation,2029,5,12.466515835145202,12.356588128448843,0.058949105445959986,12.400799957533312
123,confirmation,2029,5,11.820417517632333,11.839693108438064,0.01245914693612497,11.849037468640159
125,confirmation,2029,5,12.10625783509458,12.053725431852516,0.004037560610013795,12.056753602310026
129,confirmation,2029,5,11.951186847493476,11.889409087335688,-0.0066600376833301665,11.88441405907319
131,confirmation,2029,5,12.328294703023396,12.257453786572416,-0.05969201750621175,12.212684773442756
132,confirmation,2029,5,12.404927602627597,12.315316409068817,-0.0027341230717319786,12.313265816765018
134,confirmation,2029,5,12.301387370778713,12.229521998542634,-0.058729391389222854,12.185474955000716
139,confirmation,2029,5,12.345838935721968,12.431069579696024,-0.021477970947722337,12.414961101485233
140,confirmation,2029,5,12.352339472153524,12.24545168362777,0.0016174187652136579,12.246664747701681
144,confirmation,2029,5,12.225880174775122,12.31313914105985,-0.008481966261285574,12.306777666363885
147,confirmation,2029,5,11.561725152903833,11.535175146903267,0.019316070598447043,11.549662199852103
151,confirmation,2029,5,11.711784520403112,11.819950425874298,0.017340165562767944,11.832955550046375
155,confirmation,2029,5,11.736077016252437,11.543280426420212,-0.09984035516773736,11.468400160044409
158,confirmation,2029,5,12.504327379899443,12.519616982158638,-0.006518548480955829,12.514728070797922
165,confirmation,2029,5,11.931642378754141,11.882453647683702,-0.010563469425585469,11.874531045614512
171,confirmation,2029,5,11.763691965388299,11.69675480193152,-0.022737666211274703,11.679701552273064
172,confirmation,2029,5,12.278397958261774,12.11054310765836,-0.01264873909091838,12.101056553340172
173,confirmation,2029,5,12.384223015005313,12.226265909089523,0.07545687065601099,12.282858562081532
180,confirmation,2029,5,11.51293546492023,11.651606191185044,-0.022737666211274703,11.634552941526588
192,confirmation,2029,5,12.122696471358964,12.028377618930357,-0.01525168655017679,12.016938854017724
194,confirmation,2029,5,11.775297421715827,11.870885293198514,-0.04998707696590866,11.833394985474083
201,confirmation,2029,5,11.849404844423074,11.873029239780879,0.02088191851330221,11.888690678665855
211,confirmation,2029,5,11.49273296168228,11.451848056797276,-0.03321277721452688,11.42693847388638
216,confirmation,2029,5,11.808955099378537,11.84367625233684,0.01969994509969517,11.858451211161611
218,confirmation,2029,5,11.580593459194764,11.363120213724159,-0.115970912588004,11.276142029283156
226,confirmation,2029,5,11.626263078808801,11.536566426640947,-0.009395955434798087,11.529519460064849
228,confirmation,2029,5,11.571203807011969,11.488658879877393,0.02002282758710293,11.50367600056772
234,confirmation,2029,5,11.761354623750297,11.786786721474757,0.024265046543674052,11.804985506382511
238,confirmation,2029,5,12.178192583415596,12.299799766442543,0.004967851814882009,12.303525655303705
240,confirmation,2029,5,11.635151947212842,11.741795152526517,-0.056773824975244164,11.699214783795084
241,confirmation,2029,5,12.47801017053037,12.543195072804352,0.019864138383787987,12.558093176592193
243,confirmation,2029,5,11.277215789596893,11.482453083051226,-0.058168051084891335,11.438827044737558
245,confirmation,2029,5,12.230770136157428,12.362752641299947,-0.02289591497051311,12.345580705072061
247,confirmation,2029,5,11.827743504053695,11.799510897483321,0.005691561065187458,11.803779568282211
261,confirmation,2029,5,12.07824495582233,12.061716008949952,-0.020723851081981107,12.046173120638466
267,confirmation,2029,5,12.128116509451258,12.093463779005281,0.011329690326918974,12.101961046750471
271,confirmation,2029,5,12.491255347155265,12.478114860513603,0.007809112639366503,12.483971694993128
272,confirmation,2029,5,12.394628892852941,12.289117940019,0.0843399326168706,12.352372889481654
273,confirmation,2029,5,12.577639650232573,12.614005589336644,0.03785183455226049,12.64239446525084
277,confirmation,2029,5,12.211065162153215,12.188399590119325,-0.033401623732930395,12.163348372319627
278,confirmation,2029,5,11.856522261533737,11.559202109604003,0.04670321600023313,11.594229521604179
281,confirmation,2029,5,12.339295865674435,12.310755616585297,-0.02175138584911809,12.294442077198457
283,confirmation,2029,5,12.242891437918386,12.284051618664654,0.0532267831525054,12.323971706029033
287,confirmation,2029,5,11.976665770490767,12.140009757373727,0.021203729102064948,12.155912554200276
291,confirmation,2029,5,12.359784657728284,12.407110703157644,0.015144830754520836,12.418469326223533
297,confirmation,2029,5,11.931642378754141,11.774069725570325,-0.032347469857406906,11.74980912317727
298,confirmation,2029,5,12.384223015005313,12.310520408224447,0.025459169249848725,12.329614785161834
302,confirmation,2029,5,12.495007682693725,12.515352769233864,-0.025646971170276686,12.496117540856156
305,confirmation,2029,5,12.59473402514672,12.532930458406858,0.00725662334711608,12.538372925917194
309,confirmation,2029,5,11.320565693461432,11.626475935569168,0.012806806522239481,11.636081040460848
322,confirmation,2029,5,12.777055016970678,12.739786336777554,0.014473171313608115,12.75064121526276
333,confirmation,2029,5,12.556733038263905,12.663734136313874,0.013322940303451488,12.673726341541462
337,confirmation,2029,5,12.841132451487937,12.806040782604958,0.01925834021898184,12.820484537769195
350,confirmation,2029,5,12.988043102265232,13.083831644733884,0.04107298209785539,13.114636381307276
357,confirmation,2029,5,12.06105265381003,12.018057992142753,0.005335287030569153,12.02205945741568
360,confirmation,2029,5,12.54254845357358,12.532407827367019,0.015976769174453596,12.544390404247858
362,confirmation,2029,5,11.884495917930655,11.848825766608941,-0.0032284649542370985,11.846404417893263
366,confirmation,2029,5,11.898194668458823,11.705781131071433,-0.005633934082168403,11.701555680509806
371,confirmation,2029,5,12.057578437658945,12.116739039545049,0.011329690326918974,12.125236307290239
375,confirmation,2029,5,12.299112067295642,12.227140970137986,-0.0073317352511289595,12.22164216869964
381,confirmation,2029,5,11.751950239425476,11.962077631589015,0.07611539195517512,12.019164175555396
385,confirmation,2029,5,12.388398368982115,12.515193232232754,0.009171190525051075,12.522071625126543
391,confirmation,2029,5,11.686887175419702,11.76682364040133,-0.010076972429154289,11.759265911079465
395,confirmation,2029,5,11.599112335481124,11.607541057690678,-0.022737666211274703,11.590487808032222
409,confirmation,2029,5,12.54254845357358,12.533754689228111,0.025561829726364792,12.552926061522884
410,confirmation,2029,5,12.73596827534975,12.625322138641224,-0.000935469526573471,12.624620536496293
413,confirmation,2029,5,12.310437165348775,12.414991885776141,0.04390721236074255,12.447922295046698
420,confirmation,2029,5,11.863589378812122,11.783441615783056,0.013711243692106946,11.793725048552137
421,confirmation,2029,5,12.237091546357338,12.151892899355023,-0.08113354228345158,12.091042742642435
425,confirmation,2029,5,11.842236406331555,11.877034872995614,-0.015404619849270138,11.86548140810866
429,confirmation,2029,5,12.182809136284991,12.190623529481313,-0.011032155150532543,12.182349413118413
435,confirmation,2029,5,11.302216779257382,11.328781806042395,-0.006371836333840116,11.324002928792014
440,confirmation,2029,5,11.608244735642321,11.831416643512974,0.01828298665693745,11.845128883505676
445,confirmation,2029,5,12.25486757159303,12.29730505753197,-0.0031627350285746035,12.294933006260539
447,confirmation,2029,5,12.154784614286667,12.299780919499735,-0.004579328988617261,12.296346422758273
460,confirmation,2029,5,11.608244735642321,11.673039418812468,-0.0488222533467579,11.6364227288024
479,confirmation,2029,5,12.601490784782536,12.620572916251138,-0.026797202180433306,12.600475014615814
486,confirmation,2029,5,11.898194668458823,11.924275487016468,0.02543048838413821,11.943348353304572
489,confirmation,2029,5,11.982935344196433,11.754429710708845,-0.03356940214779694,11.729252659097996
495,confirmation,2029,5,11.421917019425596,11.51319983066612,-0.0007520924360587293,11.512635761339075
499,confirmation,2029,5,11.775297421715827,11.790994953937448,0.002907026545020143,11.793175223846212
503,confirmation,2029,5,11.849404844423074,11.781762194088568,-0.01758742075398724,11.768571628523077
506,confirmation,2029,5,11.732069026983156,11.726697770185234,-0.01742697893482745,11.713627535984115
507,confirmation,2029,5,12.278397958261774,12.282262889726212,-0.01827312806421014,12.268558043678054
517,confirmation,2029,5,11.970356641102999,12.034067656784075,-0.015287513798937263,12.02260202143487
521,confirmation,2029,5,11.573559498507079,11.382748569044852,-0.029173863862153107,11.360868171148237
527,confirmation,2029,5,11.790564777297387,11.815971195175177,0.02658071939429483,11.835906734720897
532,confirmation,2029,5,11.759793355371237,11.76675805704558,0.05839453111242073,11.810553955379895
533,confirmation,2029,5,11.58525542883217,11.526862911819796,0.03350560037520094,11.551992112101196
536,confirmation,2029,5,11.58525542883217,11.759549921537984,-0.013418420531432888,11.74948610613941
539,confirmation,2029,5,11.970356641102999,11.84825892235488,-0.010892926841724028,11.840089227223586
548,confirmation,2029,5,11.771443882099637,11.751447792795023,0.0328386469644615,11.77607677801837
550,confirmation,2029,5,12.479913113434042,12.36121622784349,0.024308938239692112,12.37944793152326
553,confirmation,2029,5,12.450981602512561,12.497895715036512,0.013322940303451488,12.5078879202641
557,confirmation,2029,5,11.856522261533737,11.902769661282994,0.01163053499739404,11.91149256253104
560,confirmation,2029,5,12.36308066783498,12.149732446867219,-0.021192284144365484,12.133838233758945
566,confirmation,2029,5,11.759793355371237,11.769076049342777,-0.07655068757804682,11.711663033659242
567,confirmation,2029,5,12.691583538230217,12.664180861125857,0.023427340441536187,12.681751366457009
574,confirmation,2029,5,12.04355959836804,12.02940476892813,-0.010731926130282274,12.021355824330417
577,confirmation,2029,5,11.884495917930655,11.927812085563074,0.023155077606931192,11.945178393768273
581,confirmation,2029,5,12.111217862017215,12.117545854419692,-0.01150420996952337,12.10891769694255
586,confirmation,2029,5,12.820990681250251,12.867438775148242,-0.0005298470733676027,12.867041389843216
592,confirmation,2029,5,13.02132904585825,12.965290487194425,0.06928114124731616,13.017251343129912
594,confirmation,2029,5,11.849404844423074,11.847808546955108,0.0016174187652136579,11.849021611029018
598,confirmation,2029,5,12.176654133447505,12.135648043778875,-0.012510568987235179,12.126265117038448
600,confirmation,2029,5,11.92504173829169,11.942611856366588,0.013002871863387902,11.952364010264128
601,confirmation,2029,5,12.524530013005734,12.47131703932876,0.027386753702102442,12.491857104605337
604,confirmation,2029,5,11.92504173829169,11.956776685203387,0.03238405023075484,11.981064722876454
606,confirmation,2029,5,12.230770136157428,12.166538334924065,-0.07375583090486272,12.111221461745417
608,confirmation,2029,5,12.323860125621126,12.114311347481939,-0.001332390263214309,12.113312054784528
617,confirmation,2029,5,12.118339189722553,12.108327523621002,0.011329690326918974,12.116824791366192
620,confirmation,2029,5,12.628070334272698,12.71250961359003,-0.053410160156511885,12.672451993472645
626,confirmation,2029,5,11.982935344196433,11.871288900200346,-0.004579328988617261,11.867854403458884
635,confirmation,2029,5,11.87757552297847,11.816183062529396,-0.03150235523007448,11.79255629610684
641,confirmation,2029,5,12.520887034998584,12.527007491884403,0.018642171536162464,12.540989120536524
643,confirmation,2029,5,12.75130259456002,12.728163651879632,-0.01958415726366435,12.713475533931883
646,confirmation,2029,5,11.872353615355413,11.83292620685844,-0.019573620071824494,11.818245991804572
654,confirmation,2029,5,11.813037464800539,11.800957147862125,0.01888982964514283,11.815124520095981
658,confirmation,2029,5,11.91170829631447,11.989361990191206,0.03313372751619011,12.014212285828348
659,confirmation,2029,5,11.487617913343598,11.77059444884235,-0.053392030182550856,11.730550426205438
676,confirmation,2029,5,11.908346971208951,11.880862152967989,-0.023183735809902132,11.863474351110563
690,confirmation,2029,5,12.179220327453933,12.146079166556481,0.014658862781452862,12.15707331364257
696,confirmation,2029,5,12.07824495582233,12.061330343459078,0.027166996855428716,12.081705591100649
701,confirmation,2029,5,12.652362948153474,12.638326588208344,-0.04466557799057191,12.604827404715415
703,confirmation,2029,5,12.799178471909892,12.796370653271005,0.11218069448731653,12.880506174136492
716,confirmation,2029,5,12.013706813470414,11.916772175206129,0.004037560610013795,11.919800345663639
723,confirmation,2029,5,11.732069026983156,11.661840651975586,0.04721153393357794,11.697249302425769
728,confirmation,2029,5,12.178192583415596,12.19894239357374,-0.008481966261285574,12.192580918877775
733,confirmation,2029,5,12.312686874960354,12.376538630889463,-0.0031627350285746035,12.374166579618032
736,confirmation,2029,5,12.001511614739405,12.03125213997364,-0.02155835114837925,12.015083376612356
744,confirmation,2029,5,12.07254696717504,11.941554428991425,-0.01688733013807385,11.92888893138787
745,confirmation,2029,5,12.100717685412471,12.272372453534096,0.05892452755845589,12.316565849202938
746,confirmation,2029,5,12.61087420020211,12.720377133755296,0.03646703972321062,12.747727413547704
751,confirmation,2029,5,11.477308649967686,11.437824693194136,-0.026417983103801352,11.418011205866286
755,confirmation,2029,5,11.957617696467539,11.864519991007738,0.0104813638056926,11.872381013862007
763,confirmation,2029,5,12.279327754099118,12.205118776816416,0.08811050621811344,12.27120165648
779,confirmation,2029,5,11.87757552297847,11.785480076918198,0.036074841948437,11.812536208379525
791,confirmation,2029,5,11.984184555794167,11.998098301516187,-0.03525609754301643,11.971656228358924
792,confirmation,2029,5,11.896833207128452,11.911370673976267,-0.022431543113220143,11.89454701664135
795,confirmation,2029,5,12.178192583415596,12.202009986850959,-0.0065629259077279204,12.197087792420163
798,confirmation,2029,5,11.608244735642321,11.510145656924879,-0.030390416474224316,11.48735284456921
800,confirmation,2029,5,12.07254696717504,12.020529498319334,0.088984867657363,12.087268149062357
816,confirmation,2029,5,12.323415584358154,12.205246926723765,-0.00040685427022284833,12.204941786021099
817,confirmation,2029,5,11.827743504053695,11.836216327985694,0.01969994509969517,11.850991286810466
823,confirmation,2029,5,12.323860125621126,12.137132932383446,-0.05158886911375286,12.098441280548132
828,confirmation,2029,5,12.149507585033072,12.17867086610312,-0.030971026961575835,12.155442595881938
835,confirmation,2029,5,11.849047640327147,11.829357606889854,0.010955362933755194,11.83757412909017
836,confirmation,2029,5,11.759793355371237,11.781289074431202,0.03815955338995679,11.80990873947367
837,confirmation,2029,5,11.941462360646149,11.775769120630544,-0.008207337822369699,11.769613617263767
839,confirmation,2029,5,11.87757552297847,11.933664558538164,0.021509165785322297,11.949796432877156
842,confirmation,2029,5,11.967187086434018,11.926428491770979,0.004567138796652243,11.929853845868468
846,confirmation,2029,5,12.049424683420915,12.114101747149451,-0.023806509230218355,12.096246865226787
849,confirmation,2029,5,12.388398368982115,12.381697144004015,0.04454540563527915,12.415106198230474
851,confirmation,2029,5,11.78676973513378,11.855703392727321,0.002767649775370285,11.857779130058848
861,confirmation,2029,5,12.154521423145216,12.070873309700442,0.05210053207900836,12.109948708759697
863,confirmation,2029,5,11.931642378754141,11.872077384317373,-0.029919634747030122,11.849637658257102
866,confirmation,2029,5,11.908346971208951,11.825501666049293,0.005636131701044219,11.829728764825076
873,confirmation,2029,5,11.661354090741,11.669806479315703,0.03074971961684918,11.69286876902834
888,confirmation,2029,5,11.816734299348461,11.806137200290708,-0.013418420531432888,11.796073384892134
901,confirmation,2029,5,11.608244735642321,11.645371189940487,0.028567408260640557,11.666796746135967
902,confirmation,2029,5,11.938199736300925,11.85818233228173,0.02543048838413821,11.877255198569834
907,confirmation,2029,5,12.449022745701502,12.462058037507758,0.01293925740288188,12.471762480559919
916,confirmation,2029,5,11.225256725762893,11.349695478979086,-0.038404603341789585,11.320892026472745
921,confirmation,2029,5,12.211065162153215,12.224641094017677,-0.03684451572793622,12.197007707221726
928,confirmation,2029,5,12.07824495582233,12.09108110940347,-0.03448647042118617,12.065216256587581
932,confirmation,2029,5,11.674202123168433,11.754500907472636,0.005636131701044219,11.758728006248418
936,confirmation,2029,5,11.288543647320601,11.472591700154343,0.06546528487831048,11.521690663813075
938,confirmation,2029,5,12.441148720271016,12.355915182248918,0.024308938239692112,12.374146885928687
941,confirmation,2029,5,11.924379271639218,12.054361340765888,-0.00951796072472581,12.047222870222344
948,confirmation,2029,5,12.506180941677357,12.557390116830794,-0.057579160379066234,12.514205746546494
952,confirmation,2029,5,11.694421681264394,11.647258773227811,0.0015182179705886785,11.648397436705753
955,confirmation,2029,5,11.755879486687116,11.753602042133805,-0.044879862685757305,11.719942145119488
960,confirmation,2029,5,11.951186847493476,12.07898471809475,0.03238405023075484,12.103272755767817
966,confirmation,2029,5,12.094587859196112,12.023533555958089,-0.024933844621892368,12.00483317249167
975,confirmation,2029,5,12.02874460037869,12.014544710959317,-0.0012363163378376228,12.013617473705938
976,confirmation,2029,5,12.013706813470414,12.106481129838363,0.038372751638343056,12.13526069356712
979,confirmation,2029,5,11.608244735642321,11.565287156647006,0.0015991521094176004,11.56648652072907
985,confirmation,2029,5,11.744045122410057,11.74217498895275,0.01835497755781477,11.75594122212111
987,confirmation,2029,5,11.669937760751914,11.73262950423802,0.005691561065187458,11.73689817503691
989,confirmation,2029,5,12.180759965737863,12.181448442599562,0.01325720172247154,12.191391343891416
993,confirmation,2029,5,12.138869243416009,12.192523822135731,0.011631594815849227,12.201247518247618
997,confirmation,2029,5,11.824087219587643,11.781020067259815,0.03423027348860018,11.806692772376266
1001,confirmation,2029,5,11.314486721293981,11.227555708876551,-0.09993998419043848,11.152600720733723
1006,confirmation,2029,5,11.917730355182513,11.829969680846572,0.04464497057069489,11.863453408774593
1017,confirmation,2029,5,12.220966184120165,12.361910353592865,-0.008481966261285574,12.3555488788969
1031,confirmation,2029,5,11.982935344196433,11.750628878794958,0.10523989814813595,11.82955880240606
1032,confirmation,2029,5,12.190964083849375,12.214649823340332,-0.06184697052977195,12.168264595443004
1035,confirmation,2029,5,11.693169865968983,11.713614575872333,0.08287087372134906,11.775767731163345
1041,confirmation,2029,5,11.951186847493476,11.991674320583995,-0.05116748400153385,11.953298707582844
1043,confirmation,2029,5,12.185875040240456,12.180874728195386,0.013508631771296246,12.191006202023859
1047,confirmation,2029,5,13.229569788348705,12.976097223381583,0.0717793326181618,13.029931722845204
1049,confirmation,2029,5,11.652696102959753,11.819907922193062,-0.03644990799090007,11.792570491199887
1050,confirmation,2029,5,11.349241150793087,11.602168747274376,0.036387799875718836,11.629459597181166
1058,confirmation,2029,5,12.421188057397055,12.322068069302922,0.04300767528651765,12.35432382576781
1061,confirmation,2029,5,12.271396795480596,12.226657160064368,0.06168040831680765,12.272917466301974
1063,confirmation,2029,5,11.407576060361786,11.729011211851091,-0.030807076313575835,11.705905904615909
1084,confirmation,2029,5,11.982935344196433,11.969804650151112,0.0014093724189709602,11.97086167946534
1089,confirmation,2029,5,11.83138646878959,11.79626893356924,-0.04998707696590866,11.758778625844808
1096,confirmation,2029,5,12.080696479888445,12.113671282629275,0.002767649775370285,12.115747019960802
1111,confirmation,2029,5,12.144202560946876,12.108996227076638,0.0025851081609789975,12.110935058197372
1121,confirmation,2029,5,11.681832447342321,11.66694859097822,-0.013142937362806643,11.657091387956116
1129,confirmation,2029,5,12.278397958261774,12.23525938544841,-0.010731926130282274,12.227210440850698
1133,confirmation,2029,5,11.674202123168433,11.764691531665262,-0.0787017933707904,11.70566518663717
1136,confirmation,2029,5,11.532737896139919,11.56459578708033,0.023020316002192644,11.581861024081975
1140,confirmation,2029,5,11.87757552297847,11.717426730086771,-0.007397465176791451,11.711878631204177
1145,confirmation,2029,5,11.289794413577894,11.34157692233879,-0.019392638646507625,11.32703244335391
1147,confirmation,2029,5,12.100717685412471,12.100264989293366,-0.023930933339441896,12.082316789288784
1154,confirmation,2029,5,11.699413330633599,11.648242480688,0.022231277747421434,11.664915938998565
1156,confirmation,2029,5,12.292254928916668,12.241009233835001,0.07410115621361858,12.296585100995214
1160,confirmation,2029,5,12.128116509451258,12.17390615655091,0.01742620194502589,12.186975808009679
1162,confirmation,2029,5,12.319405795112926,12.217733796273182,0.05977665756623573,12.262566289447859
1163,confirmation,2029,5,11.767575435251748,11.746660184255932,-0.023806509230218355,11.728805302333267
1164,confirmation,2029,5,11.59873612138334,11.86218184289055,-0.05804236019948637,11.818650072740935
1170,confirmation,2029,5,13.345508528717259,13.262390977805689,0.19792227414072391,13.410832683411233
1172,confirmation,2029,5,12.001511614739405,11.990661349954182,-0.007335209746969019,11.985159942643955
1174,confirmation,2029,5,12.208574513247495,12.239311443001084,0.04655251870135676,12.274225832027101
1181,confirmation,2029,5,12.429220196836383,12.345032371273785,0.023099105957322123,12.362356700741776
1182,confirmation,2029,5,12.880294363972055,12.557604941170295,0.04211491250388419,12.589191125548208
1189,confirmation,2029,5,12.180759965737863,12.130028530781885,-0.008481966261285574,12.123667056085921
1192,confirmation,2029,5,12.066816325306588,12.025985472426177,0.01293925740288188,12.035689915478338
1195,confirmation,2029,5,11.970356641102999,11.878675995041597,-0.013969127523757317,11.868199149398778
1201,confirmation,2029,5,11.6617850286409,11.539045554572976,0.058219269258750095,11.582710006517038
1205,confirmation,2029,5,11.941462360646149,11.9268666509562,0.019752015281162147,11.94168066241707
1208,confirmation,2029,5,12.206077645517674,12.3114263403183,0.015681232163864613,12.323187264441199
1209,confirmation,2029,5,11.849404844423074,11.841628180142527,0.03074971961684918,11.864690469855164
1213,confirmation,2029,5,11.635151947212842,11.387622468421487,0.020876216624540606,11.403279630889893
1216,confirmation,2029,5,11.736077016252437,11.593707457791995,-0.023806509230218355,11.57585257586933
1218,confirmation,2029,5,12.343470927093518,12.427665655267509,-0.006254700759284445,12.422974629698045
1221,confirmation,2029,5,11.652696102959753,11.634165296324019,-0.021645834308284345,11.617930920592805
1233,confirmation,2029,5,11.530775206233024,11.51195336187832,0.020497998158339425,11.527326860497073
1242,confirmation,2029,5,12.42250975887691,12.413857913202945,0.04505174148213757,12.447646719314548
1255,confirmation,2029,5,12.016128107502665,12.15640540085276,-0.05873165913184862,12.112356656503874
1269,confirmation,2029,5,12.850557278777309,12.706440623009062,0.09385975755468833,12.776835441175079
1278,confirmation,2029,5,12.19552218463499,12.171969925035125,0.004037560610013795,12.174998095492635
1281,confirmation,2029,5,12.33270970174018,12.238928108557511,-0.008481966261285574,12.232566633861547
1283,confirmation,2029,5,11.921725007667265,11.910757985047617,0.03598429123570531,11.937746203474395
1287,confirmation,2029,5,11.870606902224587,11.989105501404644,0.012112672601076523,11.998190005855452
1289,confirmation,2029,5,12.535379989788607,12.479009207747563,0.05360529632574493,12.51921317999187
1292,confirmation,2029,5,11.691080018519527,11.638005029683534,0.05140768932803467,11.67656079667956
1307,confirmation,2029,5,12.218500103788143,12.136181565517012,0.03847541211485912,12.165038124603155
1309,confirmation,2029,5,11.898194668458823,11.879539906156072,0.0012256906943736408,11.880459174176853
1312,confirmation,2029,5,12.220966184120165,12.20602782294278,-0.011032155150532543,12.19775370657988
1326,confirmation,2029,5,10.915106645867503,11.156471829793727,-0.1178152364743511,11.068110402437963
1327,confirmation,2029,5,11.277215789596893,11.41069916986713,-0.033582061726672705,11.385512623572124
1330,confirmation,2029,5,12.081081821061819,12.10104187816781,0.0021816562582120573,12.10267812036147
1331,confirmation,2029,5,12.33270970174018,12.360004435505006,0.01293925740288188,12.369708878557168
1345,confirmation,2029,5,11.95655945119582,12.045286362377944,-0.011032155150532543,12.037012246015044
1348,confirmation,2029,5,12.554840409959793,12.60593812070984,-0.01344342946186193,12.595855548613445
1374,confirmation,2029,5,13.05301544288996,13.014821813071213,0.1850086917522296,13.153578331885386
1382,confirmation,2029,5,12.377927112974284,12.221686923804624,0.01245914693612497,12.231031284006718
1386,confirmation,2029,5,11.74006900564972,11.641315475426769,-0.04357958366851578,11.608630787675382
1387,confirmation,2029,5,12.429220196836383,12.638576887884065,-0.025741888255246193,12.61927047169263
1392,confirmation,2029,5,11.728044909070785,11.717707517809258,-0.002433278401256906,11.715882559008316
1393,confirmation,2029,5,11.719947764402807,11.748255442858467,0.01163053499739404,11.756978344106512
1395,confirmation,2029,5,12.415437707935368,12.30244868767189,0.0004030134012591507,12.302750947722833
1407,confirmation,2029,5,11.798111925972618,11.798788992324706,0.03598429123570531,11.825777210751484
1408,confirmation,2029,5,11.626263078808801,11.666534494366907,0.0038246491689097684,11.66940298124359
1410,confirmation,2029,5,12.278397958261774,12.25642623099351,-0.026417060318885043,12.236613435754347
1413,confirmation,2029,5,11.407576060361786,11.460716406633393,0.01934776714818281,11.47522723199453
1415,confirmation,2029,5,12.240478903153711,12.18759651179523,0.055053083010142126,12.228886324052835
1418,confirmation,2029,5,12.73670383776449,12.738610535915852,0.0019129557758026427,12.740045252747704
1420,confirmation,2029,5,12.314931534737134,12.39828049358283,0.0406574729467806,12.428773598292915
1443,confirmation,2029,5,12.644330802262578,12.68605530665568,0.12529435434434366,12.780026072413937
1447,confirmation,2029,5,11.969723533345908,11.862468652978706,0.03976352794536762,11.892291298937732
1452,confirmation,2029,5,12.567554517655415,12.427583961692731,-0.006254700759284445,12.422892936123267
1454,confirmation,2029,5,11.344518647594766,11.798042517180338,0.0011647339415372182,11.79891606763649
1455,confirmation,2029,5,12.128116509451258,12.1437262225498,0.024308938239692112,12.161957926229569
