Id,stage,seed,fold,y_log,xgb_base_log,stage_prediction
1,discovery,19,1,12.24769911637256,12.250494,12.252631412317477
12,discovery,19,1,12.75130259456002,12.839963,12.863372542802171
19,discovery,19,1,11.976665770490767,11.94968,11.990246442609847
27,discovery,19,1,11.811554895830454,11.865235,11.889103404233841
29,discovery,19,1,12.242891437918386,12.206791,12.214539536772673
31,discovery,19,1,10.596659732783579,11.447145,11.343466806099908
48,discovery,19,1,12.428019481065613,12.370096,12.361591044871442
50,discovery,19,1,11.751950239425476,11.745248,11.749611038376123
53,discovery,19,1,11.608244735642321,11.430856,11.392564056110832
61,discovery,19,1,11.970356641102999,12.061386,12.045471492710039
67,discovery,19,1,12.100717685412471,12.444548,12.412179332616263
70,discovery,19,1,12.323860125621126,12.322802,12.317447783683239
78,discovery,19,1,11.751950239425476,11.683419,11.676131830101625
81,discovery,19,1,12.173037959397275,12.246079,12.236111702368248
94,discovery,19,1,11.804855999911272,12.156673,12.10761540301337
97,discovery,19,1,12.273735966890268,12.268483,12.271810195457094
99,discovery,19,1,11.326607934898927,11.22321,11.17462624767593
103,discovery,19,1,11.68658461118553,11.719269,11.726171224065723
106,discovery,19,1,12.429220196836383,12.454531,12.452698707540863
112,discovery,19,1,12.100717685412471,12.05029,12.039622053024287
115,discovery,19,1,12.466515835145202,12.332114,12.384943780303315
121,discovery,19,1,12.100717685412471,12.059695,12.059666811629414
122,discovery,19,1,11.51293546492023,11.566897,11.496648759696518
124,discovery,19,1,11.944064817531656,11.982817,11.970489580643388
136,discovery,19,1,12.066816325306588,12.075199,12.056956663374024
141,discovery,19,1,11.652696102959753,11.563413,11.546075634258672
154,discovery,19,1,12.367345048436391,12.107962,12.138124641555281
158,discovery,19,1,12.504327379899443,12.492341,12.509959535244914
161,discovery,19,1,11.998439434579149,11.987488,12.016064913972679
164,discovery,19,1,11.544433821905134,11.522381,11.499205019844045
165,discovery,19,1,11.931642378754141,11.891694,11.864303522922853
172,discovery,19,1,12.278397958261774,12.180899,12.159433476706223
174,discovery,19,1,12.001511614739405,11.937716,11.910367768612279
175,discovery,19,1,12.122696471358964,12.100624,12.117107118642823
176,discovery,19,1,12.400820837540556,12.253256,12.231459167692245
185,discovery,19,1,11.751950239425476,11.707961,11.747293016739524
188,discovery,19,1,11.813037464800539,11.776145,11.766062210723376
193,discovery,19,1,12.165255859329688,12.246609,12.246171634071931
205,discovery,19,1,11.608244735642321,11.618093,11.608009766265369
207,discovery,19,1,11.87688084212164,11.862857,11.835839018816499
209,discovery,19,1,12.531776395271262,12.388746,12.361941099195016
212,discovery,19,1,12.133507329024972,11.98993,11.939067191224787
215,discovery,19,1,11.993813394724253,11.915193,11.95361600185447
216,discovery,19,1,11.808955099378537,11.856546,11.864295014677946
226,discovery,19,1,11.626263078808801,11.525116,11.52027159485896
230,discovery,19,1,12.167856627501678,12.182957,12.172178537116665
237,discovery,19,1,12.130815551850676,12.109549,12.107327582718252
239,discovery,19,1,12.669809806411457,12.453983,12.53051717282507
240,discovery,19,1,11.635151947212842,11.808916,11.717949953498797
250,discovery,19,1,12.531776395271262,12.504718,12.528207660343382
253,discovery,19,1,12.06105265381003,12.0834875,12.071160395157548
255,discovery,19,1,11.884495917930655,11.853322,11.855522622276018
263,discovery,19,1,11.92504173829169,11.953415,11.969151313766488
264,discovery,19,1,11.775297421715827,11.710819,11.698952587775457
294,discovery,19,1,12.367345048436391,12.39839,12.40300445936746
300,discovery,19,1,11.973516181427835,12.021539,12.037321521213686
303,discovery,19,1,12.230770136157428,12.356606,12.359932563315981
308,discovery,19,1,11.402005077384885,11.600329,11.618492952927628
322,discovery,19,1,12.777055016970678,12.679332,12.664960991232565
324,discovery,19,1,11.745433036677353,11.700703,11.741369204176975
327,discovery,19,1,12.688501881189456,12.568205,12.572784181356129
334,discovery,19,1,12.240478903153711,12.125909,12.097120730389214
338,discovery,19,1,12.273735966890268,12.29214,12.294277416040622
346,discovery,19,1,11.850832386224807,11.824083,11.855660816579821
355,discovery,19,1,11.849404844423074,11.928413,11.896165154108887
367,discovery,19,1,11.976665770490767,11.976946,11.957264573347988
384,discovery,19,1,11.23850177707664,11.13786,11.07497446527098
392,discovery,19,1,12.278397958261774,12.235643,12.215504332441013
397,discovery,19,1,11.719947764402807,11.743982,11.750940268601077
398,discovery,19,1,12.040614105490253,11.933721,11.923892862272966
399,discovery,19,1,11.112462823634855,11.454123,11.32302633167826
407,discovery,19,1,11.652696102959753,11.705423,11.671985493588899
412,discovery,19,1,11.884495917930655,11.854678,11.90064282113437
415,discovery,19,1,12.337105293891872,12.34017,12.320037897606623
416,discovery,19,1,12.106997888588934,12.174039,12.19398071530774
418,discovery,19,1,12.384223015005313,12.402668,12.41978141384531
419,discovery,19,1,11.744045122410057,11.569946,11.53831130242868
422,discovery,19,1,12.278397958261774,12.315652,12.352954060018277
430,discovery,19,1,12.07254696717504,12.048572,12.062480111698546
431,discovery,19,1,11.355113089309977,11.444856,11.411865921772282
432,discovery,19,1,11.288543647320601,11.607494,11.618214150995607
445,discovery,19,1,12.25486757159303,12.313348,12.315485225488864
454,discovery,19,1,12.25486757159303,12.264927,12.260520392918364
460,discovery,19,1,11.608244735642321,11.753458,11.703492939740439
466,discovery,19,1,12.093693109638318,12.008267,12.001253377798703
467,discovery,19,1,12.025755079404917,12.008522,11.973838954746265
470,discovery,19,1,12.138869243416009,12.124933,12.112606127274248
473,discovery,19,1,11.904974309480181,11.782842,11.736337115794717
480,discovery,19,1,11.401681006153428,11.727133,11.716812876379413
482,discovery,19,1,12.832013750189885,12.730366,12.703170817304432
483,discovery,19,1,11.951186847493476,12.014867,12.02396332834847
485,discovery,19,1,11.794345471549745,11.851467,11.855830330063135
487,discovery,19,1,11.957617696467539,11.891166,11.912719050533765
490,discovery,19,1,11.362114203075018,11.47491,11.513604475908803
491,discovery,19,1,11.652696102959753,11.649208,11.640961446858705
493,discovery,19,1,12.059809113551397,12.035744,12.035096526913065
495,discovery,19,1,11.421917019425596,11.463341,11.46730665227922
504,discovery,19,1,12.574185427296195,12.54397,12.604632773980011
505,discovery,19,1,11.898194668458823,11.87856,11.870602417188914
513,discovery,19,1,11.774527900858468,11.694531,11.69256649222507
515,discovery,19,1,11.477308649967686,11.40168,11.446535678715218
520,discovery,19,1,12.36308066783498,12.383442,12.445952780658466
524,discovery,19,1,12.126764251515691,12.883246,12.68208343446114
525,discovery,19,1,12.662709207270272,12.509777,12.531136236010145
538,discovery,19,1,11.619544188752133,11.740635,11.735727072976285
543,discovery,19,1,12.270225154674701,12.31108,12.280549444828923
545,discovery,19,1,12.098854850641,12.196105,12.22390960954207
550,discovery,19,1,12.479913113434042,12.344485,12.364711495839726
555,discovery,19,1,12.556733038263905,12.401747,12.372958628643609
557,discovery,19,1,11.856522261533737,11.907367,11.90540180411472
564,discovery,19,1,12.128116509451258,12.042189,12.02706512137729
577,discovery,19,1,11.884495917930655,11.895127,11.926592609925155
579,discovery,19,1,11.891368749982085,11.964226,11.933169200841443
582,discovery,19,1,12.442306148381938,12.791294,12.871926608152265
584,discovery,19,1,12.691583538230217,12.6995945,12.752520689004863
588,discovery,19,1,11.827743504053695,11.809277,11.796070940219616
589,discovery,19,1,11.870606902224587,12.340322,12.427734602148544
591,discovery,19,1,12.132969552931216,12.151499,12.153636203577243
595,discovery,19,1,11.608244735642321,11.664146,11.683392447168151
609,discovery,19,1,12.791358964949923,12.740541,12.716015667030984
614,discovery,19,1,11.898194668458823,11.672124,11.670495720846896
630,discovery,19,1,12.034696963475044,11.949801,11.932694650360624
634,discovery,19,1,11.845109950883979,11.86719,11.888743678219312
645,discovery,19,1,12.823631142839984,12.808157,12.837165162771877
646,discovery,19,1,11.872353615355413,11.781567,11.757786671834271
647,discovery,19,1,11.495789479023493,11.485458,11.482303801004399
654,discovery,19,1,11.813037464800539,11.862033,11.880196444138566
659,discovery,19,1,11.487617913343598,11.809669,11.749819861665303
669,discovery,19,1,12.031725210748633,12.090247,12.080805647234662
675,discovery,19,1,11.849404844423074,11.923149,11.91575587545022
695,discovery,19,1,11.860062063178267,11.693516,11.69336743221911
697,discovery,19,1,11.39640288460621,11.358787,11.384069853565027
710,discovery,19,1,11.60733523953139,11.610545,11.600583578003102
715,discovery,19,1,11.779136168550774,12.136725,12.160962466619134
718,discovery,19,1,11.964007453736912,11.968736,12.003204084597769
719,discovery,19,1,12.739640688812674,12.575276,12.60330869512732
720,discovery,19,1,11.763691965388299,11.80837,11.828805284873198
721,discovery,19,1,12.524530013005734,12.444212,12.491077788191951
722,discovery,19,1,11.870606902224587,11.857735,11.864777034357834
723,discovery,19,1,11.732069026983156,11.722508,11.777912766983178
737,discovery,19,1,11.44572741040675,11.366596,11.361247607830798
745,discovery,19,1,12.100717685412471,12.212909,12.25858494865585
752,discovery,19,1,11.995357787034976,12.018784,12.00580075627001
760,discovery,19,1,12.577639650232573,12.697136,12.687941106753641
763,discovery,19,1,12.279327754099118,12.193264,12.22435677282115
765,discovery,19,1,12.506180941677357,12.455315,12.434974655308073
768,discovery,19,1,11.982935344196433,12.078409,12.092225693234466
769,discovery,19,1,12.28690580994122,12.328261,12.331588408958071
774,discovery,19,1,11.648338835562747,11.673203,11.67904512789567
776,discovery,19,1,11.995357787034976,12.008272,11.9881331166207
783,discovery,19,1,12.139403856983334,12.169802,12.169364611977205
789,discovery,19,1,11.588969419043874,11.693594,11.698758805657814
793,discovery,19,1,12.505402864156405,12.326753,12.34811182957704
795,discovery,19,1,12.178192583415596,12.186655,12.180345384881814
796,discovery,19,1,12.049424683420915,12.047902,12.040930157896451
797,discovery,19,1,11.874097282798648,11.839266,11.815758398629757
800,discovery,19,1,12.07254696717504,11.875348,11.926776124577557
811,discovery,19,1,12.10625783509458,12.102211,12.121609816130187
823,discovery,19,1,12.323860125621126,12.169863,12.150757350846792
827,discovery,19,1,11.603688960617083,11.506597,11.509022728958309
831,discovery,19,1,12.019749091416921,11.977287,11.960180497833768
840,discovery,19,1,11.779136168550774,11.752391,11.722974019182466
843,discovery,19,1,12.071975378543236,12.006398,12.020672449949547
847,discovery,19,1,12.269052139516223,12.221236,12.198529710852776
849,discovery,19,1,12.388398368982115,12.253293,12.297504687969525
852,discovery,19,1,12.278397958261774,12.232845,12.21361905961524
855,discovery,19,1,12.04355959836804,11.942602,11.862345981359542
856,discovery,19,1,11.751950239425476,11.903889,11.924615321913295
858,discovery,19,1,12.066816325306588,11.996018,12.005238024328348
861,discovery,19,1,12.154521423145216,12.031962,12.090310302298978
865,discovery,19,1,12.43153750053306,12.223354,12.240920647587133
872,discovery,19,1,12.208574513247495,12.1601095,12.167151874140549
874,discovery,19,1,11.798111925972618,11.755623,11.781274825277464
875,discovery,19,1,11.104972264124868,11.4604645,11.464399532396538
880,discovery,19,1,11.824087219587643,11.824631,11.877018398112543
883,discovery,19,1,12.08954444723597,12.05895,12.06817003879368
886,discovery,19,1,12.70351207261035,12.56842,12.527875624164997
896,discovery,19,1,11.849404844423074,12.0229645,12.005857682892362
897,discovery,19,1,11.575909653758895,11.340897,11.214549693357156
901,discovery,19,1,11.608244735642321,11.612434,11.642072597000405
905,discovery,19,1,11.74006900564972,11.705254,11.687949316171718
912,discovery,19,1,11.874097282798648,11.896718,11.935057022352597
923,discovery,19,1,12.043500773454495,12.026995,12.026347518734354
943,discovery,19,1,11.918397239722838,11.857598,11.811403247244899
944,discovery,19,1,11.870606902224587,11.90239,11.83841280815329
946,discovery,19,1,11.735276702486741,11.949295,11.917544790887133
949,discovery,19,1,12.167856627501678,12.252909,12.256235740195864
955,discovery,19,1,11.755879486687116,11.767594,11.705439003164763
957,discovery,19,1,11.728044909070785,11.720733,11.704972064489647
958,discovery,19,1,11.790564777297387,11.749827,11.72280953883603
960,discovery,19,1,11.951186847493476,12.038163,12.056605512113
970,discovery,19,1,11.849404844423074,11.729414,11.745189578948668
975,discovery,19,1,12.02874460037869,12.127404,12.173079546611284
984,discovery,19,1,12.45254592991672,12.472408,12.452221987607844
991,discovery,19,1,12.759960632315702,12.612395,12.611063245922052
994,discovery,19,1,12.066241450757124,12.07705,12.082609671221814
996,discovery,19,1,11.7085004721646,11.69822,11.741825177953762
1000,discovery,19,1,12.235636302128867,12.157144,12.154922606827139
1004,discovery,19,1,11.827049837927534,11.913828,11.941623132438602
1028,discovery,19,1,12.588194064175278,12.577679,12.599655569128808
1034,discovery,19,1,12.345838935721968,12.349339,12.352665565024965
1039,discovery,19,1,11.48247656671073,11.606606,11.609584077224236
1041,discovery,19,1,11.951186847493476,12.038064,11.978805758027475
1049,discovery,19,1,11.652696102959753,11.84493,11.785051621227067
1050,discovery,19,1,11.349241150793087,11.514332,11.535626151016482
1052,discovery,19,1,12.206782393599413,12.169797,12.165629933061018
1056,discovery,19,1,12.100717685412471,11.971008,11.908122311256125
1065,discovery,19,1,11.944714374881176,11.935208,11.93919279972833
1066,discovery,19,1,12.700771936142122,12.512081,12.541282497171363
1067,discovery,19,1,12.08954444723597,12.071648,12.11224830224979
1073,discovery,19,1,11.424105180165641,11.623633,11.537708397393224
1074,discovery,19,1,11.979805470779858,11.902158,11.862792268998628
1076,discovery,19,1,12.299112067295642,12.183753,12.209780160381843
1079,discovery,19,1,11.956976469393481,11.8717,11.884290660585446
1090,discovery,19,1,12.190964083849375,12.287121,12.286478435199523
1094,discovery,19,1,11.891368749982085,12.015166,12.058631041414273
1099,discovery,19,1,11.759793355371237,11.618306,11.647267733765554
1104,discovery,19,1,11.979805470779858,11.939639,11.933435482564445
1107,discovery,19,1,12.100161978566867,12.157056,12.1302506923957
1108,discovery,19,1,12.52352951631214,12.29605,12.323854677901444
1109,discovery,19,1,12.10625783509458,12.032009,12.0014874375144
1110,discovery,19,1,12.54254845357358,12.635739,12.625467182541206
1117,discovery,19,1,12.123239799036943,12.162182,12.142066546565664
1123,discovery,19,1,11.626263078808801,11.364537,11.276744559311663
1126,discovery,19,1,11.652696102959753,11.655347,11.679370163317106
1131,discovery,19,1,11.813037464800539,11.791903,11.769261745540312
1147,discovery,19,1,12.100717685412471,12.065146,12.054008955213668
1152,discovery,19,1,11.917730355182513,11.979408,11.901364308378568
1158,discovery,19,1,12.345838935721968,12.25951,12.228147409968376
1168,discovery,19,1,12.06105265381003,12.134996,12.147980162373667
1169,discovery,19,1,12.367345048436391,12.192435,12.177311741555513
1176,discovery,19,1,12.560247968016562,12.611662,12.602467092471414
1187,discovery,19,1,11.461642696843066,11.613121,11.560535723757635
1195,discovery,19,1,11.970356641102999,11.891994,11.9021828535545
1197,discovery,19,1,12.29779001527865,12.332417,12.360221140608964
1198,discovery,19,1,11.87757552297847,11.913297,11.911985894332165
1202,discovery,19,1,12.19552218463499,12.214749,12.214312236183748
1203,discovery,19,1,11.669937760751914,11.727233,11.762800733735709
1208,discovery,19,1,12.206077645517674,12.253022,12.265612567628903
1212,discovery,19,1,12.00762780434872,12.2214365,12.230918350526006
1215,discovery,19,1,11.80932691294063,11.772665,11.770700075293918
1218,discovery,19,1,12.343470927093518,12.409297,12.408733403828816
1223,discovery,19,1,11.870606902224587,11.930279,11.916212391247596
1226,discovery,19,1,11.884495917930655,11.821964,11.843614023147495
1231,discovery,19,1,12.154784614286667,12.145575,12.118556723589448
1246,discovery,19,1,12.08954444723597,12.159371,12.131434243864403
1250,discovery,19,1,11.686887175419702,11.73339,11.754943171627515
1256,discovery,19,1,11.755879486687116,11.830734,11.864162524571316
1260,discovery,19,1,11.92504173829169,11.900289,11.928611494471701
1261,discovery,19,1,12.10625783509458,12.150175,12.159394709203836
1278,discovery,19,1,12.19552218463499,12.119083,12.125004527336092
1280,discovery,19,1,11.133142723386813,11.568961,11.355743825693413
1283,discovery,19,1,11.921725007667265,11.897476,11.93581519343414
1292,discovery,19,1,11.691080018519527,11.648188,11.700830898751082
1296,discovery,19,1,11.83863282480007,11.833519,11.831554033423801
1297,discovery,19,1,11.951186847493476,11.905587,11.912146184541259
1307,discovery,19,1,12.218500103788143,12.152578,12.16470694285614
1314,discovery,19,1,12.716405147731708,12.786081,12.827692383960668
1320,discovery,19,1,11.6172944892629,11.643147,11.64756937157941
1328,discovery,19,1,11.779136168550774,11.769766,11.798059476795586
1329,discovery,19,1,12.45293662970407,12.266089,12.245372046798328
1332,discovery,19,1,11.794345471549745,11.763531,11.774252818328526
1337,discovery,19,1,11.813037464800539,11.889673,11.914428061534542
1344,discovery,19,1,12.083910661257521,12.017057,12.038269477712543
1345,discovery,19,1,11.95655945119582,12.089084,12.084916660966291
1351,discovery,19,1,12.206077645517674,12.036658,12.030929204948794
1356,discovery,19,1,12.04355959836804,12.164649,12.147596170390594
1361,discovery,19,1,12.149507585033072,12.144615,12.181048877786711
1362,discovery,19,1,12.468440756144114,12.443138,12.490648484959925
1365,discovery,19,1,11.878630514504515,11.899317,11.869449844027447
1371,discovery,19,1,11.561725152903833,11.666392,11.647315161653173
1376,discovery,19,1,12.384223015005313,12.463723,12.479026917995032
1388,discovery,19,1,11.820417517632333,11.839495,11.816223762757868
1393,discovery,19,1,11.719947764402807,11.751628,11.749662973548313
1396,discovery,19,1,12.546871224308068,12.571081,12.532742372943966
1397,discovery,19,1,11.982935344196433,11.9876795,12.042483055491248
1399,discovery,19,1,11.835016210489899,11.802721,11.756888764708156
1406,discovery,19,1,12.524530013005734,12.600672,12.624589063334227
1415,discovery,19,1,12.240478903153711,12.170532,12.232301133993483
1416,discovery,19,1,12.077676615757813,12.305834,12.295055658088344
1419,discovery,19,1,11.728044909070785,11.8411255,11.853640301246243
1422,discovery,19,1,11.755879486687116,11.814691,11.80494905492215
1423,discovery,19,1,11.824087219587643,11.83317,11.844570686344754
1424,discovery,19,1,12.524420916542532,12.156658,12.103490620666536
1426,discovery,19,1,11.863589378812122,11.86015,11.85275710378274
1427,discovery,19,1,12.509877789891931,12.349123,12.377155321409058
1429,discovery,19,1,11.686887175419702,11.656633,11.680452028381541
1434,discovery,19,1,12.136191879981927,12.096444,12.108238253623698
1436,discovery,19,1,12.066816325306588,11.9885435,11.968306270023811
1453,discovery,19,1,11.884495917930655,11.773835,11.735894403160223
1455,discovery,19,1,12.128116509451258,12.133125,12.153351518117558
1460,discovery,19,1,11.901590234400047,11.877357,11.847939686907075
3,discovery,19,2,12.317171167298682,12.275783,12.263272518846794
17,discovery,19,2,11.91170829631447,11.960126,11.968555331453715
20,discovery,19,2,11.842236406331555,11.689209,11.68709887251745
24,discovery,19,2,11.774527900858468,11.820874,11.82992806985878
39,discovery,19,2,11.599112335481124,11.763722,11.758656648081233
47,discovery,19,2,12.387089184491993,12.561898,12.481422447219837
62,discovery,19,2,11.522885696764481,11.495966,11.513095744766481
65,discovery,19,2,12.299112067295642,12.371751,12.36280493626902
71,discovery,19,2,12.404927602627597,12.642803,12.609095376534256
74,discovery,19,2,11.88380602959621,11.868555,11.880713539905324
75,discovery,19,2,11.58432477200052,11.51179,11.502801162346099
84,discovery,19,2,11.748005492256807,11.75792,11.757820386195108
88,discovery,19,2,12.010671928196443,11.991793,12.031843554097453
90,discovery,19,2,11.724813914587886,11.680893,11.697340705748697
101,discovery,19,2,12.230770136157428,12.309829,12.341300946426916
111,discovery,19,2,11.827013315851762,11.903056,11.8600128720164
119,discovery,19,2,12.676079399771027,12.821359,12.79920212035093
133,discovery,19,2,11.923384748066601,11.932242,11.928388057478838
140,discovery,19,2,12.352339472153524,12.186381,12.197733344532516
142,discovery,19,2,12.468440756144114,12.495921,12.499329247479928
145,discovery,19,2,11.736077016252437,11.767296,11.76463175149983
146,discovery,19,2,11.775297421715827,11.806628,11.808742915034696
153,discovery,19,2,12.154784614286667,12.140469,12.16059658676144
159,discovery,19,2,12.448630513463613,12.331992,12.355286432193289
166,discovery,19,2,11.755879486687116,11.758447,11.740990668357046
168,discovery,19,2,12.693501691489768,12.767695,12.818879343529236
170,discovery,19,2,12.337105293891872,12.390101,12.389953426206974
173,discovery,19,2,12.384223015005313,12.246246,12.327622913208998
178,discovery,19,2,12.058158312538197,12.036263,12.036059257651988
181,discovery,19,2,12.083910661257521,12.06271,12.104049371935657
187,discovery,19,2,12.06105265381003,12.078102,12.024152740273545
191,discovery,19,2,12.660331092405906,12.42274,12.450177073800955
196,discovery,19,2,11.908346971208951,11.936356,11.923199357916433
197,discovery,19,2,12.650351332641707,12.632497,12.652259056696458
208,discovery,19,2,11.856522261533737,11.814,11.84364330115728
211,discovery,19,2,11.49273296168228,11.413681,11.38239360303777
235,discovery,19,2,12.285350445351659,12.248623,12.256538740599526
238,discovery,19,2,12.178192583415596,12.278775,12.281899761692982
241,discovery,19,2,12.47801017053037,12.50135,12.497436880164695
246,discovery,19,2,12.394628892852941,12.3391485,12.30992492662362
258,discovery,19,2,12.301387370778713,12.401624,12.365854285700479
262,discovery,19,2,12.52815976788113,12.728847,12.742347018822667
266,discovery,19,2,12.075400019877522,12.132104,12.147763435249713
270,discovery,19,2,11.904974309480181,11.948468,11.959745690173529
271,discovery,19,2,12.491255347155265,12.508347,12.50925376794606
273,discovery,19,2,12.577639650232573,12.593979,12.6135829388173
275,discovery,19,2,11.732069026983156,11.780779,11.780875606102484
277,discovery,19,2,12.211065162153215,12.237908,12.182376091585223
278,discovery,19,2,11.856522261533737,11.562476,11.59021438457151
279,discovery,19,2,12.936754021718041,12.784456,12.841560098831541
280,discovery,19,2,12.165255859329688,12.222215,12.283249948443327
282,discovery,19,2,12.128116509451258,12.124596,12.17700052522047
287,discovery,19,2,11.976665770490767,12.095694,12.118059904634194
291,discovery,19,2,12.359784657728284,12.412921,12.442539733536627
298,discovery,19,2,12.384223015005313,12.324926,12.346039254404925
305,discovery,19,2,12.59473402514672,12.694155,12.713010639428644
306,discovery,19,2,12.631016799175821,12.637638,12.604341669717154
317,discovery,19,2,12.468440756144114,12.396305,12.380008588480838
319,discovery,19,2,12.468440756144114,12.66953,12.724731891427153
325,discovery,19,2,12.396697137361691,12.455299,12.437604368787403
330,discovery,19,2,11.264476926102367,11.310948,11.306561357086174
332,discovery,19,2,11.842236406331555,11.824193,11.820338664778642
335,discovery,19,2,12.165255859329688,12.171241,12.177175382143943
353,discovery,19,2,11.461642696843066,11.346706,11.330516722696409
359,discovery,19,2,11.775297421715827,11.68936,11.636429865070852
360,discovery,19,2,12.54254845357358,12.544914,12.553174103748992
361,discovery,19,2,11.957617696467539,11.929996,11.908065180487453
379,discovery,19,2,12.885204569609956,12.828745,12.906710246546687
381,discovery,19,2,11.751950239425476,11.91396,11.937535494878885
382,discovery,19,2,12.142871895843887,12.257295,12.293175190599872
389,discovery,19,2,12.160033942617156,12.198484,12.185974354479118
394,discovery,19,2,11.51293546492023,11.353453,11.367871189813046
396,discovery,19,2,11.767575435251748,11.766116,11.736809985785346
400,discovery,19,2,12.392556361841777,12.296581,12.32145845136501
401,discovery,19,2,12.411056299528171,12.31476,12.30146805340409
403,discovery,19,2,11.58989576532275,11.496783,11.514163593771688
406,discovery,19,2,11.918397239722838,11.915961,11.87746917342195
413,discovery,19,2,12.310437165348775,12.381564,12.403507767993121
420,discovery,19,2,11.863589378812122,11.862734,11.861060909705676
423,discovery,19,2,11.635151947212842,11.5643015,11.5393172391103
446,discovery,19,2,11.755879486687116,11.9839115,11.964767936189245
452,discovery,19,2,12.54254845357358,12.307281,12.384233968946578
455,discovery,19,2,12.144202560946876,11.978652,11.926396500647815
456,discovery,19,2,12.075400019877522,12.001148,11.967256020964662
462,discovery,19,2,11.951186847493476,11.871653,11.886840614880029
463,discovery,19,2,11.04106411122238,11.748138,11.735580211638833
468,discovery,19,2,11.89478753335453,11.938765,11.948741638301044
496,discovery,19,2,10.460270761075149,11.206923,11.148937123182414
503,discovery,19,2,11.849404844423074,11.905181,11.8875247719979
516,discovery,19,2,12.90634935052389,12.899324,12.798296751044155
518,discovery,19,2,12.487488878546145,12.500204,12.555406062874907
526,discovery,19,2,12.07824495582233,12.122793,12.160024388552479
528,discovery,19,2,13.008661502470739,12.933452,12.990755632336684
529,discovery,19,2,11.362114203075018,11.450129,11.465765584759193
533,discovery,19,2,11.58525542883217,11.5718355,11.583993988818898
539,discovery,19,2,11.970356641102999,11.851769,11.851565239097301
544,discovery,19,2,11.798111925972618,11.816311,11.771153362218024
546,discovery,19,2,12.34148164933907,12.386015,12.356791343554772
547,discovery,19,2,12.25486757159303,12.063533,12.116627317745149
551,discovery,19,2,11.849404844423074,11.792884,11.749604636031897
552,discovery,19,2,11.630717389475995,11.617283,11.584312924617466
554,discovery,19,2,11.58989576532275,11.668633,11.662753688533963
558,discovery,19,2,11.58989576532275,11.682309,11.595147003518598
559,discovery,19,2,12.07254696717504,12.1662035,12.157608665493818
573,discovery,19,2,12.32163544049751,12.247617,12.257388790653248
576,discovery,19,2,11.682676678340282,11.690582,11.67345828782489
603,discovery,19,2,12.301387370778713,12.32309,12.28343319015781
604,discovery,19,2,11.92504173829169,11.963451,11.986745668338308
621,discovery,19,2,11.112462823634855,11.179085,11.06528861116041
626,discovery,19,2,11.982935344196433,11.875939,11.870537375326332
627,discovery,19,2,11.848690308590857,11.736466,11.721162367015145
633,discovery,19,2,11.320565693461432,12.115365,12.059588496979973
637,discovery,19,2,11.002116507732017,10.943178,10.829439209191227
642,discovery,19,2,12.328294703023396,12.379653,12.400765855051898
643,discovery,19,2,12.75130259456002,12.788032,12.741192809596305
644,discovery,19,2,11.931642378754141,11.963383,11.947551970519804
649,discovery,19,2,11.951186847493476,11.98319,11.96633788420346
653,discovery,19,2,12.160033942617156,12.194268,12.185322331288551
661,discovery,19,2,12.19552218463499,12.248152,12.228090978434818
670,discovery,19,2,11.83138646878959,11.642651,11.68777959798146
671,discovery,19,2,12.063938642041201,12.104765,12.116116942860153
681,discovery,19,2,11.870606902224587,11.761821,11.744821236935177
684,discovery,19,2,12.560247968016562,12.566734,12.518141013091947
692,discovery,19,2,13.534474352733596,13.125988,13.276535603557964
694,discovery,19,2,11.59433032142082,11.470759,11.459303605742189
701,discovery,19,2,12.652362948153474,12.580344,12.568746488795039
703,discovery,19,2,12.799178471909892,12.744047,12.85510964814221
706,discovery,19,2,10.915106645867503,11.085069,11.002521498649854
713,discovery,19,2,12.149507585033072,12.170275,12.198132545579696
731,discovery,19,2,12.373707715234994,12.473269,12.503108544416138
732,discovery,19,2,12.141539457711714,12.120672,12.14501405752198
738,discovery,19,2,12.3879816172226,12.382277,12.320485152703268
744,discovery,19,2,12.07254696717504,11.914372,11.913263932803211
747,discovery,19,2,12.371591321286905,12.407105,12.402074783477568
748,discovery,19,2,12.491176396967154,12.476453,12.460595270738034
751,discovery,19,2,11.477308649967686,11.40188,11.407041638771812
764,discovery,19,2,12.727841176689147,12.692758,12.688663456783688
766,discovery,19,2,12.484208043148733,12.517311,12.583566716995477
771,discovery,19,2,11.812296455066814,11.841324,11.82876563644352
775,discovery,19,2,12.886643575525625,12.5794735,12.630657412071717
787,discovery,19,2,11.842236406331555,11.79641,11.765420934867484
790,discovery,19,2,12.141539457711714,12.270477,12.348785551029819
806,discovery,19,2,12.335700805443338,12.28591,12.305872009635195
807,discovery,19,2,11.816734299348461,11.7653265,11.766140772036723
809,discovery,19,2,11.982622797311857,11.9044075,11.90522177331846
813,discovery,19,2,10.932999821119937,11.431951,11.417979576734469
814,discovery,19,2,11.969723533345908,11.994598,11.978110731990832
826,discovery,19,2,12.861001210669146,12.942518,12.837926397220562
828,discovery,19,2,12.149507585033072,12.20391,12.183336213802436
830,discovery,19,2,11.900912042974875,11.958428,11.995659573794178
833,discovery,19,2,12.37581963951765,12.340426,12.341347354204059
834,discovery,19,2,12.025755079404917,11.997027,11.993208303494635
836,discovery,19,2,11.759793355371237,11.760678,11.791042366381573
839,discovery,19,2,11.87757552297847,11.842906,11.85102683586458
846,discovery,19,2,12.049424683420915,12.157065,12.140742870452677
848,discovery,19,2,11.80186424743109,11.816838,11.828523273062197
853,discovery,19,2,12.00762780434872,12.087731,12.092756576020529
857,discovery,19,2,11.898194668458823,11.919333,11.938570996236091
862,discovery,19,2,11.78676973513378,11.760434,11.701135073887293
868,discovery,19,2,11.767575435251748,11.762854,11.765755185800963
871,discovery,19,2,11.603688960617083,11.502029,11.490489683176888
877,discovery,19,2,11.792456911128632,11.805361,11.762150118642431
881,discovery,19,2,11.964007453736912,11.907978,11.865040791849696
895,discovery,19,2,11.685693195625964,11.694308,11.712150748727067
907,discovery,19,2,12.449022745701502,12.533854,12.527758603438345
909,discovery,19,2,11.782960235741939,11.781058,11.77199223861746
911,discovery,19,2,11.946660519211651,11.88475,11.871627730228312
913,discovery,19,2,11.385103457032141,11.521952,11.542507268031017
917,discovery,19,2,10.471978128496518,11.132537,11.030824553096679
919,discovery,19,2,12.380030154325457,12.497171,12.472833436825264
920,discovery,19,2,12.081081821061819,12.016473,12.031142571396705
928,discovery,19,2,12.07824495582233,12.132652,12.087510509086677
930,discovery,19,2,12.310437165348775,12.350499,12.35782249861914
934,discovery,19,2,12.154784614286667,12.179441,12.170495556691383
936,discovery,19,2,11.288543647320601,11.380313,11.410866291818998
939,discovery,19,2,12.387560521575551,12.446361,12.44574156665375
940,discovery,19,2,12.406565597924235,12.440315,12.572793970498214
945,discovery,19,2,11.83138646878959,11.962296,11.956494105618475
947,discovery,19,2,11.870606902224587,11.898057,11.91032096079143
948,discovery,19,2,12.506180941677357,12.546379,12.518663065157739
952,discovery,19,2,11.694421681264394,11.695412,11.689283609428331
953,discovery,19,2,11.804855999911272,11.776234,11.80997170124538
959,discovery,19,2,12.128116509451258,12.203826,12.191115750295264
961,discovery,19,2,11.665655135642039,11.738878,11.774932823948127
968,discovery,19,2,11.813037464800539,11.796327,11.8065038374556
969,discovery,19,2,10.542732775946709,11.08744,11.04528354116785
974,discovery,19,2,12.111767460549332,12.250753,12.270715759635195
986,discovery,19,2,11.736077016252437,11.705158,11.742024648990832
990,discovery,19,2,12.190964083849375,12.147213,12.183093517931415
1003,discovery,19,2,12.354496960983985,12.391187,12.385291920756963
1008,discovery,19,2,11.385103457032141,11.328743,11.251030524359312
1009,discovery,19,2,12.388398368982115,12.416496,12.362546905312607
1013,discovery,19,2,12.013706813470414,11.997968,12.043244401477857
1015,discovery,19,2,11.688566422839942,11.702695,11.683661789483944
1021,discovery,19,2,12.07824495582233,11.8920145,11.882570560052168
1022,discovery,19,2,12.175618592671356,12.212523,12.211904438968203
1035,discovery,19,2,11.693169865968983,11.673631,11.727069754183775
1048,discovery,19,2,11.884495917930655,11.833727,11.830398015823251
1055,discovery,19,2,12.449022745701502,12.532781,12.515602537812462
1060,discovery,19,2,12.301387370778713,12.124108,12.169384995960279
1061,discovery,19,2,12.271396795480596,12.262589,12.292428536481568
1068,discovery,19,2,12.031129798974042,12.077103,12.06971939650942
1078,discovery,19,2,11.840796531639839,11.715659,11.69924917104515
1082,discovery,19,2,11.798111925972618,11.813376,11.799235310387035
1083,discovery,19,2,12.165255859329688,12.207767,12.195056332570655
1085,discovery,19,2,12.141539457711714,12.088418,12.110270761289772
1089,discovery,19,2,11.83138646878959,11.820196,11.755750413740982
1091,discovery,19,2,11.439289689006644,11.398206,11.324789986038649
1092,discovery,19,2,11.982935344196433,11.95648,11.977793038337314
1096,discovery,19,2,12.080696479888445,12.092472,12.100059775929367
1098,discovery,19,2,12.04355959836804,11.936868,11.964525390980803
1100,discovery,19,2,11.964007453736912,12.030937,12.019379745325367
1112,discovery,19,2,12.230770136157428,12.205701,12.172008805446366
1114,discovery,19,2,11.80932691294063,11.842533,11.852510177729755
1125,discovery,19,2,12.007017865994577,12.027312,12.018517311371
1127,discovery,19,2,12.066816325306588,12.194032,12.17625251146826
1135,discovery,19,2,12.037659911047468,12.050919,12.05665302063587
1136,discovery,19,2,11.532737896139919,11.629461,11.657274669994406
1137,discovery,19,2,11.686887175419702,11.700491,11.6227955516062
1150,discovery,19,2,11.870606902224587,11.81009,11.832510136013468
1151,discovery,19,2,11.728044909070785,11.742416,11.72338327843658
1155,discovery,19,2,12.215037342290755,12.366684,12.333176278386567
1160,discovery,19,2,12.128116509451258,12.109583,12.12524241626778
1161,discovery,19,2,11.891368749982085,11.919911,11.893722546718518
1162,discovery,19,2,12.319405795112926,12.261917,12.307393929733976
1163,discovery,19,2,11.767575435251748,11.734274,11.71795138943461
1166,discovery,19,2,12.359527368950229,12.302068,12.318467809013512
1167,discovery,19,2,12.41044511731981,12.394391,12.363276042329735
1180,discovery,19,2,11.440365524765756,11.442655,11.415835656527035
1181,discovery,19,2,12.429220196836383,12.465186,12.505646263507913
1182,discovery,19,2,12.880294363972055,12.57684,12.591770334136593
1186,discovery,19,2,11.560772327227417,11.7507925,11.749254657122016
1188,discovery,19,2,12.476103599529843,12.564095,12.572354401600554
1191,discovery,19,2,12.031725210748633,12.020973,11.93260456964269
1199,discovery,19,2,12.08954444723597,12.087163,12.078217076161598
1201,discovery,19,2,11.6617850286409,11.500679,11.589795440493159
1204,discovery,19,2,12.269052139516223,12.279527,12.27058081517527
1205,discovery,19,2,11.941462360646149,11.90877,11.920506874720894
1210,discovery,19,2,12.577639650232573,12.523365,12.524272231080825
1214,discovery,19,2,11.884495917930655,11.731437,11.814015340298912
1217,discovery,19,2,11.626263078808801,11.760082,11.723264326363296
1233,discovery,19,2,11.530775206233024,11.532775,11.562217962659464
1234,discovery,19,2,11.863589378812122,11.826482,11.811339102335161
1239,discovery,19,2,11.86710429621008,11.824149,11.799151357768318
1244,discovery,19,2,13.049794835104816,13.078688,12.99001400964276
1247,discovery,19,2,12.136191879981927,12.149136,12.18501612535329
1251,discovery,19,2,12.404927602627597,12.490028,12.44705226577543
1252,discovery,19,2,12.053801032483948,12.168759,12.209361584307576
1254,discovery,19,2,12.591338447675579,12.575999,12.602421938516356
1263,discovery,19,2,11.992266613576142,11.836463,11.949762038951313
1266,discovery,19,2,12.12215284831553,12.048143,12.085374577761463
1267,discovery,19,2,11.711784520403112,11.769822,11.679761191541628
1270,discovery,19,2,11.87757552297847,11.840123,11.824819135813973
1273,discovery,19,2,11.827743504053695,11.79676,11.808005101924275
1274,discovery,19,2,12.083910661257521,12.056073,12.067550804672322
1277,discovery,19,2,11.995357787034976,12.02771,12.046933647166568
1279,discovery,19,2,12.37581963951765,12.516518,12.48342135086634
1282,discovery,19,2,12.100717685412471,12.161784,12.202244316486428
1284,discovery,19,2,11.842236406331555,11.863189,11.831990087306751
1288,discovery,19,2,12.154784614286667,12.088274,12.095155785306728
1291,discovery,19,2,12.103491596905931,12.011969,12.024127083606496
1303,discovery,19,2,12.577639650232573,12.630396,12.63865574742575
1304,discovery,19,2,12.354496960983985,12.310867,12.348098500490956
1309,discovery,19,2,11.898194668458823,11.88207,11.862931047065649
1315,discovery,19,2,11.686887175419702,11.68532,11.687125527801733
1330,discovery,19,2,12.081081821061819,12.1093855,12.116708835899413
1333,discovery,19,2,11.51293546492023,11.570247,11.575816628753516
1346,discovery,19,2,11.59451466851004,11.412102,11.344642647899958
1363,discovery,19,2,11.560772327227417,11.779375,11.76742445821502
1364,discovery,19,2,11.963574241653713,12.026479,12.026365945092625
1367,discovery,19,2,12.170450649220749,12.243802,12.204468459464776
1381,discovery,19,2,10.97679912709094,11.195616,11.083800872509059
1386,discovery,19,2,11.74006900564972,11.647881,11.59883607445005
1391,discovery,19,2,12.367345048436391,12.325394,12.32880178928901
1400,discovery,19,2,11.831022768939789,12.001277,11.974840058187402
1402,discovery,19,2,12.170450649220749,12.136814,12.142748692995994
1405,discovery,19,2,11.561725152903833,11.370528,11.26973598119576
1408,discovery,19,2,11.626263078808801,11.680343,11.658922593544245
1409,discovery,19,2,11.74006900564972,11.629047,11.634208768288413
1410,discovery,19,2,12.278397958261774,12.296868,12.263176255397537
1411,discovery,19,2,12.345838935721968,12.300491,12.291545437672829
1413,discovery,19,2,11.407576060361786,11.481041,11.514248297009683
1417,discovery,19,2,11.715874472198905,11.694891,11.68622094826943
1420,discovery,19,2,12.314931534737134,12.342989,12.379102855281895
1425,discovery,19,2,11.87757552297847,11.825359,11.810055303721688
1428,discovery,19,2,11.849404844423074,11.828919,11.825265208720795
1433,discovery,19,2,11.07443600653965,11.517005,11.506153534275013
1435,discovery,19,2,11.982935344196433,11.96441,11.955343755341092
1442,discovery,19,2,11.913719681428494,11.8723135,11.880101332994078
1445,discovery,19,2,12.098493002763465,12.2097225,12.197012318593604
1447,discovery,19,2,11.969723533345908,11.880567,11.88284472297776
1456,discovery,19,2,12.07254696717504,12.066157,12.071891782537726
2,discovery,19,3,12.109016442313738,12.0529585,12.113183149412862
7,discovery,19,3,12.634606283893019,12.531202,12.514505533519854
11,discovery,19,3,11.771443882099637,11.766213,11.758629246288065
14,discovery,19,3,12.540761149388421,12.256561,12.233522947454324
15,discovery,19,3,11.964007453736912,11.925411,11.910418496975439
22,discovery,19,3,11.845109950883979,11.691248,11.653249267674159
23,discovery,19,3,12.345838935721968,12.318117,12.284916048941811
25,discovery,19,3,11.944714374881176,11.842791,11.876612012723626
28,discovery,19,3,12.631343648903034,12.597079,12.598887097354558
30,discovery,19,3,11.134603622683905,11.090817,11.164190240314573
33,discovery,19,3,12.100161978566867,12.205384,12.172183161673745
38,discovery,19,3,11.938199736300925,11.933195,11.9488096118506
42,discovery,19,3,12.04355959836804,12.067208,12.144075198210423
46,discovery,19,3,12.675766851909591,12.628586,12.61344519024023
49,discovery,19,3,11.635151947212842,11.467552,11.417479843311673
55,discovery,19,3,11.775297421715827,11.720869,11.714672735881209
59,discovery,19,3,12.991755706536901,12.990931,12.896780620170642
63,discovery,19,3,12.218500103788143,12.258755,12.261559482967424
76,discovery,19,3,11.418625774449598,11.377613,11.32885886471752
77,discovery,19,3,11.818577604251555,11.695742,11.73402484266899
79,discovery,19,3,11.824087219587643,11.702851,11.707483081434454
82,discovery,19,3,11.941462360646149,12.05188,12.017778400838017
86,discovery,19,3,12.468440756144114,12.506896,12.506553690666767
87,discovery,19,3,12.066816325306588,12.080067,12.082824613652086
92,discovery,19,3,11.498836682527127,11.72254,11.632608808136068
93,discovery,19,3,12.004574385508691,11.777042,11.852789268025987
95,discovery,19,3,12.229549885708273,12.21992,12.216914627540005
96,discovery,19,3,12.128116509451258,12.07243,12.125495869606496
98,discovery,19,3,11.459007676978688,11.680189,11.698141570181463
102,discovery,19,3,12.08954444723597,12.001908,11.978815827991449
104,discovery,19,3,12.200562492481511,12.140601,12.125903273448667
105,discovery,19,3,12.040614105490253,11.973403,11.86313152463003
107,discovery,19,3,11.51293546492023,11.364093,11.381236203999004
118,discovery,19,3,11.951186847493476,11.899623,11.816952835350529
120,discovery,19,3,12.0075668272517,12.063149,12.0708103408129
123,discovery,19,3,11.820417517632333,11.867704,11.884873525831708
125,discovery,19,3,12.10625783509458,12.099123,12.112227619627193
129,discovery,19,3,11.951186847493476,11.929121,11.919832140717876
130,discovery,19,3,11.918397239722838,11.889317,11.902268991045645
134,discovery,19,3,12.301387370778713,12.282201,12.2507431789236
135,discovery,19,3,12.100717685412471,12.016405,12.034875324437175
139,discovery,19,3,12.345838935721968,12.4673395,12.434138422904214
148,discovery,19,3,12.312686874960354,12.274124,12.252581428569625
157,discovery,19,3,11.603688960617083,11.533284,11.572859338862948
162,discovery,19,3,12.929993908996359,12.933586,12.927348195445113
169,discovery,19,3,12.119975396053194,12.1798315,12.159285720310422
171,discovery,19,3,11.763691965388299,11.670957,11.64401576060322
177,discovery,19,3,12.259618151783465,12.22101,12.2433181158277
182,discovery,19,3,12.206577518060588,12.125661,12.160477214939869
183,discovery,19,3,11.695255355062795,11.685844,11.64828276576579
186,discovery,19,3,13.07107218827772,12.808077,12.911347539943465
200,discovery,19,3,12.524166311833152,12.614768,12.619033068206898
203,discovery,19,3,11.626263078808801,11.776123,11.761215601261142
220,discovery,19,3,12.027191164883384,12.07484,12.069464288187739
227,discovery,19,3,12.577639650232573,12.498067,12.506243753372992
228,discovery,19,3,11.571203807011969,11.433688,11.461878341564695
233,discovery,19,3,11.456365695436427,11.426902,11.440445306820868
242,discovery,19,3,11.612779849672751,11.442108,11.468008939234455
244,discovery,19,3,11.695255355062795,11.803871,11.80358643906101
248,discovery,19,3,11.849404844423074,11.919272,11.909983546052349
251,discovery,19,3,11.245059091624615,11.385297,11.326140591937499
257,discovery,19,3,12.242891437918386,12.157085,12.198889788119207
259,discovery,19,3,12.352339472153524,12.295436,12.289640720792223
261,discovery,19,3,12.07824495582233,12.0515585,12.03012028678061
283,discovery,19,3,12.242891437918386,12.28118,12.319749997126431
284,discovery,19,3,12.407383590534293,12.388041,12.377495272435114
292,discovery,19,3,11.819681958463892,11.787335,11.833323842895242
293,discovery,19,3,11.782960235741939,11.880301,11.783738649920494
297,discovery,19,3,11.931642378754141,11.803726,11.786266883449777
299,discovery,19,3,12.07254696717504,12.062815,12.094809582808066
312,discovery,19,3,11.790564777297387,11.836217,11.835129257747342
315,discovery,19,3,12.08954444723597,12.072219,12.068032695882392
318,discovery,19,3,12.506180941677357,12.473242,12.456545023265948
336,discovery,19,3,12.34126328584159,12.231587,12.31636008568574
342,discovery,19,3,11.314486721293981,11.389927,11.354855982528509
351,discovery,19,3,12.670001611311875,12.599621,12.639550999155913
352,discovery,19,3,12.154784614286667,12.202866,12.1869697290766
354,discovery,19,3,11.570259974415547,11.466877,11.462802070672272
357,discovery,19,3,12.06105265381003,12.049744,12.072852124047529
363,discovery,19,3,12.198549416880068,12.114429,12.05121487295408
364,discovery,19,3,11.678448377988165,11.5549135,11.60661595914319
370,discovery,19,3,11.995357787034976,12.002081,12.027049518223732
374,discovery,19,3,11.719947764402807,11.74402,11.75963495975099
376,discovery,19,3,11.0186455364637,11.201806,11.086509277124339
378,discovery,19,3,12.73670383776449,12.52936,12.512663034740557
388,discovery,19,3,11.736077016252437,11.804197,11.768205853986462
393,discovery,19,3,11.575909653758895,11.544487,11.570452532803884
395,discovery,19,3,11.599112335481124,11.573834,11.546893568220408
402,discovery,19,3,12.013646205940514,12.161806,12.15237739297872
404,discovery,19,3,12.460718739865236,12.456896,12.469964053850141
409,discovery,19,3,12.54254845357358,12.486207,12.503262318205962
411,discovery,19,3,11.002116507732017,11.583952,11.50300534726796
417,discovery,19,3,11.915058360753719,11.952366,11.941187361945818
424,discovery,19,3,12.660331092405906,12.71037,12.704323884814954
433,discovery,19,3,11.715874472198905,11.765817,11.784578310400448
435,discovery,19,3,11.302216779257382,11.343291,11.333144421883851
438,discovery,19,3,11.686887175419702,11.6972475,11.732470480645395
439,discovery,19,3,11.411457364027745,11.313488,11.375963275714847
440,discovery,19,3,11.608244735642321,11.772396,11.785181654832545
448,discovery,19,3,12.20557752297723,12.215472,12.208536055117044
469,discovery,19,3,12.429220196836383,12.39033,12.393135067379045
471,discovery,19,3,12.264346270624157,12.364592,12.386010902953783
472,discovery,19,3,12.154784614286667,12.154551,12.127737872156246
476,discovery,19,3,11.794345471549745,11.789236,11.794096669318053
478,discovery,19,3,12.847929163278053,12.8746195,12.860475791185127
492,discovery,19,3,11.798111925972618,11.912788,11.935661376117114
494,discovery,19,3,11.951186847493476,11.91662,11.938680232628924
497,discovery,19,3,12.971542813248437,12.69515,12.681198428797156
498,discovery,19,3,12.122696471358964,12.026481,11.995200895046883
500,discovery,19,3,11.695255355062795,11.75238,11.778345904385915
502,discovery,19,3,12.331387247601905,12.242457,12.278365103239812
507,discovery,19,3,12.278397958261774,12.326328,12.328431618613177
519,discovery,19,3,12.259618151783465,12.186142,12.183136436927212
521,discovery,19,3,11.573559498507079,11.312723,11.337772304548052
532,discovery,19,3,11.759793355371237,11.815948,11.87576240664686
537,discovery,19,3,12.144202560946876,12.199286,12.193491276212145
549,discovery,19,3,11.736077016252437,11.691698,11.684474313695125
553,discovery,19,3,12.450981602512561,12.484608,12.488872736480824
562,discovery,19,3,12.04355959836804,12.02523,12.015076533455213
567,discovery,19,3,12.691583538230217,12.657527,12.782914903994733
568,discovery,19,3,12.273735966890268,12.151954,12.157878817526672
569,discovery,19,3,12.665397584983758,12.559521,12.599783011291944
571,discovery,19,3,11.867805799560465,11.905695,11.907404400700276
574,discovery,19,3,12.04355959836804,12.004666,11.98412054391882
575,discovery,19,3,11.842236406331555,11.69469,11.720655283963552
578,discovery,19,3,12.010671928196443,11.934791,11.915104840087459
583,discovery,19,3,11.682676678340282,11.720344,11.685553673457996
587,discovery,19,3,11.775297421715827,11.651841,11.693509619490126
590,discovery,19,3,11.283524879179666,11.484227,11.510211837952653
592,discovery,19,3,13.02132904585825,12.959407,12.999775946287714
593,discovery,19,3,11.835016210489899,11.847751,11.882201218726268
596,discovery,19,3,12.672949516558306,12.607084,12.73386796682895
597,discovery,19,3,11.648373769145277,11.609663,11.602048229215788
599,discovery,19,3,12.289958727201455,12.104898,12.180983340135727
601,discovery,19,3,12.524530013005734,12.513292,12.529706683618773
608,discovery,19,3,12.323860125621126,12.041181,12.047186314209991
611,discovery,19,3,12.653961664405365,12.756261,12.726055034820174
619,discovery,19,3,12.659737267217572,12.6806,12.720530346384917
620,discovery,19,3,12.628070334272698,12.644812,12.619799476276633
622,discovery,19,3,12.388398368982115,12.4379425,12.48965446555085
624,discovery,19,3,12.034696963475044,12.09072,12.124618778512541
625,discovery,19,3,12.014615485902027,11.982854,12.008107839042975
651,discovery,19,3,12.235393555399902,12.243472,12.299730351672364
662,discovery,19,3,12.904209855160254,12.788839,12.808509542587723
663,discovery,19,3,11.608244735642321,11.970548,11.878387804236091
667,discovery,19,3,11.767575435251748,12.189174,12.125572959483842
668,discovery,19,3,12.173037959397275,12.224486,12.210296576726607
673,discovery,19,3,12.013706813470414,12.017887,12.061763653760615
674,discovery,19,3,12.458778882573533,12.443011,12.490333740389625
676,discovery,19,3,11.908346971208951,11.875081,11.877556026670682
677,discovery,19,3,11.373674891823535,11.766796,11.769362919376908
678,discovery,19,3,11.603688960617083,11.584917,11.589394245576466
682,discovery,19,3,11.979391594635791,11.681083,11.692253167339372
687,discovery,19,3,12.336556900342153,12.276813,12.310075072563333
702,discovery,19,3,11.849404844423074,11.894266,11.885714312751626
714,discovery,19,3,11.767575435251748,11.580018,11.638744144047308
716,discovery,19,3,12.013706813470414,11.872754,11.885858715513423
717,discovery,19,3,11.979805470779858,12.211469,12.211819297402426
729,discovery,19,3,11.608244735642321,11.85206,11.84804721604867
743,discovery,19,3,12.095146671399466,12.1139145,12.092405062030283
753,discovery,19,3,12.28765724080691,12.249159,12.259762946660592
755,discovery,19,3,11.957617696467539,11.93343,11.962299790110508
756,discovery,19,3,12.058158312538197,11.976755,12.012114031232484
757,discovery,19,3,12.264346270624157,12.310606,12.27095942962833
770,discovery,19,3,13.195615697878253,12.89047,12.911888855529467
777,discovery,19,3,12.308182383129823,12.286223,12.276794697971395
782,discovery,19,3,12.077676615757813,12.082229,12.073742736948535
784,discovery,19,3,12.016732516077072,11.976025,11.97407196133673
786,discovery,19,3,11.992266613576142,12.016288,12.029392422178462
792,discovery,19,3,11.896833207128452,11.936571,11.888860020987451
815,discovery,19,3,11.661354090741,11.659965,11.647823846877476
820,discovery,19,3,12.319405795112926,12.307952,12.324010304602373
829,discovery,19,3,12.128116509451258,12.094367,12.093269143246495
837,discovery,19,3,11.941462360646149,11.870605,11.871010276358765
842,discovery,19,3,11.967187086434018,11.890729,11.901651607992974
844,discovery,19,3,11.856522261533737,11.769196,11.722888309962391
859,discovery,19,3,11.931642378754141,11.848749,11.69404309386956
863,discovery,19,3,11.931642378754141,11.882242,11.859149728443109
864,discovery,19,3,11.794345471549745,11.894432,11.889696026626053
885,discovery,19,3,11.51293546492023,11.722484,11.71774759370369
887,discovery,19,3,11.884495917930655,12.002702,11.96452893270365
888,discovery,19,3,11.816734299348461,11.853908,11.836063019907499
890,discovery,19,3,11.915058360753719,12.008044,11.946495116843238
892,discovery,19,3,12.058158312538197,12.030496,11.975005937526307
898,discovery,19,3,11.870278179170796,11.820564,11.831477119861825
904,discovery,19,3,12.388398368982115,12.356158,12.368280044550437
914,discovery,19,3,11.884495917930655,11.842194,11.904668872638675
918,discovery,19,3,11.813037464800539,11.805864,11.84562759776218
922,discovery,19,3,11.890683588496984,11.999272,11.981427781260038
932,discovery,19,3,11.674202123168433,11.740731,11.756345737033705
933,discovery,19,3,12.676079399771027,12.54308,12.567909038466526
935,discovery,19,3,12.396697137361691,12.239447,12.215931069217332
954,discovery,19,3,12.055255569732177,12.030214,11.974245666552747
964,discovery,19,3,12.384223015005313,12.576285,12.54607952517662
966,discovery,19,3,12.094587859196112,12.030713,11.997392612146138
971,discovery,19,3,11.813037464800539,11.227889,11.146690463404163
978,discovery,19,3,12.20557752297723,12.187454,12.200366203830487
980,discovery,19,3,11.842236406331555,11.843115,11.849435740702546
982,discovery,19,3,12.724869415131389,12.698589,12.686097665586923
983,discovery,19,3,11.982278882874377,12.134092,12.124450787415585
987,discovery,19,3,11.669937760751914,11.663026,11.67355749372848
992,discovery,19,3,12.031725210748633,12.149019,12.114130925432375
999,discovery,19,3,11.418625774449598,11.393455,11.383876625263493
1002,discovery,19,3,11.362114203075018,11.346587,11.316461740426464
1005,discovery,19,3,12.10625783509458,12.128881,12.112794430553276
1007,discovery,19,3,12.004574385508691,11.974574,11.880953929995153
1010,discovery,19,3,11.532737896139919,11.629908,11.6612493668062
1014,discovery,19,3,11.350418300109132,11.545462,11.459519633649528
1016,discovery,19,3,12.33270970174018,12.287992,12.216752808829282
1017,discovery,19,3,12.220966184120165,12.316436,12.304195148842023
1019,discovery,19,3,11.982935344196433,12.01445,11.993904288730832
1029,discovery,19,3,11.561725152903833,11.735681,11.729484251689314
1037,discovery,19,3,12.66191713053049,12.733732,12.73776932503229
1042,discovery,19,3,12.06105265381003,12.016483,12.086341685690982
1045,discovery,19,3,12.535379989788607,12.507665,12.416075426607668
1051,discovery,19,3,12.080996832096167,12.18244,12.180951973842935
1063,discovery,19,3,11.407576060361786,11.803367,11.756075271081802
1064,discovery,19,3,11.612779849672751,11.781665,11.762238745117754
1084,discovery,19,3,11.982935344196433,11.91212,11.923181527639198
1086,discovery,19,3,11.898194668458823,11.995959,11.993217346565604
1097,discovery,19,3,11.751950239425476,11.715214,11.708835055717117
1101,discovery,19,3,11.002116507732017,11.008315,10.95084347936014
1115,discovery,19,3,11.669937760751914,11.673993,11.67247320066266
1124,discovery,19,3,11.678448377988165,11.485308,11.50204796103298
1128,discovery,19,3,12.464587201678082,12.38875,12.380919428301668
1129,discovery,19,3,12.278397958261774,12.276521,12.255974944553586
1130,discovery,19,3,11.849404844423074,11.766421,11.719129928064223
1132,discovery,19,3,11.44572741040675,11.616551,11.61627384079933
1133,discovery,19,3,11.674202123168433,11.76797,11.674472906491989
1140,discovery,19,3,11.87757552297847,11.690915,11.68864345863658
1141,discovery,19,3,11.842236406331555,11.709619,11.744212808615393
1142,discovery,19,3,12.193498926601634,12.09815,12.122215378000822
1143,discovery,19,3,12.959540872420414,12.862831,12.806418749577123
1144,discovery,19,3,11.289794413577894,11.611755,11.533449536265518
1149,discovery,19,3,11.669082701743504,11.645925,11.636034518448549
1153,discovery,19,3,12.345838935721968,12.169207,12.209917782595264
1156,discovery,19,3,12.292254928916668,12.140556,12.186604883604392
1157,discovery,19,3,12.100161978566867,12.1269245,12.178942233803124
1159,discovery,19,3,12.367889578686164,12.3991165,12.379925702081419
1170,discovery,19,3,13.345508528717259,13.1254,13.464901393990717
1171,discovery,19,3,12.049424683420915,11.906185,11.886730356480282
1175,discovery,19,3,12.384223015005313,12.28071,12.359788713244095
1178,discovery,19,3,11.652696102959753,11.646167,11.644549108113967
1184,discovery,19,3,11.695255355062795,11.846986,11.833654584179374
1189,discovery,19,3,12.180759965737863,12.144113,12.131871921913312
1193,discovery,19,3,11.736077016252437,11.751268,11.754285276731036
1224,discovery,19,3,11.834291315386718,11.994613,11.93130431952759
1229,discovery,19,3,12.813920618864572,12.744883,12.792718531284551
1230,discovery,19,3,11.751950239425476,11.885517,11.887226559513753
1232,discovery,19,3,11.794345471549745,11.905226,11.932989582548117
1236,discovery,19,3,11.841423131921784,11.914124,11.96985788357329
1241,discovery,19,3,12.323415584358154,12.271722,12.265926655240465
1245,discovery,19,3,12.345838935721968,12.178357,12.242339030165299
1249,discovery,19,3,11.771443882099637,11.926003,11.880522963294327
1253,discovery,19,3,11.775297421715827,11.707726,11.705772858553527
1255,discovery,19,3,12.016128107502665,12.122548,12.012390225710833
1262,discovery,19,3,11.766799946849087,11.752648,11.768262851291517
1281,discovery,19,3,12.33270970174018,12.256577,12.244335873024152
1287,discovery,19,3,11.870606902224587,11.959906,11.970553023286572
1289,discovery,19,3,12.535379989788607,12.464917,12.488793706997043
1290,discovery,19,3,12.546113507028412,12.508842,12.571135885925234
1295,discovery,19,3,11.652696102959753,11.689679,11.677538431228061
1300,discovery,19,3,11.944714374881176,12.030141,12.055109477635353
1305,discovery,19,3,11.775297421715827,11.827272,11.722818388191063
1313,discovery,19,3,12.618185607609803,12.623107,12.609155009912879
1318,discovery,19,3,12.249615734512616,12.178575,12.191486542270429
1322,discovery,19,3,11.19135563385109,11.165345,11.131466527639084
1323,discovery,19,3,12.154784614286667,12.238554,12.291689989078682
1326,discovery,19,3,10.915106645867503,11.116492,11.032272766365674
1327,discovery,19,3,11.277215789596893,11.30346,11.30118003944361
1334,discovery,19,3,11.74006900564972,11.795745,11.812245740309557
1338,discovery,19,3,10.868587496017359,10.962654,10.921134329208762
1339,discovery,19,3,12.206077645517674,12.28524,12.28514883932714
1340,discovery,19,3,11.763691965388299,11.72032,11.769325814267617
1349,discovery,19,3,12.278397958261774,12.375848,12.354338388751474
1352,discovery,19,3,12.049424683420915,12.040986,12.046343872666291
1354,discovery,19,3,12.923914877701906,12.902346,12.887396778352747
1372,discovery,19,3,12.016732516077072,12.079609,12.084966728806428
1374,discovery,19,3,13.05301544288996,13.079245,13.405136799845716
1377,discovery,19,3,11.418625774449598,11.4835825,11.437235346895449
1389,discovery,19,3,12.84132849667433,12.764459,12.780759779698233
1395,discovery,19,3,12.415437707935368,12.301094,12.29571875138354
1401,discovery,19,3,11.695255355062795,11.735147,11.77681593205116
1407,discovery,19,3,11.798111925972618,11.763673,11.800529563968047
1414,discovery,19,3,12.456835254920371,12.4668455,12.450066514358436
1418,discovery,19,3,12.73670383776449,12.712213,12.699720903196786
1430,discovery,19,3,12.116700301832573,12.125058,12.168864367199067
1440,discovery,19,3,12.190964083849375,12.080818,12.054005496057613
1443,discovery,19,3,12.644330802262578,12.805295,12.914034547433461
1451,discovery,19,3,11.820417517632333,11.784745,11.780009175124588
1454,discovery,19,3,11.344518647594766,11.779125,11.749350420261115
1459,discovery,19,3,11.864469267087891,11.8348055,11.847962766669644
8,discovery,19,4,12.206077645517674,12.282587,12.271098232526587
9,discovery,19,4,11.774527900858468,11.76648,11.66348150068578
13,discovery,19,4,11.87757552297847,11.837536,11.83555382976197
16,discovery,19,4,11.790564777297387,11.7897005,11.832759823151747
18,discovery,19,4,11.407576060361786,11.648898,11.691310470396093
21,discovery,19,4,12.692506186542177,12.706545,12.74849924312905
26,discovery,19,4,12.454107814022272,12.380865,12.369478829729834
32,discovery,19,4,11.914054519303125,11.850887,11.848905270191658
37,discovery,19,4,11.884495917930655,11.886549,11.884351097525691
41,discovery,19,4,11.982935344196433,11.885985,11.780163863598808
43,discovery,19,4,11.87757552297847,11.833705,11.895959060221486
51,discovery,19,4,12.083910661257521,12.086491,12.120974339616655
60,discovery,19,4,11.735276702486741,11.738941,11.767820729007878
66,discovery,19,4,12.666660207428574,12.609532,12.599205664955674
68,discovery,19,4,12.328294703023396,12.27077,12.261237646075545
69,discovery,19,4,11.289794413577894,11.297789,11.270395835652371
72,discovery,19,4,11.771443882099637,11.7543545,11.768336127009162
80,discovery,19,4,11.608244735642321,11.742489,11.724014551085267
85,discovery,19,4,12.034696963475044,12.01585,12.002895675264407
100,discovery,19,4,11.767187766223199,11.776454,11.791528512551647
109,discovery,19,4,11.652696102959753,11.715182,11.709604355972157
114,discovery,19,4,12.28765724080691,12.437631,12.445819918032393
116,discovery,19,4,12.07824495582233,12.010809,12.040879459310277
128,discovery,19,4,11.373674891823535,11.363741,11.359089198988826
131,discovery,19,4,12.328294703023396,12.281814,12.236608852270564
137,discovery,19,4,11.870606902224587,11.887696,11.88209778150805
138,discovery,19,4,12.049424683420915,12.309781,12.240273940710168
143,discovery,19,4,12.019749091416921,11.774656,11.716933052515113
144,discovery,19,4,12.225880174775122,12.25676,12.246167640683689
147,discovery,19,4,11.561725152903833,11.63266,11.656070359732995
151,discovery,19,4,11.711784520403112,11.820229,11.835190718176039
152,discovery,19,4,12.827731880206521,12.653874,12.689596509277797
155,discovery,19,4,11.736077016252437,11.61956,11.568192670161215
156,discovery,19,4,11.277215789596893,11.241895,11.220584060128587
180,discovery,19,4,11.51293546492023,11.641579,11.62416394032722
189,discovery,19,4,11.940399914116648,11.914451,11.888766649660758
190,discovery,19,4,12.563750586299374,12.495087,12.528123417649233
194,discovery,19,4,11.775297421715827,11.84401,11.789299855986497
198,discovery,19,4,12.367345048436391,12.630957,12.456396625449303
206,discovery,19,4,12.103491596905931,12.095006,12.082051597200442
214,discovery,19,4,11.957617696467539,11.908314,11.914562066722237
217,discovery,19,4,12.25486757159303,12.234123,12.22574518602654
218,discovery,19,4,11.580593459194764,11.420676,11.31251731840017
219,discovery,19,4,12.649157827477366,12.389907,12.441767589315901
222,discovery,19,4,12.206077645517674,12.2451935,12.276434671400436
223,discovery,19,4,12.100161978566867,12.085851,12.109188335543614
224,discovery,19,4,11.48247656671073,11.688568,11.7656738331933
225,discovery,19,4,12.864242696187505,12.787278,12.895638313125627
231,discovery,19,4,11.904974309480181,11.820879,11.808251302475085
236,discovery,19,4,11.402005077384885,11.372045,11.289516368250382
247,discovery,19,4,11.827743504053695,11.822862,11.8124188596409
252,discovery,19,4,12.367345048436391,12.584874,12.569390985699409
256,discovery,19,4,12.345838935721968,12.302485,12.297977288076675
265,discovery,19,4,11.19822841866684,11.344175,11.31181452371113
268,discovery,19,4,12.097936057925594,12.009382,12.095426227032876
269,discovery,19,4,11.699413330633599,11.6488695,11.631682937005198
281,discovery,19,4,12.339295865674435,12.293693,12.28674192007551
286,discovery,19,4,12.011886987792716,11.986531,12.009947544684659
288,discovery,19,4,11.385103457032141,11.502545,11.486938772571012
289,discovery,19,4,11.711784520403112,11.648983,11.622717628562445
296,discovery,19,4,11.86710429621008,11.910065,11.893003737133204
302,discovery,19,4,12.495007682693725,12.541897,12.495791524917081
304,discovery,19,4,11.917730355182513,11.763053,11.74965512854438
316,discovery,19,4,12.146858590895919,12.128415,12.115460715852786
321,discovery,19,4,12.74444728628135,12.802815,12.815888296794922
323,discovery,19,4,12.614868865984631,12.539798,12.516746650214966
329,discovery,19,4,12.276069679344003,12.068024,12.10060696065248
331,discovery,19,4,11.686887175419702,11.881206,11.830510813409935
337,discovery,19,4,12.841132451487937,12.77148,12.867577600468591
339,discovery,19,4,12.218500103788143,12.267387,12.27710779717673
340,discovery,19,4,11.951186847493476,11.929785,11.93588902855372
344,discovery,19,4,12.491255347155265,12.583176,12.551794323373208
345,discovery,19,4,11.350418300109132,11.514241,11.414687538279379
349,discovery,19,4,11.944714374881176,12.131315,12.146870988254866
350,discovery,19,4,12.988043102265232,13.019362,13.032435309124024
356,discovery,19,4,12.086731521684555,12.089369,12.102531542505128
366,discovery,19,4,11.898194668458823,11.70019,11.693552066034403
371,discovery,19,4,12.057578437658945,12.079595,12.105364494620373
372,discovery,19,4,11.808821212646512,11.605763,11.592414208103499
377,discovery,19,4,11.904974309480181,11.760083,11.766331514048897
386,discovery,19,4,12.165255859329688,12.136833,12.164205053902869
390,discovery,19,4,12.962196972666593,12.965081,12.911147968434792
405,discovery,19,4,12.031725210748633,12.052591,12.070974568413337
414,discovery,19,4,11.652696102959753,11.605942,11.581498540577417
421,discovery,19,4,12.237091546357338,12.207691,12.11604972716369
428,discovery,19,4,11.599185726610004,11.646599,11.685956701361036
429,discovery,19,4,12.182809136284991,12.202233,12.192781347569873
441,discovery,19,4,13.22672519452875,12.982302,13.090661849807756
442,discovery,19,4,11.678448377988165,11.666037,11.60154670752375
443,discovery,19,4,12.000897933306716,11.906397,11.932021272385416
444,discovery,19,4,12.058158312538197,12.131253,12.149298602654486
449,discovery,19,4,11.691080018519527,11.684404,11.657820102323427
451,discovery,19,4,11.608244735642321,11.545001,11.534558218161408
453,discovery,19,4,12.225880174775122,12.20522,12.207317441626897
457,discovery,19,4,11.49273296168228,11.146432,11.091243401536182
458,discovery,19,4,12.45293662970407,12.133672,12.181519257951805
464,discovery,19,4,12.147919030759663,12.130452,12.187678916511338
465,discovery,19,4,11.728044909070785,11.684498,11.682299934805965
475,discovery,19,4,12.433212202169729,12.402872,12.434754450391107
477,discovery,19,4,12.249615734512616,12.230291,12.244608471799387
479,discovery,19,4,12.601490784782536,12.613298,12.566133544976886
484,discovery,19,4,12.00762780434872,11.946543,11.913381315783404
486,discovery,19,4,11.898194668458823,11.831024,11.853229585155923
488,discovery,19,4,12.07254696717504,12.082298,12.079307564072801
501,discovery,19,4,11.635151947212842,11.65701,11.633838502183826
506,discovery,19,4,11.732069026983156,11.740945,11.721825324424787
508,discovery,19,4,12.246739428005663,12.117292,12.127285629800031
509,discovery,19,4,11.989165855127435,11.902744,11.896057291663523
510,discovery,19,4,11.732069026983156,11.857156,11.866598203142265
514,discovery,19,4,11.80560254159177,11.910984,11.870435977283888
523,discovery,19,4,11.976665770490767,11.883618,11.937410859714245
530,discovery,19,4,12.209192772866418,12.565849,12.481713892156169
536,discovery,19,4,11.58525542883217,11.771339,11.778780683244218
540,discovery,19,4,12.513561021741964,12.444886,12.391752414534954
548,discovery,19,4,11.771443882099637,11.772817,11.77972958838254
556,discovery,19,4,11.635151947212842,11.594263,11.613356726395864
561,discovery,19,4,11.707677772181546,11.98342,11.973255462815077
572,discovery,19,4,11.695255355062795,11.756185,11.66646353104236
585,discovery,19,4,11.798111925972618,11.779787,11.868351670449131
602,discovery,19,4,11.856522261533737,11.745947,11.711975975371763
610,discovery,19,4,11.682676678340282,11.706472,11.741498104613864
616,discovery,19,4,11.83138646878959,11.842065,11.750691686708556
629,discovery,19,4,11.813037464800539,12.095466,12.050956246703329
631,discovery,19,4,11.728044909070785,11.59805,11.549739079088932
639,discovery,19,4,11.350418300109132,11.519647,11.527087911332597
641,discovery,19,4,12.520887034998584,12.48174,12.472567689464775
650,discovery,19,4,11.344518647594766,11.23068,11.186369239947723
652,discovery,19,4,11.58989576532275,11.585449,11.563841622222375
655,discovery,19,4,12.765691290604371,12.867184,12.870491695231435
656,discovery,19,4,11.385103457032141,11.489615,11.422005895039346
657,discovery,19,4,11.8879382384223,11.872874,11.897293634099848
658,discovery,19,4,11.91170829631447,12.066811,12.085923299915743
672,discovery,19,4,11.548302261270587,11.656426,11.649002272927529
686,discovery,19,4,12.242891437918386,12.228915,12.273381663375355
689,discovery,19,4,12.879019669789754,12.341082,12.41784564978722
691,discovery,19,4,11.856522261533737,11.908012,11.922329495358957
693,discovery,19,4,12.721888795877375,12.644739,12.660910629325423
698,discovery,19,4,11.724004532183379,11.789188,11.80286190678053
699,discovery,19,4,11.83863282480007,11.815558,11.837139972830126
700,discovery,19,4,12.185875040240456,12.111584,12.135265541684936
704,discovery,19,4,11.849404844423074,11.829376,11.837681002890173
705,discovery,19,4,12.269052139516223,12.287473,12.27091180015875
712,discovery,19,4,11.54031687156214,11.333476,11.205697036991587
724,discovery,19,4,11.813037464800539,11.729538,11.726244790208973
727,discovery,19,4,12.310437165348775,12.328303,12.403301140737605
730,discovery,19,4,11.542493975902508,11.451489,11.354965669010776
733,discovery,19,4,12.312686874960354,12.339014,12.330636009390798
734,discovery,19,4,11.786008995353765,11.802047,11.797850788508475
735,discovery,19,4,11.58989576532275,11.667973,11.623328655778096
736,discovery,19,4,12.001511614739405,12.065173,12.044733400476908
739,discovery,19,4,12.095146671399466,11.896507,11.816005588621135
750,discovery,19,4,11.49273296168228,11.237259,11.155140312900924
761,discovery,19,4,11.755879486687116,11.720238,11.713578973749536
762,discovery,19,4,11.51293546492023,11.582603,11.577150426303618
767,discovery,19,4,12.188422799337028,12.147453,12.113895103403312
785,discovery,19,4,11.759793355371237,11.80037,11.751948701040712
788,discovery,19,4,12.358798024384122,12.35072,12.320640775001296
791,discovery,19,4,11.984184555794167,12.002541,11.992846763682927
799,discovery,19,4,13.091906231773164,13.009153,13.013780011619373
801,discovery,19,4,12.206077645517674,12.17015,12.193766193035245
802,discovery,19,4,11.60733523953139,11.665929,11.599328113019997
804,discovery,19,4,13.275829251377,13.026611,13.031237973655506
805,discovery,19,4,11.678448377988165,11.638482,11.60135931835714
808,discovery,19,4,12.317171167298682,12.1542015,12.164848943234475
817,discovery,19,4,11.827743504053695,11.790313,11.808201384252873
819,discovery,19,4,11.951186847493476,11.8949,11.939197306942047
822,discovery,19,4,11.440365524765756,11.354067,11.271446261643945
832,discovery,19,4,11.92504173829169,11.933351,11.963264650047908
841,discovery,19,4,11.849404844423074,11.693429,11.684791685343594
845,discovery,19,4,11.944064817531656,11.82524,11.840726232602835
860,discovery,19,4,12.429220196836383,12.353569,12.38966966262563
867,discovery,19,4,12.424810506025395,12.478449,12.47234241990363
869,discovery,19,4,12.037659911047468,11.969872,12.007206011564792
876,discovery,19,4,12.623064399210183,12.688963,12.726014022839268
884,discovery,19,4,11.682676678340282,11.586001,11.609408277403107
889,discovery,19,4,12.498745990829315,12.679621,12.65234231102648
893,discovery,19,4,11.947955847790901,11.870626,11.885161207540241
899,discovery,19,4,13.323928581764989,13.131928,13.130586167554394
915,discovery,19,4,12.065280672855897,11.987446,11.997439056924055
916,discovery,19,4,11.225256725762893,11.379071,11.31865954595388
925,discovery,19,4,12.242891437918386,12.193242,12.216579692965489
926,discovery,19,4,12.07254696717504,11.943706,11.896928164961757
927,discovery,19,4,12.560247968016562,12.547333,12.537006072365342
950,discovery,19,4,12.193498926601634,12.0839205,12.105605974852386
951,discovery,19,4,11.767575435251748,11.829922,11.872170150189795
956,discovery,19,4,11.884495917930655,12.079841,12.123150025674615
963,discovery,19,4,11.951186847493476,12.034108,12.03546610869701
965,discovery,19,4,12.277932735946903,12.286017,12.287773760399835
967,discovery,19,4,11.982935344196433,11.87437,11.950126776567473
973,discovery,19,4,11.507922973347437,11.746978,11.738224431089137
976,discovery,19,4,12.013706813470414,12.067433,12.09734744423736
979,discovery,19,4,11.608244735642321,11.542153,11.516336952009844
981,discovery,19,4,12.091789104493502,12.028337,12.009647514753063
985,discovery,19,4,11.744045122410057,11.74967,11.74211514313979
988,discovery,19,4,12.887129532148373,12.898365,12.897022744397656
993,discovery,19,4,12.138869243416009,12.206026,12.232173343587593
995,discovery,19,4,12.729323752253295,12.769314,12.877673950027482
997,discovery,19,4,11.824087219587643,11.798054,11.831397594689264
1011,discovery,19,4,11.813037464800539,11.73485,11.716767437464902
1012,discovery,19,4,11.51293546492023,11.551023,11.521417439630644
1020,discovery,19,4,12.271349956195543,12.166066,12.164818558990312
1023,discovery,19,4,11.373674891823535,11.571986,11.538471000483767
1024,discovery,19,4,12.160033942617156,12.1344385,12.126958648930563
1026,discovery,19,4,11.630717389475995,11.72458,11.723441488659732
1027,discovery,19,4,12.02874460037869,11.873226,11.860599183210885
1030,discovery,19,4,11.678448377988165,11.701767,11.714845505374923
1031,discovery,19,4,11.982935344196433,11.812794,11.905069965827977
1032,discovery,19,4,12.190964083849375,12.372041,12.298684188270183
1033,discovery,19,4,12.644330802262578,12.72416,12.75799226523351
1038,discovery,19,4,12.567240979056246,12.531698,12.48674731468497
1040,discovery,19,4,11.289794413577894,11.279561,11.1729935163726
1043,discovery,19,4,12.185875040240456,12.142562,12.139347825445457
1046,discovery,19,4,11.846543632608535,11.677152,11.709431026785637
1053,discovery,19,4,12.013706813470414,12.0100975,12.004498321487583
1058,discovery,19,4,12.421188057397055,12.33727,12.3994558370001
1062,discovery,19,4,11.302216779257382,11.257451,11.374887596488215
1069,discovery,19,4,11.927687224983487,12.049847,11.978195576560326
1072,discovery,19,4,11.944714374881176,11.967665,11.982556124586814
1087,discovery,19,4,11.332613886815139,11.513,11.445559347009741
1088,discovery,19,4,12.437188334739655,12.474233,12.484279701331701
1106,discovery,19,4,12.691583538230217,12.6865,12.665524260816579
1111,discovery,19,4,12.144202560946876,12.131465,12.151002585659256
1116,discovery,19,4,12.669809806411457,12.559663,12.594230548001118
1119,discovery,19,4,11.849404844423074,11.799583,11.797601406666267
1120,discovery,19,4,11.803361242493628,11.728204,11.72999192677026
1121,discovery,19,4,11.681832447342321,11.636602,11.586531028997548
1134,discovery,19,4,12.386312871189734,12.367953,12.348384674248647
1138,discovery,19,4,11.451060699493427,11.405876,11.42745769896538
1145,discovery,19,4,11.289794413577894,11.335842,11.263169353455277
1146,discovery,19,4,11.91170829631447,11.685267,11.669365981175005
1148,discovery,19,4,12.069685751267224,12.121536,12.151197999928835
1154,discovery,19,4,11.699413330633599,11.695216,11.694146101509682
1164,discovery,19,4,11.59873612138334,11.773549,11.704374443015034
1165,discovery,19,4,12.175618592671356,12.169372,12.218463944898597
1172,discovery,19,4,12.001511614739405,12.002142,11.99769715324766
1173,discovery,19,4,12.05467400868968,11.959793,11.983474922788451
1174,discovery,19,4,12.208574513247495,12.23006,12.262779260994577
1177,discovery,19,4,11.691080018519527,11.786207,11.765411036456893
1185,discovery,19,4,12.137263685701864,12.166197,12.159752502875032
1196,discovery,19,4,12.07824495582233,11.990122,12.009659468899002
1206,discovery,19,4,12.513193308436527,12.650087,12.654840123784714
1209,discovery,19,4,11.849404844423074,11.914665,11.939084596319086
1211,discovery,19,4,12.149507585033072,12.184392,12.17563860040066
1216,discovery,19,4,11.736077016252437,11.64036,11.621123003287833
1220,discovery,19,4,11.424105180165641,11.481222,11.456630888894985
1221,discovery,19,4,11.652696102959753,11.633334,11.62499181663421
1222,discovery,19,4,11.80560254159177,11.694024,11.675941593653867
1225,discovery,19,4,12.122696471358964,12.15663,12.145889129420734
1227,discovery,19,4,12.273735966890268,12.224355,12.255579641473187
1228,discovery,19,4,11.898194668458823,11.888272,11.93167509614665
1235,discovery,19,4,11.775297421715827,11.656119,11.708884259216173
1238,discovery,19,4,12.180759965737863,12.253129,12.250983216508653
1248,discovery,19,4,12.042971193457888,11.840479,11.79290233717764
1264,discovery,19,4,12.103491596905931,11.938538,11.972180452677636
1265,discovery,19,4,12.10625783509458,12.01807,11.893324907753712
1275,discovery,19,4,11.842236406331555,11.729655,11.793708985150749
1285,discovery,19,4,12.037659911047468,12.084536,12.0487319735374
1286,discovery,19,4,11.794345471549745,11.68209,11.714673084614882
1293,discovery,19,4,11.58525542883217,11.6367235,11.55705248371987
1294,discovery,19,4,12.000897933306716,12.110094,12.090951001564738
1298,discovery,19,4,11.849404844423074,11.910658,11.87421801496251
1299,discovery,19,4,11.982935344196433,12.843448,12.697918803459173
1308,discovery,19,4,11.835016210489899,11.819596,11.81739839214239
1310,discovery,19,4,12.09626335986454,12.072298,12.07172755572646
1312,discovery,19,4,12.220966184120165,12.234325,12.22487344199126
1321,discovery,19,4,11.960817678718287,11.995594,11.912323800817543
1324,discovery,19,4,11.320565693461432,11.235146,11.323710175698155
1325,discovery,19,4,11.898194668458823,12.5679,12.604950790417393
1331,discovery,19,4,12.33270970174018,12.428794,12.43990051086174
1335,discovery,19,4,11.736077016252437,11.695046,11.698315960629474
1342,discovery,19,4,11.951186847493476,11.997114,11.996543687318256
1343,discovery,19,4,12.339295865674435,12.459213,12.41310796168466
1348,discovery,19,4,12.554840409959793,12.544754,12.53864758042609
1357,discovery,19,4,11.608244735642321,11.648008,11.64356424479889
1368,discovery,19,4,11.751950239425476,11.827863,11.819335660764402
1369,discovery,19,4,11.87757552297847,11.862063,11.874166554203118
1370,discovery,19,4,12.354496960983985,12.488103,12.43496911985722
1373,discovery,19,4,12.521981322562505,12.442918,12.456872498820369
1382,discovery,19,4,12.377927112974284,12.265056,12.273373869123622
1384,discovery,19,4,11.626263078808801,11.879914,11.88954088441008
1385,discovery,19,4,11.561725152903833,11.620495,11.596970221755951
1387,discovery,19,4,12.429220196836383,12.509532,12.490388905922648
1390,discovery,19,4,11.782960235741939,11.81671,11.85035332712832
1392,discovery,19,4,11.728044909070785,11.722007,11.71534873711473
1398,discovery,19,4,11.83138646878959,11.763111,11.80656457466921
1412,discovery,19,4,11.849404844423074,11.880012,11.90509924884027
1431,discovery,19,4,12.165984756488543,12.01846,12.039693346684718
1432,discovery,19,4,11.87583791515714,11.856098,11.856396545810037
1437,discovery,19,4,11.699413330633599,11.708546,11.74674918734998
1438,discovery,19,4,12.885673487343764,12.81868,12.854401921570277
1444,discovery,19,4,11.703554089007538,11.524872,11.55745510518373
1458,discovery,19,4,12.493133274926212,12.451788,12.495465773882682
4,discovery,19,5,11.849404844423074,12.036418,12.01528548034278
5,discovery,19,5,12.429220196836383,12.610494,12.606961761780385
6,discovery,19,5,11.870606902224587,11.984753,11.976355083246979
10,discovery,19,5,11.678448377988165,11.762459,11.788232304836487
34,discovery,19,5,12.016732516077072,12.052515,12.052694157578095
35,discovery,19,5,12.533579815765737,12.548923,12.56514438181892
36,discovery,19,5,12.6410997921206,12.616468,12.62380011924574
40,discovery,19,5,11.314486721293981,11.29469,11.299766478789861
44,discovery,19,5,11.777218637129327,11.765122,11.781325158107917
45,discovery,19,5,11.856522261533737,11.8602295,11.883370640715249
52,discovery,19,5,11.648338835562747,11.657722,11.711301377661421
54,discovery,19,5,12.861001210669146,12.743296,12.770977951272705
56,discovery,19,5,12.103491596905931,12.014333,12.00212235583486
57,discovery,19,5,12.058158312538197,12.259665,12.183697375171016
58,discovery,19,5,12.188422799337028,12.202953,12.200898008501191
64,discovery,19,5,11.849404844423074,11.801939,11.761362010014496
73,discovery,19,5,12.128116509451258,12.191837,12.180173059779198
83,discovery,19,5,12.409017571151187,12.352121,12.346103570898972
89,discovery,19,5,11.350418300109132,10.835364,10.772546264392888
91,discovery,19,5,11.60733523953139,11.54239,11.564120367012347
108,discovery,19,5,11.652696102959753,11.520719,11.455287399046048
110,discovery,19,5,12.154784614286667,12.153776,12.173612647254648
113,discovery,19,5,12.85832230788469,12.665414,12.655495177208053
117,discovery,19,5,11.842236406331555,11.77973,11.760568985920681
126,discovery,19,5,11.344518647594766,11.234834,11.230632342629507
127,discovery,19,5,11.759793355371237,11.872068,11.8473609874
132,discovery,19,5,12.404927602627597,12.295521,12.30020135590885
149,discovery,19,5,11.856522261533737,11.941065,11.9294491284827
150,discovery,19,5,11.652696102959753,11.701565,11.684860639381178
160,discovery,19,5,12.676079399771027,12.533009,12.548781247135492
163,discovery,19,5,12.301387370778713,12.43176,12.478432037474242
167,discovery,19,5,12.154784614286667,12.129695,12.156600091091503
179,discovery,19,5,13.126032637428713,12.888336,12.979338224160923
184,discovery,19,5,12.206077645517674,12.327693,12.272479010557804
192,discovery,19,5,12.122696471358964,12.094069,12.104028923736708
195,discovery,19,5,11.751950239425476,11.678742,11.712557912432196
199,discovery,19,5,11.552155793461898,11.660619,11.603171615253306
201,discovery,19,5,11.849404844423074,11.817246,11.823221403733315
202,discovery,19,5,12.052344376474922,12.040369,12.025320171222246
204,discovery,19,5,11.91170829631447,11.890068,11.899067642638066
210,discovery,19,5,11.884495917930655,11.94606,11.966231403826637
213,discovery,19,5,12.439875187430008,12.406,12.412568005392144
221,discovery,19,5,12.230282214644559,12.250061,12.255326421523167
229,discovery,19,5,11.736077016252437,11.704882,11.69120680114069
232,discovery,19,5,12.90669432231532,12.668703,12.659553285711384
234,discovery,19,5,11.761354623750297,11.7271185,11.743189331548477
243,discovery,19,5,11.277215789596893,11.4165125,11.354244350878615
245,discovery,19,5,12.230770136157428,12.375688,12.36393998801945
249,discovery,19,5,12.100717685412471,12.170547,12.153307135890179
254,discovery,19,5,11.970356641102999,12.036426,12.07957314836751
260,discovery,19,5,11.48247656671073,11.469603,11.435043219980878
267,discovery,19,5,12.128116509451258,12.125486,12.143846079043339
272,discovery,19,5,12.394628892852941,12.266199,12.305077590684416
274,discovery,19,5,11.842236406331555,11.952113,11.949053720186287
276,discovery,19,5,12.230770136157428,12.0848,12.107564928070566
285,discovery,19,5,12.09626335986454,12.189887,12.161617381249584
290,discovery,19,5,11.941950837487406,11.842008,11.898015235082694
295,discovery,19,5,12.025755079404917,11.997087,11.979258214177479
301,discovery,19,5,11.964007453736912,11.979907,12.029557414540692
307,discovery,19,5,12.323860125621126,12.323141,12.304402562629557
309,discovery,19,5,11.320565693461432,11.573713,11.574202279004028
310,discovery,19,5,12.793862088206213,12.811043,12.842448694371338
311,discovery,19,5,12.017336559562407,12.077049,12.095408960513065
313,discovery,19,5,11.694421681264394,11.830519,11.836402232689508
314,discovery,19,5,12.834683971615659,12.4024725,12.406943282863567
320,discovery,19,5,12.141539457711714,12.180577,12.14685246974407
326,discovery,19,5,11.373674891823535,11.321489,11.340334948165246
328,discovery,19,5,11.886218559372042,11.838271,11.834121961970169
333,discovery,19,5,12.556733038263905,12.785952,12.77960417235637
341,discovery,19,5,12.220473454337986,12.362782,12.334555833112098
343,discovery,19,5,11.37940550085183,11.456568,11.467789863749976
347,discovery,19,5,11.928347504569842,11.876664,11.891241158095337
348,discovery,19,5,11.967187086434018,12.088855,12.071026478947987
358,discovery,19,5,11.80560254159177,11.875699,11.82284913886414
362,discovery,19,5,11.884495917930655,11.870911,11.881915268676313
365,discovery,19,5,12.154784614286667,12.168337,12.178778566549337
368,discovery,19,5,12.013706813470414,11.965783,11.95357270373525
369,discovery,19,5,11.790564777297387,11.819593,11.834541436658192
373,discovery,19,5,11.736077016252437,11.716475,11.695195791746901
375,discovery,19,5,12.299112067295642,12.24682,12.229581054042034
380,discovery,19,5,12.095146671399466,12.045196,12.049876152966956
383,discovery,19,5,12.271396795480596,12.243221,12.225981887171917
385,discovery,19,5,12.388398368982115,12.349219,12.350659344201475
387,discovery,19,5,11.302216779257382,11.43788,11.362908065636695
391,discovery,19,5,11.686887175419702,11.715686,11.70330347324832
408,discovery,19,5,12.083910661257521,12.082963,12.135413986365203
410,discovery,19,5,12.73596827534975,12.566614,12.540706930590224
425,discovery,19,5,11.842236406331555,11.873373,11.861162616149802
426,discovery,19,5,11.813037464800539,11.812949,11.78602755146717
427,discovery,19,5,12.524530013005734,12.407608,12.390374430795045
434,discovery,19,5,12.10625783509458,12.088479,12.09877751081086
436,discovery,19,5,12.264346270624157,12.264236,12.286921777808157
437,discovery,19,5,11.661354090741,11.528456,11.51600665380559
447,discovery,19,5,12.154784614286667,12.250663,12.253089362554734
450,discovery,19,5,11.695255355062795,11.533168,11.575217395012052
459,discovery,19,5,11.989165855127435,12.007736,11.959962387263976
461,discovery,19,5,12.481565733211923,12.409229,12.37770416283421
474,discovery,19,5,12.994532278619134,12.802293,12.836224091172626
481,discovery,19,5,12.694655727828803,12.82916,12.860565645360108
489,discovery,19,5,11.982935344196433,11.721904,11.709549628358062
499,discovery,19,5,11.775297421715827,11.748359,11.761579507911483
511,discovery,19,5,12.013100572810686,12.003757,12.030832252837657
512,discovery,19,5,12.2193145828011,12.162603,12.217468722915575
517,discovery,19,5,11.970356641102999,11.948054,11.930127894335273
522,discovery,19,5,11.918397239722838,11.936387,11.93182269674736
527,discovery,19,5,11.790564777297387,11.774618,11.800187990873338
531,discovery,19,5,12.07254696717504,12.171937,12.15656367245339
534,discovery,19,5,10.579005242826247,11.016159,10.93601595491677
535,discovery,19,5,12.08954444723597,12.154166,12.112158160483602
541,discovery,19,5,12.660331092405906,12.803234,12.80063052159494
542,discovery,19,5,12.421188057397055,12.434087,12.423432072147945
560,discovery,19,5,12.36308066783498,12.182637,12.174878463907813
563,discovery,19,5,11.58989576532275,11.641834,11.610310526121536
565,discovery,19,5,12.498745990829315,12.478483,12.520855342150776
566,discovery,19,5,11.759793355371237,11.814725,11.748914196373748
570,discovery,19,5,11.820123358887447,11.900931,11.909303627443258
580,discovery,19,5,11.78676973513378,11.773219,11.738659743723554
581,discovery,19,5,12.111217862017215,12.156394,12.151829639496384
586,discovery,19,5,12.820990681250251,12.824474,12.851493638746128
594,discovery,19,5,11.849404844423074,11.859794,11.86317535614426
598,discovery,19,5,12.176654133447505,12.111975,12.097486016897795
600,discovery,19,5,11.92504173829169,11.8965025,11.88947561801888
605,discovery,19,5,12.30592250537653,12.28869,12.278573046836097
606,discovery,19,5,12.230770136157428,12.218388,12.184601237876658
607,discovery,19,5,11.931642378754141,11.92097,11.916785932805011
612,discovery,19,5,11.904974309480181,11.995405,12.00543170916344
613,discovery,19,5,12.474193386571581,12.443571,12.38627900340258
615,discovery,19,5,11.231901180182515,11.285112,11.284176430755778
617,discovery,19,5,12.118339189722553,12.135989,12.154348894289921
618,discovery,19,5,11.566475710526321,11.64815,11.650708907986246
623,discovery,19,5,11.813037464800539,11.712445,11.708053281297166
628,discovery,19,5,11.938199736300925,12.023449,12.025875502996628
632,discovery,19,5,12.252483791602627,12.312278,12.304425417899376
635,discovery,19,5,11.87757552297847,11.880495,11.825942608368312
636,discovery,19,5,12.206077645517674,12.165553,12.135895043089244
638,discovery,19,5,11.440365524765756,11.592917,11.51697017217772
640,discovery,19,5,12.485830907348902,12.513261,12.538835404337563
648,discovery,19,5,11.951186847493476,11.926328,11.898215720796724
660,discovery,19,5,12.025755079404917,11.944376,11.924847122797223
664,discovery,19,5,11.83138646878959,11.86039,11.86649658118387
665,discovery,19,5,12.955129822091815,12.594033,12.576187257245554
666,discovery,19,5,12.348010479804223,12.409988,12.367980342185263
679,discovery,19,5,12.827995001361906,12.707846,12.819089442829666
680,discovery,19,5,11.763691965388299,11.750698,11.730032298419255
683,discovery,19,5,12.06105265381003,12.084105,12.09266738924163
685,discovery,19,5,12.30592250537653,12.2036,12.237778930452118
688,discovery,19,5,11.910365121788654,11.989419,12.003801122727637
690,discovery,19,5,12.179220327453933,12.137132,12.147033723804114
696,discovery,19,5,12.07824495582233,12.061157,12.089845612650791
707,discovery,19,5,12.618185607609803,12.606908,12.606281855379535
708,discovery,19,5,12.445093483000798,12.274839,12.268491959221604
709,discovery,19,5,12.09815887308463,12.114885,12.115473936231023
711,discovery,19,5,10.859018228147887,11.298923,11.298516971704016
725,discovery,19,5,12.676079399771027,12.641864,12.583217255435892
726,discovery,19,5,11.699413330633599,11.629865,11.652684937728464
728,discovery,19,5,12.178192583415596,12.193853,12.17811891647022
740,discovery,19,5,12.154784614286667,12.19301,12.177275868374517
741,discovery,19,5,11.790564777297387,11.719294,11.704953914524856
742,discovery,19,5,11.863589378812122,11.828707,11.815989886209035
746,discovery,19,5,12.61087420020211,12.732106,12.75224344080959
749,discovery,19,5,12.469978029554953,12.433594,12.467772750642547
754,discovery,19,5,12.526346537332584,12.473326,12.480657419050427
758,discovery,19,5,11.97603664577121,11.9649935,11.8890183830327
759,discovery,19,5,12.097378802727306,12.0080595,12.029564470196991
772,discovery,19,5,11.532737896139919,11.665425,11.71615450585656
773,discovery,19,5,11.580593459194764,11.875661,11.823207606062457
778,discovery,19,5,11.86710429621008,11.850447,11.844964975534662
779,discovery,19,5,11.87757552297847,11.804905,11.815265089387607
780,discovery,19,5,11.813037464800539,11.905451,11.883694315294061
781,discovery,19,5,12.07824495582233,12.046075,12.03290568227533
794,discovery,19,5,12.323860125621126,12.38174,12.348709566702412
798,discovery,19,5,11.608244735642321,11.548793,11.51924070743764
803,discovery,19,5,12.149507585033072,12.163421,12.15330411067887
810,discovery,19,5,11.571203807011969,11.762606,11.722428406936778
812,discovery,19,5,11.881041706925902,11.919306,11.93312801277561
816,discovery,19,5,12.323415584358154,12.264946,12.254697512329878
818,discovery,19,5,12.509877789891931,12.609776,12.557790264015024
821,discovery,19,5,12.117246896289503,12.140378,12.130261431845863
824,discovery,19,5,11.845827048676645,11.857023,11.85387817165604
825,discovery,19,5,12.357079818283598,12.334228,12.316381577924265
835,discovery,19,5,11.849047640327147,11.848571,11.863650735812849
838,discovery,19,5,11.51293546492023,11.518374,11.514412365336948
850,discovery,19,5,12.138869243416009,12.056705,12.075773349708422
851,discovery,19,5,11.78676973513378,11.846044,11.847920345888927
854,discovery,19,5,11.970356641102999,12.035982,12.032922700594002
866,discovery,19,5,11.908346971208951,11.801859,11.811320918801464
870,discovery,19,5,12.371591321286905,12.314355,12.30260728538273
873,discovery,19,5,11.661354090741,11.682599,11.715291739038493
878,discovery,19,5,12.765691290604371,12.752131,12.769858239120152
879,discovery,19,5,11.904974309480181,11.911108,11.92981478864663
882,discovery,19,5,12.141539457711714,12.317248,12.32021419729085
891,discovery,19,5,11.719134432217524,11.711542,11.737111971586229
894,discovery,19,5,12.013706813470414,11.929741,11.916197943862242
900,discovery,19,5,11.813037464800539,11.780212,11.80711231545759
902,discovery,19,5,11.938199736300925,11.883765,11.910839996673106
903,discovery,19,5,12.100717685412471,12.13191,12.133925204788687
906,discovery,19,5,11.759793355371237,11.762799,11.762978390671357
908,discovery,19,5,12.429220196836383,12.46889,12.518341601390501
910,discovery,19,5,12.066816325306588,12.062258,12.06693834016178
921,discovery,19,5,12.211065162153215,12.185674,12.157404048119702
924,discovery,19,5,12.170450649220749,12.215449,12.194302496907417
929,discovery,19,5,12.373707715234994,12.393279,12.335986988326896
931,discovery,19,5,12.211065162153215,12.296081,12.262368907479491
937,discovery,19,5,12.127575825689417,12.1277075,12.11047387995276
938,discovery,19,5,12.441148720271016,12.351247,12.367133907030823
941,discovery,19,5,11.924379271639218,12.040402,12.01864590678576
942,discovery,19,5,12.273735966890268,12.29588,12.284216066676171
962,discovery,19,5,12.513561021741964,12.436224,12.470986084272504
972,discovery,19,5,12.06105265381003,12.003853,12.023647375100968
977,discovery,19,5,11.356283350762888,11.27136,11.39124443323317
989,discovery,19,5,12.180759965737863,12.1654005,12.175427017085804
998,discovery,19,5,12.128116509451258,11.944124,11.955655667783033
1001,discovery,19,5,11.314486721293981,11.203587,11.121879249659415
1006,discovery,19,5,11.917730355182513,11.781409,11.816753369822106
1018,discovery,19,5,12.141539457711714,12.130416,12.184607330500784
1025,discovery,19,5,12.567240979056246,12.590162,12.601267972503718
1036,discovery,19,5,11.338583982516495,11.3758335,11.307011582381532
1044,discovery,19,5,12.47717172708952,12.426683,12.415067719791294
1047,discovery,19,5,13.229569788348705,12.923917,13.028597990935548
1054,discovery,19,5,11.881041706925902,11.888456,11.856800706642172
1057,discovery,19,5,12.13270055639427,12.278859,12.31233280105528
1059,discovery,19,5,12.721888795877375,12.711975,12.729701874679234
1070,discovery,19,5,11.813037464800539,11.786864,11.812434122770311
1071,discovery,19,5,11.813037464800539,11.755835,11.749022782908417
1075,discovery,19,5,12.175618592671356,12.118436,12.101196463893109
1077,discovery,19,5,12.04355959836804,11.912677,11.920088923905102
1080,discovery,19,5,11.744045122410057,11.743545,11.737855614322138
1081,discovery,19,5,11.884495917930655,12.03202,12.037323850375525
1093,discovery,19,5,11.824087219587643,11.94641,11.916501368348987
1095,discovery,19,5,11.767575435251748,11.793502,11.826062620242723
1102,discovery,19,5,11.691080018519527,11.655727,11.648915589915253
1103,discovery,19,5,11.813037464800539,11.779577,11.75275230112746
1105,discovery,19,5,11.571203807011969,11.615375,11.614951921982977
1113,discovery,19,5,11.774527900858468,11.746933,11.787686891133276
1118,discovery,19,5,11.775297421715827,11.824372,11.843210968294448
1122,discovery,19,5,12.268582547911404,12.292686,12.29795184876926
1139,discovery,19,5,12.185875040240456,12.196853,12.161417046688383
1179,discovery,19,5,11.950541482162043,11.810474,11.86121452218308
1183,discovery,19,5,13.521140839642674,12.956017,13.00801286206384
1190,discovery,19,5,12.149507585033072,12.198191,12.192012428343935
1192,discovery,19,5,12.066816325306588,12.087848,12.07470709812444
1194,discovery,19,5,12.013706813470414,12.005668,11.97023204912979
1200,discovery,19,5,11.904974309480181,11.792725,11.8078910890872
1207,discovery,19,5,11.580593459194764,11.67553,11.674214059416853
1213,discovery,19,5,11.635151947212842,11.3463745,11.361632367532367
1219,discovery,19,5,11.296024885689746,11.102901,11.190403856005553
1237,discovery,19,5,12.075400019877522,12.009145,12.034425304151544
1240,discovery,19,5,12.490879338036375,12.328482,12.293265058418006
1242,discovery,19,5,12.42250975887691,12.385197,12.405028499314565
1243,discovery,19,5,12.04355959836804,12.086275,11.982047280802544
1257,discovery,19,5,12.616528611893463,12.735393,12.731860672302846
1258,discovery,19,5,11.511934974596555,11.359003,11.341002800524047
1259,discovery,19,5,12.154784614286667,12.129461,12.123414932759822
1268,discovery,19,5,12.843973993864076,12.764277,12.767159869712899
1269,discovery,19,5,12.850557278777309,12.842956,12.909416027926081
1271,discovery,19,5,12.468440756144114,12.330788,12.351921473179603
1272,discovery,19,5,12.132162346145595,12.031034,12.060178674792857
1276,discovery,19,5,11.827743504053695,11.908458,11.901645959483124
1301,discovery,19,5,12.323860125621126,12.323858,12.312194010096581
1302,discovery,19,5,12.086731521684555,12.024039,12.070872369732237
1306,discovery,19,5,12.691583538230217,12.6873255,12.705052254623082
1311,discovery,19,5,12.721888795877375,12.573003,12.615789687609096
1316,discovery,19,5,12.239995696974733,12.095491,12.083280993835348
1317,discovery,19,5,12.596403811053621,12.530541,12.473249332687248
1319,discovery,19,5,12.524530013005734,12.493196,12.449582578160602
1336,discovery,19,5,12.031129798974042,12.007304,12.004066758148737
1341,discovery,19,5,11.719947764402807,11.599276,11.605822020646452
1347,discovery,19,5,12.47801017053037,12.415888,12.428223794581273
1350,discovery,19,5,11.711784520403112,11.974925,11.894769583779036
1353,discovery,19,5,11.812296455066814,11.729577,11.814728533686752
1355,discovery,19,5,12.367345048436391,12.376273,12.366156588706215
1358,discovery,19,5,11.917730355182513,11.993716,12.008664247021962
1359,discovery,19,5,12.086731521684555,12.069786,12.10387602953721
1360,discovery,19,5,12.660331092405906,12.707524,12.738930208348389
1366,discovery,19,5,12.283038316285214,12.256051,12.277424127035987
1375,discovery,19,5,12.429220196836383,12.366403,12.38790759458664
1378,discovery,19,5,11.669937760751914,11.811489,11.759578597571558
1379,discovery,19,5,11.326607934898927,11.497738,11.501837043188567
1380,discovery,19,5,12.02874460037869,11.881465,11.920127144300292
1383,discovery,19,5,11.964007453736912,11.960602,11.945830706677079
1394,discovery,19,5,12.001511614739405,11.92328,11.901240842904881
1403,discovery,19,5,12.174994689959313,12.1732025,12.178467901015354
1404,discovery,19,5,12.552930054797935,12.389622,12.37648112308782
1421,discovery,19,5,12.100161978566867,12.047291,12.07250137968705
1439,discovery,19,5,11.916395250412128,11.928594,11.906422811145244
1441,discovery,19,5,12.160033942617156,12.078674,12.131125312964324
1446,discovery,19,5,11.767575435251748,11.707406,11.653656118441003
1448,discovery,19,5,12.388398368982115,12.5123,12.45350251640164
1449,discovery,19,5,11.626263078808801,11.558025,11.589391041166742
1450,discovery,19,5,11.429554725537322,11.318902,11.287507091492747
1452,discovery,19,5,12.567554517655415,12.418098,12.386573333976788
1457,discovery,19,5,12.25486757159303,12.259847,12.276864123567007
11,discovery,43,1,11.771443882099637,11.732546,11.71607550522909
16,discovery,43,1,11.790564777297387,11.7790985,11.816839803383374
24,discovery,43,1,11.774527900858468,11.868412,11.858991995852593
27,discovery,43,1,11.811554895830454,11.859374,11.883452281758139
28,discovery,43,1,12.631343648903034,12.57994,12.59072807194713
30,discovery,43,1,11.134603622683905,11.049431,11.120776317553785
35,discovery,43,1,12.533579815765737,12.59055,12.575009778722537
37,discovery,43,1,11.884495917930655,11.917865,11.936370029643882
49,discovery,43,1,11.635151947212842,11.464915,11.388116644807138
68,discovery,43,1,12.328294703023396,12.256587,12.237178886667364
70,discovery,43,1,12.323860125621126,12.300121,12.314407871650639
73,discovery,43,1,12.128116509451258,12.184555,12.180484080226329
78,discovery,43,1,11.751950239425476,11.726551,11.7498886984677
88,discovery,43,1,12.010671928196443,11.934473,11.926916852763679
100,discovery,43,1,11.767187766223199,11.694388,11.732638668103416
106,discovery,43,1,12.429220196836383,12.448649,12.436071341520803
107,discovery,43,1,11.51293546492023,11.3522005,11.315876359454675
109,discovery,43,1,11.652696102959753,11.725978,11.787726455529064
113,discovery,43,1,12.85832230788469,12.75043,12.737855042592527
115,discovery,43,1,12.466515835145202,12.370356,12.433347959598889
123,discovery,43,1,11.820417517632333,11.807743,11.80488876019297
128,discovery,43,1,11.373674891823535,11.420619,11.404869954752593
129,discovery,43,1,11.951186847493476,11.855413,11.83443003615791
132,discovery,43,1,12.404927602627597,12.291506,12.297823997969711
135,discovery,43,1,12.100717685412471,12.0752125,12.074972291841252
137,discovery,43,1,11.870606902224587,11.878006,11.868231363085512
139,discovery,43,1,12.345838935721968,12.434343,12.418571885663576
141,discovery,43,1,11.652696102959753,11.605027,11.607675174075926
146,discovery,43,1,11.775297421715827,11.807632,11.80291428576775
155,discovery,43,1,11.736077016252437,11.658807,11.617335537210229
179,discovery,43,1,13.126032637428713,12.987549,13.084922555296206
181,discovery,43,1,12.083910661257521,12.044818,12.063620703972822
190,discovery,43,1,12.563750586299374,12.528483,12.556622806048537
191,discovery,43,1,12.660331092405906,12.575437,12.599919541693632
192,discovery,43,1,12.122696471358964,12.083028,12.10535385447512
197,discovery,43,1,12.650351332641707,12.613317,12.633899483893405
203,discovery,43,1,11.626263078808801,11.774191,11.747563859995683
204,discovery,43,1,11.91170829631447,11.883799,11.903665505502302
215,discovery,43,1,11.993813394724253,11.856623,11.903494476536109
221,discovery,43,1,12.230282214644559,12.299636,12.297205015139124
224,discovery,43,1,11.48247656671073,11.6659975,11.699660167712633
227,discovery,43,1,12.577639650232573,12.490664,12.482113099590988
229,discovery,43,1,11.736077016252437,11.703832,11.692940898096428
239,discovery,43,1,12.669809806411457,12.524556,12.59041125833332
240,discovery,43,1,11.635151947212842,11.838891,11.792139052218161
244,discovery,43,1,11.695255355062795,11.785266,11.786232951427406
259,discovery,43,1,12.352339472153524,12.307727,12.295166697648469
262,discovery,43,1,12.52815976788113,12.735417,12.756150756759583
271,discovery,43,1,12.491255347155265,12.536432,12.518266845675688
284,discovery,43,1,12.407383590534293,12.420551,12.396624947765902
285,discovery,43,1,12.09626335986454,12.199884,12.183534235203396
290,discovery,43,1,11.941950837487406,11.782852,11.805201271738207
291,discovery,43,1,12.359784657728284,12.469999,12.500876896603545
303,discovery,43,1,12.230770136157428,12.375391,12.366127057150972
306,discovery,43,1,12.631016799175821,12.626369,12.603750044531102
312,discovery,43,1,11.790564777297387,11.858489,11.844678651661495
314,discovery,43,1,12.834683971615659,12.475647,12.4506761950447
318,discovery,43,1,12.506180941677357,12.511413,12.491986576193993
324,discovery,43,1,11.745433036677353,11.654001,11.697703402395573
325,discovery,43,1,12.396697137361691,12.434529,12.435441608794456
334,discovery,43,1,12.240478903153711,12.180564,12.197033571996569
339,discovery,43,1,12.218500103788143,12.236575,12.226799673440183
343,discovery,43,1,11.37940550085183,11.411488,11.35143249626811
344,discovery,43,1,12.491255347155265,12.586577,12.577884750958527
355,discovery,43,1,11.849404844423074,11.979739,11.93745139769649
361,discovery,43,1,11.957617696467539,11.934085,11.914210699314443
362,discovery,43,1,11.884495917930655,11.881424,11.90476159275481
364,discovery,43,1,11.678448377988165,11.569544,11.61039814678884
369,discovery,43,1,11.790564777297387,11.83794,11.853527097559237
371,discovery,43,1,12.057578437658945,12.075869,12.087947722661722
376,discovery,43,1,11.0186455364637,11.251915,11.180000781403246
378,discovery,43,1,12.73670383776449,12.597117,12.57769137966079
379,discovery,43,1,12.885204569609956,12.86462,12.928215793909521
382,discovery,43,1,12.142871895843887,12.229541,12.260267965351135
384,discovery,43,1,11.23850177707664,11.251624,11.178067936200272
385,discovery,43,1,12.388398368982115,12.351413,12.398129859406502
391,discovery,43,1,11.686887175419702,11.705295,11.711010333948943
392,discovery,43,1,12.278397958261774,12.241282,12.212857583352829
397,discovery,43,1,11.719947764402807,11.774726,11.793231144145835
401,discovery,43,1,12.411056299528171,12.312617,12.327144128402548
405,discovery,43,1,12.031725210748633,12.076701,12.078636087822645
407,discovery,43,1,11.652696102959753,11.707798,11.66221399961977
415,discovery,43,1,12.337105293891872,12.404337,12.379478356261698
418,discovery,43,1,12.384223015005313,12.416441,12.456303747719407
424,discovery,43,1,12.660331092405906,12.729218,12.711583849859375
430,discovery,43,1,12.07254696717504,12.063914,12.07216643588145
434,discovery,43,1,12.10625783509458,12.092268,12.101050893127482
436,discovery,43,1,12.264346270624157,12.272557,12.287629467707541
448,discovery,43,1,12.20557752297723,12.217097,12.218787240648322
455,discovery,43,1,12.144202560946876,11.906322,11.848714275079626
456,discovery,43,1,12.075400019877522,11.99629,11.967879207246442
478,discovery,43,1,12.847929163278053,12.918758,12.903217748388064
486,discovery,43,1,11.898194668458823,11.882594,11.898628052509888
487,discovery,43,1,11.957617696467539,11.8909445,11.902595164030302
488,discovery,43,1,12.07254696717504,12.096955,12.112107197804935
496,discovery,43,1,10.460270761075149,11.0707855,11.052352942273227
501,discovery,43,1,11.635151947212842,11.586354,11.586761786068159
507,discovery,43,1,12.278397958261774,12.359505,12.331404353460522
510,discovery,43,1,11.732069026983156,11.836406,11.84394834408003
515,discovery,43,1,11.477308649967686,11.436457,11.4733613814529
520,discovery,43,1,12.36308066783498,12.361887,12.441082084062787
521,discovery,43,1,11.573559498507079,11.27156,11.242083546046132
524,discovery,43,1,12.126764251515691,12.927104,12.711322488255234
530,discovery,43,1,12.209192772866418,12.315225,12.302288839072201
531,discovery,43,1,12.07254696717504,12.129743,12.121141822217789
545,discovery,43,1,12.098854850641,12.156934,12.17260503397169
547,discovery,43,1,12.25486757159303,12.063073,12.085422257150805
548,discovery,43,1,11.771443882099637,11.793204,11.780730375176391
549,discovery,43,1,11.736077016252437,11.699753,11.690851730882626
560,discovery,43,1,12.36308066783498,12.163199,12.148044805367164
574,discovery,43,1,12.04355959836804,11.97751,11.96905621799186
581,discovery,43,1,12.111217862017215,12.143437,12.125243739866479
582,discovery,43,1,12.442306148381938,12.772992,12.843230493248454
586,discovery,43,1,12.820990681250251,12.879005,12.873511263617434
594,discovery,43,1,11.849404844423074,11.86149,11.878892437248828
595,discovery,43,1,11.608244735642321,11.640053,11.67395669175506
598,discovery,43,1,12.176654133447505,12.086666,12.065939955862143
599,discovery,43,1,12.289958727201455,12.191584,12.251566474651636
607,discovery,43,1,11.931642378754141,11.92652,11.945025577739585
611,discovery,43,1,12.653961664405365,12.752416,12.732860553383063
612,discovery,43,1,11.904974309480181,11.963423,11.989608329160165
615,discovery,43,1,11.231901180182515,11.265158,11.218441419280003
616,discovery,43,1,11.83138646878959,11.860065,11.82728396576452
621,discovery,43,1,11.112462823634855,10.962264,10.914074278093663
622,discovery,43,1,12.388398368982115,12.436377,12.477901458922693
629,discovery,43,1,11.813037464800539,12.085182,12.049881079269031
637,discovery,43,1,11.002116507732017,11.001184,10.899130556057347
641,discovery,43,1,12.520887034998584,12.59629,12.601498291567585
642,discovery,43,1,12.328294703023396,12.34907,12.3747678394139
643,discovery,43,1,12.75130259456002,12.748809,12.728812808873881
652,discovery,43,1,11.58989576532275,11.59331,11.605350800518261
659,discovery,43,1,11.487617913343598,11.829538,11.77533154940225
662,discovery,43,1,12.904209855160254,12.827781,12.829107626984285
671,discovery,43,1,12.063938642041201,12.071298,12.088699833183886
678,discovery,43,1,11.603688960617083,11.564217,11.567489033998699
679,discovery,43,1,12.827995001361906,12.717337,12.833455117558719
683,discovery,43,1,12.06105265381003,12.092342,12.1459074424213
693,discovery,43,1,12.721888795877375,12.600124,12.58091451324257
700,discovery,43,1,12.185875040240456,12.125483,12.158028782719226
704,discovery,43,1,11.849404844423074,11.812895,11.843414580115006
711,discovery,43,1,10.859018228147887,11.269763,11.251874791073353
716,discovery,43,1,12.013706813470414,11.890545,11.908179758486636
721,discovery,43,1,12.524530013005734,12.450775,12.48221077480397
726,discovery,43,1,11.699413330633599,11.694606,11.737745761899882
727,discovery,43,1,12.310437165348775,12.3035755,12.390154177275635
730,discovery,43,1,11.542493975902508,11.438565,11.376182238366066
732,discovery,43,1,12.141539457711714,12.085632,12.05627828581316
734,discovery,43,1,11.786008995353765,11.799433,11.793431635996896
735,discovery,43,1,11.58989576532275,11.643898,11.600413943137166
737,discovery,43,1,11.44572741040675,11.392331,11.332276040274458
741,discovery,43,1,11.790564777297387,11.663357,11.65746525896965
743,discovery,43,1,12.095146671399466,12.08427,12.052562971122876
745,discovery,43,1,12.100717685412471,12.227368,12.255507770037795
757,discovery,43,1,12.264346270624157,12.2823715,12.264135350002876
762,discovery,43,1,11.51293546492023,11.623473,11.644346091334834
767,discovery,43,1,12.188422799337028,12.133134,12.104216493323605
768,discovery,43,1,11.982935344196433,12.0563345,12.051799635961737
774,discovery,43,1,11.648338835562747,11.710678,11.737938828327879
777,discovery,43,1,12.308182383129823,12.338223,12.335792585329553
781,discovery,43,1,12.07824495582233,12.065671,12.057216732823402
783,discovery,43,1,12.139403856983334,12.121864,12.106839437805641
784,discovery,43,1,12.016732516077072,12.003066,11.986484037403853
789,discovery,43,1,11.588969419043874,11.632873,11.60339641225707
790,discovery,43,1,12.141539457711714,12.278621,12.36140132328578
796,discovery,43,1,12.049424683420915,11.988392,11.997403196605832
799,discovery,43,1,13.091906231773164,13.128879,13.158758448955984
806,discovery,43,1,12.335700805443338,12.22377,12.251201068983399
807,discovery,43,1,11.816734299348461,11.764815,11.76518490466287
811,discovery,43,1,12.10625783509458,12.030691,12.067020893259498
813,discovery,43,1,10.932999821119937,11.417992,11.451424893028062
822,discovery,43,1,11.440365524765756,11.43383,11.336146895468115
829,discovery,43,1,12.128116509451258,12.079903,12.073427577728099
832,discovery,43,1,11.92504173829169,11.929571,11.965413588327687
836,discovery,43,1,11.759793355371237,11.767353,11.813607898844989
840,discovery,43,1,11.779136168550774,11.766571,11.749157200255496
841,discovery,43,1,11.849404844423074,11.749481,11.739960713743187
842,discovery,43,1,11.967187086434018,11.871445,11.877181841021702
843,discovery,43,1,12.071975378543236,12.013509,12.010654484375099
851,discovery,43,1,11.78676973513378,11.8608675,11.873886427126175
861,discovery,43,1,12.154521423145216,12.0589285,12.114537287589656
862,discovery,43,1,11.78676973513378,11.784677,11.729468600847532
863,discovery,43,1,11.931642378754141,11.886665,11.882742717066975
870,discovery,43,1,12.371591321286905,12.3303385,12.311059477888799
880,discovery,43,1,11.824087219587643,11.791058,11.845626333916227
890,discovery,43,1,11.915058360753719,12.012192,11.941130263606652
894,discovery,43,1,12.013706813470414,11.974097,11.957626904460048
901,discovery,43,1,11.608244735642321,11.623717,11.662473981818733
906,discovery,43,1,11.759793355371237,11.786457,11.789109995705926
910,discovery,43,1,12.066816325306588,12.0648,12.07111844682225
915,discovery,43,1,12.065280672855897,11.962983,11.955426946452643
934,discovery,43,1,12.154784614286667,12.181978,12.166953344665993
941,discovery,43,1,11.924379271639218,12.065489,12.042824867309976
943,discovery,43,1,11.918397239722838,11.783717,11.705833105419817
952,discovery,43,1,11.694421681264394,11.658388,11.646001678644465
953,discovery,43,1,11.804855999911272,11.788471,11.843039969170134
954,discovery,43,1,12.055255569732177,12.065081,11.993712211865178
962,discovery,43,1,12.513561021741964,12.508581,12.550106048766443
964,discovery,43,1,12.384223015005313,12.624013,12.604457843422125
967,discovery,43,1,11.982935344196433,11.875899,11.938612578323566
970,discovery,43,1,11.849404844423074,11.763501,11.741786772858616
971,discovery,43,1,11.813037464800539,11.232631,11.214803199967477
973,discovery,43,1,11.507922973347437,11.735369,11.731446101466389
979,discovery,43,1,11.608244735642321,11.546487,11.524216839870842
981,discovery,43,1,12.091789104493502,12.072725,12.10189929027312
982,discovery,43,1,12.724869415131389,12.725206,12.705107977040472
985,discovery,43,1,11.744045122410057,11.726835,11.734354623876406
993,discovery,43,1,12.138869243416009,12.195071,12.200007144250844
1000,discovery,43,1,12.235636302128867,12.143335,12.136354752869321
1002,discovery,43,1,11.362114203075018,11.315609,11.301226102297603
1007,discovery,43,1,12.004574385508691,11.977392,11.884675350921082
1008,discovery,43,1,11.385103457032141,11.291877,11.179865097142926
1009,discovery,43,1,12.388398368982115,12.371409,12.325790629383699
1015,discovery,43,1,11.688566422839942,11.755419,11.724291184216781
1019,discovery,43,1,11.982935344196433,11.98007,11.971615879857094
1027,discovery,43,1,12.02874460037869,11.869848,11.872501185281122
1034,discovery,43,1,12.345838935721968,12.368693,12.359429402426851
1038,discovery,43,1,12.567240979056246,12.509153,12.493381913739748
1040,discovery,43,1,11.289794413577894,11.2931795,11.181167816259137
1045,discovery,43,1,12.535379989788607,12.505145,12.456465561359332
1057,discovery,43,1,12.13270055639427,12.29264,12.312405590739795
1062,discovery,43,1,11.302216779257382,11.444427,11.530059270984626
1063,discovery,43,1,11.407576060361786,11.764616,11.727441654906436
1073,discovery,43,1,11.424105180165641,11.655108,11.566467620214459
1080,discovery,43,1,11.744045122410057,11.784022,11.798144300588124
1084,discovery,43,1,11.982935344196433,11.908882,11.900832687937978
1085,discovery,43,1,12.141539457711714,12.108187,12.120265837896097
1088,discovery,43,1,12.437188334739655,12.50784,12.492797372998776
1093,discovery,43,1,11.824087219587643,11.966442,11.920858103623676
1094,discovery,43,1,11.891368749982085,11.93574,11.972173562145665
1098,discovery,43,1,12.04355959836804,11.939154,11.960445107066944
1119,discovery,43,1,11.849404844423074,11.839533,11.835996452297245
1123,discovery,43,1,11.626263078808801,11.314037,11.16207054035717
1143,discovery,43,1,12.959540872420414,12.865985,12.886718307418763
1147,discovery,43,1,12.100717685412471,12.066659,12.060452986741693
1151,discovery,43,1,11.728044909070785,11.715511,11.684383728772445
1152,discovery,43,1,11.917730355182513,12.026498,11.955129085338411
1158,discovery,43,1,12.345838935721968,12.255745,12.269749860737726
1165,discovery,43,1,12.175618592671356,12.177453,12.205636231872113
1168,discovery,43,1,12.06105265381003,12.103799,12.115877982366312
1191,discovery,43,1,12.031725210748633,12.0420265,12.023412611787306
1195,discovery,43,1,11.970356641102999,11.801344,11.785960391140222
1203,discovery,43,1,11.669937760751914,11.774221,11.83115786130542
1210,discovery,43,1,12.577639650232573,12.573861,12.555695701571684
1218,discovery,43,1,12.343470927093518,12.348768,12.324841881970004
1221,discovery,43,1,11.652696102959753,11.630257,11.622023049790702
1226,discovery,43,1,11.884495917930655,11.82377,11.828705493249867
1227,discovery,43,1,12.273735966890268,12.248654,12.274305124450997
1231,discovery,43,1,12.154784614286667,12.160163,12.136844598850034
1233,discovery,43,1,11.530775206233024,11.524724,11.550546732870696
1239,discovery,43,1,11.86710429621008,11.82579,11.787086606472231
1242,discovery,43,1,12.42250975887691,12.387735,12.421252262321422
1244,discovery,43,1,13.049794835104816,13.1196785,13.029709142799954
1248,discovery,43,1,12.042971193457888,11.794458,11.774077801065435
1263,discovery,43,1,11.992266613576142,11.850642,11.97197356202422
1264,discovery,43,1,12.103491596905931,12.00556,12.019417666213622
1276,discovery,43,1,11.827743504053695,11.90264,11.892865724352601
1277,discovery,43,1,11.995357787034976,12.018433,12.04900143187315
1278,discovery,43,1,12.19552218463499,12.094003,12.111637590823062
1292,discovery,43,1,11.691080018519527,11.629434,11.638656249019915
1293,discovery,43,1,11.58525542883217,11.655129,11.57802115940617
1296,discovery,43,1,11.83863282480007,11.810039,11.810408140746855
1308,discovery,43,1,11.835016210489899,11.856945,11.875450267986167
1313,discovery,43,1,12.618185607609803,12.586648,12.562166328490084
1318,discovery,43,1,12.249615734512616,12.136915,12.157498154852878
1324,discovery,43,1,11.320565693461432,11.288422,11.365793736538764
1346,discovery,43,1,11.59451466851004,11.443169,11.341102013580326
1351,discovery,43,1,12.206077645517674,12.032877,12.027485610818028
1354,discovery,43,1,12.923914877701906,12.9977255,12.985671380177884
1355,discovery,43,1,12.367345048436391,12.39916,12.386600222733918
1357,discovery,43,1,11.608244735642321,11.658838,11.655911633173064
1359,discovery,43,1,12.086731521684555,12.040297,12.071526886336889
1360,discovery,43,1,12.660331092405906,12.777703,12.772306833788667
1363,discovery,43,1,11.560772327227417,11.749176,11.735064836003243
1366,discovery,43,1,12.283038316285214,12.272308,12.310434145984512
1370,discovery,43,1,12.354496960983985,12.462923,12.45273117043765
1374,discovery,43,1,13.05301544288996,13.069988,13.215042407819032
1377,discovery,43,1,11.418625774449598,11.5221615,11.476577479234027
1380,discovery,43,1,12.02874460037869,11.836948,11.866163171693643
1382,discovery,43,1,12.377927112974284,12.281582,12.278727566345314
1383,discovery,43,1,11.964007453736912,11.932053,11.916308549698515
1391,discovery,43,1,12.367345048436391,12.297819,12.288555188254488
1395,discovery,43,1,12.415437707935368,12.305835,12.295252811404346
1403,discovery,43,1,12.174994689959313,12.192035,12.18960384936764
1410,discovery,43,1,12.278397958261774,12.307973,12.286409887795418
1417,discovery,43,1,11.715874472198905,11.75278,11.720392010329801
1429,discovery,43,1,11.686887175419702,11.684047,11.690582775562232
1443,discovery,43,1,12.644330802262578,12.856817,12.881998297872922
1446,discovery,43,1,11.767575435251748,11.696649,11.64741221721857
1447,discovery,43,1,11.969723533345908,11.895424,11.895377509078545
1448,discovery,43,1,12.388398368982115,12.493266,12.470646673864598
1449,discovery,43,1,11.626263078808801,11.519844,11.548926540253973
1458,discovery,43,1,12.493133274926212,12.462181,12.549420488726076
1,discovery,43,2,12.24769911637256,12.233154,12.219783716459666
8,discovery,43,2,12.206077645517674,12.292765,12.283574695694913
9,discovery,43,2,11.774527900858468,11.842414,11.75662769043157
19,discovery,43,2,11.976665770490767,11.949085,11.962286698965682
21,discovery,43,2,12.692506186542177,12.676126,12.746009876567639
39,discovery,43,2,11.599112335481124,11.784821,11.81636151778203
43,discovery,43,2,11.87757552297847,11.856016,11.904401239632591
48,discovery,43,2,12.428019481065613,12.35072,12.347881261492482
54,discovery,43,2,12.861001210669146,12.814353,12.812238276877462
55,discovery,43,2,11.775297421715827,11.667523,11.653503403498561
57,discovery,43,2,12.058158312538197,12.243319,12.181963618194171
58,discovery,43,2,12.188422799337028,12.187602,12.183091178572802
71,discovery,43,2,12.404927602627597,12.601264,12.55103392925098
72,discovery,43,2,11.771443882099637,11.697072,11.753004143499144
80,discovery,43,2,11.608244735642321,11.716283,11.69839729743663
83,discovery,43,2,12.409017571151187,12.369605,12.36870138752
86,discovery,43,2,12.468440756144114,12.4399605,12.438715353610819
95,discovery,43,2,12.229549885708273,12.217542,12.216764852036192
110,discovery,43,2,12.154784614286667,12.145429,12.166093512297532
112,discovery,43,2,12.100717685412471,12.035656,12.031944950153163
116,discovery,43,2,12.07824495582233,12.005507,12.051143200443047
120,discovery,43,2,12.0075668272517,12.027477,12.015998089057199
125,discovery,43,2,12.10625783509458,12.030286,12.021779752509655
126,discovery,43,2,11.344518647594766,11.287388,11.325804725995171
140,discovery,43,2,12.352339472153524,12.157432,12.15359062369777
142,discovery,43,2,12.468440756144114,12.439063,12.434552207625536
144,discovery,43,2,12.225880174775122,12.276598,12.25822779287986
145,discovery,43,2,11.736077016252437,11.851513,11.839780189970895
147,discovery,43,2,11.561725152903833,11.536903,11.586344364941548
149,discovery,43,2,11.856522261533737,11.910729,11.873627257059702
164,discovery,43,2,11.544433821905134,11.497098,11.481068303839377
175,discovery,43,2,12.122696471358964,12.083246,12.093620554143214
180,discovery,43,2,11.51293546492023,11.61339,11.59856855794058
187,discovery,43,2,12.06105265381003,12.061903,12.024263348505883
189,discovery,43,2,11.940399914116648,11.905514,11.902406738835687
201,discovery,43,2,11.849404844423074,11.818398,11.810017505903298
208,discovery,43,2,11.856522261533737,11.806839,11.824174555290572
232,discovery,43,2,12.90669432231532,12.802593,12.787488785850005
234,discovery,43,2,11.761354623750297,11.759684,11.790096147772898
236,discovery,43,2,11.402005077384885,11.376625,11.284030254685382
243,discovery,43,2,11.277215789596893,11.415369,11.354610951949656
245,discovery,43,2,12.230770136157428,12.399753,12.371039764115926
250,discovery,43,2,12.531776395271262,12.537998,12.603128133378695
260,discovery,43,2,11.48247656671073,11.534769,11.501210704737481
265,discovery,43,2,11.19822841866684,11.372626,11.339067951136407
266,discovery,43,2,12.075400019877522,12.059078,12.076244146958263
268,discovery,43,2,12.097936057925594,12.035803,12.07766307135053
269,discovery,43,2,11.699413330633599,11.615156,11.628863387626096
270,discovery,43,2,11.904974309480181,11.981943,12.010509791957059
276,discovery,43,2,12.230770136157428,12.136167,12.105780546922258
277,discovery,43,2,12.211065162153215,12.229492,12.20524143795539
279,discovery,43,2,12.936754021718041,12.860629,12.891282359249269
286,discovery,43,2,12.011886987792716,12.021074,12.032662762265886
287,discovery,43,2,11.976665770490767,12.122811,12.150900946305825
294,discovery,43,2,12.367345048436391,12.386932,12.408048398917584
300,discovery,43,2,11.973516181427835,12.0058,12.022538581823259
302,discovery,43,2,12.495007682693725,12.468817,12.418381351273752
310,discovery,43,2,12.793862088206213,12.762875,12.754990294690263
315,discovery,43,2,12.08954444723597,12.060866,12.055307759108738
320,discovery,43,2,12.141539457711714,12.197234,12.167371775973574
327,discovery,43,2,12.688501881189456,12.625998,12.660338168375377
332,discovery,43,2,11.842236406331555,11.829165,11.83581788785613
336,discovery,43,2,12.34126328584159,12.321427,12.381893644759566
341,discovery,43,2,12.220473454337986,12.316071,12.305180235847505
345,discovery,43,2,11.350418300109132,11.503446,11.407250827109358
348,discovery,43,2,11.967187086434018,12.114833,12.091944103330077
350,discovery,43,2,12.988043102265232,13.080375,13.121823178285918
353,discovery,43,2,11.461642696843066,11.4327,11.457162281133227
358,discovery,43,2,11.80560254159177,11.840944,11.807247851367027
372,discovery,43,2,11.808821212646512,11.586878,11.650118822635907
393,discovery,43,2,11.575909653758895,11.562488,11.585586706057246
394,discovery,43,2,11.51293546492023,11.298907,11.323697041424303
399,discovery,43,2,11.112462823634855,11.457299,11.412907784586285
400,discovery,43,2,12.392556361841777,12.236168,12.24482887138659
419,discovery,43,2,11.744045122410057,11.589831,11.58687535531504
425,discovery,43,2,11.842236406331555,11.897988,11.880099148003634
426,discovery,43,2,11.813037464800539,11.836605,11.824686078415226
427,discovery,43,2,12.524530013005734,12.414018,12.371915922713294
428,discovery,43,2,11.599185726610004,11.6647215,11.702729464758006
432,discovery,43,2,11.288543647320601,11.601674,11.621536051450875
438,discovery,43,2,11.686887175419702,11.695619,11.74566009727759
442,discovery,43,2,11.678448377988165,11.630047,11.577217132090645
443,discovery,43,2,12.000897933306716,11.884579,11.939019291817253
449,discovery,43,2,11.691080018519527,11.750842,11.765313375463082
451,discovery,43,2,11.608244735642321,11.585566,11.569292161497293
454,discovery,43,2,12.25486757159303,12.258106,12.252202951427986
461,discovery,43,2,12.481565733211923,12.431069,12.41632140168112
465,discovery,43,2,11.728044909070785,11.650912,11.647263512015138
467,discovery,43,2,12.025755079404917,12.037975,11.967072830818704
468,discovery,43,2,11.89478753335453,11.968754,11.991852918520625
469,discovery,43,2,12.429220196836383,12.441828,12.443566250795095
471,discovery,43,2,12.264346270624157,12.328258,12.365503368481624
476,discovery,43,2,11.794345471549745,11.809738,11.811661343438837
490,discovery,43,2,11.362114203075018,11.46985,11.474074475023011
498,discovery,43,2,12.122696471358964,12.053926,12.012093370989916
503,discovery,43,2,11.849404844423074,11.890278,11.902012950123357
505,discovery,43,2,11.898194668458823,11.844075,11.808241691944195
514,discovery,43,2,11.80560254159177,11.918619,11.892038422714542
516,discovery,43,2,12.90634935052389,12.956156,12.892207717196955
517,discovery,43,2,11.970356641102999,12.002864,11.960451889403988
523,discovery,43,2,11.976665770490767,11.872548,11.9364488903802
525,discovery,43,2,12.662709207270272,12.536831,12.58787526042921
526,discovery,43,2,12.07824495582233,12.091878,12.114398220214298
528,discovery,43,2,13.008661502470739,12.922915,12.955504203416435
534,discovery,43,2,10.579005242826247,11.073213,10.958791171753157
535,discovery,43,2,12.08954444723597,12.140238,12.099839610610397
537,discovery,43,2,12.144202560946876,12.198917,12.185546808500682
540,discovery,43,2,12.513561021741964,12.429437,12.389326043378489
543,discovery,43,2,12.270225154674701,12.325279,12.29541685806586
546,discovery,43,2,12.34148164933907,12.399773,12.383769585494642
550,discovery,43,2,12.479913113434042,12.346219,12.354880026476922
553,discovery,43,2,12.450981602512561,12.482666,12.481340356196908
561,discovery,43,2,11.707677772181546,12.0864935,12.098741442037715
564,discovery,43,2,12.128116509451258,12.134268,12.164769935684772
565,discovery,43,2,12.498745990829315,12.490493,12.552332362119667
566,discovery,43,2,11.759793355371237,11.763947,11.71552732666082
577,discovery,43,2,11.884495917930655,11.914177,11.914529927112367
589,discovery,43,2,11.870606902224587,12.380524,12.453633389782611
597,discovery,43,2,11.648373769145277,11.665994,11.642221362564756
613,discovery,43,2,12.474193386571581,12.450747,12.39724699415115
618,discovery,43,2,11.566475710526321,11.662798,11.665581166235715
625,discovery,43,2,12.014615485902027,11.966481,11.971834445270469
632,discovery,43,2,12.252483791602627,12.309716,12.311454701417654
638,discovery,43,2,11.440365524765756,11.601109,11.526491149935913
639,discovery,43,2,11.350418300109132,11.402454,11.416124931009273
653,discovery,43,2,12.160033942617156,12.193697,12.175326791903297
654,discovery,43,2,11.813037464800539,11.905096,11.927154293928991
656,discovery,43,2,11.385103457032141,11.451829,11.40437699131868
660,discovery,43,2,12.025755079404917,11.95675,11.965420867475853
668,discovery,43,2,12.173037959397275,12.261928,12.238028979515658
669,discovery,43,2,12.031725210748633,12.029915,12.042633223266503
672,discovery,43,2,11.548302261270587,11.704878,11.713933704035686
677,discovery,43,2,11.373674891823535,11.702673,11.695333897003971
682,discovery,43,2,11.979391594635791,11.692062,11.689969800564988
690,discovery,43,2,12.179220327453933,12.099796,12.14991009734054
696,discovery,43,2,12.07824495582233,12.043146,12.083052582095855
697,discovery,43,2,11.39640288460621,11.421584,11.484884432153047
706,discovery,43,2,10.915106645867503,11.136495,11.094284494203697
717,discovery,43,2,11.979805470779858,12.245431,12.236576088919175
720,discovery,43,2,11.763691965388299,11.816412,11.847294928208228
736,discovery,43,2,12.001511614739405,12.002499,11.996940029921726
749,discovery,43,2,12.469978029554953,12.401503,12.46287173323463
750,discovery,43,2,11.49273296168228,11.271572,11.176979116412186
752,discovery,43,2,11.995357787034976,12.019254,12.00521793993319
758,discovery,43,2,11.97603664577121,11.96997,11.90630424355225
761,discovery,43,2,11.755879486687116,11.737235,11.735018704264794
763,discovery,43,2,12.279327754099118,12.202164,12.260874641156454
779,discovery,43,2,11.87757552297847,11.788172,11.799437764344415
780,discovery,43,2,11.813037464800539,11.907525,11.89173951244211
787,discovery,43,2,11.842236406331555,11.819776,11.815278936080473
797,discovery,43,2,11.874097282798648,11.887564,11.83628952030682
798,discovery,43,2,11.608244735642321,11.543818,11.529851052100227
810,discovery,43,2,11.571203807011969,11.735325,11.696766902739705
814,discovery,43,2,11.969723533345908,11.957372,11.953329108818393
816,discovery,43,2,12.323415584358154,12.267513,12.26253199316921
821,discovery,43,2,12.117246896289503,12.150012,12.136641435881053
825,discovery,43,2,12.357079818283598,12.336633,12.335744075398967
833,discovery,43,2,12.37581963951765,12.314453,12.330144252795336
834,discovery,43,2,12.025755079404917,11.938781,11.936564419596825
835,discovery,43,2,11.849047640327147,11.802091,11.810678541227398
847,discovery,43,2,12.269052139516223,12.229634,12.18753253037931
852,discovery,43,2,12.278397958261774,12.222806,12.226088190158183
853,discovery,43,2,12.00762780434872,12.016873,12.027716046450099
860,discovery,43,2,12.429220196836383,12.383345,12.425816971156792
865,discovery,43,2,12.43153750053306,12.223945,12.237468598437447
869,discovery,43,2,12.037659911047468,11.988449,12.067941607510429
871,discovery,43,2,11.603688960617083,11.522069,11.504984860584944
874,discovery,43,2,11.798111925972618,11.759524,11.779559313045972
875,discovery,43,2,11.104972264124868,11.5439415,11.542295793431574
877,discovery,43,2,11.792456911128632,11.814285,11.849544982933079
885,discovery,43,2,11.51293546492023,11.6741495,11.657065396473616
887,discovery,43,2,11.884495917930655,12.0023775,11.959100307760135
888,discovery,43,2,11.816734299348461,11.849947,11.863617530496578
889,discovery,43,2,12.498745990829315,12.686372,12.686207263755527
893,discovery,43,2,11.947955847790901,11.886753,11.89089208701389
905,discovery,43,2,11.74006900564972,11.7036295,11.705552677972529
909,discovery,43,2,11.782960235741939,11.7818775,11.761976642180983
912,discovery,43,2,11.874097282798648,11.911714,11.945183911741792
914,discovery,43,2,11.884495917930655,11.866193,11.892659018864338
917,discovery,43,2,10.471978128496518,11.022356,10.892331435248185
921,discovery,43,2,12.211065162153215,12.158424,12.13259028506773
924,discovery,43,2,12.170450649220749,12.18515,12.16125152132474
926,discovery,43,2,12.07254696717504,11.916213,11.900607306966032
929,discovery,43,2,12.373707715234994,12.381685,12.328185714854275
936,discovery,43,2,11.288543647320601,11.413502,11.440443646983281
937,discovery,43,2,12.127575825689417,12.113318,12.071216688704505
938,discovery,43,2,12.441148720271016,12.359886,12.36854713310534
939,discovery,43,2,12.387560521575551,12.465365,12.467940759339298
940,discovery,43,2,12.406565597924235,12.488556,12.5876335205486
944,discovery,43,2,11.870606902224587,11.86146,11.794704229276087
947,discovery,43,2,11.870606902224587,11.845964,11.863412043989948
951,discovery,43,2,11.767575435251748,11.834943,11.865540843918005
957,discovery,43,2,11.728044909070785,11.751898,11.788674746356754
960,discovery,43,2,11.951186847493476,12.082245,12.104294738546058
966,discovery,43,2,12.094587859196112,12.054147,12.054364806064571
968,discovery,43,2,11.813037464800539,11.825812,11.850846910820115
969,discovery,43,2,10.542732775946709,11.10305,11.103991197509572
972,discovery,43,2,12.06105265381003,11.989418,11.991891185192044
976,discovery,43,2,12.013706813470414,12.09239,12.114910343322208
977,discovery,43,2,11.356283350762888,11.2821665,11.34622747291843
980,discovery,43,2,11.842236406331555,11.823147,11.822005868152173
984,discovery,43,2,12.45254592991672,12.447158,12.39865792108789
987,discovery,43,2,11.669937760751914,11.704747,11.688473794492898
989,discovery,43,2,12.180759965737863,12.140363,12.155593202754476
991,discovery,43,2,12.759960632315702,12.652147,12.650902166965311
994,discovery,43,2,12.066241450757124,12.0659275,12.054448330146066
997,discovery,43,2,11.824087219587643,11.812338,11.834793473260516
998,discovery,43,2,12.128116509451258,11.94206,11.954226797597206
1004,discovery,43,2,11.827049837927534,11.887634,11.905359777930967
1011,discovery,43,2,11.813037464800539,11.8176985,11.800884720399312
1012,discovery,43,2,11.51293546492023,11.5426035,11.52754426154441
1022,discovery,43,2,12.175618592671356,12.24498,12.247555207886661
1024,discovery,43,2,12.160033942617156,12.141639,12.128970219881309
1025,discovery,43,2,12.567240979056246,12.680407,12.665904345353157
1028,discovery,43,2,12.588194064175278,12.601419,12.602069138673713
1042,discovery,43,2,12.06105265381003,12.009035,12.050146637932245
1044,discovery,43,2,12.47717172708952,12.420966,12.383863997172007
1050,discovery,43,2,11.349241150793087,11.595093,11.66860661770182
1059,discovery,43,2,12.721888795877375,12.756245,12.734501031616947
1060,discovery,43,2,12.301387370778713,12.140086,12.192833906119038
1061,discovery,43,2,12.271396795480596,12.252433,12.289678630932796
1066,discovery,43,2,12.700771936142122,12.499612,12.544517838173206
1070,discovery,43,2,11.813037464800539,11.766992,11.79009071911877
1072,discovery,43,2,11.944714374881176,11.954056,11.966222113148964
1077,discovery,43,2,12.04355959836804,11.900153,11.92007252926713
1091,discovery,43,2,11.439289689006644,11.426282,11.380260031899526
1096,discovery,43,2,12.080696479888445,12.06099,12.060213490952208
1099,discovery,43,2,11.759793355371237,11.597969,11.63172405320406
1107,discovery,43,2,12.100161978566867,12.170737,12.131699648122028
1118,discovery,43,2,11.775297421715827,11.868364,11.888669660226064
1122,discovery,43,2,12.268582547911404,12.307208,12.309783410706485
1129,discovery,43,2,12.278397958261774,12.252546,12.23851051958407
1142,discovery,43,2,12.193498926601634,12.119149,12.150257247127156
1146,discovery,43,2,11.91170829631447,11.77737,11.773835099406174
1148,discovery,43,2,12.069685751267224,12.11946,12.164357740909619
1157,discovery,43,2,12.100161978566867,12.081963,12.114496078893277
1160,discovery,43,2,12.128116509451258,12.098246,12.115411551133068
1163,discovery,43,2,11.767575435251748,11.756425,11.737675678356169
1170,discovery,43,2,13.345508528717259,13.172802,13.37086086056537
1175,discovery,43,2,12.384223015005313,12.261273,12.332315221659025
1182,discovery,43,2,12.880294363972055,12.623454,12.646166518157239
1196,discovery,43,2,12.07824495582233,12.005949,12.019676514175798
1198,discovery,43,2,11.87757552297847,11.929336,11.941864303413745
1204,discovery,43,2,12.269052139516223,12.292385,12.274014917513648
1208,discovery,43,2,12.206077645517674,12.245801,12.255819312430264
1209,discovery,43,2,11.849404844423074,11.88859,11.91362443004619
1215,discovery,43,2,11.80932691294063,11.762873,11.759647898377496
1241,discovery,43,2,12.323415584358154,12.260601,12.247230463285838
1252,discovery,43,2,12.053801032483948,12.151154,12.167486039085672
1253,discovery,43,2,11.775297421715827,11.677527,11.664439642701078
1254,discovery,43,2,12.591338447675579,12.573994,12.594681299305835
1260,discovery,43,2,11.92504173829169,11.913047,11.939775672285382
1261,discovery,43,2,12.10625783509458,12.126666,12.13539395943144
1271,discovery,43,2,12.468440756144114,12.344585,12.410163812093764
1281,discovery,43,2,12.33270970174018,12.263091,12.244720903536598
1289,discovery,43,2,12.535379989788607,12.444924,12.46878126047743
1295,discovery,43,2,11.652696102959753,11.658955,11.681484890986178
1300,discovery,43,2,11.944714374881176,12.004019,12.037442653044796
1303,discovery,43,2,12.577639650232573,12.643762,12.642516508701151
1306,discovery,43,2,12.691583538230217,12.743801,12.722057489136478
1309,discovery,43,2,11.898194668458823,11.898467,11.902027794832787
1311,discovery,43,2,12.721888795877375,12.618319,12.684104016986975
1314,discovery,43,2,12.716405147731708,12.6611185,12.713504858058577
1316,discovery,43,2,12.239995696974733,12.090324,12.07243523046213
1322,discovery,43,2,11.19135563385109,11.335988,11.252493069632225
1323,discovery,43,2,12.154784614286667,12.270657,12.33202570967506
1326,discovery,43,2,10.915106645867503,11.07805,10.991390774748952
1339,discovery,43,2,12.206077645517674,12.295322,12.290811553633837
1341,discovery,43,2,11.719947764402807,11.598027,11.6134273281278
1342,discovery,43,2,11.951186847493476,11.996368,11.97246978304349
1347,discovery,43,2,12.47801017053037,12.462093,12.483209379142194
1348,discovery,43,2,12.554840409959793,12.545825,12.544539227184769
1356,discovery,43,2,12.04355959836804,12.165259,12.169928712491371
1364,discovery,43,2,11.963574241653713,12.06476,12.064978247531856
1365,discovery,43,2,11.878630514504515,11.922209,11.930289720873226
1369,discovery,43,2,11.87757552297847,11.872646,11.868805353006852
1371,discovery,43,2,11.561725152903833,11.549455,11.530360887634744
1381,discovery,43,2,10.97679912709094,11.180858,11.090228812907483
1385,discovery,43,2,11.561725152903833,11.578088,11.566471247571183
1386,discovery,43,2,11.74006900564972,11.610488,11.612895802420992
1388,discovery,43,2,11.820417517632333,11.8493805,11.843191922821813
1396,discovery,43,2,12.546871224308068,12.5588875,12.537672395244233
1400,discovery,43,2,11.831022768939789,11.984413,11.979336892585566
1402,discovery,43,2,12.170450649220749,12.135276,12.149003334549333
1409,discovery,43,2,11.74006900564972,11.626374,11.637116019772671
1415,discovery,43,2,12.240478903153711,12.1717415,12.226782556807104
1425,discovery,43,2,11.87757552297847,11.862332,11.848312363459499
1426,discovery,43,2,11.863589378812122,11.867332,11.870115696875363
1444,discovery,43,2,11.703554089007538,11.610908,11.64450234780206
1450,discovery,43,2,11.429554725537322,11.353267,11.338437646633977
1451,discovery,43,2,11.820417517632333,11.802287,11.785202984974593
1455,discovery,43,2,12.128116509451258,12.128789,12.137449911730828
2,discovery,43,3,12.109016442313738,12.095787,12.152129515980354
10,discovery,43,3,11.678448377988165,11.726233,11.737046309334819
12,discovery,43,3,12.75130259456002,12.80923,12.856427531636768
15,discovery,43,3,11.964007453736912,11.956675,11.940446913255776
18,discovery,43,3,11.407576060361786,11.6223545,11.62938155114515
20,discovery,43,3,11.842236406331555,11.6353855,11.61643588033817
22,discovery,43,3,11.845109950883979,11.706485,11.668194246536153
25,discovery,43,3,11.944714374881176,11.866623,11.88385385723445
32,discovery,43,3,11.914054519303125,11.816485,11.807460560281147
36,discovery,43,3,12.6410997921206,12.678683,12.670526306315768
40,discovery,43,3,11.314486721293981,11.281359,11.294276384121918
41,discovery,43,3,11.982935344196433,11.87323,11.768897673836044
46,discovery,43,3,12.675766851909591,12.598764,12.582235965678937
51,discovery,43,3,12.083910661257521,12.083048,12.105806946461907
61,discovery,43,3,11.970356641102999,12.037072,12.03720013591092
62,discovery,43,3,11.522885696764481,11.452218,11.47000917179602
69,discovery,43,3,11.289794413577894,11.251497,11.256746427806233
89,discovery,43,3,11.350418300109132,10.921607,10.829663990821066
91,discovery,43,3,11.60733523953139,11.561066,11.566190624543417
92,discovery,43,3,11.498836682527127,11.648414,11.567792394347673
97,discovery,43,3,12.273735966890268,12.300938,12.299055190526804
101,discovery,43,3,12.230770136157428,12.299697,12.346256123926418
103,discovery,43,3,11.68658461118553,11.668005,11.660603471315675
104,discovery,43,3,12.200562492481511,12.082364,12.076684004947356
121,discovery,43,3,12.100717685412471,12.05068,12.076109360005734
122,discovery,43,3,11.51293546492023,11.569812,11.470709570299542
148,discovery,43,3,12.312686874960354,12.3147335,12.300686666686211
150,discovery,43,3,11.652696102959753,11.723674,11.688893901028786
153,discovery,43,3,12.154784614286667,12.1286125,12.14807607609965
160,discovery,43,3,12.676079399771027,12.606664,12.609579640102448
161,discovery,43,3,11.998439434579149,11.957085,11.993244980184153
162,discovery,43,3,12.929993908996359,12.911032,12.899296007345102
163,discovery,43,3,12.301387370778713,12.369954,12.39721245450656
167,discovery,43,3,12.154784614286667,12.174793,12.194689889035228
168,discovery,43,3,12.693501691489768,12.739799,12.767013725479364
177,discovery,43,3,12.259618151783465,12.236902,12.252460187194965
178,discovery,43,3,12.058158312538197,12.027768,12.00591856316613
184,discovery,43,3,12.206077645517674,12.296925,12.262711591846585
186,discovery,43,3,13.07107218827772,12.747253,12.786605107102439
195,discovery,43,3,11.751950239425476,11.721588,11.758580281089039
196,discovery,43,3,11.908346971208951,11.8975935,11.880962900902864
205,discovery,43,3,11.608244735642321,11.601925,11.599663545677748
206,discovery,43,3,12.103491596905931,12.159568,12.143576501135678
209,discovery,43,3,12.531776395271262,12.434549,12.401845918311288
211,discovery,43,3,11.49273296168228,11.408411,11.398030378166773
222,discovery,43,3,12.206077645517674,12.277025,12.289541652040056
231,discovery,43,3,11.904974309480181,11.838671,11.829479934187733
237,discovery,43,3,12.130815551850676,12.14714,12.141459471866302
242,discovery,43,3,11.612779849672751,11.437285,11.441656072539363
251,discovery,43,3,11.245059091624615,11.397207,11.2815774457198
252,discovery,43,3,12.367345048436391,12.634235,12.641982610084849
257,discovery,43,3,12.242891437918386,12.183327,12.22264795011378
261,discovery,43,3,12.07824495582233,12.050052,12.027086795150407
274,discovery,43,3,11.842236406331555,11.977552,11.966417124289055
275,discovery,43,3,11.732069026983156,11.764659,11.787562403524728
289,discovery,43,3,11.711784520403112,11.697281,11.671633696556409
295,discovery,43,3,12.025755079404917,12.071646,12.048680842696793
298,discovery,43,3,12.384223015005313,12.327547,12.346719386800512
307,discovery,43,3,12.323860125621126,12.337517,12.304813371314218
309,discovery,43,3,11.320565693461432,11.6250925,11.63392095448275
311,discovery,43,3,12.017336559562407,12.110679,12.131479397311763
313,discovery,43,3,11.694421681264394,11.789454,11.792935218157826
319,discovery,43,3,12.468440756144114,12.670338,12.723978417074786
326,discovery,43,3,11.373674891823535,11.362181,11.360908171092907
337,discovery,43,3,12.841132451487937,12.773513,12.83984938540442
346,discovery,43,3,11.850832386224807,11.808554,11.852708701876463
347,discovery,43,3,11.928347504569842,11.861289,11.877073109367386
349,discovery,43,3,11.944714374881176,12.135327,12.142922597246281
351,discovery,43,3,12.670001611311875,12.687103,12.724429703125313
352,discovery,43,3,12.154784614286667,12.213081,12.219472373823884
354,discovery,43,3,11.570259974415547,11.547007,11.542921600499419
367,discovery,43,3,11.976665770490767,12.021213,11.998247683822282
377,discovery,43,3,11.904974309480181,11.772248,11.777352032416418
381,discovery,43,3,11.751950239425476,11.881436,11.937603951451633
387,discovery,43,3,11.302216779257382,11.450475,11.395162956922897
389,discovery,43,3,12.160033942617156,12.1710825,12.170195157453366
390,discovery,43,3,12.962196972666593,12.955698,12.920051154972478
395,discovery,43,3,11.599112335481124,11.582423,11.556969064114158
396,discovery,43,3,11.767575435251748,11.739925,11.724751998487912
398,discovery,43,3,12.040614105490253,11.91937,11.900562762115358
402,discovery,43,3,12.013646205940514,12.168877,12.17622192263541
410,discovery,43,3,12.73596827534975,12.620963,12.670114437764386
417,discovery,43,3,11.915058360753719,11.942903,11.937011325935012
420,discovery,43,3,11.863589378812122,11.836903,11.835998921197733
429,discovery,43,3,12.182809136284991,12.174714,12.172188113899347
437,discovery,43,3,11.661354090741,11.539266,11.538978241401132
439,discovery,43,3,11.411457364027745,11.390177,11.445566892776544
440,discovery,43,3,11.608244735642321,11.742122,11.768589770223107
444,discovery,43,3,12.058158312538197,12.112827,12.10709531457066
445,discovery,43,3,12.25486757159303,12.324005,12.323117787763424
446,discovery,43,3,11.755879486687116,11.92138,11.892117507843015
447,discovery,43,3,12.154784614286667,12.233187,12.22399592539867
463,discovery,43,3,11.04106411122238,11.72147,11.69387819866945
464,discovery,43,3,12.147919030759663,12.12593,12.185470696638989
474,discovery,43,3,12.994532278619134,12.821694,12.848909553726434
477,discovery,43,3,12.249615734512616,12.211981,12.232980984588046
481,discovery,43,3,12.694655727828803,12.759551,12.746820209730064
484,discovery,43,3,12.00762780434872,11.979586,11.948287189551081
491,discovery,43,3,11.652696102959753,11.62784,11.598759110641842
495,discovery,43,3,11.421917019425596,11.50609,11.51581367412145
499,discovery,43,3,11.775297421715827,11.782837,11.78613849274461
504,discovery,43,3,12.574185427296195,12.5167055,12.573862161979697
506,discovery,43,3,11.732069026983156,11.730363,11.701352825718267
508,discovery,43,3,12.246739428005663,12.100747,12.115493161908702
529,discovery,43,3,11.362114203075018,11.339881,11.375473509884936
536,discovery,43,3,11.58525542883217,11.805156,11.813838761072034
538,discovery,43,3,11.619544188752133,11.736705,11.768017817210966
551,discovery,43,3,11.849404844423074,11.760896,11.70622635933916
556,discovery,43,3,11.635151947212842,11.613792,11.623611077210505
567,discovery,43,3,12.691583538230217,12.618614,12.695817114008939
568,discovery,43,3,12.273735966890268,12.17386,12.176662116126991
570,discovery,43,3,11.820123358887447,11.838242,11.829305890919782
573,discovery,43,3,12.32163544049751,12.255503,12.276616898225496
575,discovery,43,3,11.842236406331555,11.69416,11.706246785133391
578,discovery,43,3,12.010671928196443,12.004278,11.970274680576484
579,discovery,43,3,11.891368749982085,11.956577,11.958606612691746
580,discovery,43,3,11.78676973513378,11.755002,11.728584643511669
584,discovery,43,3,12.691583538230217,12.632569,12.67291612505439
587,discovery,43,3,11.775297421715827,11.6932745,11.769317886218028
588,discovery,43,3,11.827743504053695,11.805655,11.789892449622064
600,discovery,43,3,11.92504173829169,11.918448,11.909715015116948
601,discovery,43,3,12.524530013005734,12.4707,12.462543289347995
602,discovery,43,3,11.856522261533737,11.722952,11.686097921765253
603,discovery,43,3,12.301387370778713,12.323444,12.287027502180033
628,discovery,43,3,11.938199736300925,11.999561,11.990370513411365
630,discovery,43,3,12.034696963475044,11.954121,11.93789297343644
633,discovery,43,3,11.320565693461432,12.107496,12.063295861407608
640,discovery,43,3,12.485830907348902,12.473879,12.49634839839952
645,discovery,43,3,12.823631142839984,12.765274,12.839837644433079
648,discovery,43,3,11.951186847493476,11.907395,11.90026473507341
650,discovery,43,3,11.344518647594766,11.202768,11.163109383024816
655,discovery,43,3,12.765691290604371,12.885625,12.897556313233626
663,discovery,43,3,11.608244735642321,11.888473,11.81406807130623
664,discovery,43,3,11.83138646878959,11.795524,11.811089323015368
670,discovery,43,3,11.83138646878959,11.664671,11.727676971310428
680,discovery,43,3,11.763691965388299,11.748761,11.717040355931532
684,discovery,43,3,12.560247968016562,12.546545,12.493226174333298
689,discovery,43,3,12.879019669789754,12.351419,12.422196659489632
703,discovery,43,3,12.799178471909892,12.723366,12.792184639209117
709,discovery,43,3,12.09815887308463,12.110509,12.10355360571941
710,discovery,43,3,11.60733523953139,11.563947,11.550001999219342
714,discovery,43,3,11.767575435251748,11.55224,11.604343617309498
718,discovery,43,3,11.964007453736912,11.992466,12.025891985361403
719,discovery,43,3,12.739640688812674,12.651121,12.711499111046855
723,discovery,43,3,11.732069026983156,11.691299,11.721575539778637
724,discovery,43,3,11.813037464800539,11.754347,11.781742131402064
728,discovery,43,3,12.178192583415596,12.183772,12.176147516459812
731,discovery,43,3,12.373707715234994,12.422831,12.45653295127579
742,discovery,43,3,11.863589378812122,11.875856,11.882945143839455
747,discovery,43,3,12.371591321286905,12.384482,12.368491051916928
764,discovery,43,3,12.727841176689147,12.684654,12.678018827720564
765,discovery,43,3,12.506180941677357,12.398302,12.415412821458816
771,discovery,43,3,11.812296455066814,11.797507,11.769915605590837
776,discovery,43,3,11.995357787034976,11.992212,11.95517172892403
782,discovery,43,3,12.077676615757813,12.080134,12.080791276411166
788,discovery,43,3,12.358798024384122,12.366675,12.340045597437141
795,discovery,43,3,12.178192583415596,12.219616,12.210361835915853
802,discovery,43,3,11.60733523953139,11.644647,11.576437653070993
808,discovery,43,3,12.317171167298682,12.165936,12.170013019232378
809,discovery,43,3,11.982622797311857,11.923381,11.91444516551695
818,discovery,43,3,12.509877789891931,12.549838,12.511121409442294
823,discovery,43,3,12.323860125621126,12.232883,12.191345952887863
827,discovery,43,3,11.603688960617083,11.512835,11.52364832959849
828,discovery,43,3,12.149507585033072,12.177576,12.149001792360242
837,discovery,43,3,11.941462360646149,11.831307,11.809997808456888
849,discovery,43,3,12.388398368982115,12.312328,12.381630780640123
850,discovery,43,3,12.138869243416009,12.0637865,12.108144113793978
857,discovery,43,3,11.898194668458823,11.908868,11.941697605230603
866,discovery,43,3,11.908346971208951,11.748306,11.745458083955306
872,discovery,43,3,12.208574513247495,12.123891,12.140098303456549
878,discovery,43,3,12.765691290604371,12.805311,12.786838255877916
882,discovery,43,3,12.141539457711714,12.288037,12.314145028126076
883,discovery,43,3,12.08954444723597,12.04929,12.064348319314107
891,discovery,43,3,11.719134432217524,11.666037,11.678122929542571
899,discovery,43,3,13.323928581764989,13.114493,13.157893435595893
904,discovery,43,3,12.388398368982115,12.3294325,12.332348423671784
918,discovery,43,3,11.813037464800539,11.794105,11.814762628531069
920,discovery,43,3,12.081081821061819,12.087776,12.11442664119456
923,discovery,43,3,12.043500773454495,12.048208,12.059130035911775
927,discovery,43,3,12.560247968016562,12.561444,12.543416058675895
930,discovery,43,3,12.310437165348775,12.326814,12.316564474580112
949,discovery,43,3,12.167856627501678,12.231658,12.229775519811472
955,discovery,43,3,11.755879486687116,11.802742,11.764950599720445
956,discovery,43,3,11.884495917930655,11.955915,11.985526288315242
958,discovery,43,3,11.790564777297387,11.778812,11.74709158731581
959,discovery,43,3,12.128116509451258,12.188605,12.176851597244843
961,discovery,43,3,11.665655135642039,11.755808,11.780892573852723
965,discovery,43,3,12.277932735946903,12.305656,12.337837795020484
975,discovery,43,3,12.02874460037869,12.1149235,12.178505572497537
983,discovery,43,3,11.982278882874377,12.083263,12.07402257524557
992,discovery,43,3,12.031725210748633,12.134081,12.123619211565437
1013,discovery,43,3,12.013706813470414,11.992723,12.041397957048142
1016,discovery,43,3,12.33270970174018,12.313773,12.276921390581924
1023,discovery,43,3,11.373674891823535,11.660754,11.623470453420333
1026,discovery,43,3,11.630717389475995,11.722422,11.717654161180356
1029,discovery,43,3,11.561725152903833,11.768649,11.749842165801882
1031,discovery,43,3,11.982935344196433,11.864565,11.955578629764322
1036,discovery,43,3,11.338583982516495,11.366466,11.323854424852442
1037,discovery,43,3,12.66191713053049,12.676899,12.676239023238141
1041,discovery,43,3,11.951186847493476,11.992512,11.937893204465347
1049,discovery,43,3,11.652696102959753,11.803051,11.766421379070199
1052,discovery,43,3,12.206782393599413,12.199485,12.196958850593683
1054,discovery,43,3,11.881041706925902,11.865181,11.85000758320471
1067,discovery,43,3,12.08954444723597,12.044575,12.090526612656845
1069,discovery,43,3,11.927687224983487,12.038379,11.974701193015507
1074,discovery,43,3,11.979805470779858,11.902024,11.899986014221923
1076,discovery,43,3,12.299112067295642,12.21175,12.252162418000788
1082,discovery,43,3,11.798111925972618,11.813864,11.788216567039807
1083,discovery,43,3,12.165255859329688,12.187318,12.175564136917695
1086,discovery,43,3,11.898194668458823,11.960453,11.96914190709195
1087,discovery,43,3,11.332613886815139,11.443136,11.397721301981745
1092,discovery,43,3,11.982935344196433,12.000723,12.030761570666261
1104,discovery,43,3,11.979805470779858,11.968271,11.96287807441806
1105,discovery,43,3,11.571203807011969,11.587489,11.595427251597014
1109,discovery,43,3,12.10625783509458,12.010965,11.979870303981674
1127,discovery,43,3,12.066816325306588,12.185802,12.169824406297915
1128,discovery,43,3,12.464587201678082,12.384763,12.343225263495773
1130,discovery,43,3,11.849404844423074,11.759497,11.72221293846672
1141,discovery,43,3,11.842236406331555,11.701538,11.708389339234545
1145,discovery,43,3,11.289794413577894,11.384697,11.362700928874004
1150,discovery,43,3,11.870606902224587,11.839559,11.84026277035048
1155,discovery,43,3,12.215037342290755,12.313324,12.286365215216902
1156,discovery,43,3,12.292254928916668,12.12664,12.200828272264175
1161,discovery,43,3,11.891368749982085,11.900274,11.8737585683084
1162,discovery,43,3,12.319405795112926,12.248724,12.308264847945141
1166,discovery,43,3,12.359527368950229,12.262118,12.287432191604953
1167,discovery,43,3,12.41044511731981,12.4067545,12.370864419792282
1169,discovery,43,3,12.367345048436391,12.254634,12.278396534885875
1177,discovery,43,3,11.691080018519527,11.789777,11.792653390605356
1183,discovery,43,3,13.521140839642674,12.904233,12.977599335110904
1184,discovery,43,3,11.695255355062795,11.845672,11.830088756944459
1197,discovery,43,3,12.29779001527865,12.351958,12.3548742110253
1202,discovery,43,3,12.19552218463499,12.231891,12.224266107768406
1207,discovery,43,3,11.580593459194764,11.6811495,11.693529751146867
1214,discovery,43,3,11.884495917930655,11.676361,11.725042527319843
1216,discovery,43,3,11.736077016252437,11.6511755,11.619454677830946
1217,discovery,43,3,11.626263078808801,11.801506,11.760923928922004
1220,discovery,43,3,11.424105180165641,11.499183,11.473004591173247
1222,discovery,43,3,11.80560254159177,11.698211,11.677356267214273
1223,discovery,43,3,11.870606902224587,11.88872,11.87345512841393
1228,discovery,43,3,11.898194668458823,11.864202,11.899139102020479
1229,discovery,43,3,12.813920618864572,12.808818,12.857010667203465
1230,discovery,43,3,11.751950239425476,11.810095,11.802154270016754
1232,discovery,43,3,11.794345471549745,11.879608,11.882502072414388
1236,discovery,43,3,11.841423131921784,11.8476305,11.901062265379329
1240,discovery,43,3,12.490879338036375,12.329433,12.279893331716538
1245,discovery,43,3,12.345838935721968,12.188899,12.281352114874098
1256,discovery,43,3,11.755879486687116,11.784106,11.830219615894771
1262,discovery,43,3,11.766799946849087,11.745669,11.742821174470443
1265,discovery,43,3,12.10625783509458,12.015478,11.896746274435431
1267,discovery,43,3,11.711784520403112,11.861098,11.783249945276147
1269,discovery,43,3,12.850557278777309,12.858838,12.963047419356736
1272,discovery,43,3,12.132162346145595,11.999011,12.043625748109772
1275,discovery,43,3,11.842236406331555,11.824785,11.8801753522492
1279,discovery,43,3,12.37581963951765,12.509618,12.478520469759228
1280,discovery,43,3,11.133142723386813,11.345003,11.247732934940489
1282,discovery,43,3,12.100717685412471,12.163085,12.199063961068681
1288,discovery,43,3,12.154784614286667,12.095871,12.117365182590056
1290,discovery,43,3,12.546113507028412,12.497902,12.534988345372653
1298,discovery,43,3,11.849404844423074,11.854698,11.815569113682434
1301,discovery,43,3,12.323860125621126,12.3076725,12.291681168799252
1302,discovery,43,3,12.086731521684555,11.991582,12.04438554954192
1304,discovery,43,3,12.354496960983985,12.3190775,12.348121054423293
1320,discovery,43,3,11.6172944892629,11.693991,11.698690014821004
1321,discovery,43,3,11.960817678718287,11.96183,11.887425653398514
1325,discovery,43,3,11.898194668458823,12.552732,12.591017436698928
1328,discovery,43,3,11.779136168550774,11.758133,11.802663922749288
1333,discovery,43,3,11.51293546492023,11.656579,11.67723707005939
1334,discovery,43,3,11.74006900564972,11.76427,11.772868539277212
1337,discovery,43,3,11.813037464800539,11.878934,11.90053031467002
1343,discovery,43,3,12.339295865674435,12.466557,12.424592841252366
1350,discovery,43,3,11.711784520403112,11.9131565,11.867777665935076
1352,discovery,43,3,12.049424683420915,12.059235,12.054836560936906
1353,discovery,43,3,11.812296455066814,11.781957,11.862023969926547
1375,discovery,43,3,12.429220196836383,12.382317,12.412355274889894
1389,discovery,43,3,12.84132849667433,12.741147,12.743156426672742
1393,discovery,43,3,11.719947764402807,11.797588,11.788652662160017
1404,discovery,43,3,12.552930054797935,12.393542,12.384258533514462
1405,discovery,43,3,11.561725152903833,11.538207,11.435405195837072
1406,discovery,43,3,12.524530013005734,12.670922,12.733477217718175
1407,discovery,43,3,11.798111925972618,11.76425,11.7945047165115
1413,discovery,43,3,11.407576060361786,11.440063,11.439446318701522
1414,discovery,43,3,12.456835254920371,12.435383,12.410580130515962
1421,discovery,43,3,12.100161978566867,12.033708,12.065000780848651
1423,discovery,43,3,11.824087219587643,11.8469515,11.867951649566074
1424,discovery,43,3,12.524420916542532,12.134059,12.085707740092149
1431,discovery,43,3,12.165984756488543,12.027292,12.057432161687252
1436,discovery,43,3,12.066816325306588,11.941142,11.864064622131123
1437,discovery,43,3,11.699413330633599,11.664815,11.671898254870321
1442,discovery,43,3,11.913719681428494,11.876506,11.897506016631503
1453,discovery,43,3,11.884495917930655,11.798076,11.774870300912598
1460,discovery,43,3,11.901590234400047,11.897507,11.887126066032984
3,discovery,43,4,12.317171167298682,12.279625,12.275583539407428
4,discovery,43,4,11.849404844423074,11.954295,11.952429078978781
5,discovery,43,4,12.429220196836383,12.630471,12.628043264577935
13,discovery,43,4,11.87757552297847,11.805885,11.806462029752629
23,discovery,43,4,12.345838935721968,12.345533,12.298249169644889
29,discovery,43,4,12.242891437918386,12.188705,12.20038088610183
31,discovery,43,4,10.596659732783579,11.3147955,11.226060940548264
42,discovery,43,4,12.04355959836804,12.017535,12.07553467506451
45,discovery,43,4,11.856522261533737,11.891056,11.902731502556907
50,discovery,43,4,11.751950239425476,11.746136,11.760891126731142
56,discovery,43,4,12.103491596905931,12.014707,12.003560285162893
60,discovery,43,4,11.735276702486741,11.73551,11.770585075787006
63,discovery,43,4,12.218500103788143,12.231349,12.228022669592699
64,discovery,43,4,11.849404844423074,11.753885,11.682622896238875
65,discovery,43,4,12.299112067295642,12.388726,12.380875379233633
66,discovery,43,4,12.666660207428574,12.6302,12.626874064246019
76,discovery,43,4,11.418625774449598,11.358731,11.339456804410073
77,discovery,43,4,11.818577604251555,11.716763,11.756707450346386
82,discovery,43,4,11.941462360646149,12.045557,12.026633989979983
84,discovery,43,4,11.748005492256807,11.777141,11.787847515288014
90,discovery,43,4,11.724813914587886,11.748124,11.789682015941773
93,discovery,43,4,12.004574385508691,11.826689,11.928309060263407
94,discovery,43,4,11.804855999911272,12.126072,12.087673730066802
96,discovery,43,4,12.128116509451258,12.034502,12.07856959696498
99,discovery,43,4,11.326607934898927,11.240898,11.206095137799691
102,discovery,43,4,12.08954444723597,12.007802,11.979333688482473
105,discovery,43,4,12.040614105490253,12.006172,11.897944446111511
114,discovery,43,4,12.28765724080691,12.359511,12.336819090679347
118,discovery,43,4,11.951186847493476,11.925067,11.87733461954329
124,discovery,43,4,11.944064817531656,11.994428,11.977157579262084
127,discovery,43,4,11.759793355371237,11.844963,11.83762531276786
131,discovery,43,4,12.328294703023396,12.28926,12.231789798801396
138,discovery,43,4,12.049424683420915,12.275619,12.203438313830175
143,discovery,43,4,12.019749091416921,11.802177,11.758203072671089
151,discovery,43,4,11.711784520403112,11.7951,11.807667472788598
154,discovery,43,4,12.367345048436391,12.1929655,12.233225845509777
156,discovery,43,4,11.277215789596893,11.288601,11.266797562498923
158,discovery,43,4,12.504327379899443,12.499579,12.454155972072902
166,discovery,43,4,11.755879486687116,11.772057,11.773226656819485
169,discovery,43,4,12.119975396053194,12.184394,12.17312091273308
171,discovery,43,4,11.763691965388299,11.719394,11.679897303689721
173,discovery,43,4,12.384223015005313,12.201954,12.272118616951548
174,discovery,43,4,12.001511614739405,11.95657,11.937192396324882
176,discovery,43,4,12.400820837540556,12.253094,12.25072619816349
183,discovery,43,4,11.695255355062795,11.722174,11.700835825366486
188,discovery,43,4,11.813037464800539,11.777978,11.757180003960624
193,discovery,43,4,12.165255859329688,12.232056,12.224204808860097
207,discovery,43,4,11.87688084212164,11.755566,11.746720599354235
210,discovery,43,4,11.884495917930655,11.931216,11.943670372476324
212,discovery,43,4,12.133507329024972,12.08342,12.050418221279859
217,discovery,43,4,12.25486757159303,12.273103,12.269061360757526
218,discovery,43,4,11.580593459194764,11.465006,11.41803750537385
219,discovery,43,4,12.649157827477366,12.382516,12.465583163395598
223,discovery,43,4,12.100161978566867,12.111169,12.139096035647517
230,discovery,43,4,12.167856627501678,12.178319,12.166728655706162
235,discovery,43,4,12.285350445351659,12.25959,12.255934656343474
238,discovery,43,4,12.178192583415596,12.275152,12.27190909173013
246,discovery,43,4,12.394628892852941,12.349155,12.321251119915006
247,discovery,43,4,11.827743504053695,11.774266,11.780548256730393
248,discovery,43,4,11.849404844423074,11.866698,11.860990372197593
254,discovery,43,4,11.970356641102999,12.020647,12.047380199795924
258,discovery,43,4,12.301387370778713,12.3811245,12.338245041518473
264,discovery,43,4,11.775297421715827,11.682776,11.654589747903149
272,discovery,43,4,12.394628892852941,12.251271,12.319432866754834
280,discovery,43,4,12.165255859329688,12.192605,12.237166178489256
283,discovery,43,4,12.242891437918386,12.2822485,12.33940334944979
288,discovery,43,4,11.385103457032141,11.528669,11.516696231750558
292,discovery,43,4,11.819681958463892,11.839434,11.906425578734684
293,discovery,43,4,11.782960235741939,11.870937,11.810941502233424
299,discovery,43,4,12.07254696717504,12.09548,12.113804084671475
316,discovery,43,4,12.146858590895919,12.124836,12.113918163558735
323,discovery,43,4,12.614868865984631,12.574496,12.554686293706139
328,discovery,43,4,11.886218559372042,11.854078,11.848370399968589
329,discovery,43,4,12.276069679344003,12.102483,12.137367151137354
331,discovery,43,4,11.686887175419702,11.88159,11.8446491311866
333,discovery,43,4,12.556733038263905,12.728059,12.72508765876064
335,discovery,43,4,12.165255859329688,12.189007,12.196549532230506
338,discovery,43,4,12.273735966890268,12.315434,12.311393056314166
340,discovery,43,4,11.951186847493476,11.883116,11.891760445334755
359,discovery,43,4,11.775297421715827,11.757165,11.750526857192533
360,discovery,43,4,12.54254845357358,12.559639,12.562649445667809
363,discovery,43,4,12.198549416880068,12.099855,12.078628440392944
366,discovery,43,4,11.898194668458823,11.681999,11.684068104629196
370,discovery,43,4,11.995357787034976,12.018614,12.031995925542827
373,discovery,43,4,11.736077016252437,11.696255,11.667786409124563
374,discovery,43,4,11.719947764402807,11.695714,11.698141549415796
375,discovery,43,4,12.299112067295642,12.254487,12.246281016896747
383,discovery,43,4,12.271396795480596,12.266307,12.258100856374286
386,discovery,43,4,12.165255859329688,12.156316,12.102776265752937
404,discovery,43,4,12.460718739865236,12.461032,12.4431806914388
406,discovery,43,4,11.918397239722838,11.941017,11.924755255533922
416,discovery,43,4,12.106997888588934,12.192992,12.195576289947029
421,discovery,43,4,12.237091546357338,12.244635,12.19189831800409
422,discovery,43,4,12.278397958261774,12.29002,12.327042595489253
423,discovery,43,4,11.635151947212842,11.663077,11.666832437323315
435,discovery,43,4,11.302216779257382,11.325243,11.333378445451984
441,discovery,43,4,13.22672519452875,13.022594,13.118080841570562
450,discovery,43,4,11.695255355062795,11.553898,11.552210972754562
452,discovery,43,4,12.54254845357358,12.315859,12.365858434408233
457,discovery,43,4,11.49273296168228,11.264072,11.258822930717752
462,discovery,43,4,11.951186847493476,11.868921,11.899237445476684
472,discovery,43,4,12.154784614286667,12.15316,12.12090987187062
479,discovery,43,4,12.601490784782536,12.633658,12.582564752146876
480,discovery,43,4,11.401681006153428,11.696277,11.7219440700724
483,discovery,43,4,11.951186847493476,11.954982,11.926185353533215
485,discovery,43,4,11.794345471549745,11.7969885,11.811743902304872
489,discovery,43,4,11.982935344196433,11.797387,11.762447660207725
511,discovery,43,4,12.013100572810686,11.967415,11.988185729940147
512,discovery,43,4,12.2193145828011,12.095612,12.140049268532323
513,discovery,43,4,11.774527900858468,11.725873,11.732291297672125
519,discovery,43,4,12.259618151783465,12.181543,12.19351596542426
533,discovery,43,4,11.58525542883217,11.516898,11.530280265447612
539,discovery,43,4,11.970356641102999,11.856547,11.857305366492389
542,discovery,43,4,12.421188057397055,12.483097,12.4765044902362
552,discovery,43,4,11.630717389475995,11.624863,11.589530865629111
554,discovery,43,4,11.58989576532275,11.629392,11.657888805125225
557,discovery,43,4,11.856522261533737,11.8959,11.90231807684693
558,discovery,43,4,11.58989576532275,11.590203,11.548403399394607
559,discovery,43,4,12.07254696717504,12.215082,12.207973819765245
563,discovery,43,4,11.58989576532275,11.7199,11.702726887000702
569,discovery,43,4,12.665397584983758,12.532096,12.529869027240654
572,discovery,43,4,11.695255355062795,11.730567,11.671446038708515
585,discovery,43,4,11.798111925972618,11.796265,11.878637668177804
590,discovery,43,4,11.283524879179666,11.522415,11.555164312067955
591,discovery,43,4,12.132969552931216,12.129159,12.125117574136432
593,discovery,43,4,11.835016210489899,11.872811,11.916900696716446
596,discovery,43,4,12.672949516558306,12.597405,12.719404053478248
605,discovery,43,4,12.30592250537653,12.318966,12.314924512307819
609,discovery,43,4,12.791358964949923,12.696445,12.67882330551802
610,discovery,43,4,11.682676678340282,11.685286,11.702424515078587
614,discovery,43,4,11.898194668458823,11.754509,11.744969656601912
617,discovery,43,4,12.118339189722553,12.147697,12.16067860913337
623,discovery,43,4,11.813037464800539,11.755971,11.752738214061255
627,discovery,43,4,11.848690308590857,11.734796,11.731610819779577
634,discovery,43,4,11.845109950883979,11.890058,11.910473272205312
649,discovery,43,4,11.951186847493476,11.990472,11.968127294041485
651,discovery,43,4,12.235393555399902,12.170691,12.200701133181
665,discovery,43,4,12.955129822091815,12.695303,12.665294809186467
674,discovery,43,4,12.458778882573533,12.461384,12.512225269975822
675,discovery,43,4,11.849404844423074,11.929987,11.92409776482795
691,discovery,43,4,11.856522261533737,11.910529,11.926666373066775
692,discovery,43,4,13.534474352733596,13.117289,13.270486301577678
695,discovery,43,4,11.860062063178267,11.683053,11.711992711952755
698,discovery,43,4,11.724004532183379,11.773511,11.780119443744322
708,discovery,43,4,12.445093483000798,12.315308,12.312336460945698
712,discovery,43,4,11.54031687156214,11.293211,11.156373391001855
738,discovery,43,4,12.3879816172226,12.338648,12.286880509718536
740,discovery,43,4,12.154784614286667,12.193413,12.185561925559316
744,discovery,43,4,12.07254696717504,11.932919,11.92968580775022
746,discovery,43,4,12.61087420020211,12.68702,12.677634837928977
748,discovery,43,4,12.491176396967154,12.436123,12.390592606563377
751,discovery,43,4,11.477308649967686,11.476325,11.50724480467877
753,discovery,43,4,12.28765724080691,12.271651,12.293226938006748
755,discovery,43,4,11.957617696467539,11.91692,11.942298222516996
756,discovery,43,4,12.058158312538197,11.987876,12.021296934990742
759,discovery,43,4,12.097378802727306,12.0352955,12.060048945569164
760,discovery,43,4,12.577639650232573,12.686651,12.680058643678583
769,discovery,43,4,12.28690580994122,12.341377,12.342774292335681
770,discovery,43,4,13.195615697878253,12.996316,13.002606394031146
772,discovery,43,4,11.532737896139919,11.650876,11.691104158170045
773,discovery,43,4,11.580593459194764,11.8563385,11.812554169134652
778,discovery,43,4,11.86710429621008,11.83589,11.836647827124713
786,discovery,43,4,11.992266613576142,12.028884,12.042306081479046
794,discovery,43,4,12.323860125621126,12.373361,12.333749424982884
801,discovery,43,4,12.206077645517674,12.196282,12.212942265764706
812,discovery,43,4,11.881041706925902,11.921407,11.921637930031329
815,discovery,43,4,11.661354090741,11.647018,11.653626943439146
824,discovery,43,4,11.845827048676645,11.9292555,11.931033676519306
831,discovery,43,4,12.019749091416921,11.971233,11.960087041449514
838,discovery,43,4,11.51293546492023,11.5246725,11.529048410970049
839,discovery,43,4,11.87757552297847,11.901623,11.918354654112754
845,discovery,43,4,11.944064817531656,11.801008,11.80075357803541
848,discovery,43,4,11.80186424743109,11.777022,11.789944788006341
855,discovery,43,4,12.04355959836804,11.957289,11.901645811779082
858,discovery,43,4,12.066816325306588,11.971069,11.974802607103099
859,discovery,43,4,11.931642378754141,11.857432,11.768508381508017
873,discovery,43,4,11.661354090741,11.641092,11.66567263004314
876,discovery,43,4,12.623064399210183,12.540586,12.500975262690403
884,discovery,43,4,11.682676678340282,11.695956,11.75908643607202
897,discovery,43,4,11.575909653758895,11.368326,11.22978192638996
900,discovery,43,4,11.813037464800539,11.786989,11.811347681894198
902,discovery,43,4,11.938199736300925,11.8323,11.853071060140342
907,discovery,43,4,12.449022745701502,12.5444765,12.524826151911645
908,discovery,43,4,12.429220196836383,12.414286,12.469813224710844
911,discovery,43,4,11.946660519211651,11.885312,11.875093731600979
916,discovery,43,4,11.225256725762893,11.364039,11.344409790095648
932,discovery,43,4,11.674202123168433,11.713587,11.716014359779566
933,discovery,43,4,12.676079399771027,12.606758,12.608029136727756
935,discovery,43,4,12.396697137361691,12.269032,12.224466300738314
942,discovery,43,4,12.273735966890268,12.356396,12.345477916976703
950,discovery,43,4,12.193498926601634,12.087856,12.117490135452284
963,discovery,43,4,11.951186847493476,12.001471,11.999389942396297
978,discovery,43,4,12.20557752297723,12.18154,12.21070312814486
988,discovery,43,4,12.887129532148373,12.898324,12.944445594244394
990,discovery,43,4,12.190964083849375,12.1432905,12.1820571671336
995,discovery,43,4,12.729323752253295,12.825793,12.921279655962651
999,discovery,43,4,11.418625774449598,11.333871,11.29241214857455
1001,discovery,43,4,11.314486721293981,11.097737,11.022200161974041
1003,discovery,43,4,12.354496960983985,12.406475,12.390989331160606
1006,discovery,43,4,11.917730355182513,11.778736,11.83054515521534
1010,discovery,43,4,11.532737896139919,11.618768,11.685940943062334
1014,discovery,43,4,11.350418300109132,11.545297,11.467142262783222
1017,discovery,43,4,12.220966184120165,12.304283,12.296432286887441
1020,discovery,43,4,12.271349956195543,12.167486,12.165143758383406
1043,discovery,43,4,12.185875040240456,12.12769,12.157930401270987
1046,discovery,43,4,11.846543632608535,11.6568775,11.647452785520455
1047,discovery,43,4,13.229569788348705,12.990984,13.099157099280504
1055,discovery,43,4,12.449022745701502,12.507236,12.465389759304099
1056,discovery,43,4,12.100717685412471,12.000669,11.960443002885935
1058,discovery,43,4,12.421188057397055,12.338201,12.370457124220664
1071,discovery,43,4,11.813037464800539,11.765848,11.762663409196081
1075,discovery,43,4,12.175618592671356,12.105622,12.097416270802997
1089,discovery,43,4,11.83138646878959,11.801861,11.752701974461349
1090,discovery,43,4,12.190964083849375,12.243183,12.233135833600578
1097,discovery,43,4,11.751950239425476,11.701092,11.688613286153009
1103,discovery,43,4,11.813037464800539,11.802363,11.758596162044036
1113,discovery,43,4,11.774527900858468,11.734997,11.765015558874715
1115,discovery,43,4,11.669937760751914,11.71135,11.69980039075652
1116,discovery,43,4,12.669809806411457,12.614711,12.655940770850378
1121,discovery,43,4,11.681832447342321,11.664963,11.628883829332741
1132,discovery,43,4,11.44572741040675,11.61588,11.62394599631316
1134,discovery,43,4,12.386312871189734,12.380409,12.337848062464221
1135,discovery,43,4,12.037659911047468,12.066152,12.069529724563576
1136,discovery,43,4,11.532737896139919,11.594735,11.624007197868323
1137,discovery,43,4,11.686887175419702,11.7177,11.64788349367624
1138,discovery,43,4,11.451060699493427,11.401482,11.425937282653729
1144,discovery,43,4,11.289794413577894,11.51067,11.439876867337057
1149,discovery,43,4,11.669082701743504,11.690213,11.64849237135143
1153,discovery,43,4,12.345838935721968,12.159446,12.178187940536324
1154,discovery,43,4,11.699413330633599,11.7163725,11.724792468292218
1159,discovery,43,4,12.367889578686164,12.410847,12.357685320366796
1164,discovery,43,4,11.59873612138334,11.791117,11.766748316490771
1172,discovery,43,4,12.001511614739405,12.019757,12.013868081905587
1173,discovery,43,4,12.05467400868968,11.9798,12.004553683423168
1178,discovery,43,4,11.652696102959753,11.615079,11.61211305059856
1188,discovery,43,4,12.476103599529843,12.537996,12.541006760731285
1189,discovery,43,4,12.180759965737863,12.154999,12.147147924094472
1190,discovery,43,4,12.149507585033072,12.211768,12.193461582122842
1199,discovery,43,4,12.08954444723597,12.065893,12.05804231801537
1200,discovery,43,4,11.904974309480181,11.785706,11.812447568044377
1205,discovery,43,4,11.941462360646149,11.896408,11.911327897299177
1211,discovery,43,4,12.149507585033072,12.153223,12.12475471661968
1213,discovery,43,4,11.635151947212842,11.294978,11.328732414245849
1219,discovery,43,4,11.296024885689746,11.061273,11.12929307111486
1224,discovery,43,4,11.834291315386718,11.809647,11.749952492485086
1237,discovery,43,4,12.075400019877522,11.9940405,12.006192258468221
1238,discovery,43,4,12.180759965737863,12.253115,12.254511734352283
1243,discovery,43,4,12.04355959836804,12.068063,11.977007172193234
1246,discovery,43,4,12.08954444723597,12.185421,12.172862253828942
1249,discovery,43,4,11.771443882099637,11.867599,11.828107817407055
1255,discovery,43,4,12.016128107502665,12.135777,12.081180204992569
1257,discovery,43,4,12.616528611893463,12.6912775,12.688849538991997
1259,discovery,43,4,12.154784614286667,12.154142,12.147034030946886
1266,discovery,43,4,12.12215284831553,12.028868,12.059059614268902
1270,discovery,43,4,11.87757552297847,11.822735,11.819550082169714
1273,discovery,43,4,11.827743504053695,11.815348,11.821362819912327
1274,discovery,43,4,12.083910661257521,12.001611,12.003407855806005
1283,discovery,43,4,11.921725007667265,11.840021,11.871286881128349
1285,discovery,43,4,12.037659911047468,12.0307045,12.025093925527749
1291,discovery,43,4,12.103491596905931,12.020566,12.03394809686851
1297,discovery,43,4,11.951186847493476,11.894051,11.900287606318107
1307,discovery,43,4,12.218500103788143,12.098251,12.142689039040135
1310,discovery,43,4,12.09626335986454,12.05847,12.041199670631713
1315,discovery,43,4,11.686887175419702,11.699191,11.732590200346463
1319,discovery,43,4,12.524530013005734,12.493593,12.451747448207907
1327,discovery,43,4,11.277215789596893,11.290307,11.285784284806635
1330,discovery,43,4,12.081081821061819,12.105242,12.103571860291154
1331,discovery,43,4,12.33270970174018,12.435508,12.415857417170434
1335,discovery,43,4,11.736077016252437,11.660052,11.680831755529795
1336,discovery,43,4,12.031129798974042,11.992764,12.006186620419475
1344,discovery,43,4,12.083910661257521,12.064417,12.097270179876736
1349,discovery,43,4,12.278397958261774,12.440457,12.42064736853524
1358,discovery,43,4,11.917730355182513,11.951755,11.946793358788009
1367,discovery,43,4,12.170450649220749,12.199731,12.160660873811407
1372,discovery,43,4,12.016732516077072,12.077666,12.071777093746407
1373,discovery,43,4,12.521981322562505,12.460616,12.467270283353278
1376,discovery,43,4,12.384223015005313,12.469094,12.430704417063025
1379,discovery,43,4,11.326607934898927,11.499787,11.509601666950061
1384,discovery,43,4,11.626263078808801,11.900391,11.91514604006122
1394,discovery,43,4,12.001511614739405,11.975943,11.960052354488552
1398,discovery,43,4,11.83138646878959,11.781531,11.845193022471387
1412,discovery,43,4,11.849404844423074,11.896581,11.921959210371
1416,discovery,43,4,12.077676615757813,12.280849,12.269259135137315
1418,discovery,43,4,12.73670383776449,12.71334,12.707102384982752
1428,discovery,43,4,11.849404844423074,11.802446,11.808683373530021
1433,discovery,43,4,11.07443600653965,11.612447,11.632056831290537
1434,discovery,43,4,12.136191879981927,12.121754,12.129296419437537
1440,discovery,43,4,12.190964083849375,12.093872,12.061621846968276
1445,discovery,43,4,12.098493002763465,12.190953,12.182747233937762
1452,discovery,43,4,12.567554517655415,12.45096,12.411704115994086
1454,discovery,43,4,11.344518647594766,11.761882,11.754997526058624
1457,discovery,43,4,12.25486757159303,12.162597,12.173887223848833
6,discovery,43,5,11.870606902224587,11.955302,11.963239758325141
7,discovery,43,5,12.634606283893019,12.515916,12.507048628374056
14,discovery,43,5,12.540761149388421,12.275178,12.251902917417546
17,discovery,43,5,11.91170829631447,11.97276,11.975108798055812
26,discovery,43,5,12.454107814022272,12.380685,12.382777506085331
33,discovery,43,5,12.100161978566867,12.178819,12.141951494008513
34,discovery,43,5,12.016732516077072,12.028973,12.01470367485978
38,discovery,43,5,11.938199736300925,11.905817,11.91232074405796
44,discovery,43,5,11.777218637129327,11.75043,11.771741867568274
47,discovery,43,5,12.387089184491993,12.571523,12.516875418712576
52,discovery,43,5,11.648338835562747,11.657182,11.741587002992237
53,discovery,43,5,11.608244735642321,11.509194,11.479045658322923
59,discovery,43,5,12.991755706536901,12.993289,12.958516691754022
67,discovery,43,5,12.100717685412471,12.523719,12.46419582068515
74,discovery,43,5,11.88380602959621,11.850953,11.872464796967694
75,discovery,43,5,11.58432477200052,11.394628,11.384151827766486
79,discovery,43,5,11.824087219587643,11.737883,11.739316424662627
81,discovery,43,5,12.173037959397275,12.2526865,12.24002711544637
85,discovery,43,5,12.034696963475044,12.075539,12.070360895833492
87,discovery,43,5,12.066816325306588,12.075722,12.082352426476536
98,discovery,43,5,11.459007676978688,11.7654505,11.779281094222481
108,discovery,43,5,11.652696102959753,11.416778,11.35444303532128
111,discovery,43,5,11.827013315851762,11.868555,11.812311356017029
117,discovery,43,5,11.842236406331555,11.739706,11.719219391629922
119,discovery,43,5,12.676079399771027,12.836505,12.830790318119943
130,discovery,43,5,11.918397239722838,11.80759,11.807748701702423
133,discovery,43,5,11.923384748066601,11.926966,11.926970974311729
134,discovery,43,5,12.301387370778713,12.239904,12.232391178951616
136,discovery,43,5,12.066816325306588,12.033244,11.999269792849256
152,discovery,43,5,12.827731880206521,12.689634,12.72514852747849
157,discovery,43,5,11.603688960617083,11.560352,11.599166887351405
159,discovery,43,5,12.448630513463613,12.334399,12.352341232084296
165,discovery,43,5,11.931642378754141,11.927238,11.902286159253428
170,discovery,43,5,12.337105293891872,12.44309,12.463590454501576
172,discovery,43,5,12.278397958261774,12.122196,12.088764149336571
182,discovery,43,5,12.206577518060588,12.058752,12.105684270889103
185,discovery,43,5,11.751950239425476,11.644082,11.697522508215751
194,discovery,43,5,11.775297421715827,11.900524,11.843485289054243
198,discovery,43,5,12.367345048436391,12.625588,12.520394177910774
199,discovery,43,5,11.552155793461898,11.634136,11.563045893945526
200,discovery,43,5,12.524166311833152,12.56308,12.565172487469608
202,discovery,43,5,12.052344376474922,12.010512,11.99107207518643
213,discovery,43,5,12.439875187430008,12.426467,12.448503801307542
214,discovery,43,5,11.957617696467539,11.867247,11.886550042247961
216,discovery,43,5,11.808955099378537,11.842829,11.861604184997727
220,discovery,43,5,12.027191164883384,12.070045,12.082279138450483
225,discovery,43,5,12.864242696187505,12.808228,12.8856132769024
226,discovery,43,5,11.626263078808801,11.461417,11.499285680931497
228,discovery,43,5,11.571203807011969,11.470624,11.496428670916687
233,discovery,43,5,11.456365695436427,11.434981,11.458777701004092
241,discovery,43,5,12.47801017053037,12.539433,12.532032589862867
249,discovery,43,5,12.100717685412471,12.172332,12.162444828522457
253,discovery,43,5,12.06105265381003,12.089663,12.073362012968184
255,discovery,43,5,11.884495917930655,11.843622,11.845094774972903
256,discovery,43,5,12.345838935721968,12.32378,12.330874042583806
263,discovery,43,5,11.92504173829169,11.964742,11.987712019962306
267,discovery,43,5,12.128116509451258,12.122243,12.141145335494917
273,discovery,43,5,12.577639650232573,12.563963,12.566353674231854
278,discovery,43,5,11.856522261533737,11.534319,11.586814057244721
281,discovery,43,5,12.339295865674435,12.288133,12.296692261126578
282,discovery,43,5,12.128116509451258,12.122506,12.158353477629461
296,discovery,43,5,11.86710429621008,11.931713,11.926005999637443
297,discovery,43,5,11.931642378754141,11.744302,11.712685773677373
301,discovery,43,5,11.964007453736912,11.989921,12.061847240535636
304,discovery,43,5,11.917730355182513,11.731326,11.756053397340967
305,discovery,43,5,12.59473402514672,12.710283,12.696818748088948
308,discovery,43,5,11.402005077384885,11.525476,11.541053522261143
317,discovery,43,5,12.468440756144114,12.449087,12.43661338032551
321,discovery,43,5,12.74444728628135,12.831481,12.886295597315106
322,discovery,43,5,12.777055016970678,12.657544,12.65313833814574
330,discovery,43,5,11.264476926102367,11.264645,11.23952705190749
342,discovery,43,5,11.314486721293981,11.319353,11.257795083293429
356,discovery,43,5,12.086731521684555,12.068055,12.074052280491708
357,discovery,43,5,12.06105265381003,12.046867,12.06923957456329
365,discovery,43,5,12.154784614286667,12.171979,12.179416169336562
368,discovery,43,5,12.013706813470414,11.919451,11.889588406577863
380,discovery,43,5,12.095146671399466,12.06017,12.0668008593989
388,discovery,43,5,11.736077016252437,11.817665,11.771688491259246
403,discovery,43,5,11.58989576532275,11.442341,11.459793137345807
408,discovery,43,5,12.083910661257521,12.029132,12.086230300289676
409,discovery,43,5,12.54254845357358,12.466956,12.474520320756364
411,discovery,43,5,11.002116507732017,11.483943,11.426767652680208
412,discovery,43,5,11.884495917930655,11.798269,11.846531739455127
413,discovery,43,5,12.310437165348775,12.364156,12.381161483955884
414,discovery,43,5,11.652696102959753,11.594927,11.575620637824633
431,discovery,43,5,11.355113089309977,11.47067,11.433315300459993
433,discovery,43,5,11.715874472198905,11.766679,11.762448432085137
453,discovery,43,5,12.225880174775122,12.17399,12.176857795987921
458,discovery,43,5,12.45293662970407,12.128269,12.232936819404227
459,discovery,43,5,11.989165855127435,12.005593,11.952627478526523
460,discovery,43,5,11.608244735642321,11.682235,11.660248040243168
466,discovery,43,5,12.093693109638318,12.08344,12.085843460626375
470,discovery,43,5,12.138869243416009,12.150842,12.134541174039962
473,discovery,43,5,11.904974309480181,11.8288355,11.782613658387813
475,discovery,43,5,12.433212202169729,12.44633,12.47963551210206
482,discovery,43,5,12.832013750189885,12.763207,12.76049463356825
492,discovery,43,5,11.798111925972618,11.928332,11.947983793407786
493,discovery,43,5,12.059809113551397,12.034556,12.043715582200404
494,discovery,43,5,11.951186847493476,11.895261,11.900303073046715
497,discovery,43,5,12.971542813248437,12.779045,12.744187890561887
500,discovery,43,5,11.695255355062795,11.752414,11.772458138030153
502,discovery,43,5,12.331387247601905,12.270599,12.292111068854396
509,discovery,43,5,11.989165855127435,11.951712,11.938247123333088
518,discovery,43,5,12.487488878546145,12.495468,12.518787267313375
522,discovery,43,5,11.918397239722838,11.923508,11.904349853939886
527,discovery,43,5,11.790564777297387,11.771362,11.791406693022829
532,discovery,43,5,11.759793355371237,11.815215,11.909546067884722
541,discovery,43,5,12.660331092405906,12.747111,12.68774007838359
544,discovery,43,5,11.798111925972618,11.833476,11.772485746830617
555,discovery,43,5,12.556733038263905,12.397477,12.391136682753803
562,discovery,43,5,12.04355959836804,12.006209,12.026418615524674
571,discovery,43,5,11.867805799560465,11.86763,11.856930748873534
576,discovery,43,5,11.682676678340282,11.658423,11.669631750480322
583,discovery,43,5,11.682676678340282,11.643177,11.591918202108882
592,discovery,43,5,13.02132904585825,12.99173,13.008295474447507
604,discovery,43,5,11.92504173829169,11.957898,11.975840148710272
606,discovery,43,5,12.230770136157428,12.250213,12.21146231920462
608,discovery,43,5,12.323860125621126,12.043061,12.059550678468362
619,discovery,43,5,12.659737267217572,12.632518,12.668562258455278
620,discovery,43,5,12.628070334272698,12.688827,12.679851886236268
624,discovery,43,5,12.034696963475044,12.119817,12.138232873197087
626,discovery,43,5,11.982935344196433,11.917484,11.899793753478013
631,discovery,43,5,11.728044909070785,11.596293,11.588438760425195
635,discovery,43,5,11.87757552297847,11.87302,11.813754527809131
636,discovery,43,5,12.206077645517674,12.135181,12.120289514392478
644,discovery,43,5,11.931642378754141,11.904546,11.899596788079641
646,discovery,43,5,11.872353615355413,11.895501,11.860601782086041
647,discovery,43,5,11.495789479023493,11.495787,11.485087410860839
657,discovery,43,5,11.8879382384223,11.8971405,11.922221892648928
658,discovery,43,5,11.91170829631447,12.069918,12.103116717592876
661,discovery,43,5,12.19552218463499,12.228042,12.209069434859062
666,discovery,43,5,12.348010479804223,12.422561,12.41982686734085
667,discovery,43,5,11.767575435251748,12.178028,12.120449218052718
673,discovery,43,5,12.013706813470414,12.063831,12.115967019242548
676,discovery,43,5,11.908346971208951,11.911183,11.91120985907592
681,discovery,43,5,11.870606902224587,11.705093,11.685223150014002
685,discovery,43,5,12.30592250537653,12.237937,12.256224956370406
686,discovery,43,5,12.242891437918386,12.312567,12.264363648997838
687,discovery,43,5,12.336556900342153,12.296395,12.32767522810998
688,discovery,43,5,11.910365121788654,11.95068,11.967154481288844
694,discovery,43,5,11.59433032142082,11.529676,11.521821748401269
699,discovery,43,5,11.83863282480007,11.827773,11.841655685829613
701,discovery,43,5,12.652362948153474,12.566525,12.571283956744411
702,discovery,43,5,11.849404844423074,11.909916,11.902669154046423
705,discovery,43,5,12.269052139516223,12.286979,12.2785590466641
707,discovery,43,5,12.618185607609803,12.650693,12.68115564354046
713,discovery,43,5,12.149507585033072,12.123139,12.16148182439906
715,discovery,43,5,11.779136168550774,12.133491,12.142777747085994
722,discovery,43,5,11.870606902224587,11.870989,11.878453279944386
725,discovery,43,5,12.676079399771027,12.672439,12.640509992153994
729,discovery,43,5,11.608244735642321,11.817713,11.830382560529655
733,discovery,43,5,12.312686874960354,12.330374,12.325523783946895
739,discovery,43,5,12.095146671399466,11.806132,11.734912096159023
754,discovery,43,5,12.526346537332584,12.49281,12.507174625003614
766,discovery,43,5,12.484208043148733,12.502318,12.56613712910695
775,discovery,43,5,12.886643575525625,12.58613,12.616607345186376
785,discovery,43,5,11.759793355371237,11.806763,11.766808264069795
791,discovery,43,5,11.984184555794167,12.006885,11.997016486361412
792,discovery,43,5,11.896833207128452,11.963568,11.923348937373477
793,discovery,43,5,12.505402864156405,12.317428,12.334248311470951
800,discovery,43,5,12.07254696717504,11.897922,11.95639041149771
803,discovery,43,5,12.149507585033072,12.18704,12.182190348888302
804,discovery,43,5,13.275829251377,13.034405,13.076947649844577
805,discovery,43,5,11.678448377988165,11.634499,11.5747663858986
817,discovery,43,5,11.827743504053695,11.82959,11.848365278137376
819,discovery,43,5,11.951186847493476,11.927415,11.984132814510065
820,discovery,43,5,12.319405795112926,12.301141,12.310172273883358
826,discovery,43,5,12.861001210669146,12.958038,12.904159552600111
830,discovery,43,5,11.900912042974875,11.964919,12.000163966083731
844,discovery,43,5,11.856522261533737,11.766159,11.726667744056495
846,discovery,43,5,12.049424683420915,12.186131,12.159145424495996
854,discovery,43,5,11.970356641102999,12.02271,12.010050461393636
856,discovery,43,5,11.751950239425476,11.881497,11.895379974770043
864,discovery,43,5,11.794345471549745,11.861889,11.852651079491713
867,discovery,43,5,12.424810506025395,12.409606,12.422176356465691
868,discovery,43,5,11.767575435251748,11.772634,11.772600056557607
879,discovery,43,5,11.904974309480181,11.914237,11.924499875463326
881,discovery,43,5,11.964007453736912,11.947912,11.906231080352107
886,discovery,43,5,12.70351207261035,12.614244,12.634107776452261
892,discovery,43,5,12.058158312538197,12.081168,12.056086119939527
895,discovery,43,5,11.685693195625964,11.700472,11.690943798092691
896,discovery,43,5,11.849404844423074,12.024254,11.994391491905011
898,discovery,43,5,11.870278179170796,11.8397455,11.830217441586344
903,discovery,43,5,12.100717685412471,12.128144,12.135238246990545
913,discovery,43,5,11.385103457032141,11.44184,11.470965304043782
919,discovery,43,5,12.380030154325457,12.501404,12.494221883974882
922,discovery,43,5,11.890683588496984,12.020796,12.01993233342157
925,discovery,43,5,12.242891437918386,12.175496,12.19867483841941
928,discovery,43,5,12.07824495582233,12.083385,12.033669609179006
931,discovery,43,5,12.211065162153215,12.311656,12.304142773495073
945,discovery,43,5,11.83138646878959,11.96349,11.94408238714827
946,discovery,43,5,11.735276702486741,11.902459,11.888184093176779
948,discovery,43,5,12.506180941677357,12.547506,12.533494656275696
974,discovery,43,5,12.111767460549332,12.247173,12.267748718797273
986,discovery,43,5,11.736077016252437,11.691343,11.758640244864116
996,discovery,43,5,11.7085004721646,11.63546,11.712962587873056
1005,discovery,43,5,12.10625783509458,12.138437,12.12856918258944
1018,discovery,43,5,12.141539457711714,12.181405,12.200647649738517
1021,discovery,43,5,12.07824495582233,11.906721,11.9255887331186
1030,discovery,43,5,11.678448377988165,11.663053,11.722629559501165
1032,discovery,43,5,12.190964083849375,12.372348,12.28461152415548
1033,discovery,43,5,12.644330802262578,12.732854,12.748617764494929
1035,discovery,43,5,11.693169865968983,11.7061615,11.795098595561067
1039,discovery,43,5,11.48247656671073,11.573474,11.576777275417774
1048,discovery,43,5,11.884495917930655,11.805209,11.810779402098706
1051,discovery,43,5,12.080996832096167,12.189918,12.188736317152095
1053,discovery,43,5,12.013706813470414,12.048519,12.029361298031683
1064,discovery,43,5,11.612779849672751,11.821896,11.795674340315243
1065,discovery,43,5,11.944714374881176,11.962277,11.968781124612159
1068,discovery,43,5,12.031129798974042,12.069978,12.055856925209051
1078,discovery,43,5,11.840796531639839,11.778001,11.742379356633082
1079,discovery,43,5,11.956976469393481,11.865197,11.889964482876925
1081,discovery,43,5,11.884495917930655,12.036229,12.025983606286662
1095,discovery,43,5,11.767575435251748,11.783371,11.804882666535566
1100,discovery,43,5,11.964007453736912,12.00936,11.9492829286695
1101,discovery,43,5,11.002116507732017,11.050583,11.049875063182265
1102,discovery,43,5,11.691080018519527,11.676693,11.660956705253293
1106,discovery,43,5,12.691583538230217,12.749457,12.716067451415933
1108,discovery,43,5,12.52352951631214,12.319653,12.337241483709676
1110,discovery,43,5,12.54254845357358,12.614285,12.616378122540409
1111,discovery,43,5,12.144202560946876,12.102118,12.107286774203084
1112,discovery,43,5,12.230770136157428,12.11947,12.085495302492811
1114,discovery,43,5,11.80932691294063,11.82087,11.840914787810426
1117,discovery,43,5,12.123239799036943,12.157164,12.142158073312704
1120,discovery,43,5,11.803361242493628,11.746651,11.749684611984215
1124,discovery,43,5,11.678448377988165,11.519957,11.525102155089357
1125,discovery,43,5,12.007017865994577,12.037081,12.025404573963238
1126,discovery,43,5,11.652696102959753,11.587727,11.611261830229436
1131,discovery,43,5,11.813037464800539,11.877293,11.775751425821255
1133,discovery,43,5,11.674202123168433,11.784389,11.699900535177232
1139,discovery,43,5,12.185875040240456,12.211429,12.177708297268635
1140,discovery,43,5,11.87757552297847,11.709644,11.704914198551647
1171,discovery,43,5,12.049424683420915,11.949734,11.930293457327544
1174,discovery,43,5,12.208574513247495,12.22743,12.256991659181317
1176,discovery,43,5,12.560247968016562,12.666421,12.631563722165891
1179,discovery,43,5,11.950541482162043,11.809508,11.884904744069342
1180,discovery,43,5,11.440365524765756,11.384653,11.361742129172873
1181,discovery,43,5,12.429220196836383,12.482102,12.521747459000116
1185,discovery,43,5,12.137263685701864,12.1322565,12.15842555922105
1186,discovery,43,5,11.560772327227417,11.760174,11.77304348107815
1187,discovery,43,5,11.461642696843066,11.612782,11.546707061418589
1192,discovery,43,5,12.066816325306588,12.100928,12.092061064287142
1193,discovery,43,5,11.736077016252437,11.730055,11.732940218657838
1194,discovery,43,5,12.013706813470414,12.005322,11.97160211135555
1201,discovery,43,5,11.6617850286409,11.489194,11.58864764952904
1206,discovery,43,5,12.513193308436527,12.596215,12.631312420604418
1212,discovery,43,5,12.00762780434872,12.2209835,12.23672745942882
1225,discovery,43,5,12.122696471358964,12.199058,12.192418389617169
1234,discovery,43,5,11.863589378812122,11.858709,11.866347967177019
1235,discovery,43,5,11.775297421715827,11.682412,11.704777577872651
1247,discovery,43,5,12.136191879981927,12.165252,12.199560313536372
1250,discovery,43,5,11.686887175419702,11.728874,11.748918594878297
1251,discovery,43,5,12.404927602627597,12.564927,12.505404087897064
1258,discovery,43,5,11.511934974596555,11.365376,11.369594172343048
1268,discovery,43,5,12.843973993864076,12.69718,12.6327774073332
1284,discovery,43,5,11.842236406331555,11.866858,11.828106038815902
1286,discovery,43,5,11.794345471549745,11.759709,11.831842899210672
1287,discovery,43,5,11.870606902224587,11.992024,11.982158773471893
1294,discovery,43,5,12.000897933306716,12.115868,12.079884928588514
1299,discovery,43,5,11.982935344196433,12.902259,12.674445127149962
1305,discovery,43,5,11.775297421715827,11.902358,11.845319204764692
1312,discovery,43,5,12.220966184120165,12.232198,12.208922723325749
1317,discovery,43,5,12.596403811053621,12.581301,12.545894976787336
1329,discovery,43,5,12.45293662970407,12.275196,12.255280771721324
1332,discovery,43,5,11.794345471549745,11.778135,11.797438714122961
1338,discovery,43,5,10.868587496017359,11.034836,11.021839176162782
1340,discovery,43,5,11.763691965388299,11.732636,11.787720511890056
1345,discovery,43,5,11.95655945119582,12.118057,12.094782212766667
1361,discovery,43,5,12.149507585033072,12.168446,12.211912310320423
1362,discovery,43,5,12.468440756144114,12.448905,12.407200334332448
1368,discovery,43,5,11.751950239425476,11.777006,11.773696646931798
1378,discovery,43,5,11.669937760751914,11.827879,11.792696267578808
1387,discovery,43,5,12.429220196836383,12.631242,12.5952591122433
1390,discovery,43,5,11.782960235741939,11.818418,11.884052638741784
1392,discovery,43,5,11.728044909070785,11.78003,11.770792444542982
1397,discovery,43,5,11.982935344196433,11.946447,11.997838786472089
1399,discovery,43,5,11.835016210489899,11.809995,11.777001835396964
1401,discovery,43,5,11.695255355062795,11.703231,11.793942076366093
1408,discovery,43,5,11.626263078808801,11.646842,11.654779522729438
1411,discovery,43,5,12.345838935721968,12.322101,12.318712109255015
1419,discovery,43,5,11.728044909070785,11.803601,11.853464982821201
1420,discovery,43,5,12.314931534737134,12.334962,12.370012828584924
1422,discovery,43,5,11.755879486687116,11.849402,11.82865626644024
1427,discovery,43,5,12.509877789891931,12.4102745,12.432132183277226
1430,discovery,43,5,12.116700301832573,12.155671,12.180118810677909
1432,discovery,43,5,11.87583791515714,11.830648,11.83067492407836
1435,discovery,43,5,11.982935344196433,11.99219,12.012399603073503
1438,discovery,43,5,12.885673487343764,12.854491,12.890005438184057
1439,discovery,43,5,11.916395250412128,11.925683,11.902198022963919
1441,discovery,43,5,12.160033942617156,12.127695,12.184793494564579
1456,discovery,43,5,12.07254696717504,12.07744,12.077572496207845
1459,discovery,43,5,11.864469267087891,11.784331,11.78580388904761
2,discovery,89,1,12.109016442313738,12.057352,12.102026854111084
3,discovery,89,1,12.317171167298682,12.266518,12.267244441519365
5,discovery,89,1,12.429220196836383,12.618791,12.61331846009897
12,discovery,89,1,12.75130259456002,12.863062,12.939284528744162
16,discovery,89,1,11.790564777297387,11.766189,11.756262863265032
21,discovery,89,1,12.692506186542177,12.706124,12.712851374293408
23,discovery,89,1,12.345838935721968,12.346891,12.314514714645334
25,discovery,89,1,11.944714374881176,11.863112,11.870450796631845
37,discovery,89,1,11.884495917930655,11.893831,11.900297697090078
57,discovery,89,1,12.058158312538197,12.254281,12.196045930772755
62,discovery,89,1,11.522885696764481,11.335101,11.346897565135901
67,discovery,89,1,12.100717685412471,12.444029,12.422203730980751
70,discovery,89,1,12.323860125621126,12.3672495,12.365744122422203
75,discovery,89,1,11.58432477200052,11.483432,11.46077782298831
90,discovery,89,1,11.724813914587886,11.702768,11.740311509988828
102,discovery,89,1,12.08954444723597,12.0282955,12.016358488835069
109,discovery,89,1,11.652696102959753,11.694706,11.706502400646155
112,discovery,89,1,12.100717685412471,12.049684,12.043739215644273
114,discovery,89,1,12.28765724080691,12.406072,12.420835513766773
119,discovery,89,1,12.676079399771027,12.889511,12.875928738480374
121,discovery,89,1,12.100717685412471,12.053499,12.072550414491694
126,discovery,89,1,11.344518647594766,11.229425,11.227169071399581
131,discovery,89,1,12.328294703023396,12.333045,12.331247550925383
132,discovery,89,1,12.404927602627597,12.287834,12.298016713646982
140,discovery,89,1,12.352339472153524,12.201119,12.207732517750902
142,discovery,89,1,12.468440756144114,12.471719,12.479011803391078
146,discovery,89,1,11.775297421715827,11.80028,11.778658827568913
154,discovery,89,1,12.367345048436391,12.127184,12.163682319559818
158,discovery,89,1,12.504327379899443,12.444596,12.413636798553119
160,discovery,89,1,12.676079399771027,12.607692,12.626018240959752
168,discovery,89,1,12.693501691489768,12.761685,12.75790857511581
190,discovery,89,1,12.563750586299374,12.490311,12.497594701056277
198,discovery,89,1,12.367345048436391,12.531054,12.36641855975028
203,discovery,89,1,11.626263078808801,11.724748,11.694644399458195
212,discovery,89,1,12.133507329024972,11.98783,11.954218490235691
213,discovery,89,1,12.439875187430008,12.316309,12.335650466738459
216,discovery,89,1,11.808955099378537,11.843419,11.859933953465074
232,discovery,89,1,12.90669432231532,12.827127,12.820621853593355
235,discovery,89,1,12.285350445351659,12.256764,12.262555725550461
239,discovery,89,1,12.669809806411457,12.442858,12.439080946026454
254,discovery,89,1,11.970356641102999,12.006093,12.030975298768123
255,discovery,89,1,11.884495917930655,11.856721,11.861244920758317
260,discovery,89,1,11.48247656671073,11.511854,11.485080382025082
262,discovery,89,1,12.52815976788113,12.717746,12.673069653944221
269,discovery,89,1,11.699413330633599,11.618752,11.618508976231036
271,discovery,89,1,12.491255347155265,12.473315,12.44291466192897
272,discovery,89,1,12.394628892852941,12.215398,12.267948696838843
277,discovery,89,1,12.211065162153215,12.209555,12.155834777951142
280,discovery,89,1,12.165255859329688,12.240772,12.269309683805258
289,discovery,89,1,11.711784520403112,11.671484,11.652057515144184
295,discovery,89,1,12.025755079404917,11.97257,11.960884362453413
304,discovery,89,1,11.917730355182513,11.727429,11.724076868671832
319,discovery,89,1,12.468440756144114,12.686753,12.751471684140192
325,discovery,89,1,12.396697137361691,12.460707,12.46289501299627
329,discovery,89,1,12.276069679344003,12.076087,12.10401398148784
347,discovery,89,1,11.928347504569842,11.829312,11.841486877716
358,discovery,89,1,11.80560254159177,11.88022,11.88925585440535
359,discovery,89,1,11.775297421715827,11.72795,11.636062458001463
361,discovery,89,1,11.957617696467539,11.925173,11.89821471632767
363,discovery,89,1,12.198549416880068,12.113846,12.110938474727044
365,discovery,89,1,12.154784614286667,12.170889,12.19947750470645
366,discovery,89,1,11.898194668458823,11.677736,11.692436935181778
369,discovery,89,1,11.790564777297387,11.859337,11.86386084940822
370,discovery,89,1,11.995357787034976,12.032758,12.053258394600903
376,discovery,89,1,11.0186455364637,11.333707,11.285841029549838
379,discovery,89,1,12.885204569609956,12.809882,12.911408207580136
383,discovery,89,1,12.271396795480596,12.242345,12.239134006654886
403,discovery,89,1,11.58989576532275,11.490276,11.503039352842865
405,discovery,89,1,12.031725210748633,12.048905,12.056183703464386
410,discovery,89,1,12.73596827534975,12.649852,12.61288500910267
415,discovery,89,1,12.337105293891872,12.382897,12.374739676283191
421,discovery,89,1,12.237091546357338,12.197521,12.102701083591596
429,discovery,89,1,12.182809136284991,12.185561,12.18041194875427
430,discovery,89,1,12.07254696717504,12.030035,12.036201390410449
431,discovery,89,1,11.355113089309977,11.528754,11.49043108073055
437,discovery,89,1,11.661354090741,11.536147,11.521425916247736
439,discovery,89,1,11.411457364027745,11.281197,11.33903921215328
461,discovery,89,1,12.481565733211923,12.371798,12.333797335092171
463,discovery,89,1,11.04106411122238,11.716314,11.701279069952129
469,discovery,89,1,12.429220196836383,12.413886,12.407319346409865
472,discovery,89,1,12.154784614286667,12.119727,12.074232563830249
481,discovery,89,1,12.694655727828803,12.793234,12.800316406247912
492,discovery,89,1,11.798111925972618,11.942979,11.96290587718952
494,discovery,89,1,11.951186847493476,11.910712,11.920660907694435
498,discovery,89,1,12.122696471358964,12.05853,12.033813708603846
503,discovery,89,1,11.849404844423074,11.892567,11.904382800445738
505,discovery,89,1,11.898194668458823,11.871756,11.857976794012016
508,discovery,89,1,12.246739428005663,12.099113,12.111515403580992
510,discovery,89,1,11.732069026983156,11.848506,11.857421202739115
518,discovery,89,1,12.487488878546145,12.496766,12.561484501523005
524,discovery,89,1,12.126764251515691,12.786288,12.593164593767925
528,discovery,89,1,13.008661502470739,12.99465,13.064306298037
531,discovery,89,1,12.07254696717504,12.11081,12.11095410681878
534,discovery,89,1,10.579005242826247,10.997849,10.924143668243392
536,discovery,89,1,11.58525542883217,11.797162,11.812915827473303
539,discovery,89,1,11.970356641102999,11.861064,11.853628360900256
547,discovery,89,1,12.25486757159303,12.039515,12.08051394893201
549,discovery,89,1,11.736077016252437,11.723624,11.720863865273511
550,discovery,89,1,12.479913113434042,12.353818,12.381286714262837
565,discovery,89,1,12.498745990829315,12.487803,12.560121519827089
567,discovery,89,1,12.691583538230217,12.700091,12.802235812937068
568,discovery,89,1,12.273735966890268,12.168001,12.173798443400393
575,discovery,89,1,11.842236406331555,11.704463,11.726450657793148
576,discovery,89,1,11.682676678340282,11.646228,11.66392318091052
579,discovery,89,1,11.891368749982085,11.982658,11.956825908004532
583,discovery,89,1,11.682676678340282,11.681365,11.649240358530475
587,discovery,89,1,11.775297421715827,11.667439,11.712376520026957
597,discovery,89,1,11.648373769145277,11.55593,11.538457536465534
601,discovery,89,1,12.524530013005734,12.51072,12.51465739400055
607,discovery,89,1,11.931642378754141,11.902991,11.90945773889916
612,discovery,89,1,11.904974309480181,11.984042,12.010163693206183
615,discovery,89,1,11.231901180182515,11.296572,11.277830365491678
618,discovery,89,1,11.566475710526321,11.697412,11.69479570340149
621,discovery,89,1,11.112462823634855,11.059767,10.982776856177466
622,discovery,89,1,12.388398368982115,12.466098,12.512133648361
624,discovery,89,1,12.034696963475044,12.079758,12.12210980962825
629,discovery,89,1,11.813037464800539,12.109729,12.09986095968237
632,discovery,89,1,12.252483791602627,12.370896,12.364329615574905
635,discovery,89,1,11.87757552297847,11.891209,11.8377317398707
637,discovery,89,1,11.002116507732017,11.089919,10.99346950839646
639,discovery,89,1,11.350418300109132,11.531175,11.546928431233068
644,discovery,89,1,11.931642378754141,11.939648,11.935891754300707
645,discovery,89,1,12.823631142839984,12.753056,12.828239681779502
661,discovery,89,1,12.19552218463499,12.20997,12.180452542494612
667,discovery,89,1,11.767575435251748,12.199043,12.144393349697854
673,discovery,89,1,12.013706813470414,12.052537,12.088987578411455
678,discovery,89,1,11.603688960617083,11.585959,11.584917033508594
679,discovery,89,1,12.827995001361906,12.61005,12.62825896252488
680,discovery,89,1,11.763691965388299,11.786656,11.768716918534182
682,discovery,89,1,11.979391594635791,11.621094,11.653064973025783
689,discovery,89,1,12.879019669789754,12.329547,12.35288826063729
691,discovery,89,1,11.856522261533737,11.907479,11.915125817676925
692,discovery,89,1,13.534474352733596,13.167848,13.396010940345692
693,discovery,89,1,12.721888795877375,12.664154,12.699811820278413
701,discovery,89,1,12.652362948153474,12.56536,12.55264699216595
705,discovery,89,1,12.269052139516223,12.281616,12.276918344109614
709,discovery,89,1,12.09815887308463,12.1047,12.11252269977776
734,discovery,89,1,11.786008995353765,11.788744,11.78174551337897
738,discovery,89,1,12.3879816172226,12.385149,12.345952545242955
741,discovery,89,1,11.790564777297387,11.672458,11.685936647108726
750,discovery,89,1,11.49273296168228,11.305759,11.223732897260627
753,discovery,89,1,12.28765724080691,12.206773,12.220985548628228
756,discovery,89,1,12.058158312538197,11.995878,12.041134554124811
762,discovery,89,1,11.51293546492023,11.641283,11.654421311334563
763,discovery,89,1,12.279327754099118,12.177635,12.216178893021011
767,discovery,89,1,12.188422799337028,12.114269,12.059250882052472
771,discovery,89,1,11.812296455066814,11.808147,11.793112184576152
775,discovery,89,1,12.886643575525625,12.587045,12.583267919598232
782,discovery,89,1,12.077676615757813,12.068338,12.068392248104324
786,discovery,89,1,11.992266613576142,11.971128,11.992117418165062
796,discovery,89,1,12.049424683420915,11.996963,11.99306230561396
799,discovery,89,1,13.091906231773164,13.050365,13.118988422305312
804,discovery,89,1,13.275829251377,13.032016,13.10063877478334
807,discovery,89,1,11.816734299348461,11.783632,11.792110370450832
821,discovery,89,1,12.117246896289503,12.16532,12.166047198782548
822,discovery,89,1,11.440365524765756,11.3531685,11.314634826059137
827,discovery,89,1,11.603688960617083,11.543909,11.566117572021412
829,discovery,89,1,12.128116509451258,12.07599,12.013111451331053
833,discovery,89,1,12.37581963951765,12.273008,12.27634726617415
836,discovery,89,1,11.759793355371237,11.797808,11.848489015233197
841,discovery,89,1,11.849404844423074,11.749424,11.736621649064027
842,discovery,89,1,11.967187086434018,11.902833,11.902824020568406
858,discovery,89,1,12.066816325306588,11.96795,11.978132413415048
859,discovery,89,1,11.931642378754141,11.898039,11.758382880587233
862,discovery,89,1,11.78676973513378,11.83191,11.775874639191661
865,discovery,89,1,12.43153750053306,12.168878,12.18925252978704
871,discovery,89,1,11.603688960617083,11.481783,11.482661355686787
873,discovery,89,1,11.661354090741,11.6560335,11.681958820623935
875,discovery,89,1,11.104972264124868,11.521295,11.521701122108404
876,discovery,89,1,12.623064399210183,12.644338,12.603433212238677
887,discovery,89,1,11.884495917930655,12.022255,12.022890955210066
888,discovery,89,1,11.816734299348461,11.79846,11.814213778217932
889,discovery,89,1,12.498745990829315,12.686516,12.64134094464792
896,discovery,89,1,11.849404844423074,12.022856,12.012203138453655
897,discovery,89,1,11.575909653758895,11.307071,11.204024964897892
898,discovery,89,1,11.870278179170796,11.848595,11.86112568806085
902,discovery,89,1,11.938199736300925,11.888163,11.913054480964025
908,discovery,89,1,12.429220196836383,12.477125,12.544814144535287
909,discovery,89,1,11.782960235741939,11.766347,11.742032340301076
912,discovery,89,1,11.874097282798648,11.91268,11.943159541849738
913,discovery,89,1,11.385103457032141,11.36613,11.370823940680154
918,discovery,89,1,11.813037464800539,11.749207,11.743445228279512
919,discovery,89,1,12.380030154325457,12.504291,12.492195228052013
922,discovery,89,1,11.890683588496984,12.104503,12.120256449421545
930,discovery,89,1,12.310437165348775,12.337406,12.343452685301713
931,discovery,89,1,12.211065162153215,12.296371,12.276058733322316
933,discovery,89,1,12.676079399771027,12.61417,12.608188753282338
942,discovery,89,1,12.273735966890268,12.33784,12.336286957586008
943,discovery,89,1,11.918397239722838,11.739202,11.617590821672039
952,discovery,89,1,11.694421681264394,11.6043415,11.605393355836329
954,discovery,89,1,12.055255569732177,12.080608,12.013118548094518
957,discovery,89,1,11.728044909070785,11.708837,11.702261373703674
962,discovery,89,1,12.513561021741964,12.528139,12.57417493101481
966,discovery,89,1,12.094587859196112,12.059892,12.045306745328642
967,discovery,89,1,11.982935344196433,11.8776865,11.95440997291186
968,discovery,89,1,11.813037464800539,11.812166,11.838091518683017
972,discovery,89,1,12.06105265381003,12.010685,12.02087346805697
973,discovery,89,1,11.507922973347437,11.756136,11.744198912419053
975,discovery,89,1,12.02874460037869,12.041557,12.034535769077511
984,discovery,89,1,12.45254592991672,12.475515,12.443138677047678
986,discovery,89,1,11.736077016252437,11.769733,11.838444223732779
1003,discovery,89,1,12.354496960983985,12.402839,12.413541631030366
1006,discovery,89,1,11.917730355182513,11.791211,11.825475834289897
1010,discovery,89,1,11.532737896139919,11.6340685,11.678937598745401
1011,discovery,89,1,11.813037464800539,11.778669,11.76466754810081
1012,discovery,89,1,11.51293546492023,11.582937,11.569252917347349
1015,discovery,89,1,11.688566422839942,11.768742,11.75415133548615
1025,discovery,89,1,12.567240979056246,12.737878,12.709851515146948
1033,discovery,89,1,12.644330802262578,12.766596,12.809712672297453
1034,discovery,89,1,12.345838935721968,12.354395,12.361687927963832
1035,discovery,89,1,11.693169865968983,11.732264,11.806082822104264
1036,discovery,89,1,11.338583982516495,11.298807,11.216780611494025
1040,discovery,89,1,11.289794413577894,11.298794,11.239797856962744
1041,discovery,89,1,11.951186847493476,12.006278,11.962233425926739
1057,discovery,89,1,12.13270055639427,12.273202,12.290990092989473
1059,discovery,89,1,12.721888795877375,12.727443,12.726925626652324
1061,discovery,89,1,12.271396795480596,12.286195,12.288054164254437
1063,discovery,89,1,11.407576060361786,11.733286,11.702574462236285
1068,discovery,89,1,12.031129798974042,12.094956,12.092340564241335
1069,discovery,89,1,11.927687224983487,12.021848,11.977946072930761
1073,discovery,89,1,11.424105180165641,11.621235,11.551313021080224
1076,discovery,89,1,12.299112067295642,12.208855,12.26962960422606
1081,discovery,89,1,11.884495917930655,12.042774,12.051262644164787
1084,discovery,89,1,11.982935344196433,11.935015,11.938965103847423
1096,discovery,89,1,12.080696479888445,12.0770035,12.080712358520454
1102,discovery,89,1,11.691080018519527,11.676719,11.67469293901005
1111,discovery,89,1,12.144202560946876,12.108961,12.120177088157966
1117,discovery,89,1,12.123239799036943,12.1152315,12.06843540761514
1119,discovery,89,1,11.849404844423074,11.775121,11.76915571241388
1122,discovery,89,1,12.268582547911404,12.27175,12.277105083625226
1123,discovery,89,1,11.626263078808801,11.325939,11.157774974121933
1125,discovery,89,1,12.007017865994577,12.013928,12.009471075394135
1128,discovery,89,1,12.464587201678082,12.39969,12.419128436073901
1129,discovery,89,1,12.278397958261774,12.230714,12.226256506302338
1134,discovery,89,1,12.386312871189734,12.394615,12.370245288918305
1137,discovery,89,1,11.686887175419702,11.711441,11.660728767777664
1139,discovery,89,1,12.185875040240456,12.214281,12.182190421572196
1140,discovery,89,1,11.87757552297847,11.617952,11.628186407536244
1145,discovery,89,1,11.289794413577894,11.433141,11.378342405239666
1147,discovery,89,1,12.100717685412471,12.05429,12.054343671749344
1148,discovery,89,1,12.069685751267224,12.104366,12.164455629649172
1154,discovery,89,1,11.699413330633599,11.662368,11.65354524895658
1156,discovery,89,1,12.292254928916668,12.132123,12.17034224257564
1169,discovery,89,1,12.367345048436391,12.1971855,12.193011939302076
1175,discovery,89,1,12.384223015005313,12.275262,12.32838695278657
1191,discovery,89,1,12.031725210748633,11.976774,11.957161093562872
1192,discovery,89,1,12.066816325306588,12.085525,12.092289831114618
1199,discovery,89,1,12.08954444723597,12.081501,12.081194372794513
1200,discovery,89,1,11.904974309480181,11.826562,11.865220706048946
1207,discovery,89,1,11.580593459194764,11.649612,11.651898619329458
1218,discovery,89,1,12.343470927093518,12.331644,12.293643831674203
1220,discovery,89,1,11.424105180165641,11.5405655,11.50546256804729
1221,discovery,89,1,11.652696102959753,11.57944,11.571840601150654
1223,discovery,89,1,11.870606902224587,11.934635,11.928081676618067
1230,discovery,89,1,11.751950239425476,11.888454,11.890366316379412
1232,discovery,89,1,11.794345471549745,11.90493,11.92144499319896
1233,discovery,89,1,11.530775206233024,11.528029,11.548735273263494
1244,discovery,89,1,13.049794835104816,13.0680275,12.994370848429647
1253,discovery,89,1,11.775297421715827,11.709676,11.685798334637699
1257,discovery,89,1,12.616528611893463,12.715457,12.70998479615854
1259,discovery,89,1,12.154784614286667,12.136017,12.135497159672676
1261,discovery,89,1,12.10625783509458,12.144789,12.154971288231943
1268,discovery,89,1,12.843973993864076,12.7290745,12.709989413856238
1271,discovery,89,1,12.468440756144114,12.343237,12.3743864769659
1274,discovery,89,1,12.083910661257521,12.067836,12.063662230744947
1276,discovery,89,1,11.827743504053695,11.876008,11.873982260909465
1290,discovery,89,1,12.546113507028412,12.55461,12.561337320948681
1292,discovery,89,1,11.691080018519527,11.616639,11.649646880438949
1298,discovery,89,1,11.849404844423074,11.928042,11.876622942729577
1314,discovery,89,1,12.716405147731708,12.739138,12.789294105639762
1320,discovery,89,1,11.6172944892629,11.660705,11.644002296276522
1326,discovery,89,1,10.915106645867503,11.071805,10.96208077198493
1328,discovery,89,1,11.779136168550774,11.765794,11.780816126303277
1332,discovery,89,1,11.794345471549745,11.7335005,11.747566574219846
1335,discovery,89,1,11.736077016252437,11.710422,11.727452666239918
1340,discovery,89,1,11.763691965388299,11.704427,11.742506284580092
1365,discovery,89,1,11.878630514504515,11.94338,11.924114090493921
1371,discovery,89,1,11.561725152903833,11.592831,11.598942798697776
1392,discovery,89,1,11.728044909070785,11.7518635,11.752741922093037
1398,discovery,89,1,11.83138646878959,11.844247,11.881245750425274
1403,discovery,89,1,12.174994689959313,12.173,12.178354969184308
1410,discovery,89,1,12.278397958261774,12.337107,12.295549785804102
1411,discovery,89,1,12.345838935721968,12.251382,12.251075239798908
1419,discovery,89,1,11.728044909070785,11.828537,11.86230993934644
1422,discovery,89,1,11.755879486687116,11.8497305,11.831560453132294
1429,discovery,89,1,11.686887175419702,11.664718,11.676709609136207
1433,discovery,89,1,11.07443600653965,11.539482,11.542690042116254
1434,discovery,89,1,12.136191879981927,12.126677,12.137892542259529
1438,discovery,89,1,12.885673487343764,12.785646,12.785807294282046
1449,discovery,89,1,11.626263078808801,11.586509,11.593819860030322
1450,discovery,89,1,11.429554725537322,11.399119,11.392421701657089
1451,discovery,89,1,11.820417517632333,11.827313,11.828191865635517
4,discovery,89,2,11.849404844423074,12.054148,12.044232983922667
6,discovery,89,2,11.870606902224587,12.009278,12.002502259743894
7,discovery,89,2,12.634606283893019,12.518036,12.502244314919077
9,discovery,89,2,11.774527900858468,11.852751,11.766138288224095
13,discovery,89,2,11.87757552297847,11.846308,11.844892531441989
15,discovery,89,2,11.964007453736912,11.9403515,11.920389987380059
20,discovery,89,2,11.842236406331555,11.679649,11.66357093260058
26,discovery,89,2,12.454107814022272,12.422918,12.413940146958742
29,discovery,89,2,12.242891437918386,12.112546,12.124134060518152
38,discovery,89,2,11.938199736300925,11.897671,11.909876147419157
40,discovery,89,2,11.314486721293981,11.2020855,11.197323531634776
44,discovery,89,2,11.777218637129327,11.798128,11.822193180873484
46,discovery,89,2,12.675766851909591,12.61134,12.604134886914345
54,discovery,89,2,12.861001210669146,12.710781,12.721624402247254
56,discovery,89,2,12.103491596905931,12.044205,12.024243213088067
63,discovery,89,2,12.218500103788143,12.218549,12.202643120268782
66,discovery,89,2,12.666660207428574,12.610972,12.595066750029524
79,discovery,89,2,11.824087219587643,11.706965,11.718149060256408
80,discovery,89,2,11.608244735642321,11.685322,11.65355350190803
85,discovery,89,2,12.034696963475044,12.014616,12.004578614968063
91,discovery,89,2,11.60733523953139,11.518222,11.52781883384893
99,discovery,89,2,11.326607934898927,11.3890295,11.366222916790239
110,discovery,89,2,12.154784614286667,12.222381,12.233732341622977
115,discovery,89,2,12.466515835145202,12.354549,12.413760909484248
123,discovery,89,2,11.820417517632333,11.8302,11.827900497113724
127,discovery,89,2,11.759793355371237,11.847242,11.840844594997877
129,discovery,89,2,11.951186847493476,11.877781,11.854784650886106
136,discovery,89,2,12.066816325306588,12.076831,12.057084521398604
137,discovery,89,2,11.870606902224587,11.866066,11.864420675013529
143,discovery,89,2,12.019749091416921,11.796385,11.753629185812095
144,discovery,89,2,12.225880174775122,12.273066,12.258172830414393
148,discovery,89,2,12.312686874960354,12.293252,12.28365525569041
153,discovery,89,2,12.154784614286667,12.147374,12.168259475326757
163,discovery,89,2,12.301387370778713,12.375188,12.417361203530085
167,discovery,89,2,12.154784614286667,12.075801,12.106285322460998
170,discovery,89,2,12.337105293891872,12.45384,12.445913579447135
174,discovery,89,2,12.001511614739405,11.958408,11.920932044167825
175,discovery,89,2,12.122696471358964,12.137421,12.162874730765404
181,discovery,89,2,12.083910661257521,12.051569,12.073209817977014
185,discovery,89,2,11.751950239425476,11.683024,11.774496571599139
186,discovery,89,2,13.07107218827772,12.750394,12.788055273226318
188,discovery,89,2,11.813037464800539,11.786823,11.765793543526128
191,discovery,89,2,12.660331092405906,12.47305,12.538282767368864
194,discovery,89,2,11.775297421715827,11.902064,11.838039082514529
199,discovery,89,2,11.552155793461898,11.761691,11.701095356633125
200,discovery,89,2,12.524166311833152,12.601119,12.592140868699465
201,discovery,89,2,11.849404844423074,11.774927,11.776660825124603
202,discovery,89,2,12.052344376474922,12.030271,11.998331895170566
214,discovery,89,2,11.957617696467539,11.862127,11.876234368451463
218,discovery,89,2,11.580593459194764,11.351788,11.243432573848189
220,discovery,89,2,12.027191164883384,12.0932865,12.097076295537823
223,discovery,89,2,12.100161978566867,12.112885,12.140694021201114
225,discovery,89,2,12.864242696187505,12.877744,12.974052502601186
231,discovery,89,2,11.904974309480181,11.844113,11.829098280523953
245,discovery,89,2,12.230770136157428,12.375432,12.351196030639864
248,discovery,89,2,11.849404844423074,11.876164,11.853168172919798
250,discovery,89,2,12.531776395271262,12.4341,12.488746056676796
251,discovery,89,2,11.245059091624615,11.425033,11.346677531910576
256,discovery,89,2,12.345838935721968,12.305263,12.294607859854167
257,discovery,89,2,12.242891437918386,12.148186,12.179171501120274
266,discovery,89,2,12.075400019877522,12.158999,12.18984275369116
267,discovery,89,2,12.128116509451258,12.140065,12.151862729228437
268,discovery,89,2,12.097936057925594,11.999239,12.065735853967594
286,discovery,89,2,12.011886987792716,12.019853,12.018708853893155
291,discovery,89,2,12.359784657728284,12.469345,12.468477470227564
292,discovery,89,2,11.819681958463892,11.757544,11.794200442365547
293,discovery,89,2,11.782960235741939,11.844449,11.775497467982989
298,discovery,89,2,12.384223015005313,12.29988,12.307656935105564
300,discovery,89,2,11.973516181427835,12.005301,12.039702899632182
312,discovery,89,2,11.790564777297387,11.821641,11.806185236908538
315,discovery,89,2,12.08954444723597,12.014274,11.973271390225422
323,discovery,89,2,12.614868865984631,12.531484,12.499879522651382
327,discovery,89,2,12.688501881189456,12.550321,12.61817788092078
328,discovery,89,2,11.886218559372042,11.889067,11.866070432746458
331,discovery,89,2,11.686887175419702,11.833308,11.783184450589726
333,discovery,89,2,12.556733038263905,12.858248,12.849269584214602
335,discovery,89,2,12.165255859329688,12.169507,12.18433932731907
339,discovery,89,2,12.218500103788143,12.298716,12.286673061056442
344,discovery,89,2,12.491255347155265,12.507865,12.502637064327423
353,discovery,89,2,11.461642696843066,11.26832,11.287543729932644
360,discovery,89,2,12.54254845357358,12.546284,12.529497750490581
364,discovery,89,2,11.678448377988165,11.521804,11.57227963431566
371,discovery,89,2,12.057578437658945,12.089148,12.100945103801191
378,discovery,89,2,12.73670383776449,12.580512,12.564720473061167
392,discovery,89,2,12.278397958261774,12.262547,12.221267177706192
396,discovery,89,2,11.767575435251748,11.73844,11.72533033585164
399,discovery,89,2,11.112462823634855,11.434274,11.355277429279042
407,discovery,89,2,11.652696102959753,11.697308,11.651245413357463
413,discovery,89,2,12.310437165348775,12.445264,12.451488221989058
416,discovery,89,2,12.106997888588934,12.237519,12.240180342592241
420,discovery,89,2,11.863589378812122,11.810834,11.823479994562403
423,discovery,89,2,11.635151947212842,11.6707115,11.666352936094654
427,discovery,89,2,12.524530013005734,12.433284,12.408607159998082
432,discovery,89,2,11.288543647320601,11.634978,11.624218185823771
444,discovery,89,2,12.058158312538197,12.145212,12.142691781163904
450,discovery,89,2,11.695255355062795,11.627443,11.618421402889702
452,discovery,89,2,12.54254845357358,12.309435,12.354721343537763
458,discovery,89,2,12.45293662970407,12.095572,12.201971760081552
459,discovery,89,2,11.989165855127435,12.025952,11.91612236726242
460,discovery,89,2,11.608244735642321,11.664762,11.671609319861656
462,discovery,89,2,11.951186847493476,11.85593,11.883840854450884
467,discovery,89,2,12.025755079404917,12.082834,12.034680707114939
468,discovery,89,2,11.89478753335453,11.906058,11.922074808099245
470,discovery,89,2,12.138869243416009,12.112187,12.114161212341632
471,discovery,89,2,12.264346270624157,12.353174,12.405137360144975
473,discovery,89,2,11.904974309480181,11.817171,11.808703673350875
475,discovery,89,2,12.433212202169729,12.400075,12.444669965620848
476,discovery,89,2,11.794345471549745,11.839209,11.828448441682516
478,discovery,89,2,12.847929163278053,12.94956,12.934987339497152
482,discovery,89,2,12.832013750189885,12.704948,12.696685772938453
489,discovery,89,2,11.982935344196433,11.679562,11.65542645500099
491,discovery,89,2,11.652696102959753,11.628191,11.62857711552908
495,discovery,89,2,11.421917019425596,11.451386,11.449458153317206
496,discovery,89,2,10.460270761075149,11.154137,11.11235938286758
501,discovery,89,2,11.635151947212842,11.599991,11.606775910036989
504,discovery,89,2,12.574185427296195,12.513052,12.581049397862401
507,discovery,89,2,12.278397958261774,12.352118,12.346146322203476
512,discovery,89,2,12.2193145828011,12.125075,12.166190699783686
514,discovery,89,2,11.80560254159177,11.933581,11.885374508926386
521,discovery,89,2,11.573559498507079,11.288454,11.273536206196814
530,discovery,89,2,12.209192772866418,12.418139,12.359309291303893
544,discovery,89,2,11.798111925972618,11.825428,11.777274472373728
551,discovery,89,2,11.849404844423074,11.795003,11.75273046802133
556,discovery,89,2,11.635151947212842,11.646066,11.707697869591817
562,discovery,89,2,12.04355959836804,12.006904,11.999510302542596
564,discovery,89,2,12.128116509451258,12.159037,12.168231013528876
569,discovery,89,2,12.665397584983758,12.537714,12.56912332782356
577,discovery,89,2,11.884495917930655,11.919622,11.917909175236334
581,discovery,89,2,12.111217862017215,12.090632,12.0682492255384
582,discovery,89,2,12.442306148381938,12.785801,12.874123378580537
585,discovery,89,2,11.798111925972618,11.770703,11.864584636442153
588,discovery,89,2,11.827743504053695,11.847196,11.84336294578947
590,discovery,89,2,11.283524879179666,11.534713,11.599379713654129
591,discovery,89,2,12.132969552931216,12.136007,12.123532028798843
593,discovery,89,2,11.835016210489899,11.828183,11.860587824296156
603,discovery,89,2,12.301387370778713,12.352178,12.309188785450617
617,discovery,89,2,12.118339189722553,12.152168,12.163965809977949
619,discovery,89,2,12.659737267217572,12.687898,12.720005237732533
620,discovery,89,2,12.628070334272698,12.693358,12.681543285777177
631,discovery,89,2,11.728044909070785,11.488343,11.463141172839666
633,discovery,89,2,11.320565693461432,12.115796,12.062368832488906
636,discovery,89,2,12.206077645517674,12.1599865,12.113245787996226
649,discovery,89,2,11.951186847493476,11.988518,11.966579467986998
656,discovery,89,2,11.385103457032141,11.410703,11.387955512475896
662,discovery,89,2,12.904209855160254,12.850905,12.852398555743417
666,discovery,89,2,12.348010479804223,12.41328,12.396655140700993
671,discovery,89,2,12.063938642041201,12.068863,12.097904957672093
675,discovery,89,2,11.849404844423074,11.920275,11.907236459523945
685,discovery,89,2,12.30592250537653,12.198073,12.2458941210727
690,discovery,89,2,12.179220327453933,12.097297,12.112811111719083
694,discovery,89,2,11.59433032142082,11.606863,11.581660955859686
696,discovery,89,2,12.07824495582233,12.069751,12.0990933215545
706,discovery,89,2,10.915106645867503,10.978679,10.893857716578761
707,discovery,89,2,12.618185607609803,12.555344,12.594319907166776
708,discovery,89,2,12.445093483000798,12.26316,12.254181579148684
713,discovery,89,2,12.149507585033072,12.187765,12.241705066427684
715,discovery,89,2,11.779136168550774,12.071019,12.08069974180398
722,discovery,89,2,11.870606902224587,11.879681,11.909163338201568
727,discovery,89,2,12.310437165348775,12.336195,12.412856316632839
748,discovery,89,2,12.491176396967154,12.437562,12.397177043715782
754,discovery,89,2,12.526346537332584,12.482329,12.472733887694456
760,discovery,89,2,12.577639650232573,12.651385,12.628289162325158
761,discovery,89,2,11.755879486687116,11.734379,11.71892308328305
779,discovery,89,2,11.87757552297847,11.765149,11.784251342443051
784,discovery,89,2,12.016732516077072,11.979632,11.979779563796962
787,discovery,89,2,11.842236406331555,11.729472,11.698144516409675
797,discovery,89,2,11.874097282798648,11.850826,11.816375457430402
811,discovery,89,2,12.10625783509458,12.043043,12.070851682639102
812,discovery,89,2,11.881041706925902,11.894601,11.96273996234669
835,discovery,89,2,11.849047640327147,11.834868,11.849491289101946
843,discovery,89,2,12.071975378543236,11.973532,11.971232024823685
845,discovery,89,2,11.944064817531656,11.878289,11.87877838075439
852,discovery,89,2,12.278397958261774,12.19057,12.18700063922028
853,discovery,89,2,12.00762780434872,12.081552,12.105417587854058
857,discovery,89,2,11.898194668458823,11.935689,11.974071695400138
864,discovery,89,2,11.794345471549745,11.823898,11.829180493146362
879,discovery,89,2,11.904974309480181,11.950203,11.957549501176791
880,discovery,89,2,11.824087219587643,11.789722,11.8412100465569
893,discovery,89,2,11.947955847790901,11.865715,11.874337625813927
903,discovery,89,2,12.100717685412471,12.10118,12.090525370840496
904,discovery,89,2,12.388398368982115,12.345916,12.354887046297215
905,discovery,89,2,11.74006900564972,11.68946,11.678699639497458
906,discovery,89,2,11.759793355371237,11.754359,11.760082085040585
910,discovery,89,2,12.066816325306588,12.105187,12.117602260282274
911,discovery,89,2,11.946660519211651,11.879272,11.884995300677792
920,discovery,89,2,12.081081821061819,12.0447445,12.061546224153338
923,discovery,89,2,12.043500773454495,12.032919,12.033250560986277
926,discovery,89,2,12.07254696717504,11.919648,11.902946909271751
936,discovery,89,2,11.288543647320601,11.439352,11.514954247449085
939,discovery,89,2,12.387560521575551,12.455102,12.442492623873196
945,discovery,89,2,11.83138646878959,11.950194,11.95351905670398
947,discovery,89,2,11.870606902224587,11.880007,11.891594883577234
953,discovery,89,2,11.804855999911272,11.774751,11.826238313463639
958,discovery,89,2,11.790564777297387,11.769959,11.752276064692436
970,discovery,89,2,11.849404844423074,11.704733,11.718416226524399
985,discovery,89,2,11.744045122410057,11.730751,11.73030031223521
996,discovery,89,2,11.7085004721646,11.669618,11.749740259108153
1007,discovery,89,2,12.004574385508691,11.976949,11.889124944145978
1022,discovery,89,2,12.175618592671356,12.233258,12.220648904390774
1023,discovery,89,2,11.373674891823535,11.627297,11.581678389915
1024,discovery,89,2,12.160033942617156,12.148367,12.141312565202353
1026,discovery,89,2,11.630717389475995,11.7268505,11.734647400464265
1031,discovery,89,2,11.982935344196433,11.83112,11.894581658831063
1042,discovery,89,2,12.06105265381003,12.019233,12.079916068125238
1045,discovery,89,2,12.535379989788607,12.610111,12.554549966644627
1048,discovery,89,2,11.884495917930655,11.822633,11.83977461858067
1051,discovery,89,2,12.080996832096167,12.186314,12.18897470752144
1058,discovery,89,2,12.421188057397055,12.356315,12.410617954874612
1062,discovery,89,2,11.302216779257382,11.465574,11.537073204230483
1065,discovery,89,2,11.944714374881176,11.935063,11.94726876369113
1070,discovery,89,2,11.813037464800539,11.794231,11.810247911431764
1075,discovery,89,2,12.175618592671356,12.149837,12.128016321912908
1077,discovery,89,2,12.04355959836804,11.9609165,11.958370912607608
1083,discovery,89,2,12.165255859329688,12.155967,12.134146540418767
1086,discovery,89,2,11.898194668458823,11.984057,11.990977682670584
1088,discovery,89,2,12.437188334739655,12.482725,12.473861051386871
1089,discovery,89,2,11.83138646878959,11.893882,11.829856556879763
1090,discovery,89,2,12.190964083849375,12.247371,12.237889319710474
1091,discovery,89,2,11.439289689006644,11.428856,11.388650399480815
1092,discovery,89,2,11.982935344196433,11.959385,11.976506763695602
1093,discovery,89,2,11.824087219587643,11.988015,11.941953001553264
1095,discovery,89,2,11.767575435251748,11.804095,11.827479908617024
1097,discovery,89,2,11.751950239425476,11.689547,11.664125071513906
1098,discovery,89,2,12.04355959836804,11.997804,12.042398694868895
1099,discovery,89,2,11.759793355371237,11.544101,11.627243505346517
1101,discovery,89,2,11.002116507732017,11.071189,11.031881713858212
1105,discovery,89,2,11.571203807011969,11.606085,11.642147460661318
1112,discovery,89,2,12.230770136157428,12.177199,12.157453021154463
1115,discovery,89,2,11.669937760751914,11.725657,11.704010425741334
1124,discovery,89,2,11.678448377988165,11.521748,11.548560051887232
1133,discovery,89,2,11.674202123168433,11.849995,11.759463794572026
1136,discovery,89,2,11.532737896139919,11.614447,11.64762215798225
1138,discovery,89,2,11.451060699493427,11.38205,11.4084975506041
1142,discovery,89,2,12.193498926601634,12.111123,12.134633403392526
1150,discovery,89,2,11.870606902224587,11.759835,11.74907407022037
1151,discovery,89,2,11.728044909070785,11.755741,11.726434682410625
1153,discovery,89,2,12.345838935721968,12.200687,12.241726696584156
1155,discovery,89,2,12.215037342290755,12.31367,12.28178478372777
1178,discovery,89,2,11.652696102959753,11.62584,11.627478500659754
1184,discovery,89,2,11.695255355062795,11.850452,11.818066808988958
1185,discovery,89,2,12.137263685701864,12.091907,12.099951261716573
1189,discovery,89,2,12.180759965737863,12.13381,12.118917306732753
1190,discovery,89,2,12.149507585033072,12.208753,12.199155896559551
1193,discovery,89,2,11.736077016252437,11.706627,11.697771111978806
1196,discovery,89,2,12.07824495582233,11.99044,12.00527266929905
1198,discovery,89,2,11.87757552297847,11.980025,11.955101292322402
1203,discovery,89,2,11.669937760751914,11.763328,11.855417071891257
1212,discovery,89,2,12.00762780434872,12.297252,12.299347079474027
1215,discovery,89,2,11.80932691294063,11.763502,11.768166990534908
1219,discovery,89,2,11.296024885689746,11.007405,11.083007492993518
1222,discovery,89,2,11.80560254159177,11.73116,11.722821716951909
1226,discovery,89,2,11.884495917930655,11.762725,11.770181670831853
1228,discovery,89,2,11.898194668458823,11.875784,11.920246785848036
1239,discovery,89,2,11.86710429621008,11.790126,11.749190172443416
1241,discovery,89,2,12.323415584358154,12.2881975,12.275722237233902
1242,discovery,89,2,12.42250975887691,12.394435,12.40021436839544
1246,discovery,89,2,12.08954444723597,12.183682,12.159212585423656
1252,discovery,89,2,12.053801032483948,12.140283,12.16626559559558
1255,discovery,89,2,12.016128107502665,12.113612,12.052621698671565
1260,discovery,89,2,11.92504173829169,11.871205,11.888007062471209
1267,discovery,89,2,11.711784520403112,11.853764,11.740310887543645
1278,discovery,89,2,12.19552218463499,12.151298,12.172800199617898
1280,discovery,89,2,11.133142723386813,11.497515,11.42546373586162
1281,discovery,89,2,12.33270970174018,12.2658205,12.250927766632655
1289,discovery,89,2,12.535379989788607,12.4121475,12.463670010499287
1293,discovery,89,2,11.58525542883217,11.6028385,11.515668521099617
1301,discovery,89,2,12.323860125621126,12.292772,12.28273489548564
1304,discovery,89,2,12.354496960983985,12.275763,12.289849638871571
1307,discovery,89,2,12.218500103788143,12.126673,12.167788104263666
1313,discovery,89,2,12.618185607609803,12.595519,12.57242292087008
1318,discovery,89,2,12.249615734512616,12.152324,12.151179938487882
1323,discovery,89,2,12.154784614286667,12.290164,12.337984727762153
1330,discovery,89,2,12.081081821061819,12.1043825,12.093727809194988
1348,discovery,89,2,12.554840409959793,12.556614,12.562265473483947
1351,discovery,89,2,12.206077645517674,12.068372,12.073653950482788
1354,discovery,89,2,12.923914877701906,13.007663,12.99193477187614
1358,discovery,89,2,11.917730355182513,11.994859,12.007504805353419
1368,discovery,89,2,11.751950239425476,11.811327,11.808678337262666
1369,discovery,89,2,11.87757552297847,11.867971,11.897013462921116
1370,discovery,89,2,12.354496960983985,12.45223,12.430609688299445
1382,discovery,89,2,12.377927112974284,12.264474,12.262174216901322
1384,discovery,89,2,11.626263078808801,11.951557,11.95153557497542
1385,discovery,89,2,11.561725152903833,11.63032,11.619434715444939
1388,discovery,89,2,11.820417517632333,11.913798,11.915431910388923
1389,discovery,89,2,12.84132849667433,12.715422,12.730466930890605
1391,discovery,89,2,12.367345048436391,12.287969,12.272458590803426
1423,discovery,89,2,11.824087219587643,11.829048,11.860507655812402
1426,discovery,89,2,11.863589378812122,11.828672,11.815634134084492
1428,discovery,89,2,11.849404844423074,11.75815,11.772772958718646
1430,discovery,89,2,12.116700301832573,12.188345,12.220581904707501
1441,discovery,89,2,12.160033942617156,12.128533,12.177988372240728
1446,discovery,89,2,11.767575435251748,11.741536,11.707085334444562
1,discovery,89,3,12.24769911637256,12.240407,12.250937744564755
14,discovery,89,3,12.540761149388421,12.224399,12.195916785679328
17,discovery,89,3,11.91170829631447,11.947735,11.9617085103798
19,discovery,89,3,11.976665770490767,11.946104,11.994154414277814
27,discovery,89,3,11.811554895830454,11.799898,11.835211901149158
31,discovery,89,3,10.596659732783579,11.348722,11.268147167135917
42,discovery,89,3,12.04355959836804,12.077964,12.11407596284137
43,discovery,89,3,11.87757552297847,11.869774,11.929906287374804
45,discovery,89,3,11.856522261533737,11.856347,11.885219126350016
51,discovery,89,3,12.083910661257521,12.11141,12.127670241038466
52,discovery,89,3,11.648338835562747,11.64926,11.702821228647814
59,discovery,89,3,12.991755706536901,12.974817,12.932034262412035
64,discovery,89,3,11.849404844423074,11.758024,11.710882144686554
65,discovery,89,3,12.299112067295642,12.358569,12.356270637342996
71,discovery,89,3,12.404927602627597,12.592444,12.537910445050626
72,discovery,89,3,11.771443882099637,11.705889,11.712474939695477
74,discovery,89,3,11.88380602959621,11.865934,11.901248125514392
81,discovery,89,3,12.173037959397275,12.271695,12.263549514293317
87,discovery,89,3,12.066816325306588,12.079454,12.09269315457976
92,discovery,89,3,11.498836682527127,11.654703,11.590346578042139
97,discovery,89,3,12.273735966890268,12.286316,12.299694999194303
98,discovery,89,3,11.459007676978688,11.747421,11.742379458484608
113,discovery,89,3,12.85832230788469,12.701533,12.673051490269172
125,discovery,89,3,12.10625783509458,12.075665,12.076169432788488
130,discovery,89,3,11.918397239722838,11.784604,11.797531740269344
139,discovery,89,3,12.345838935721968,12.437625,12.401359162788236
147,discovery,89,3,11.561725152903833,11.595178,11.642424780092973
150,discovery,89,3,11.652696102959753,11.623931,11.615417703348074
151,discovery,89,3,11.711784520403112,11.824902,11.821825042811978
157,discovery,89,3,11.603688960617083,11.50209,11.552852449348242
159,discovery,89,3,12.448630513463613,12.320345,12.345290112686648
162,discovery,89,3,12.929993908996359,12.922559,12.926010629889216
166,discovery,89,3,11.755879486687116,11.755792,11.755727490554326
169,discovery,89,3,12.119975396053194,12.186111,12.166579878128013
171,discovery,89,3,11.763691965388299,11.709277,11.68594175456904
173,discovery,89,3,12.384223015005313,12.236156,12.252331521036336
176,discovery,89,3,12.400820837540556,12.278401,12.26054177608956
184,discovery,89,3,12.206077645517674,12.373547,12.324124053317583
187,discovery,89,3,12.06105265381003,12.050396,11.998073660367309
189,discovery,89,3,11.940399914116648,11.894129,11.870043434456518
193,discovery,89,3,12.165255859329688,12.222107,12.21980842573411
195,discovery,89,3,11.751950239425476,11.719573,11.763074721768112
219,discovery,89,3,12.649157827477366,12.383391,12.450787485341449
222,discovery,89,3,12.206077645517674,12.25222,12.267996006398697
227,discovery,89,3,12.577639650232573,12.414949,12.37451051422383
233,discovery,89,3,11.456365695436427,11.478453,11.486139626627846
238,discovery,89,3,12.178192583415596,12.307229,12.330864026337535
240,discovery,89,3,11.635151947212842,11.836438,11.759229004740124
261,discovery,89,3,12.07824495582233,12.045239,12.022213434835768
265,discovery,89,3,11.19822841866684,11.37951,11.365982422304748
270,discovery,89,3,11.904974309480181,11.9941845,11.97632489529122
274,discovery,89,3,11.842236406331555,11.983224,11.975078292369489
275,discovery,89,3,11.732069026983156,11.79354,11.786726168976479
278,discovery,89,3,11.856522261533737,11.57043,11.612314760742976
281,discovery,89,3,12.339295865674435,12.28433,12.273987028463145
283,discovery,89,3,12.242891437918386,12.3212185,12.36300968476992
284,discovery,89,3,12.407383590534293,12.393778,12.380392220038585
288,discovery,89,3,11.385103457032141,11.522921,11.504989790131336
296,discovery,89,3,11.86710429621008,11.923698,11.924989992767918
299,discovery,89,3,12.07254696717504,12.04521,12.04873521095862
302,discovery,89,3,12.495007682693725,12.522924,12.461970368781014
303,discovery,89,3,12.230770136157428,12.312533,12.325912459826627
306,discovery,89,3,12.631016799175821,12.631689,12.570735017218514
318,discovery,89,3,12.506180941677357,12.472368,12.444157896920446
332,discovery,89,3,11.842236406331555,11.806855,11.808190631424182
336,discovery,89,3,12.34126328584159,12.319983,12.380782948376915
342,discovery,89,3,11.314486721293981,11.329349,11.26469392466215
343,discovery,89,3,11.37940550085183,11.381718,11.394570954493974
346,discovery,89,3,11.850832386224807,11.83571,11.874390842244464
355,discovery,89,3,11.849404844423074,11.954917,11.926610811638087
367,discovery,89,3,11.976665770490767,12.009191,11.986164545675612
368,discovery,89,3,12.013706813470414,11.948937,11.93874066473819
372,discovery,89,3,11.808821212646512,11.629696,11.706373621225493
373,discovery,89,3,11.736077016252437,11.69194,11.666097311907489
374,discovery,89,3,11.719947764402807,11.710372,11.723566424349784
377,discovery,89,3,11.904974309480181,11.752599,11.762178446134266
380,discovery,89,3,12.095146671399466,12.086998,12.100236718422533
386,discovery,89,3,12.165255859329688,12.139274,12.10112609767245
387,discovery,89,3,11.302216779257382,11.437464,11.349794098094469
388,discovery,89,3,11.736077016252437,11.8517,11.781146446172967
389,discovery,89,3,12.160033942617156,12.171605,12.182135864681943
390,discovery,89,3,12.962196972666593,13.004215,12.946015800581511
393,discovery,89,3,11.575909653758895,11.532612,11.555837229568894
402,discovery,89,3,12.013646205940514,12.139341,12.138396139674985
404,discovery,89,3,12.460718739865236,12.416302,12.374960170538202
419,discovery,89,3,11.744045122410057,11.597743,11.537931036452788
435,discovery,89,3,11.302216779257382,11.346544,11.35988810540813
436,discovery,89,3,12.264346270624157,12.268606,12.338850079306562
438,discovery,89,3,11.686887175419702,11.683045,11.74281941251202
442,discovery,89,3,11.678448377988165,11.609968,11.594947062603842
443,discovery,89,3,12.000897933306716,11.876341,11.936417258103305
445,discovery,89,3,12.25486757159303,12.300493,12.311023994869931
448,discovery,89,3,12.20557752297723,12.21605,12.22405518854457
453,discovery,89,3,12.225880174775122,12.206349,12.182328715208588
455,discovery,89,3,12.144202560946876,11.912178,11.855563542188916
457,discovery,89,3,11.49273296168228,11.295342,11.282877175314448
464,discovery,89,3,12.147919030759663,12.156208,12.239072501391624
465,discovery,89,3,11.728044909070785,11.677141,11.671043284112061
474,discovery,89,3,12.994532278619134,12.757672,12.795700847805602
483,discovery,89,3,11.951186847493476,12.003303,11.978378572683495
485,discovery,89,3,11.794345471549745,11.811073,11.809151681219213
487,discovery,89,3,11.957617696467539,11.901731,11.924955920059617
490,discovery,89,3,11.362114203075018,11.504754,11.505826107755277
500,discovery,89,3,11.695255355062795,11.717589,11.740814761002
506,discovery,89,3,11.732069026983156,11.743879,11.73078705490332
513,discovery,89,3,11.774527900858468,11.72592,11.739911374834362
517,discovery,89,3,11.970356641102999,11.936187,11.894312519722025
519,discovery,89,3,12.259618151783465,12.181346,12.158688446215677
525,discovery,89,3,12.662709207270272,12.522317,12.52278785841653
533,discovery,89,3,11.58525542883217,11.577692,11.613005785426502
537,discovery,89,3,12.144202560946876,12.244783,12.255314156002743
538,discovery,89,3,11.619544188752133,11.761309,11.775450142481796
540,discovery,89,3,12.513561021741964,12.479522,12.430656067888133
541,discovery,89,3,12.660331092405906,12.768256,12.803072722988556
542,discovery,89,3,12.421188057397055,12.432009,12.404662462357111
545,discovery,89,3,12.098854850641,12.173914,12.203823567110701
546,discovery,89,3,12.34148164933907,12.3987,12.382106596595742
548,discovery,89,3,11.771443882099637,11.7551155,11.748301677094155
555,discovery,89,3,12.556733038263905,12.386391,12.383349132305487
571,discovery,89,3,11.867805799560465,11.879056,11.890199301479226
573,discovery,89,3,12.32163544049751,12.284758,12.298344354633755
584,discovery,89,3,12.691583538230217,12.731745,12.762351773780827
586,discovery,89,3,12.820990681250251,12.802502,12.814230361148992
589,discovery,89,3,11.870606902224587,12.316082,12.38682533870603
598,discovery,89,3,12.176654133447505,12.172293,12.16101164959393
600,discovery,89,3,11.92504173829169,11.934581,11.884923975164545
604,discovery,89,3,11.92504173829169,11.951246,11.97619144935657
605,discovery,89,3,12.30592250537653,12.246324,12.25685434002374
606,discovery,89,3,12.230770136157428,12.263425,12.220749922058259
610,discovery,89,3,11.682676678340282,11.704079,11.697874176674697
614,discovery,89,3,11.898194668458823,11.643492,11.621636190364928
623,discovery,89,3,11.813037464800539,11.775059,11.763106194908795
630,discovery,89,3,12.034696963475044,11.966508,11.95631116034366
634,discovery,89,3,11.845109950883979,11.864869,11.888094500381882
642,discovery,89,3,12.328294703023396,12.342688,12.35554442365033
647,discovery,89,3,11.495789479023493,11.476442,11.487585661647683
648,discovery,89,3,11.951186847493476,11.91757,11.887628457374895
650,discovery,89,3,11.344518647594766,11.250126,11.216891485839206
652,discovery,89,3,11.58989576532275,11.609135,11.615951891424858
653,discovery,89,3,12.160033942617156,12.220956,12.218657340834207
654,discovery,89,3,11.813037464800539,11.844842,11.851693029141893
658,discovery,89,3,11.91170829631447,12.045276,12.073544801052373
659,discovery,89,3,11.487617913343598,11.788687,11.711483131774198
663,discovery,89,3,11.608244735642321,11.922175,11.85863550770594
668,discovery,89,3,12.173037959397275,12.247859,12.234615920418431
681,discovery,89,3,11.870606902224587,11.759159,11.733316092425067
683,discovery,89,3,12.06105265381003,12.0927515,12.137076318174168
684,discovery,89,3,12.560247968016562,12.576578,12.53229902737461
688,discovery,89,3,11.910365121788654,11.943648,11.956505155156677
697,discovery,89,3,11.39640288460621,11.37573,11.438654279578557
702,discovery,89,3,11.849404844423074,11.883088,11.872694542262284
704,discovery,89,3,11.849404844423074,11.836675,11.864554654871974
710,discovery,89,3,11.60733523953139,11.594953,11.585495324132896
711,discovery,89,3,10.859018228147887,11.315013,11.301163507639236
719,discovery,89,3,12.739640688812674,12.622299,12.647458405963793
721,discovery,89,3,12.524530013005734,12.455131,12.504535706351758
724,discovery,89,3,11.813037464800539,11.772521,11.807047889688638
732,discovery,89,3,12.141539457711714,12.113699,12.11662661823287
733,discovery,89,3,12.312686874960354,12.355329,12.365859314388974
736,discovery,89,3,12.001511614739405,12.022931,12.013127222548903
739,discovery,89,3,12.095146671399466,11.780802,11.658291934414562
746,discovery,89,3,12.61087420020211,12.683641,12.705192261078022
751,discovery,89,3,11.477308649967686,11.406297,11.42154342184586
755,discovery,89,3,11.957617696467539,11.886439,11.900741117636816
764,discovery,89,3,12.727841176689147,12.713347,12.697860177584959
766,discovery,89,3,12.484208043148733,12.546876,12.62902269310204
768,discovery,89,3,11.982935344196433,12.101323,12.121656321451537
773,discovery,89,3,11.580593459194764,11.854248,11.769043620370082
777,discovery,89,3,12.308182383129823,12.294347,12.293401594692074
788,discovery,89,3,12.358798024384122,12.320011,12.306875779277267
789,discovery,89,3,11.588969419043874,11.667038,11.694884570640005
791,discovery,89,3,11.984184555794167,12.007188,11.98801869742328
803,discovery,89,3,12.149507585033072,12.166826,12.177357002682431
814,discovery,89,3,11.969723533345908,11.95916,11.922771987307643
817,discovery,89,3,11.827743504053695,11.833118,11.861990481025309
819,discovery,89,3,11.951186847493476,11.924383,11.992878407590194
826,discovery,89,3,12.861001210669146,12.970777,12.912577118025359
832,discovery,89,3,11.92504173829169,11.944356,11.984749394101065
838,discovery,89,3,11.51293546492023,11.517159,11.52199807939576
855,discovery,89,3,12.04355959836804,11.894938,11.81689158999534
861,discovery,89,3,12.154521423145216,12.071208,12.097236244116678
872,discovery,89,3,12.208574513247495,12.132347,12.121777984434125
874,discovery,89,3,11.798111925972618,11.759523,11.794607797885119
881,discovery,89,3,11.964007453736912,11.907989,11.846465744896992
884,discovery,89,3,11.682676678340282,11.640316,11.62325791064061
886,discovery,89,3,12.70351207261035,12.615915,12.649800616393387
890,discovery,89,3,11.915058360753719,12.019446,11.961752756727565
925,discovery,89,3,12.242891437918386,12.176027,12.207089236890313
929,discovery,89,3,12.373707715234994,12.431074,12.381979111535717
932,discovery,89,3,11.674202123168433,11.738598,11.75179232309246
937,discovery,89,3,12.127575825689417,12.1150055,12.101640786120651
944,discovery,89,3,11.870606902224587,11.923559,11.845307410433984
946,discovery,89,3,11.735276702486741,11.898165,11.886688374215833
948,discovery,89,3,12.506180941677357,12.556327,12.496007694203454
950,discovery,89,3,12.193498926601634,12.101921,12.139424731721194
963,discovery,89,3,11.951186847493476,12.015117,12.000250264818527
971,discovery,89,3,11.813037464800539,11.252725,11.186809283421084
976,discovery,89,3,12.013706813470414,12.047979,12.08837278429882
979,discovery,89,3,11.608244735642321,11.526374,11.515725668944443
990,discovery,89,3,12.190964083849375,12.153355,12.19253449698202
997,discovery,89,3,11.824087219587643,11.798132,11.840268487630306
998,discovery,89,3,12.128116509451258,11.934232,11.949616107949163
1002,discovery,89,3,11.362114203075018,11.244756,11.209218077389757
1020,discovery,89,3,12.271349956195543,12.173958,12.17046626789275
1021,discovery,89,3,12.07824495582233,11.873655,11.893301798939584
1028,discovery,89,3,12.588194064175278,12.635584,12.644464233533602
1029,discovery,89,3,11.561725152903833,11.811627,11.798082426722493
1038,discovery,89,3,12.567240979056246,12.531953,12.495687089423978
1039,discovery,89,3,11.48247656671073,11.592672,11.571296972368321
1047,discovery,89,3,13.229569788348705,12.936947,13.049013740200191
1052,discovery,89,3,12.206782393599413,12.160432,12.131950034580695
1066,discovery,89,3,12.700771936142122,12.531547,12.554281168337448
1079,discovery,89,3,11.956976469393481,11.849087,11.853965880655672
1082,discovery,89,3,11.798111925972618,11.796931,11.770327671779249
1094,discovery,89,3,11.891368749982085,11.942283,11.993602135943515
1103,discovery,89,3,11.813037464800539,11.772177,11.730567354813948
1109,discovery,89,3,12.10625783509458,12.039953,11.999278952160527
1116,discovery,89,3,12.669809806411457,12.523628,12.561656772793395
1118,discovery,89,3,11.775297421715827,11.803992,11.826758935309444
1120,discovery,89,3,11.803361242493628,11.750804,11.76479559877235
1121,discovery,89,3,11.681832447342321,11.658844,11.604236436377626
1146,discovery,89,3,11.91170829631447,11.719589,11.725412898170053
1152,discovery,89,3,11.917730355182513,12.030943,11.962289123543236
1161,discovery,89,3,11.891368749982085,11.884936,11.867277885871907
1163,discovery,89,3,11.767575435251748,11.766471,11.727778943192149
1164,discovery,89,3,11.59873612138334,11.764471,11.676348682411666
1166,discovery,89,3,12.359527368950229,12.278953,12.292895638704135
1168,discovery,89,3,12.06105265381003,12.126397,12.15531345454142
1181,discovery,89,3,12.429220196836383,12.405483,12.435947517333508
1182,discovery,89,3,12.880294363972055,12.60062,12.666574829670488
1183,discovery,89,3,13.521140839642674,13.091973,13.156216027816537
1187,discovery,89,3,11.461642696843066,11.647732,11.61259248939221
1188,discovery,89,3,12.476103599529843,12.519608,12.519797875617906
1195,discovery,89,3,11.970356641102999,11.903804,11.897047622300263
1205,discovery,89,3,11.941462360646149,11.913834,11.950263058080516
1206,discovery,89,3,12.513193308436527,12.56818,12.591585721108164
1209,discovery,89,3,11.849404844423074,11.883768,11.931681750199651
1214,discovery,89,3,11.884495917930655,11.697218,11.772557439375475
1217,discovery,89,3,11.626263078808801,11.763217,11.719690425349858
1229,discovery,89,3,12.813920618864572,12.816012,12.890817248801758
1231,discovery,89,3,12.154784614286667,12.135582,12.09689000428834
1235,discovery,89,3,11.775297421715827,11.642481,11.655691339574362
1240,discovery,89,3,12.490879338036375,12.363458,12.303138507802087
1250,discovery,89,3,11.686887175419702,11.698814,11.72203977473491
1258,discovery,89,3,11.511934974596555,11.349957,11.337621494183212
1264,discovery,89,3,12.103491596905931,11.975701,12.001726380877743
1269,discovery,89,3,12.850557278777309,12.872402,12.979970954048204
1275,discovery,89,3,11.842236406331555,11.796373,11.863549603298212
1279,discovery,89,3,12.37581963951765,12.534585,12.498319230537259
1284,discovery,89,3,11.842236406331555,11.85384,11.82480280908101
1299,discovery,89,3,11.982935344196433,12.890366,12.693363104043058
1300,discovery,89,3,11.944714374881176,11.981548,12.016862062892322
1308,discovery,89,3,11.835016210489899,11.797266,11.791168101006592
1310,discovery,89,3,12.09626335986454,12.058541,12.04529821717136
1315,discovery,89,3,11.686887175419702,11.700551,11.710389617837176
1316,discovery,89,3,12.239995696974733,12.1093855,12.099188739079011
1317,discovery,89,3,12.596403811053621,12.522676,12.47358143697517
1337,discovery,89,3,11.813037464800539,11.905891,11.92459214068043
1339,discovery,89,3,12.206077645517674,12.306728,12.320107444262662
1341,discovery,89,3,11.719947764402807,11.620683,11.609882887925522
1349,discovery,89,3,12.278397958261774,12.383037,12.357812882904522
1352,discovery,89,3,12.049424683420915,12.067418,12.072101738092224
1357,discovery,89,3,11.608244735642321,11.701145,11.712288496730691
1359,discovery,89,3,12.086731521684555,12.049531,12.094400574409901
1360,discovery,89,3,12.660331092405906,12.797761,12.804061135556362
1361,discovery,89,3,12.149507585033072,12.147364,12.191909102995174
1362,discovery,89,3,12.468440756144114,12.4413595,12.40508664436353
1364,discovery,89,3,11.963574241653713,12.019227,12.023468986036645
1367,discovery,89,3,12.170450649220749,12.190093,12.138603038425488
1372,discovery,89,3,12.016732516077072,12.0858,12.090483810540954
1375,discovery,89,3,12.429220196836383,12.401459,12.439003842962729
1377,discovery,89,3,11.418625774449598,11.346983,11.31582848681811
1380,discovery,89,3,12.02874460037869,11.877513,11.923432960533134
1381,discovery,89,3,10.97679912709094,11.2213335,11.192208096096861
1386,discovery,89,3,11.74006900564972,11.663498,11.642318129556198
1390,discovery,89,3,11.782960235741939,11.847281,11.87330650477911
1393,discovery,89,3,11.719947764402807,11.799506,11.813497838762585
1394,discovery,89,3,12.001511614739405,11.966495,11.967624958790141
1404,discovery,89,3,12.552930054797935,12.410342,12.3821318730557
1406,discovery,89,3,12.524530013005734,12.517024,12.570585419976874
1409,discovery,89,3,11.74006900564972,11.626578,11.641825022798008
1424,discovery,89,3,12.524420916542532,12.135556,12.072179535690678
1431,discovery,89,3,12.165984756488543,12.029172,12.077896271435023
1436,discovery,89,3,12.066816325306588,12.013451,11.986471082593763
1444,discovery,89,3,11.703554089007538,11.617844,11.655727700231566
1447,discovery,89,3,11.969723533345908,11.892653,11.897928004253032
1448,discovery,89,3,12.388398368982115,12.47231,12.411356011786385
1452,discovery,89,3,12.567554517655415,12.424492,12.411106255072765
1456,discovery,89,3,12.07254696717504,12.072011,12.073390703023788
1458,discovery,89,3,12.493133274926212,12.45886,12.513656587401796
1459,discovery,89,3,11.864469267087891,11.837862,11.851285815394585
1460,discovery,89,3,11.901590234400047,11.874143,11.852188520278268
8,discovery,89,4,12.206077645517674,12.241042,12.236426961294805
10,discovery,89,4,11.678448377988165,11.663394,11.688222330279988
24,discovery,89,4,11.774527900858468,11.82153,11.806855434129933
28,discovery,89,4,12.631343648903034,12.597542,12.582499816048735
30,discovery,89,4,11.134603622683905,11.124481,11.214277394819439
33,discovery,89,4,12.100161978566867,12.168343,12.119330425329906
34,discovery,89,4,12.016732516077072,12.023902,12.014675762466853
35,discovery,89,4,12.533579815765737,12.5656395,12.547824057612695
39,discovery,89,4,11.599112335481124,11.792938,11.788051099774972
49,discovery,89,4,11.635151947212842,11.516914,11.494737000045625
50,discovery,89,4,11.751950239425476,11.763787,11.778632577511503
53,discovery,89,4,11.608244735642321,11.507024,11.465700475395
58,discovery,89,4,12.188422799337028,12.164793,12.164140900845235
61,discovery,89,4,11.970356641102999,12.079636,12.052121828525888
73,discovery,89,4,12.128116509451258,12.166955,12.153389336810646
76,discovery,89,4,11.418625774449598,11.40097,11.340519400785297
77,discovery,89,4,11.818577604251555,11.703868,11.746799700981034
84,discovery,89,4,11.748005492256807,11.767543,11.798540587663583
86,discovery,89,4,12.468440756144114,12.552739,12.548871967719498
89,discovery,89,4,11.350418300109132,10.9797535,10.910731626940914
93,discovery,89,4,12.004574385508691,11.793135,11.864787739750811
96,discovery,89,4,12.128116509451258,12.078034,12.131818637903905
103,discovery,89,4,11.68658461118553,11.665444,11.667167855978516
108,discovery,89,4,11.652696102959753,11.471112,11.405437049078474
122,discovery,89,4,11.51293546492023,11.500551,11.357718831457298
141,discovery,89,4,11.652696102959753,11.537307,11.52556665193124
155,discovery,89,4,11.736077016252437,11.669023,11.60685782563526
177,discovery,89,4,12.259618151783465,12.189921,12.198449425948075
178,discovery,89,4,12.058158312538197,12.009633,12.009917875256704
179,discovery,89,4,13.126032637428713,13.047268,13.139454025764822
180,discovery,89,4,11.51293546492023,11.613338,11.580670683638138
196,discovery,89,4,11.908346971208951,11.913518,11.90717908285834
197,discovery,89,4,12.650351332641707,12.605354,12.606734170301815
205,discovery,89,4,11.608244735642321,11.547812,11.531973926370453
207,discovery,89,4,11.87688084212164,11.792239,11.775994180018246
208,discovery,89,4,11.856522261533737,11.787018,11.798859293905258
209,discovery,89,4,12.531776395271262,12.346841,12.297044032531183
210,discovery,89,4,11.884495917930655,11.9427,11.958503695309636
211,discovery,89,4,11.49273296168228,11.352673,11.316129801950964
217,discovery,89,4,12.25486757159303,12.240337,12.227440726038333
230,discovery,89,4,12.167856627501678,12.20522,12.199091541436172
236,discovery,89,4,11.402005077384885,11.458169,11.366996579069156
237,discovery,89,4,12.130815551850676,12.1581335,12.151654814627479
244,discovery,89,4,11.695255355062795,11.794547,11.787477104328632
253,discovery,89,4,12.06105265381003,12.082635,12.060562270547393
258,discovery,89,4,12.301387370778713,12.33671,12.310993628999299
263,discovery,89,4,11.92504173829169,11.929467,11.91666184278586
264,discovery,89,4,11.775297421715827,11.683716,11.67606707601557
273,discovery,89,4,12.577639650232573,12.563505,12.584901735660036
276,discovery,89,4,12.230770136157428,12.104706,12.108066072213534
279,discovery,89,4,12.936754021718041,12.87542,12.910056576031936
285,discovery,89,4,12.09626335986454,12.167551,12.141193097344843
301,discovery,89,4,11.964007453736912,11.992767,12.047346437007148
305,discovery,89,4,12.59473402514672,12.716311,12.746537660659467
307,discovery,89,4,12.323860125621126,12.3475065,12.297709697204034
308,discovery,89,4,11.402005077384885,11.520062,11.52627970072562
310,discovery,89,4,12.793862088206213,12.750697,12.749411517804766
311,discovery,89,4,12.017336559562407,12.098087,12.122062508924536
316,discovery,89,4,12.146858590895919,12.125814,12.112248780475197
321,discovery,89,4,12.74444728628135,12.82083,12.871997124602913
334,discovery,89,4,12.240478903153711,12.139411,12.138595130208182
340,discovery,89,4,11.951186847493476,11.911404,11.925435127722903
341,discovery,89,4,12.220473454337986,12.286542,12.250127413777044
345,discovery,89,4,11.350418300109132,11.564531,11.467595756672313
349,discovery,89,4,11.944714374881176,12.105564,12.104748275044608
357,discovery,89,4,12.06105265381003,12.031718,12.058451598746037
362,discovery,89,4,11.884495917930655,11.86927,11.877324164507721
381,discovery,89,4,11.751950239425476,11.908765,11.945406309424465
385,discovery,89,4,12.388398368982115,12.394988,12.403516106856278
391,discovery,89,4,11.686887175419702,11.672732,11.663240470564396
395,discovery,89,4,11.599112335481124,11.578866,11.546198218123001
400,discovery,89,4,12.392556361841777,12.236679,12.251278441880086
401,discovery,89,4,12.411056299528171,12.333562,12.300957537653876
406,discovery,89,4,11.918397239722838,11.919129,11.884679101006835
411,discovery,89,4,11.002116507732017,11.5132065,11.47638904236664
412,discovery,89,4,11.884495917930655,11.822421,11.861261865310622
417,discovery,89,4,11.915058360753719,11.923081,11.910276039563204
422,discovery,89,4,12.278397958261774,12.286053,12.319612978062722
425,discovery,89,4,11.842236406331555,11.882227,11.866939936183078
433,discovery,89,4,11.715874472198905,11.7308445,11.730944440739895
446,discovery,89,4,11.755879486687116,11.873695,11.847875772063457
447,discovery,89,4,12.154784614286667,12.287071,12.294976690056211
466,discovery,89,4,12.093693109638318,12.076416,12.084303704239963
479,discovery,89,4,12.601490784782536,12.623793,12.573008645768075
480,discovery,89,4,11.401681006153428,11.703492,11.728570159052143
484,discovery,89,4,12.00762780434872,11.969566,11.945607481638241
486,discovery,89,4,11.898194668458823,11.872195,11.885869592773489
493,discovery,89,4,12.059809113551397,12.019425,12.02234070432393
502,discovery,89,4,12.331387247601905,12.235478,12.25184960346096
509,discovery,89,4,11.989165855127435,11.9230995,11.953325723708783
515,discovery,89,4,11.477308649967686,11.376269,11.414318623421522
520,discovery,89,4,12.36308066783498,12.3964815,12.484615286833971
523,discovery,89,4,11.976665770490767,11.866763,11.941011807460452
526,discovery,89,4,12.07824495582233,12.097869,12.126484653756144
527,discovery,89,4,11.790564777297387,11.7986765,11.809837389257279
529,discovery,89,4,11.362114203075018,11.395309,11.441867408059199
532,discovery,89,4,11.759793355371237,11.842478,11.917217050319918
554,discovery,89,4,11.58989576532275,11.657689,11.675670187776
570,discovery,89,4,11.820123358887447,11.868021,11.864621412893593
578,discovery,89,4,12.010671928196443,11.934598,11.925215428782794
580,discovery,89,4,11.78676973513378,11.762823,11.717666089872132
592,discovery,89,4,13.02132904585825,12.95827,12.969959568577027
595,discovery,89,4,11.608244735642321,11.603911,11.62398810644881
602,discovery,89,4,11.856522261533737,11.708147,11.695763214198076
608,discovery,89,4,12.323860125621126,12.008813,12.011565553818565
609,discovery,89,4,12.791358964949923,12.746227,12.736361194582273
611,discovery,89,4,12.653961664405365,12.726144,12.731225565342076
625,discovery,89,4,12.014615485902027,11.941749,11.958234945887906
627,discovery,89,4,11.848690308590857,11.74161,11.721680154788924
628,discovery,89,4,11.938199736300925,12.006598,12.014503934624083
640,discovery,89,4,12.485830907348902,12.5373535,12.564420850966993
641,discovery,89,4,12.520887034998584,12.5106945,12.489234557110466
646,discovery,89,4,11.872353615355413,11.786883,11.767311058390684
657,discovery,89,4,11.8879382384223,11.896998,11.91244459193981
660,discovery,89,4,12.025755079404917,11.911996,11.887997076131608
672,discovery,89,4,11.548302261270587,11.721208,11.721211653506886
676,discovery,89,4,11.908346971208951,11.903204,11.896865095126406
677,discovery,89,4,11.373674891823535,11.716751,11.69075481632246
687,discovery,89,4,12.336556900342153,12.28147,12.299624676161972
695,discovery,89,4,11.860062063178267,11.693115,11.71617175280556
698,discovery,89,4,11.724004532183379,11.785144,11.775161410261083
699,discovery,89,4,11.83863282480007,11.847103,11.885386759899257
700,discovery,89,4,12.185875040240456,12.146017,12.162388276861838
716,discovery,89,4,12.013706813470414,11.859375,11.861844957156379
717,discovery,89,4,11.979805470779858,12.122611,12.120899718381906
718,discovery,89,4,11.964007453736912,11.982662,12.004068939527622
720,discovery,89,4,11.763691965388299,11.797115,11.829436564641943
723,discovery,89,4,11.732069026983156,11.664095,11.705254876070082
728,discovery,89,4,12.178192583415596,12.192149,12.177480678959412
730,discovery,89,4,11.542493975902508,11.415587,11.275268483398799
731,discovery,89,4,12.373707715234994,12.468712,12.51620530616044
735,discovery,89,4,11.58989576532275,11.617463,11.568247542487743
740,discovery,89,4,12.154784614286667,12.172179,12.157510738773865
742,discovery,89,4,11.863589378812122,11.878521,11.866206166455875
743,discovery,89,4,12.095146671399466,12.088404,12.038606875853937
745,discovery,89,4,12.100717685412471,12.269073,12.310148032146488
747,discovery,89,4,12.371591321286905,12.35854,12.344973923907814
749,discovery,89,4,12.469978029554953,12.4099455,12.444412003168173
752,discovery,89,4,11.995357787034976,11.994166,11.978087266351077
758,discovery,89,4,11.97603664577121,11.934604,11.864955562709328
759,discovery,89,4,12.097378802727306,12.039102,12.05547280292385
765,discovery,89,4,12.506180941677357,12.406966,12.386606381894373
772,discovery,89,4,11.532737896139919,11.717621,11.734672904709962
774,discovery,89,4,11.648338835562747,11.69443,11.725428099870614
776,discovery,89,4,11.995357787034976,11.971267,11.933291513292456
778,discovery,89,4,11.86710429621008,11.83921,11.839494367566274
783,discovery,89,4,12.139403856983334,12.164213,12.149544697208924
792,discovery,89,4,11.896833207128452,11.92272,11.882231271751346
793,discovery,89,4,12.505402864156405,12.325627,12.349390600507334
794,discovery,89,4,12.323860125621126,12.359113,12.411927808094704
800,discovery,89,4,12.07254696717504,11.903582,11.943835648738522
801,discovery,89,4,12.206077645517674,12.245829,12.25864196340844
806,discovery,89,4,12.335700805443338,12.239604,12.245269145506319
809,discovery,89,4,11.982622797311857,11.869632,11.866232168814003
815,discovery,89,4,11.661354090741,11.661059,11.651076937604833
818,discovery,89,4,12.509877789891931,12.620521,12.552021457740283
820,discovery,89,4,12.319405795112926,12.292532,12.312160784622934
823,discovery,89,4,12.323860125621126,12.201896,12.177579123453404
824,discovery,89,4,11.845827048676645,11.889473,11.877480362406054
831,discovery,89,4,12.019749091416921,11.972323,11.957036409876926
834,discovery,89,4,12.025755079404917,11.935111,11.934826716680625
837,discovery,89,4,11.941462360646149,11.806718,11.824977252987404
839,discovery,89,4,11.87757552297847,11.858682,11.878758385379474
840,discovery,89,4,11.779136168550774,11.760107,11.723564265451941
846,discovery,89,4,12.049424683420915,12.100913,12.084668038660825
847,discovery,89,4,12.269052139516223,12.219126,12.171842372216826
849,discovery,89,4,12.388398368982115,12.2449465,12.301585223148143
854,discovery,89,4,11.970356641102999,12.001381,12.00109659125338
856,discovery,89,4,11.751950239425476,11.901022,11.939305598400233
860,discovery,89,4,12.429220196836383,12.379739,12.427315451535458
866,discovery,89,4,11.908346971208951,11.777669,11.777027501006112
867,discovery,89,4,12.424810506025395,12.4737,12.463704900099035
870,discovery,89,4,12.371591321286905,12.31373,12.27463665558997
882,discovery,89,4,12.141539457711714,12.287143,12.344333993589522
892,discovery,89,4,12.058158312538197,12.07156,12.013647860857953
914,discovery,89,4,11.884495917930655,11.82815,11.882973594613711
916,discovery,89,4,11.225256725762893,11.342255,11.279290130008345
917,discovery,89,4,10.471978128496518,11.069276,10.932245254110253
928,discovery,89,4,12.07824495582233,12.115306,12.09568804609267
935,discovery,89,4,12.396697137361691,12.282293,12.233376587646587
938,discovery,89,4,12.441148720271016,12.346586,12.36118559214864
941,discovery,89,4,11.924379271639218,12.1345005,12.110541639963436
955,discovery,89,4,11.755879486687116,11.79306,11.790981503039122
961,discovery,89,4,11.665655135642039,11.718499,11.764061294144811
964,discovery,89,4,12.384223015005313,12.619562,12.62464387741483
965,discovery,89,4,12.277932735946903,12.274041,12.34193565748083
977,discovery,89,4,11.356283350762888,11.292434,11.408790265336588
983,discovery,89,4,11.982278882874377,12.08145,12.077093618849565
989,discovery,89,4,12.180759965737863,12.150388,12.167118786844078
992,discovery,89,4,12.031725210748633,12.150527,12.095435821037494
993,discovery,89,4,12.138869243416009,12.185147,12.209400398147478
1005,discovery,89,4,12.10625783509458,12.169906,12.163776981499648
1009,discovery,89,4,12.388398368982115,12.427651,12.37845062393695
1017,discovery,89,4,12.220966184120165,12.256187,12.241518955631776
1018,discovery,89,4,12.141539457711714,12.149354,12.190955397514912
1027,discovery,89,4,12.02874460037869,11.869325,11.86009850721783
1030,discovery,89,4,11.678448377988165,11.667657,11.681692929514536
1032,discovery,89,4,12.190964083849375,12.404226,12.309193497803005
1037,discovery,89,4,12.66191713053049,12.677104,12.683085347337546
1046,discovery,89,4,11.846543632608535,11.715385,11.678772084033941
1049,discovery,89,4,11.652696102959753,11.81837,11.769256334649848
1050,discovery,89,4,11.349241150793087,11.516962,11.580721822274127
1055,discovery,89,4,12.449022745701502,12.456535,12.41976770646005
1056,discovery,89,4,12.100717685412471,11.935712,11.880186983318712
1060,discovery,89,4,12.301387370778713,12.151141,12.196768483070828
1064,discovery,89,4,11.612779849672751,11.786196,11.75825264494221
1074,discovery,89,4,11.979805470779858,11.891048,11.891052466189992
1080,discovery,89,4,11.744045122410057,11.773408,11.772424838518914
1100,discovery,89,4,11.964007453736912,11.942342,11.87237829634103
1104,discovery,89,4,11.979805470779858,11.963431,11.97716339883256
1106,discovery,89,4,12.691583538230217,12.726141,12.716447221833771
1108,discovery,89,4,12.52352951631214,12.329022,12.318406027119195
1110,discovery,89,4,12.54254845357358,12.633237,12.61000510085186
1135,discovery,89,4,12.037659911047468,12.046965,12.054410023402875
1143,discovery,89,4,12.959540872420414,12.870348,12.829184992720494
1144,discovery,89,4,11.289794413577894,11.580031,11.506198087587784
1149,discovery,89,4,11.669082701743504,11.608336,11.598175317790158
1158,discovery,89,4,12.345838935721968,12.260669,12.258081074645375
1159,discovery,89,4,12.367889578686164,12.3731,12.397871958534017
1162,discovery,89,4,12.319405795112926,12.20319,12.253102454247012
1165,discovery,89,4,12.175618592671356,12.177826,12.231938979143061
1167,discovery,89,4,12.41044511731981,12.434621,12.39202664587706
1170,discovery,89,4,13.345508528717259,13.164728,13.348795333796946
1171,discovery,89,4,12.049424683420915,11.942801,11.92337259601669
1172,discovery,89,4,12.001511614739405,11.975471,11.976958051296165
1176,discovery,89,4,12.560247968016562,12.569705,12.549308013691977
1177,discovery,89,4,11.691080018519527,11.7974,11.78915669354335
1179,discovery,89,4,11.950541482162043,11.797333,11.85467001321781
1180,discovery,89,4,11.440365524765756,11.41953,11.378457155834232
1194,discovery,89,4,12.013706813470414,11.952694,11.914718705980444
1197,discovery,89,4,12.29779001527865,12.344024,12.333407324116266
1201,discovery,89,4,11.6617850286409,11.519291,11.516547199202904
1208,discovery,89,4,12.206077645517674,12.255312,12.28274663067242
1216,discovery,89,4,11.736077016252437,11.623461,11.607215760523617
1224,discovery,89,4,11.834291315386718,11.911978,11.8467045832347
1225,discovery,89,4,12.122696471358964,12.1899,12.178106578408608
1236,discovery,89,4,11.841423131921784,11.915247,11.96982606652375
1237,discovery,89,4,12.075400019877522,12.027829,12.033431281480434
1238,discovery,89,4,12.180759965737863,12.251345,12.250692567105
1245,discovery,89,4,12.345838935721968,12.183836,12.223064006249166
1247,discovery,89,4,12.136191879981927,12.160339,12.178249036804921
1263,discovery,89,4,11.992266613576142,11.849105,11.954970452667377
1272,discovery,89,4,12.132162346145595,12.04024,12.073800561986062
1273,discovery,89,4,11.827743504053695,11.812228,11.829287529981608
1283,discovery,89,4,11.921725007667265,11.887378,11.91999840888873
1285,discovery,89,4,12.037659911047468,12.073308,12.06950518319375
1286,discovery,89,4,11.794345471549745,11.749633,11.795549357393678
1287,discovery,89,4,11.870606902224587,11.951258,11.9619174540305
1288,discovery,89,4,12.154784614286667,12.057463,12.05143831378522
1291,discovery,89,4,12.103491596905931,12.022883,12.04474755534585
1295,discovery,89,4,11.652696102959753,11.709318,11.699335719037938
1305,discovery,89,4,11.775297421715827,11.866809,11.78550186128454
1306,discovery,89,4,12.691583538230217,12.754937,12.739635184163573
1309,discovery,89,4,11.898194668458823,11.874928,11.860861776488925
1311,discovery,89,4,12.721888795877375,12.598333,12.667004677474882
1325,discovery,89,4,11.898194668458823,12.611761,12.664576161671365
1327,discovery,89,4,11.277215789596893,11.316445,11.294093063379844
1329,discovery,89,4,12.45293662970407,12.214072,12.18820038618247
1331,discovery,89,4,12.33270970174018,12.450685,12.439911441447105
1336,discovery,89,4,12.031129798974042,12.003088,12.005557954592902
1338,discovery,89,4,10.868587496017359,11.011953,10.974302022956351
1346,discovery,89,4,11.59451466851004,11.473356,11.41917509590637
1347,discovery,89,4,12.47801017053037,12.411072,12.434788772018317
1355,discovery,89,4,12.367345048436391,12.404814,12.391917120691653
1356,discovery,89,4,12.04355959836804,12.098877,12.108278146925747
1363,discovery,89,4,11.560772327227417,11.781968,11.752939838637245
1373,discovery,89,4,12.521981322562505,12.430372,12.446494640653146
1378,discovery,89,4,11.669937760751914,11.798837,11.743747579395187
1379,discovery,89,4,11.326607934898927,11.525374,11.508320126503701
1387,discovery,89,4,12.429220196836383,12.551278,12.543904791944495
1396,discovery,89,4,12.546871224308068,12.598651,12.55153316565722
1397,discovery,89,4,11.982935344196433,11.970292,12.007849625327276
1399,discovery,89,4,11.835016210489899,11.7987175,11.742203618451
1400,discovery,89,4,11.831022768939789,12.039849,12.013540881417486
1401,discovery,89,4,11.695255355062795,11.686271,11.748274874230697
1402,discovery,89,4,12.170450649220749,12.125798,12.137528891429644
1407,discovery,89,4,11.798111925972618,11.746621,11.779241801833066
1408,discovery,89,4,11.626263078808801,11.653215,11.643199789774975
1413,discovery,89,4,11.407576060361786,11.412569,11.422638680114913
1414,discovery,89,4,12.456835254920371,12.494241,12.472129853039766
1415,discovery,89,4,12.240478903153711,12.191776,12.25378043605931
1416,discovery,89,4,12.077676615757813,12.340183,12.334054577019668
1417,discovery,89,4,11.715874472198905,11.746879,11.759273142963139
1421,discovery,89,4,12.100161978566867,12.044682,12.077942392055679
1425,discovery,89,4,11.87757552297847,11.847959,11.828029146182967
1427,discovery,89,4,12.509877789891931,12.393522,12.421570824124926
1432,discovery,89,4,11.87583791515714,11.822469,11.816129888522402
1437,discovery,89,4,11.699413330633599,11.643333,11.667664134863646
1453,discovery,89,4,11.884495917930655,11.803817,11.762744036327396
1454,discovery,89,4,11.344518647594766,11.7730255,11.773734022114382
1455,discovery,89,4,12.128116509451258,12.111687,12.126286071274617
1457,discovery,89,4,12.25486757159303,12.132433,12.159867202139193
11,discovery,89,5,11.771443882099637,11.748968,11.73145809951914
18,discovery,89,5,11.407576060361786,11.613897,11.660718809045076
22,discovery,89,5,11.845109950883979,11.697543,11.648539864960764
32,discovery,89,5,11.914054519303125,11.836995,11.836523722914798
36,discovery,89,5,12.6410997921206,12.636957,12.645233934783155
41,discovery,89,5,11.982935344196433,11.891101,11.805409175277074
47,discovery,89,5,12.387089184491993,12.582718,12.50710599515623
48,discovery,89,5,12.428019481065613,12.396654,12.382888026723874
55,discovery,89,5,11.775297421715827,11.691849,11.685100843132481
60,discovery,89,5,11.735276702486741,11.708945,11.733264037569619
68,discovery,89,5,12.328294703023396,12.26783,12.256912493516815
69,discovery,89,5,11.289794413577894,11.186752,11.152890072383212
78,discovery,89,5,11.751950239425476,11.675066,11.66624102912186
82,discovery,89,5,11.941462360646149,12.07848,12.054099998731179
83,discovery,89,5,12.409017571151187,12.372214,12.361722350738923
88,discovery,89,5,12.010671928196443,11.964654,11.986336014474812
94,discovery,89,5,11.804855999911272,12.177391,12.141820307679327
95,discovery,89,5,12.229549885708273,12.183273,12.189657386467003
100,discovery,89,5,11.767187766223199,11.708926,11.719577155515115
101,discovery,89,5,12.230770136157428,12.302517,12.33053255948625
104,discovery,89,5,12.200562492481511,12.137564,12.128987190332674
105,discovery,89,5,12.040614105490253,11.943821,11.83718653202682
106,discovery,89,5,12.429220196836383,12.476778,12.466286063812653
107,discovery,89,5,11.51293546492023,11.34142,11.314043220636282
111,discovery,89,5,11.827013315851762,11.887443,11.848164225025712
116,discovery,89,5,12.07824495582233,11.986894,12.018940957661721
117,discovery,89,5,11.842236406331555,11.792964,11.777668772402222
118,discovery,89,5,11.951186847493476,11.890081,11.906956231783647
120,discovery,89,5,12.0075668272517,12.089031,12.0692642856392
124,discovery,89,5,11.944064817531656,11.967706,11.946309820140467
128,discovery,89,5,11.373674891823535,11.359709,11.341513860265646
133,discovery,89,5,11.923384748066601,11.940965,11.951255410009585
134,discovery,89,5,12.301387370778713,12.292479,12.274244613542965
135,discovery,89,5,12.100717685412471,12.074698,12.086166404291784
138,discovery,89,5,12.049424683420915,12.363087,12.312831184295792
145,discovery,89,5,11.736077016252437,11.82478,11.835770629001406
149,discovery,89,5,11.856522261533737,11.918771,11.889061021380204
152,discovery,89,5,12.827731880206521,12.666371,12.709567964004648
156,discovery,89,5,11.277215789596893,11.244409,11.224957224463298
161,discovery,89,5,11.998439434579149,11.987587,12.000975258111549
164,discovery,89,5,11.544433821905134,11.460644,11.424440634966766
165,discovery,89,5,11.931642378754141,11.928182,11.901437084022673
172,discovery,89,5,12.278397958261774,12.1637125,12.137274561479822
182,discovery,89,5,12.206577518060588,12.098017,12.13931542071313
183,discovery,89,5,11.695255355062795,11.661273,11.642412980556074
192,discovery,89,5,12.122696471358964,12.0913105,12.04759097874871
204,discovery,89,5,11.91170829631447,11.874384,11.884042133150508
206,discovery,89,5,12.103491596905931,12.11198,12.105862858241201
215,discovery,89,5,11.993813394724253,11.897872,11.932461731862201
221,discovery,89,5,12.230282214644559,12.289612,12.295049388428437
224,discovery,89,5,11.48247656671073,11.685402,11.751290235869272
226,discovery,89,5,11.626263078808801,11.477408,11.462847987707773
228,discovery,89,5,11.571203807011969,11.46222,11.47910237055429
229,discovery,89,5,11.736077016252437,11.705851,11.687407326995245
234,discovery,89,5,11.761354623750297,11.759681,11.774240081536853
241,discovery,89,5,12.47801017053037,12.496914,12.48548869399872
242,discovery,89,5,11.612779849672751,11.453515,11.447251264936293
243,discovery,89,5,11.277215789596893,11.490997,11.430384740365337
246,discovery,89,5,12.394628892852941,12.398756,12.35194508419393
247,discovery,89,5,11.827743504053695,11.841608,11.842282513095792
249,discovery,89,5,12.100717685412471,12.155202,12.144284510423553
252,discovery,89,5,12.367345048436391,12.599651,12.590425866650783
259,discovery,89,5,12.352339472153524,12.288581,12.280937628689088
282,discovery,89,5,12.128116509451258,12.1351595,12.166566080524868
287,discovery,89,5,11.976665770490767,12.117951,12.130250863728104
290,discovery,89,5,11.941950837487406,11.797998,11.839830595729023
294,discovery,89,5,12.367345048436391,12.409841,12.388894444076978
297,discovery,89,5,11.931642378754141,11.799532,11.784460513181314
309,discovery,89,5,11.320565693461432,11.573766,11.58915524242023
313,discovery,89,5,11.694421681264394,11.789673,11.786691419551724
314,discovery,89,5,12.834683971615659,12.47005,12.46063468917213
317,discovery,89,5,12.468440756144114,12.387271,12.356600245336491
320,discovery,89,5,12.141539457711714,12.196369,12.139833685746414
322,discovery,89,5,12.777055016970678,12.723268,12.716330827706551
324,discovery,89,5,11.745433036677353,11.700898,11.75371406640314
326,discovery,89,5,11.373674891823535,11.4152155,11.417182691752753
330,discovery,89,5,11.264476926102367,11.353784,11.344201135384619
337,discovery,89,5,12.841132451487937,12.793607,12.875100091553541
338,discovery,89,5,12.273735966890268,12.315341,12.307697730007447
348,discovery,89,5,11.967187086434018,12.106355,12.083064838368731
350,discovery,89,5,12.988043102265232,12.96839,13.012233265023108
351,discovery,89,5,12.670001611311875,12.608865,12.637494090746795
352,discovery,89,5,12.154784614286667,12.215159,12.209896786648164
354,discovery,89,5,11.570259974415547,11.51678,11.504581757864345
356,discovery,89,5,12.086731521684555,12.089741,12.096124824211143
375,discovery,89,5,12.299112067295642,12.2502165,12.239299082567108
382,discovery,89,5,12.142871895843887,12.264379,12.317666756026457
384,discovery,89,5,11.23850177707664,11.275285,11.18838061075883
394,discovery,89,5,11.51293546492023,11.293847,11.314756961566811
397,discovery,89,5,11.719947764402807,11.75261,11.75327898216145
398,discovery,89,5,12.040614105490253,11.911295,11.904547025383458
408,discovery,89,5,12.083910661257521,12.032973,12.085456211369712
409,discovery,89,5,12.54254845357358,12.559601,12.575962874636927
414,discovery,89,5,11.652696102959753,11.59459,11.569909967383671
418,discovery,89,5,12.384223015005313,12.456242,12.496624213489344
424,discovery,89,5,12.660331092405906,12.690568,12.68519727609757
426,discovery,89,5,11.813037464800539,11.815667,11.76634687933773
428,discovery,89,5,11.599185726610004,11.694804,11.723427018536718
434,discovery,89,5,12.10625783509458,12.097966,12.10593701384901
440,discovery,89,5,11.608244735642321,11.723131,11.801515135682825
441,discovery,89,5,13.22672519452875,12.968938,13.090047177023429
449,discovery,89,5,11.691080018519527,11.713986,11.733564023541332
451,discovery,89,5,11.608244735642321,11.620577,11.621251324130949
454,discovery,89,5,12.25486757159303,12.290806,12.28252866571185
456,discovery,89,5,12.075400019877522,12.011102,11.96611590892363
477,discovery,89,5,12.249615734512616,12.24739,12.257048000154903
488,discovery,89,5,12.07254696717504,12.0453615,12.067162113734284
497,discovery,89,5,12.971542813248437,12.738638,12.729993094294436
499,discovery,89,5,11.775297421715827,11.777116,11.78768541591564
511,discovery,89,5,12.013100572810686,11.996904,12.021510216087973
516,discovery,89,5,12.90634935052389,12.961204,12.927003896962676
522,discovery,89,5,11.918397239722838,11.90158,11.889839653403858
535,discovery,89,5,12.08954444723597,12.167357,12.137058533393601
543,discovery,89,5,12.270225154674701,12.332584,12.276048895707351
552,discovery,89,5,11.630717389475995,11.672836,11.64908933335239
553,discovery,89,5,12.450981602512561,12.480182,12.4787339178664
557,discovery,89,5,11.856522261533737,11.892978,11.901443296522562
558,discovery,89,5,11.58989576532275,11.526235,11.466639031244839
559,discovery,89,5,12.07254696717504,12.231989,12.223656511224817
560,discovery,89,5,12.36308066783498,12.172179,12.161061930709572
561,discovery,89,5,11.707677772181546,12.050983,12.049578777722447
563,discovery,89,5,11.58989576532275,11.720803,11.705217374456376
566,discovery,89,5,11.759793355371237,11.791464,11.69776385904159
572,discovery,89,5,11.695255355062795,11.732574,11.663921377652224
574,discovery,89,5,12.04355959836804,12.022157,12.01055018403594
594,discovery,89,5,11.849404844423074,11.859291,11.871164099063376
596,discovery,89,5,12.672949516558306,12.612977,12.739918510764637
599,discovery,89,5,12.289958727201455,12.143915,12.22113925457927
613,discovery,89,5,12.474193386571581,12.461261,12.422205246196539
616,discovery,89,5,11.83138646878959,11.857207,11.78450778603219
626,discovery,89,5,11.982935344196433,11.890175,11.880775548645012
638,discovery,89,5,11.440365524765756,11.632334,11.56199663903696
643,discovery,89,5,12.75130259456002,12.788844,12.768606066184457
651,discovery,89,5,12.235393555399902,12.242178,12.287458029203805
655,discovery,89,5,12.765691290604371,12.882492,12.894159994219791
664,discovery,89,5,11.83138646878959,11.829953,11.843127865740762
665,discovery,89,5,12.955129822091815,12.740685,12.715912240760682
669,discovery,89,5,12.031725210748633,12.046349,12.057816527887976
670,discovery,89,5,11.83138646878959,11.655633,11.723584978956673
674,discovery,89,5,12.458778882573533,12.498015,12.547224189905933
686,discovery,89,5,12.242891437918386,12.257415,12.299640150082173
703,discovery,89,5,12.799178471909892,12.725326,12.852267067283192
712,discovery,89,5,11.54031687156214,11.361957,11.253239756695145
714,discovery,89,5,11.767575435251748,11.578951,11.626082409363223
725,discovery,89,5,12.676079399771027,12.599087,12.559174466945585
726,discovery,89,5,11.699413330633599,11.680515,11.711352931898316
729,discovery,89,5,11.608244735642321,11.8213,11.80590670958233
737,discovery,89,5,11.44572741040675,11.37977,11.357188811544475
744,discovery,89,5,12.07254696717504,11.988718,11.99046144657913
757,discovery,89,5,12.264346270624157,12.281195,12.242139137492925
769,discovery,89,5,12.28690580994122,12.280371,12.284666804511875
770,discovery,89,5,13.195615697878253,13.040754,13.05482753881318
780,discovery,89,5,11.813037464800539,11.883685,11.859305343884987
781,discovery,89,5,12.07824495582233,12.074526,12.062919301772757
785,discovery,89,5,11.759793355371237,11.841063,11.808765936931191
790,discovery,89,5,12.141539457711714,12.281244,12.35634468760778
795,discovery,89,5,12.178192583415596,12.185937,12.177604532159876
798,discovery,89,5,11.608244735642321,11.517392,11.477525295296648
802,discovery,89,5,11.60733523953139,11.692491,11.616438663727076
805,discovery,89,5,11.678448377988165,11.676008,11.622721974798148
808,discovery,89,5,12.317171167298682,12.164024,12.174452826499232
810,discovery,89,5,11.571203807011969,11.757424,11.718853576870574
813,discovery,89,5,10.932999821119937,11.31217,11.26999057983001
816,discovery,89,5,12.323415584358154,12.200204,12.191627380457186
825,discovery,89,5,12.357079818283598,12.376576,12.351803201454041
828,discovery,89,5,12.149507585033072,12.143427,12.11593194206602
830,discovery,89,5,11.900912042974875,11.956548,11.996728538112867
844,discovery,89,5,11.856522261533737,11.813934,11.77542007564799
848,discovery,89,5,11.80186424743109,11.765068,11.782775452725078
850,discovery,89,5,12.138869243416009,12.066832,12.085771916372464
851,discovery,89,5,11.78676973513378,11.832669,11.839053329154991
863,discovery,89,5,11.931642378754141,11.896239,11.87391012488708
868,discovery,89,5,11.767575435251748,11.74571,11.777318364627163
869,discovery,89,5,12.037659911047468,12.00178,12.084475628565043
877,discovery,89,5,11.792456911128632,11.766516,11.797188014132564
878,discovery,89,5,12.765691290604371,12.782485,12.786702230145146
883,discovery,89,5,12.08954444723597,12.067112,12.07729760433463
885,discovery,89,5,11.51293546492023,11.694828,11.693569073062838
891,discovery,89,5,11.719134432217524,11.669884,11.689000619580469
894,discovery,89,5,12.013706813470414,11.922254,11.904743583833104
895,discovery,89,5,11.685693195625964,11.738317,11.744681501362223
899,discovery,89,5,13.323928581764989,13.095275,13.126245118129063
900,discovery,89,5,11.813037464800539,11.789912,11.810206360261594
901,discovery,89,5,11.608244735642321,11.619635,11.64498331952167
907,discovery,89,5,12.449022745701502,12.523037,12.509270854482663
915,discovery,89,5,12.065280672855897,11.964202,11.985883972848836
921,discovery,89,5,12.211065162153215,12.1640215,12.139351449799737
924,discovery,89,5,12.170450649220749,12.207794,12.186398282970057
927,discovery,89,5,12.560247968016562,12.556253,12.549316705697274
934,discovery,89,5,12.154784614286667,12.184709,12.179280145139066
940,discovery,89,5,12.406565597924235,12.407054,12.501805708293942
949,discovery,89,5,12.167856627501678,12.243365,12.247661380012364
951,discovery,89,5,11.767575435251748,11.842842,11.874164529711749
956,discovery,89,5,11.884495917930655,12.049239,12.0896217644537
959,discovery,89,5,12.128116509451258,12.212904,12.201986574937713
960,discovery,89,5,11.951186847493476,12.038428,12.065736500227612
969,discovery,89,5,10.542732775946709,11.011876,10.99699920665813
974,discovery,89,5,12.111767460549332,12.251239,12.292587673282283
978,discovery,89,5,12.20557752297723,12.229557,12.267631751977195
980,discovery,89,5,11.842236406331555,11.81301,11.814753629501494
981,discovery,89,5,12.091789104493502,12.062223,12.021778047819911
982,discovery,89,5,12.724869415131389,12.684633,12.681477376470886
987,discovery,89,5,11.669937760751914,11.657927,11.658601025058683
988,discovery,89,5,12.887129532148373,12.897515,12.928485489833164
991,discovery,89,5,12.759960632315702,12.61636,12.622928374527778
994,discovery,89,5,12.066241450757124,12.089839,12.070072047785196
995,discovery,89,5,12.729323752253295,12.814929,12.936038311666984
999,discovery,89,5,11.418625774449598,11.249881,11.241965462608213
1000,discovery,89,5,12.235636302128867,12.126746,12.118169662561678
1001,discovery,89,5,11.314486721293981,11.168597,11.137119281380397
1004,discovery,89,5,11.827049837927534,11.889503,11.91130312020401
1008,discovery,89,5,11.385103457032141,11.405657,11.33938680563556
1013,discovery,89,5,12.013706813470414,12.018279,12.067487861780933
1014,discovery,89,5,11.350418300109132,11.582104,11.511766612791844
1016,discovery,89,5,12.33270970174018,12.3126955,12.280168516180755
1019,discovery,89,5,11.982935344196433,12.000884,11.989277524734183
1043,discovery,89,5,12.185875040240456,12.140643,12.14631047527947
1044,discovery,89,5,12.47717172708952,12.420631,12.390921639971513
1053,discovery,89,5,12.013706813470414,11.991928,11.980187897117236
1054,discovery,89,5,11.881041706925902,11.91311,11.896590643680529
1067,discovery,89,5,12.08954444723597,12.0455475,12.08159792399551
1071,discovery,89,5,11.813037464800539,11.781154,11.774405767143712
1072,discovery,89,5,11.944714374881176,11.965831,11.988168309787673
1078,discovery,89,5,11.840796531639839,11.841983,11.814055336292773
1085,discovery,89,5,12.141539457711714,12.120216,12.140126547337811
1087,discovery,89,5,11.332613886815139,11.477869,11.440217298672547
1107,discovery,89,5,12.100161978566867,12.1365385,12.103554601112714
1113,discovery,89,5,11.774527900858468,11.721237,11.755567567904633
1114,discovery,89,5,11.80932691294063,11.796213,11.815330041577539
1126,discovery,89,5,11.652696102959753,11.598662,11.612461396027072
1127,discovery,89,5,12.066816325306588,12.154587,12.13374495822641
1130,discovery,89,5,11.849404844423074,11.773316,11.729256654313264
1131,discovery,89,5,11.813037464800539,11.848375,11.797832805466943
1132,discovery,89,5,11.44572741040675,11.560099,11.5811979311224
1141,discovery,89,5,11.842236406331555,11.756702,11.764959567419696
1157,discovery,89,5,12.100161978566867,12.080021,12.114617467923575
1160,discovery,89,5,12.128116509451258,12.084443,12.10456578357207
1173,discovery,89,5,12.05467400868968,11.96489,11.993130969345744
1174,discovery,89,5,12.208574513247495,12.304034,12.344744663709818
1186,discovery,89,5,11.560772327227417,11.704753,11.709932574059032
1202,discovery,89,5,12.19552218463499,12.23276,12.22733197924551
1204,discovery,89,5,12.269052139516223,12.252086,12.246657235593167
1210,discovery,89,5,12.577639650232573,12.577721,12.552947419898866
1211,discovery,89,5,12.149507585033072,12.139233,12.116903479684444
1213,discovery,89,5,11.635151947212842,11.330327,11.362755144685517
1227,discovery,89,5,12.273735966890268,12.264648,12.299969877013684
1234,discovery,89,5,11.863589378812122,11.823861,11.80532021382135
1243,discovery,89,5,12.04355959836804,12.043859,11.906494843819807
1248,discovery,89,5,12.042971193457888,11.829285,11.792032292510962
1249,discovery,89,5,11.771443882099637,11.884214,11.83487916943153
1251,discovery,89,5,12.404927602627597,12.408684,12.329509199707168
1254,discovery,89,5,12.591338447675579,12.573032,12.586339635131802
1256,discovery,89,5,11.755879486687116,11.8290825,11.862088476062924
1262,discovery,89,5,11.766799946849087,11.743372,11.759151626084961
1265,discovery,89,5,12.10625783509458,12.029256,11.923127004884144
1266,discovery,89,5,12.12215284831553,12.048154,12.088334678249586
1270,discovery,89,5,11.87757552297847,11.800227,11.793479253471837
1277,discovery,89,5,11.995357787034976,12.00691,12.029247830966872
1282,discovery,89,5,12.100717685412471,12.201984,12.202293778964862
1294,discovery,89,5,12.000897933306716,12.088665,12.041854065517173
1296,discovery,89,5,11.83863282480007,11.790211,11.79867630586094
1297,discovery,89,5,11.951186847493476,11.896969,11.910533688492407
1302,discovery,89,5,12.086731521684555,11.984069,12.03876660806871
1303,discovery,89,5,12.577639650232573,12.609953,12.61652159047016
1312,discovery,89,5,12.220966184120165,12.233554,12.22377796470144
1319,discovery,89,5,12.524530013005734,12.4816475,12.45231648442677
1321,discovery,89,5,11.960817678718287,11.9361725,11.845159544727059
1322,discovery,89,5,11.19135563385109,11.267347,11.225821910282953
1324,discovery,89,5,11.320565693461432,11.25521,11.318481711130783
1333,discovery,89,5,11.51293546492023,11.63773,11.670157755464325
1334,discovery,89,5,11.74006900564972,11.825212,11.842392218201917
1342,discovery,89,5,11.951186847493476,12.002979,11.981583372081385
1343,discovery,89,5,12.339295865674435,12.44441,12.399865823334054
1344,discovery,89,5,12.083910661257521,11.985964,12.031835378600366
1345,discovery,89,5,11.95655945119582,12.121281,12.111504748453882
1350,discovery,89,5,11.711784520403112,11.977375,11.898973148155456
1353,discovery,89,5,11.812296455066814,11.712048,11.771299833540475
1366,discovery,89,5,12.283038316285214,12.231037,12.2583453335406
1374,discovery,89,5,13.05301544288996,12.867177,13.105066803581357
1376,discovery,89,5,12.384223015005313,12.447059,12.444210747926197
1383,discovery,89,5,11.964007453736912,11.939604,11.88780253873551
1395,discovery,89,5,12.415437707935368,12.357481,12.358740893539304
1405,discovery,89,5,11.561725152903833,11.399853,11.338300774266887
1412,discovery,89,5,11.849404844423074,11.915774,11.93055480973804
1418,discovery,89,5,12.73670383776449,12.676095,12.6729391303161
1420,discovery,89,5,12.314931534737134,12.338543,12.377100414821658
1435,discovery,89,5,11.982935344196433,11.996496,11.996159436490094
1439,discovery,89,5,11.916395250412128,11.895445,11.871041192154452
1440,discovery,89,5,12.190964083849375,12.074376,12.029390292468552
1442,discovery,89,5,11.913719681428494,11.88247,11.892128337679317
1443,discovery,89,5,12.644330802262578,12.799602,12.90429346383295
1445,discovery,89,5,12.098493002763465,12.177275,12.166357302476776
2,confirmation,2024,1,12.109016442313738,12.067088,12.106149331769798
3,confirmation,2024,1,12.317171167298682,12.286741,12.282888671363347
5,confirmation,2024,1,12.429220196836383,12.656293,12.675233585347682
21,confirmation,2024,1,12.692506186542177,12.712466,12.78011558336628
22,confirmation,2024,1,11.845109950883979,11.67387,11.617089888683033
28,confirmation,2024,1,12.631343648903034,12.600615,12.584577420471714
29,confirmation,2024,1,12.242891437918386,12.187161,12.206115202987311
37,confirmation,2024,1,11.884495917930655,11.909496,11.91267805168503
42,confirmation,2024,1,12.04355959836804,11.967131,12.038181260988248
44,confirmation,2024,1,11.777218637129327,11.763835,11.782686711573776
45,confirmation,2024,1,11.856522261533737,11.842149,11.86110253819239
46,confirmation,2024,1,12.675766851909591,12.62362,12.582455026649647
48,confirmation,2024,1,12.428019481065613,12.402609,12.384172065945242
54,confirmation,2024,1,12.861001210669146,12.700704,12.704329255979584
64,confirmation,2024,1,11.849404844423074,11.755255,11.683871326600405
66,confirmation,2024,1,12.666660207428574,12.588283,12.576078927073604
70,confirmation,2024,1,12.323860125621126,12.3262615,12.315523916597812
78,confirmation,2024,1,11.751950239425476,11.664372,11.641997467966135
82,confirmation,2024,1,11.941462360646149,12.103018,12.100072456980106
86,confirmation,2024,1,12.468440756144114,12.46013,12.494538389325848
89,confirmation,2024,1,11.350418300109132,10.83583,10.789064154888402
91,confirmation,2024,1,11.60733523953139,11.51107,11.542153651010645
94,confirmation,2024,1,11.804855999911272,12.110199,12.093523365074919
107,confirmation,2024,1,11.51293546492023,11.426788,11.43718152965996
111,confirmation,2024,1,11.827013315851762,11.918685,11.871966906870618
117,confirmation,2024,1,11.842236406331555,11.765863,11.754714791086426
127,confirmation,2024,1,11.759793355371237,11.893928,11.893481645763504
134,confirmation,2024,1,12.301387370778713,12.237539,12.194549001410946
135,confirmation,2024,1,12.100717685412471,12.092193,12.112182017770724
139,confirmation,2024,1,12.345838935721968,12.428507,12.394717000273642
140,confirmation,2024,1,12.352339472153524,12.21616,12.22073882533502
141,confirmation,2024,1,11.652696102959753,11.650222,11.649873674356638
142,confirmation,2024,1,12.468440756144114,12.443226,12.454841256713586
143,confirmation,2024,1,12.019749091416921,11.804773,11.751152390909514
146,confirmation,2024,1,11.775297421715827,11.79539,11.786493682541119
152,confirmation,2024,1,12.827731880206521,12.642805,12.694986461455985
153,confirmation,2024,1,12.154784614286667,12.133934,12.162060715568407
154,confirmation,2024,1,12.367345048436391,12.134215,12.164138795994702
155,confirmation,2024,1,11.736077016252437,11.685585,11.650615049816547
160,confirmation,2024,1,12.676079399771027,12.660013,12.686012703368204
162,confirmation,2024,1,12.929993908996359,12.936838,12.900623433480401
168,confirmation,2024,1,12.693501691489768,12.748334,12.799398472054758
172,confirmation,2024,1,12.278397958261774,12.101185,12.090166964996184
175,confirmation,2024,1,12.122696471358964,12.126449,12.127416280522343
183,confirmation,2024,1,11.695255355062795,11.60592,11.574651951158291
185,confirmation,2024,1,11.751950239425476,11.640578,11.666494527974303
195,confirmation,2024,1,11.751950239425476,11.692346,11.730883688654913
196,confirmation,2024,1,11.908346971208951,11.920474,11.934144570198317
202,confirmation,2024,1,12.052344376474922,12.042858,12.038779611901093
205,confirmation,2024,1,11.608244735642321,11.608698,11.601146002564859
209,confirmation,2024,1,12.531776395271262,12.395333,12.373074920535323
210,confirmation,2024,1,11.884495917930655,11.929901,11.957854663947368
213,confirmation,2024,1,12.439875187430008,12.389319,12.413917960823404
214,confirmation,2024,1,11.957617696467539,11.905255,11.925240237805133
217,confirmation,2024,1,12.25486757159303,12.22069,12.21683718820905
220,confirmation,2024,1,12.027191164883384,12.076324,12.09278921646626
225,confirmation,2024,1,12.864242696187505,12.729901,12.809406547138689
226,confirmation,2024,1,11.626263078808801,11.48789,11.476044223678144
227,confirmation,2024,1,12.577639650232573,12.504531,12.494731979433169
231,confirmation,2024,1,11.904974309480181,11.859566,11.862882674505691
236,confirmation,2024,1,11.402005077384885,11.379167,11.294294968745072
244,confirmation,2024,1,11.695255355062795,11.839529,11.842366451776583
249,confirmation,2024,1,12.100717685412471,12.174957,12.169987869156945
257,confirmation,2024,1,12.242891437918386,12.192161,12.220597152601995
269,confirmation,2024,1,11.699413330633599,11.69603,11.651123918464293
272,confirmation,2024,1,12.394628892852941,12.207507,12.253144285024831
273,confirmation,2024,1,12.577639650232573,12.589021,12.637032239802394
274,confirmation,2024,1,11.842236406331555,11.980955,11.987887159277516
275,confirmation,2024,1,11.732069026983156,11.752145,11.761591129957486
279,confirmation,2024,1,12.936754021718041,12.807246,12.857351804988335
296,confirmation,2024,1,11.86710429621008,11.936841,11.948230480637562
298,confirmation,2024,1,12.384223015005313,12.317594,12.34931017719683
302,confirmation,2024,1,12.495007682693725,12.561412,12.526505185799174
306,confirmation,2024,1,12.631016799175821,12.559727,12.524820043282084
312,confirmation,2024,1,11.790564777297387,11.838162,11.845094457556325
314,confirmation,2024,1,12.834683971615659,12.378119,12.349956534917544
321,confirmation,2024,1,12.74444728628135,12.770311,12.8370017547398
346,confirmation,2024,1,11.850832386224807,11.777428,11.828094960453269
353,confirmation,2024,1,11.461642696843066,11.397207,11.39316293560618
362,confirmation,2024,1,11.884495917930655,11.876931,11.854556214304026
372,confirmation,2024,1,11.808821212646512,11.523174,11.564762845857777
375,confirmation,2024,1,12.299112067295642,12.258708,12.253738593949425
396,confirmation,2024,1,11.767575435251748,11.754356,11.719255028296635
404,confirmation,2024,1,12.460718739865236,12.42458,12.433337319478538
405,confirmation,2024,1,12.031725210748633,12.07148,12.07992734369539
407,confirmation,2024,1,11.652696102959753,11.635613,11.609254287544235
417,confirmation,2024,1,11.915058360753719,11.945376,11.957256477616989
420,confirmation,2024,1,11.863589378812122,11.813125,11.811660142507979
422,confirmation,2024,1,12.278397958261774,12.26499,12.310334502476936
424,confirmation,2024,1,12.660331092405906,12.66064,12.679580432881862
425,confirmation,2024,1,11.842236406331555,11.900677,11.894609137390903
431,confirmation,2024,1,11.355113089309977,11.485487,11.44500124560386
443,confirmation,2024,1,12.000897933306716,11.891578,11.903223875259904
446,confirmation,2024,1,11.755879486687116,11.923336,11.894058737867274
452,confirmation,2024,1,12.54254845357358,12.231784,12.25886786908716
459,confirmation,2024,1,11.989165855127435,11.945208,11.8553061615833
461,confirmation,2024,1,12.481565733211923,12.357429,12.335275169872261
469,confirmation,2024,1,12.429220196836383,12.454324,12.442120110545284
473,confirmation,2024,1,11.904974309480181,11.807043,11.782678647544884
474,confirmation,2024,1,12.994532278619134,12.701317,12.752381374581613
475,confirmation,2024,1,12.433212202169729,12.416346,12.452193402784296
484,confirmation,2024,1,12.00762780434872,12.027346,12.024400307321903
486,confirmation,2024,1,11.898194668458823,11.850432,11.872269288687113
492,confirmation,2024,1,11.798111925972618,11.95138,11.994801298369872
507,confirmation,2024,1,12.278397958261774,12.345029,12.353107651274774
513,confirmation,2024,1,11.774527900858468,11.739336,11.743954951546652
514,confirmation,2024,1,11.80560254159177,11.949674,11.930143500270635
517,confirmation,2024,1,11.970356641102999,12.003991,11.995793584024666
521,confirmation,2024,1,11.573559498507079,11.370562,11.38207162019644
527,confirmation,2024,1,11.790564777297387,11.805278,11.82733309060751
531,confirmation,2024,1,12.07254696717504,12.126038,12.106313100349023
536,confirmation,2024,1,11.58525542883217,11.816328,11.805863293983428
549,confirmation,2024,1,11.736077016252437,11.699698,11.693481753847419
557,confirmation,2024,1,11.856522261533737,11.89929,11.903909022591574
562,confirmation,2024,1,12.04355959836804,12.002324,11.994334092276022
573,confirmation,2024,1,12.32163544049751,12.229834,12.222886309336499
576,confirmation,2024,1,11.682676678340282,11.694193,11.69560076971183
585,confirmation,2024,1,11.798111925972618,11.7419,11.80158629772186
594,confirmation,2024,1,11.849404844423074,11.8733,11.877878603472228
602,confirmation,2024,1,11.856522261533737,11.775311,11.729577870703269
604,confirmation,2024,1,11.92504173829169,11.961621,11.989504417970428
616,confirmation,2024,1,11.83138646878959,11.892778,11.840319867132473
638,confirmation,2024,1,11.440365524765756,11.644605,11.565210057454593
645,confirmation,2024,1,12.823631142839984,12.779606,12.839366965329063
654,confirmation,2024,1,11.813037464800539,11.851282,11.82635165249325
665,confirmation,2024,1,12.955129822091815,12.799516,12.794165519139337
666,confirmation,2024,1,12.348010479804223,12.456989,12.419610489309285
673,confirmation,2024,1,12.013706813470414,12.052534,12.089691677261511
677,confirmation,2024,1,11.373674891823535,11.633606,11.603810527827804
679,confirmation,2024,1,12.827995001361906,12.612935,12.676524917980808
685,confirmation,2024,1,12.30592250537653,12.261528,12.291129607705944
686,confirmation,2024,1,12.242891437918386,12.24184,12.295016375844465
687,confirmation,2024,1,12.336556900342153,12.285415,12.32456642977284
689,confirmation,2024,1,12.879019669789754,12.284208,12.362351342557684
712,confirmation,2024,1,11.54031687156214,11.179743,11.073199124154213
713,confirmation,2024,1,12.149507585033072,12.14827,12.185234280674292
727,confirmation,2024,1,12.310437165348775,12.347644,12.420215594183707
732,confirmation,2024,1,12.141539457711714,12.145929,12.11798477623003
737,confirmation,2024,1,11.44572741040675,11.354774,11.419164097889729
743,confirmation,2024,1,12.095146671399466,12.095422,12.073163421511886
745,confirmation,2024,1,12.100717685412471,12.240734,12.277698727695777
749,confirmation,2024,1,12.469978029554953,12.442427,12.47202827408778
750,confirmation,2024,1,11.49273296168228,11.155266,11.098543990299534
753,confirmation,2024,1,12.28765724080691,12.240432,12.26181396616704
760,confirmation,2024,1,12.577639650232573,12.664801,12.682624493041182
761,confirmation,2024,1,11.755879486687116,11.718298,11.725229993750172
763,confirmation,2024,1,12.279327754099118,12.181719,12.230984793550894
767,confirmation,2024,1,12.188422799337028,12.159652,12.13085157839811
768,confirmation,2024,1,11.982935344196433,12.059385,12.074993098991996
771,confirmation,2024,1,11.812296455066814,11.800099,11.788950745371094
779,confirmation,2024,1,11.87757552297847,11.807467,11.832133449863486
781,confirmation,2024,1,12.07824495582233,12.071635,12.061991264437811
795,confirmation,2024,1,12.178192583415596,12.207519,12.1989914166198
801,confirmation,2024,1,12.206077645517674,12.192251,12.188153515715094
807,confirmation,2024,1,11.816734299348461,11.767112,11.771730716011984
822,confirmation,2024,1,11.440365524765756,11.366321,11.304652699377344
828,confirmation,2024,1,12.149507585033072,12.146831,12.12435381575848
829,confirmation,2024,1,12.128116509451258,11.928791,11.891865223146072
830,confirmation,2024,1,11.900912042974875,11.973347,12.021648115229544
844,confirmation,2024,1,11.856522261533737,11.765562,11.715774586903494
845,confirmation,2024,1,11.944064817531656,11.845176,11.837761170698885
848,confirmation,2024,1,11.80186424743109,11.755691,11.773207138574907
853,confirmation,2024,1,12.00762780434872,12.085691,12.105839297124408
857,confirmation,2024,1,11.898194668458823,11.928555,11.94880355364418
869,confirmation,2024,1,12.037659911047468,11.997412,12.084984656514528
871,confirmation,2024,1,11.603688960617083,11.4302635,11.418079281234654
884,confirmation,2024,1,11.682676678340282,11.65821,11.716242939998102
887,confirmation,2024,1,11.884495917930655,12.020723,11.975893550807866
892,confirmation,2024,1,12.058158312538197,12.044531,12.00558664335839
895,confirmation,2024,1,11.685693195625964,11.700227,11.701961370597916
896,confirmation,2024,1,11.849404844423074,12.019659,12.01359145245438
897,confirmation,2024,1,11.575909653758895,11.355233,11.249421463839028
900,confirmation,2024,1,11.813037464800539,11.812092,11.851767506509576
903,confirmation,2024,1,12.100717685412471,12.105827,12.112768152055486
911,confirmation,2024,1,11.946660519211651,11.901606,11.885806272292905
918,confirmation,2024,1,11.813037464800539,11.759215,11.787049145139951
924,confirmation,2024,1,12.170450649220749,12.195595,12.185432576618485
943,confirmation,2024,1,11.918397239722838,11.814504,11.795230808824359
946,confirmation,2024,1,11.735276702486741,11.941928,11.914689709992999
947,confirmation,2024,1,11.870606902224587,11.911718,11.930672125899909
950,confirmation,2024,1,12.193498926601634,12.103216,12.144945725102572
951,confirmation,2024,1,11.767575435251748,11.847938,11.868794972058586
953,confirmation,2024,1,11.804855999911272,11.771666,11.807670570166202
960,confirmation,2024,1,11.951186847493476,12.065996,12.09387930352951
964,confirmation,2024,1,12.384223015005313,12.553331,12.501144384647809
969,confirmation,2024,1,10.542732775946709,10.994335,11.00905448546176
973,confirmation,2024,1,11.507922973347437,11.767589,11.75247611436781
976,confirmation,2024,1,12.013706813470414,12.080602,12.128903097224173
979,confirmation,2024,1,11.608244735642321,11.518684,11.512294611454855
986,confirmation,2024,1,11.736077016252437,11.743309,11.773998354340081
987,confirmation,2024,1,11.669937760751914,11.642124,11.66052180195967
991,confirmation,2024,1,12.759960632315702,12.6397915,12.674200140119305
994,confirmation,2024,1,12.066241450757124,12.079116,12.104588850934155
996,confirmation,2024,1,11.7085004721646,11.640887,11.702836265097767
1001,confirmation,2024,1,11.314486721293981,11.10778,11.047362953867163
1008,confirmation,2024,1,11.385103457032141,11.347738,11.275663249461553
1016,confirmation,2024,1,12.33270970174018,12.258494,12.247268566222498
1019,confirmation,2024,1,11.982935344196433,12.038326,12.02868228158869
1022,confirmation,2024,1,12.175618592671356,12.213441,12.232029985945749
1028,confirmation,2024,1,12.588194064175278,12.595009,12.602076376250139
1041,confirmation,2024,1,11.951186847493476,12.041231,12.009064097715228
1046,confirmation,2024,1,11.846543632608535,11.640308,11.65011166586067
1053,confirmation,2024,1,12.013706813470414,11.99748,12.004630801285805
1056,confirmation,2024,1,12.100717685412471,11.983074,11.96187701996276
1059,confirmation,2024,1,12.721888795877375,12.758239,12.720688881538662
1064,confirmation,2024,1,11.612779849672751,11.781985,11.781894475715054
1065,confirmation,2024,1,11.944714374881176,11.919596,11.92174629994826
1074,confirmation,2024,1,11.979805470779858,11.869426,11.858060970884134
1078,confirmation,2024,1,11.840796531639839,11.787726,11.759193992387035
1081,confirmation,2024,1,11.884495917930655,12.026385,12.039209269846861
1100,confirmation,2024,1,11.964007453736912,11.889742,11.82414750895853
1103,confirmation,2024,1,11.813037464800539,11.796163,11.768769141650951
1110,confirmation,2024,1,12.54254845357358,12.551117,12.538694911835336
1115,confirmation,2024,1,11.669937760751914,11.692637,11.70188873067715
1119,confirmation,2024,1,11.849404844423074,11.787913,11.792434708909743
1122,confirmation,2024,1,12.268582547911404,12.292948,12.311536860030222
1130,confirmation,2024,1,11.849404844423074,11.780358,11.739003668492757
1133,confirmation,2024,1,11.674202123168433,11.725018,11.65618551246327
1134,confirmation,2024,1,12.386312871189734,12.402204,12.3934791580868
1142,confirmation,2024,1,12.193498926601634,12.108986,12.14150933922357
1143,confirmation,2024,1,12.959540872420414,12.854856,12.828655321237264
1167,confirmation,2024,1,12.41044511731981,12.428446,12.389705675046892
1169,confirmation,2024,1,12.367345048436391,12.243057,12.252713953764435
1170,confirmation,2024,1,13.345508528717259,13.1666355,13.380315181988607
1171,confirmation,2024,1,12.049424683420915,11.920423,11.91634404213791
1174,confirmation,2024,1,12.208574513247495,12.301241,12.324853429547094
1181,confirmation,2024,1,12.429220196836383,12.408091,12.396730833464405
1185,confirmation,2024,1,12.137263685701864,12.114372,12.133266427785781
1191,confirmation,2024,1,12.031725210748633,12.009051,11.984774812825187
1193,confirmation,2024,1,11.736077016252437,11.695517,11.686985193016408
1199,confirmation,2024,1,12.08954444723597,12.094623,12.08943483231223
1202,confirmation,2024,1,12.19552218463499,12.205627,12.200439661718969
1209,confirmation,2024,1,11.849404844423074,11.926659,11.949830717459909
1219,confirmation,2024,1,11.296024885689746,11.156004,11.198471850718118
1223,confirmation,2024,1,11.870606902224587,11.894031,11.901180979813637
1228,confirmation,2024,1,11.898194668458823,11.872219,11.894193294711766
1234,confirmation,2024,1,11.863589378812122,11.834849,11.83130695089377
1238,confirmation,2024,1,12.180759965737863,12.307447,12.319062829589562
1250,confirmation,2024,1,11.686887175419702,11.730845,11.752900717560635
1256,confirmation,2024,1,11.755879486687116,11.821107,11.869524215084358
1258,confirmation,2024,1,11.511934974596555,11.405114,11.392116346759366
1260,confirmation,2024,1,11.92504173829169,11.888581,11.915336938770025
1264,confirmation,2024,1,12.103491596905931,11.93906,11.987477515560432
1265,confirmation,2024,1,12.10625783509458,12.0229225,11.9378154768291
1268,confirmation,2024,1,12.843973993864076,12.697249,12.66901506217111
1271,confirmation,2024,1,12.468440756144114,12.2583685,12.279369042409327
1275,confirmation,2024,1,11.842236406331555,11.794075,11.849861465087658
1278,confirmation,2024,1,12.19552218463499,12.107207,12.11853081704596
1280,confirmation,2024,1,11.133142723386813,11.25359,11.118719638658005
1283,confirmation,2024,1,11.921725007667265,11.912147,11.949349443414834
1287,confirmation,2024,1,11.870606902224587,11.953409,11.961117617979701
1288,confirmation,2024,1,12.154784614286667,12.067669,12.093531406056142
1290,confirmation,2024,1,12.546113507028412,12.565552,12.63320110124958
1292,confirmation,2024,1,11.691080018519527,11.623378,11.639857932404054
1296,confirmation,2024,1,11.83863282480007,11.837536,11.842154795907003
1300,confirmation,2024,1,11.944714374881176,12.002367,12.020588816671635
1301,confirmation,2024,1,12.323860125621126,12.3037405,12.293878146111163
1302,confirmation,2024,1,12.086731521684555,12.015984,12.06505783290928
1309,confirmation,2024,1,11.898194668458823,11.878692,11.872474978945075
1314,confirmation,2024,1,12.716405147731708,12.741934,12.768198457638855
1320,confirmation,2024,1,11.6172944892629,11.660724,11.674441030275451
1322,confirmation,2024,1,11.19135563385109,11.224758,11.18460476272262
1324,confirmation,2024,1,11.320565693461432,11.242742,11.30242743846893
1327,confirmation,2024,1,11.277215789596893,11.326527,11.35088312064995
1330,confirmation,2024,1,12.081081821061819,12.118585,12.125525453386052
1339,confirmation,2024,1,12.206077645517674,12.285121,12.296736360168175
1343,confirmation,2024,1,12.339295865674435,12.448572,12.41366548700767
1351,confirmation,2024,1,12.206077645517674,12.017031,12.004846477889927
1362,confirmation,2024,1,12.468440756144114,12.375873,12.428830251841548
1364,confirmation,2024,1,11.963574241653713,12.039404,12.047144864564675
1370,confirmation,2024,1,12.354496960983985,12.503745,12.46500493804738
1373,confirmation,2024,1,12.521981322562505,12.433408,12.45935799924311
1374,confirmation,2024,1,13.05301544288996,13.014232,13.211326548155112
1379,confirmation,2024,1,11.326607934898927,11.542525,11.54334242697749
1381,confirmation,2024,1,10.97679912709094,11.122379,11.058346704568969
1384,confirmation,2024,1,11.626263078808801,11.944847,11.967937983699029
1395,confirmation,2024,1,12.415437707935368,12.306314,12.322779221959424
1399,confirmation,2024,1,11.835016210489899,11.825287,11.775281021189153
1403,confirmation,2024,1,12.174994689959313,12.202245,12.22083384947114
1412,confirmation,2024,1,11.849404844423074,11.901843,11.92726353947721
1413,confirmation,2024,1,11.407576060361786,11.394069,11.408348941697183
1421,confirmation,2024,1,12.100161978566867,12.050071,12.092532276823519
1422,confirmation,2024,1,11.755879486687116,11.868095,11.863816000367668
1423,confirmation,2024,1,11.824087219587643,11.854208,11.860122191668852
1428,confirmation,2024,1,11.849404844423074,11.797995,11.801480389548693
1438,confirmation,2024,1,12.885673487343764,12.832883,12.88506424313323
1441,confirmation,2024,1,12.160033942617156,12.093562,12.143971571862739
1449,confirmation,2024,1,11.626263078808801,11.550058,11.597796839729865
1453,confirmation,2024,1,11.884495917930655,11.753649,11.724630853875835
1455,confirmation,2024,1,12.128116509451258,12.14944,12.180938040925847
1456,confirmation,2024,1,12.07254696717504,12.088582,12.097029585211503
1459,confirmation,2024,1,11.864469267087891,11.827186,11.825721116629072
14,confirmation,2024,2,12.540761149388421,12.293367,12.262069343260604
20,confirmation,2024,2,11.842236406331555,11.683329,11.658645744179532
25,confirmation,2024,2,11.944714374881176,11.911986,11.932350498831278
27,confirmation,2024,2,11.811554895830454,11.84459,11.870252421675119
35,confirmation,2024,2,12.533579815765737,12.5841675,12.543938522273889
39,confirmation,2024,2,11.599112335481124,11.758131,11.766858874431232
43,confirmation,2024,2,11.87757552297847,11.85195,11.917706105283772
55,confirmation,2024,2,11.775297421715827,11.697277,11.692599644293155
74,confirmation,2024,2,11.88380602959621,11.895613,11.92127495127717
79,confirmation,2024,2,11.824087219587643,11.697522,11.676067750103481
85,confirmation,2024,2,12.034696963475044,12.02955,12.016498706190934
88,confirmation,2024,2,12.010671928196443,11.937661,11.946516348698877
99,confirmation,2024,2,11.326607934898927,11.26755,11.183709085882427
100,confirmation,2024,2,11.767187766223199,11.7570305,11.778378117439
101,confirmation,2024,2,12.230770136157428,12.338203,12.381954005866106
104,confirmation,2024,2,12.200562492481511,12.046083,12.048099980315847
108,confirmation,2024,2,11.652696102959753,11.487711,11.45433252806123
114,confirmation,2024,2,12.28765724080691,12.375065,12.389667694141545
121,confirmation,2024,2,12.100717685412471,12.043588,12.07296481300101
128,confirmation,2024,2,11.373674891823535,11.346986,11.337318162087392
130,confirmation,2024,2,11.918397239722838,11.923639,11.942161784447263
144,confirmation,2024,2,12.225880174775122,12.280297,12.278906033058563
150,confirmation,2024,2,11.652696102959753,11.67607,11.658053764140833
167,confirmation,2024,2,12.154784614286667,12.080069,12.100884470235037
177,confirmation,2024,2,12.259618151783465,12.181247,12.198482023989607
180,confirmation,2024,2,11.51293546492023,11.643653,11.62081307616896
181,confirmation,2024,2,12.083910661257521,12.052611,12.069069038720698
187,confirmation,2024,2,12.06105265381003,12.0895605,12.051421199570216
189,confirmation,2024,2,11.940399914116648,11.88649,11.854187764263592
190,confirmation,2024,2,12.563750586299374,12.545762,12.575434474009517
193,confirmation,2024,2,12.165255859329688,12.260709,12.259317562599579
194,confirmation,2024,2,11.775297421715827,11.854577,11.789742287570684
198,confirmation,2024,2,12.367345048436391,12.61187,12.478702627625989
199,confirmation,2024,2,11.552155793461898,11.708001,11.642693427773663
200,confirmation,2024,2,12.524166311833152,12.611661,12.607525299436622
201,confirmation,2024,2,11.849404844423074,11.838105,11.844339724628473
206,confirmation,2024,2,12.103491596905931,12.068183,12.05513205274855
215,confirmation,2024,2,11.993813394724253,11.921263,11.955275534191443
219,confirmation,2024,2,12.649157827477366,12.356346,12.412018603247152
224,confirmation,2024,2,11.48247656671073,11.720199,11.778886152189513
233,confirmation,2024,2,11.456365695436427,11.468306,11.458098070558423
235,confirmation,2024,2,12.285350445351659,12.240843,12.244775476167948
237,confirmation,2024,2,12.130815551850676,12.13447,12.136486515960378
239,confirmation,2024,2,12.669809806411457,12.466484,12.519521551802626
240,confirmation,2024,2,11.635151947212842,11.804451,11.747686958992622
250,confirmation,2024,2,12.531776395271262,12.532472,12.577699360547584
251,confirmation,2024,2,11.245059091624615,11.404061,11.287210691215213
252,confirmation,2024,2,12.367345048436391,12.585916,12.606484612082395
260,confirmation,2024,2,11.48247656671073,11.488156,11.452016245237072
262,confirmation,2024,2,12.52815976788113,12.758797,12.755049144638738
264,confirmation,2024,2,11.775297421715827,11.665378,11.65805718414917
265,confirmation,2024,2,11.19822841866684,11.307819,11.2716792930276
270,confirmation,2024,2,11.904974309480181,12.008659,12.01530119144432
278,confirmation,2024,2,11.856522261533737,11.60813,11.65533044129431
280,confirmation,2024,2,12.165255859329688,12.223448,12.26653735207523
289,confirmation,2024,2,11.711784520403112,11.681456,11.6629286673291
300,confirmation,2024,2,11.973516181427835,12.008737,12.07891978556151
303,confirmation,2024,2,12.230770136157428,12.315511,12.327321919567718
308,confirmation,2024,2,11.402005077384885,11.539524,11.542790585404207
329,confirmation,2024,2,12.276069679344003,12.076279,12.107839722444494
333,confirmation,2024,2,12.556733038263905,12.757527,12.75339169347959
337,confirmation,2024,2,12.841132451487937,12.783815,12.86216846836465
338,confirmation,2024,2,12.273735966890268,12.297908,12.29909715585479
342,confirmation,2024,2,11.314486721293981,11.334994,11.30201817864211
343,confirmation,2024,2,11.37940550085183,11.451368,11.429210509964792
345,confirmation,2024,2,11.350418300109132,11.5297365,11.450046408672486
347,confirmation,2024,2,11.928347504569842,11.848226,11.869203326737361
348,confirmation,2024,2,11.967187086434018,12.062221,12.043246659761357
354,confirmation,2024,2,11.570259974415547,11.445418,11.409969586889646
355,confirmation,2024,2,11.849404844423074,11.936516,11.900195198016492
356,confirmation,2024,2,12.086731521684555,12.08336,12.087032852024324
357,confirmation,2024,2,12.06105265381003,12.050988,12.066333330331458
358,confirmation,2024,2,11.80560254159177,11.833151,11.805169489304983
365,confirmation,2024,2,12.154784614286667,12.149514,12.175066976479922
366,confirmation,2024,2,11.898194668458823,11.684538,11.687910840802834
370,confirmation,2024,2,11.995357787034976,12.02586,12.051522067366037
371,confirmation,2024,2,12.057578437658945,12.092206,12.105933297988178
376,confirmation,2024,2,11.0186455364637,11.268913,11.195996586887626
381,confirmation,2024,2,11.751950239425476,11.876174,11.910514286408555
383,confirmation,2024,2,12.271396795480596,12.265615,12.26528477112028
386,confirmation,2024,2,12.165255859329688,12.132443,12.066417108737092
395,confirmation,2024,2,11.599112335481124,11.564756,11.541916553646987
399,confirmation,2024,2,11.112462823634855,11.397207,11.30950938503795
400,confirmation,2024,2,12.392556361841777,12.254632,12.284017862909792
403,confirmation,2024,2,11.58989576532275,11.371996,11.391532870293073
409,confirmation,2024,2,12.54254845357358,12.484538,12.494655219216558
414,confirmation,2024,2,11.652696102959753,11.686149,11.665656025843042
416,confirmation,2024,2,12.106997888588934,12.183658,12.190689080123798
419,confirmation,2024,2,11.744045122410057,11.602343,11.564586766099556
429,confirmation,2024,2,12.182809136284991,12.183595,12.152296661070663
434,confirmation,2024,2,12.10625783509458,12.093921,12.097026161228376
437,confirmation,2024,2,11.661354090741,11.511812,11.486158078875894
441,confirmation,2024,2,13.22672519452875,12.973591,13.016456891327154
445,confirmation,2024,2,12.25486757159303,12.310057,12.31124601297149
451,confirmation,2024,2,11.608244735642321,11.561362,11.535708135333413
457,confirmation,2024,2,11.49273296168228,11.197011,11.159876283536889
460,confirmation,2024,2,11.608244735642321,11.741598,11.710379264045253
462,confirmation,2024,2,11.951186847493476,11.871334,11.85517477788092
463,confirmation,2024,2,11.04106411122238,11.725019,11.703084733804726
468,confirmation,2024,2,11.89478753335453,11.935558,11.958873331559142
479,confirmation,2024,2,12.601490784782536,12.599484,12.54759484509017
485,confirmation,2024,2,11.794345471549745,11.857183,11.864301726698345
487,confirmation,2024,2,11.957617696467539,11.911962,11.935276567948302
501,confirmation,2024,2,11.635151947212842,11.634566,11.61221692797036
504,confirmation,2024,2,12.574185427296195,12.493967,12.54963305219761
505,confirmation,2024,2,11.898194668458823,11.841012,11.81867058892711
508,confirmation,2024,2,12.246739428005663,12.11905,12.127905203679346
523,confirmation,2024,2,11.976665770490767,11.906842,11.964777868639173
530,confirmation,2024,2,12.209192772866418,12.38537,12.29158997140289
535,confirmation,2024,2,12.08954444723597,12.115521,12.05911929026449
541,confirmation,2024,2,12.660331092405906,12.776291,12.800553962228737
544,confirmation,2024,2,11.798111925972618,11.799813,11.748491664574013
546,confirmation,2024,2,12.34148164933907,12.375659,12.35908042828044
548,confirmation,2024,2,11.771443882099637,11.76833,11.775111693178678
554,confirmation,2024,2,11.58989576532275,11.662991,11.66581731667783
555,confirmation,2024,2,12.556733038263905,12.431877,12.411281513151321
568,confirmation,2024,2,12.273735966890268,12.126039,12.106270131679759
571,confirmation,2024,2,11.867805799560465,11.856036,11.8528787801263
579,confirmation,2024,2,11.891368749982085,11.921322,11.914662782707591
582,confirmation,2024,2,12.442306148381938,12.796367,12.848343619404973
583,confirmation,2024,2,11.682676678340282,11.636066,11.614715828152946
584,confirmation,2024,2,12.691583538230217,12.672783,12.707322498909656
586,confirmation,2024,2,12.820990681250251,12.859058,12.888929703723361
589,confirmation,2024,2,11.870606902224587,12.265592,12.327648667858353
592,confirmation,2024,2,13.02132904585825,12.941632,12.914177129476382
598,confirmation,2024,2,12.176654133447505,12.135866,12.151007497665322
606,confirmation,2024,2,12.230770136157428,12.223073,12.185511097867172
612,confirmation,2024,2,11.904974309480181,11.995291,12.023521924863433
629,confirmation,2024,2,11.813037464800539,12.1226845,12.104506013749969
633,confirmation,2024,2,11.320565693461432,12.070786,12.064145459167563
640,confirmation,2024,2,12.485830907348902,12.5481415,12.513831930641242
642,confirmation,2024,2,12.328294703023396,12.347049,12.377495180378247
646,confirmation,2024,2,11.872353615355413,11.818977,11.801063996455886
648,confirmation,2024,2,11.951186847493476,11.864093,11.844262236935307
651,confirmation,2024,2,12.235393555399902,12.171682,12.21846904976109
653,confirmation,2024,2,12.160033942617156,12.198474,12.19708268405954
655,confirmation,2024,2,12.765691290604371,12.834504,12.834590196378073
658,confirmation,2024,2,11.91170829631447,12.055772,12.086539779869524
664,confirmation,2024,2,11.83138646878959,11.802512,11.807919488363218
676,confirmation,2024,2,11.908346971208951,11.913784,11.90626286733765
681,confirmation,2024,2,11.870606902224587,11.744329,11.734540111906162
682,confirmation,2024,2,11.979391594635791,11.637878,11.634829833408784
691,confirmation,2024,2,11.856522261533737,11.903039,11.90823213098491
694,confirmation,2024,2,11.59433032142082,11.537099,11.542237040045906
696,confirmation,2024,2,12.07824495582233,12.067672,12.091204881203396
698,confirmation,2024,2,11.724004532183379,11.76301,11.752141086839913
706,confirmation,2024,2,10.915106645867503,11.086612,11.002417950335396
710,confirmation,2024,2,11.60733523953139,11.6184845,11.58634013974653
720,confirmation,2024,2,11.763691965388299,11.829676,11.858340568103113
724,confirmation,2024,2,11.813037464800539,11.739289,11.759516855579909
728,confirmation,2024,2,12.178192583415596,12.175181,12.173790142555633
739,confirmation,2024,2,12.095146671399466,11.844898,11.708621354430221
747,confirmation,2024,2,12.371591321286905,12.387939,12.374888560622086
756,confirmation,2024,2,12.058158312538197,11.975157,11.990553917602341
766,confirmation,2024,2,12.484208043148733,12.522613,12.582198488175328
773,confirmation,2024,2,11.580593459194764,11.825525,11.77012437501736
778,confirmation,2024,2,11.86710429621008,11.8603,11.851567758985755
793,confirmation,2024,2,12.505402864156405,12.354954,12.39068064955717
794,confirmation,2024,2,12.323860125621126,12.380861,12.360805109368773
802,confirmation,2024,2,11.60733523953139,11.638089,11.579540597717337
804,confirmation,2024,2,13.275829251377,13.034411,13.025397411013346
806,confirmation,2024,2,12.335700805443338,12.239098,12.243786887115716
808,confirmation,2024,2,12.317171167298682,12.205524,12.226886474998693
809,confirmation,2024,2,11.982622797311857,11.889314,11.89677813490368
810,confirmation,2024,2,11.571203807011969,11.773815,11.735094508732347
816,confirmation,2024,2,12.323415584358154,12.157523,12.159539685210866
818,confirmation,2024,2,12.509877789891931,12.564524,12.504566403965988
824,confirmation,2024,2,11.845827048676645,11.889831,11.868300000421273
826,confirmation,2024,2,12.861001210669146,12.938413,12.86623747210223
827,confirmation,2024,2,11.603688960617083,11.497638,11.521580352006348
831,confirmation,2024,2,12.019749091416921,12.004577,11.988183342249966
832,confirmation,2024,2,11.92504173829169,11.921267,11.963854838591311
835,confirmation,2024,2,11.849047640327147,11.8430395,11.854702358890842
839,confirmation,2024,2,11.87757552297847,11.869661,11.887704381660694
854,confirmation,2024,2,11.970356641102999,12.062739,12.05858571093801
856,confirmation,2024,2,11.751950239425476,11.896739,11.917103153860575
858,confirmation,2024,2,12.066816325306588,11.998261,11.998786332377462
865,confirmation,2024,2,12.43153750053306,12.207851,12.212540701812982
872,confirmation,2024,2,12.208574513247495,12.126398,12.132418442384441
875,confirmation,2024,2,11.104972264124868,11.43071,11.422645578280404
876,confirmation,2024,2,12.623064399210183,12.653644,12.633587435113402
877,confirmation,2024,2,11.792456911128632,11.810771,11.837367124570145
878,confirmation,2024,2,12.765691290604371,12.791651,12.750361259737074
879,confirmation,2024,2,11.904974309480181,11.9122505,11.921716011211295
881,confirmation,2024,2,11.964007453736912,11.958523,11.907519559292993
888,confirmation,2024,2,11.816734299348461,11.7788925,11.757401735724642
891,confirmation,2024,2,11.719134432217524,11.645996,11.669311106217345
899,confirmation,2024,2,13.323928581764989,13.122736,13.117129734125122
909,confirmation,2024,2,11.782960235741939,11.791818,11.782749162538842
912,confirmation,2024,2,11.874097282798648,11.900721,11.9293552588454
914,confirmation,2024,2,11.884495917930655,11.828089,11.90408559836824
915,confirmation,2024,2,12.065280672855897,11.942732,11.951587035039209
932,confirmation,2024,2,11.674202123168433,11.770523,11.779605344676158
936,confirmation,2024,2,11.288543647320601,11.406718,11.509871656121438
941,confirmation,2024,2,11.924379271639218,12.108308,12.097008092956008
948,confirmation,2024,2,12.506180941677357,12.543682,12.521262978104538
952,confirmation,2024,2,11.694421681264394,11.671106,11.677813672544668
957,confirmation,2024,2,11.728044909070785,11.735956,11.708719198318994
959,confirmation,2024,2,12.128116509451258,12.21417,12.213839763796061
961,confirmation,2024,2,11.665655135642039,11.726978,11.764920293635837
966,confirmation,2024,2,12.094587859196112,12.057115,12.038356539529762
967,confirmation,2024,2,11.982935344196433,11.912108,12.000216890072616
968,confirmation,2024,2,11.813037464800539,11.846274,11.87110940708955
974,confirmation,2024,2,12.111767460549332,12.215535,12.220224455780267
977,confirmation,2024,2,11.356283350762888,11.350581,11.481727008426487
981,confirmation,2024,2,12.091789104493502,12.062722,12.052645391880382
984,confirmation,2024,2,12.45254592991672,12.447977,12.398668040335128
989,confirmation,2024,2,12.180759965737863,12.132343,12.160574460874175
992,confirmation,2024,2,12.031725210748633,12.027664,11.970719206893651
1003,confirmation,2024,2,12.354496960983985,12.387782,12.371066743815714
1009,confirmation,2024,2,12.388398368982115,12.376035,12.33789542747549
1011,confirmation,2024,2,11.813037464800539,11.774671,11.755316452609254
1012,confirmation,2024,2,11.51293546492023,11.541067,11.49241110821024
1020,confirmation,2024,2,12.271349956195543,12.2025,12.183347651456387
1024,confirmation,2024,2,12.160033942617156,12.127279,12.097504746569145
1026,confirmation,2024,2,11.630717389475995,11.728161,11.729863637583025
1027,confirmation,2024,2,12.02874460037869,11.855727,11.853396993076124
1035,confirmation,2024,2,11.693169865968983,11.737553,11.826721665731988
1038,confirmation,2024,2,12.567240979056246,12.501718,12.452408541738937
1039,confirmation,2024,2,11.48247656671073,11.5935,11.584602964510395
1044,confirmation,2024,2,12.47717172708952,12.429209,12.413422314080023
1052,confirmation,2024,2,12.206782393599413,12.162612,12.131313918761093
1062,confirmation,2024,2,11.302216779257382,11.22906,11.299467269380317
1069,confirmation,2024,2,11.927687224983487,12.038579,11.983099328260726
1071,confirmation,2024,2,11.813037464800539,11.776834,11.772156109442081
1072,confirmation,2024,2,11.944714374881176,11.965793,11.99296327041988
1077,confirmation,2024,2,12.04355959836804,11.91437,11.927742445554715
1080,confirmation,2024,2,11.744045122410057,11.7599125,11.761615270273454
1084,confirmation,2024,2,11.982935344196433,11.918573,11.927622134251363
1089,confirmation,2024,2,11.83138646878959,11.854577,11.789742287570684
1092,confirmation,2024,2,11.982935344196433,11.937396,11.96936248912399
1094,confirmation,2024,2,11.891368749982085,11.990335,12.036690994237889
1097,confirmation,2024,2,11.751950239425476,11.712507,11.714253736253193
1102,confirmation,2024,2,11.691080018519527,11.673957,11.669279446234073
1124,confirmation,2024,2,11.678448377988165,11.493596,11.48125705851749
1126,confirmation,2024,2,11.652696102959753,11.608585,11.626525211746658
1129,confirmation,2024,2,12.278397958261774,12.2679,12.255910128578822
1135,confirmation,2024,2,12.037659911047468,12.057467,12.059052895451385
1155,confirmation,2024,2,12.215037342290755,12.26708,12.232098972067208
1157,confirmation,2024,2,12.100161978566867,12.098932,12.134665952815002
1158,confirmation,2024,2,12.345838935721968,12.236053,12.212877270848256
1159,confirmation,2024,2,12.367889578686164,12.33283,12.31786367956574
1160,confirmation,2024,2,12.128116509451258,12.105766,12.135517483731245
1161,confirmation,2024,2,11.891368749982085,11.894598,11.875664371389473
1173,confirmation,2024,2,12.05467400868968,11.98299,12.014956704517056
1176,confirmation,2024,2,12.560247968016562,12.642561,12.62630675668273
1177,confirmation,2024,2,11.691080018519527,11.788821,11.769130874655993
1178,confirmation,2024,2,11.652696102959753,11.642247,11.603390652754923
1190,confirmation,2024,2,12.149507585033072,12.239002,12.2293591115781
1200,confirmation,2024,2,11.904974309480181,11.812678,11.801018563561897
1201,confirmation,2024,2,11.6617850286409,11.526093,11.625839515595047
1203,confirmation,2024,2,11.669937760751914,11.781507,11.826939409132814
1214,confirmation,2024,2,11.884495917930655,11.685143,11.713208470281703
1218,confirmation,2024,2,12.343470927093518,12.393486,12.372369295806568
1222,confirmation,2024,2,11.80560254159177,11.691684,11.672329620944215
1226,confirmation,2024,2,11.884495917930655,11.84638,11.867357966935115
1227,confirmation,2024,2,12.273735966890268,12.198516,12.216493598443002
1232,confirmation,2024,2,11.794345471549745,11.882044,11.904328527938242
1242,confirmation,2024,2,12.42250975887691,12.380954,12.398943314300045
1243,confirmation,2024,2,12.04355959836804,12.087751,12.099338400228453
1251,confirmation,2024,2,12.404927602627597,12.474463,12.425489078969775
1253,confirmation,2024,2,11.775297421715827,11.703684,11.696233186886516
1266,confirmation,2024,2,12.12215284831553,12.025035,12.06762318728516
1273,confirmation,2024,2,11.827743504053695,11.7996645,11.805752444622858
1277,confirmation,2024,2,11.995357787034976,12.019398,12.046568350070759
1293,confirmation,2024,2,11.58525542883217,11.66125,11.584768824846671
1295,confirmation,2024,2,11.652696102959753,11.689531,11.678662388109444
1299,confirmation,2024,2,11.982935344196433,12.894121,12.73229339008387
1315,confirmation,2024,2,11.686887175419702,11.753525,11.772232333394227
1317,confirmation,2024,2,12.596403811053621,12.549556,12.497666179929038
1318,confirmation,2024,2,12.249615734512616,12.11896,12.122129653748392
1333,confirmation,2024,2,11.51293546492023,11.5834875,11.60113450963915
1347,confirmation,2024,2,12.47801017053037,12.441737,12.45315105158158
1348,confirmation,2024,2,12.554840409959793,12.527156,12.544885337868697
1353,confirmation,2024,2,11.812296455066814,11.73097,11.787435939315776
1359,confirmation,2024,2,12.086731521684555,12.044668,12.06347310747437
1368,confirmation,2024,2,11.751950239425476,11.813822,11.812802532495969
1369,confirmation,2024,2,11.87757552297847,11.865546,11.868158806040244
1376,confirmation,2024,2,12.384223015005313,12.499636,12.517365158120162
1389,confirmation,2024,2,12.84132849667433,12.788295,12.786123059723183
1390,confirmation,2024,2,11.782960235741939,11.819813,11.85243436474205
1394,confirmation,2024,2,12.001511614739405,11.95832,11.911145034208024
1404,confirmation,2024,2,12.552930054797935,12.42043,12.402194811656887
1410,confirmation,2024,2,12.278397958261774,12.303709,12.291328878646997
1414,confirmation,2024,2,12.456835254920371,12.467794,12.432025258383861
1424,confirmation,2024,2,12.524420916542532,12.145083,12.061611114710114
1427,confirmation,2024,2,12.509877789891931,12.35477,12.392016609120782
1429,confirmation,2024,2,11.686887175419702,11.696977,11.705492362310615
1430,confirmation,2024,2,12.116700301832573,12.108655,12.150058329446418
1445,confirmation,2024,2,12.098493002763465,12.159319,12.15898823181364
1458,confirmation,2024,2,12.493133274926212,12.448625,12.505124287205279
1460,confirmation,2024,2,11.901590234400047,11.876275,11.841612096278375
6,confirmation,2024,3,11.870606902224587,11.9421835,11.940635991248204
9,confirmation,2024,3,11.774527900858468,11.782693,11.700739775794627
33,confirmation,2024,3,12.100161978566867,12.158956,12.116886528170697
36,confirmation,2024,3,12.6410997921206,12.636928,12.62323280177264
53,confirmation,2024,3,11.608244735642321,11.576825,11.606846244675872
56,confirmation,2024,3,12.103491596905931,12.012669,11.990057349327639
57,confirmation,2024,3,12.058158312538197,12.285004,12.216986654993955
59,confirmation,2024,3,12.991755706536901,13.013413,12.906175295178661
62,confirmation,2024,3,11.522885696764481,11.50339,11.548869991340108
71,confirmation,2024,3,12.404927602627597,12.537524,12.489524430299886
73,confirmation,2024,3,12.128116509451258,12.213052,12.20352972983935
76,confirmation,2024,3,11.418625774449598,11.378224,11.34264360651127
80,confirmation,2024,3,11.608244735642321,11.658771,11.641995282580691
81,confirmation,2024,3,12.173037959397275,12.264829,12.26038252459989
87,confirmation,2024,3,12.066816325306588,12.103623,12.109213111469051
90,confirmation,2024,3,11.724813914587886,11.738683,11.752186742403646
93,confirmation,2024,3,12.004574385508691,11.760563,11.817360767134291
102,confirmation,2024,3,12.08954444723597,12.041108,12.012886239088791
103,confirmation,2024,3,11.68658461118553,11.647035,11.639365651697151
105,confirmation,2024,3,12.040614105490253,11.953556,11.863366532788898
109,confirmation,2024,3,11.652696102959753,11.729837,11.775317096747823
113,confirmation,2024,3,12.85832230788469,12.726117,12.699421428217274
115,confirmation,2024,3,12.466515835145202,12.296063,12.375314293213412
116,confirmation,2024,3,12.07824495582233,12.015082,12.030506877227495
118,confirmation,2024,3,11.951186847493476,11.903212,11.898119703343566
120,confirmation,2024,3,12.0075668272517,12.056555,12.057963926698948
123,confirmation,2024,3,11.820417517632333,11.8369465,11.839098508121802
125,confirmation,2024,3,12.10625783509458,12.045571,12.04308255535622
126,confirmation,2024,3,11.344518647594766,11.177661,11.225624975796713
138,confirmation,2024,3,12.049424683420915,12.298527,12.217460395665537
148,confirmation,2024,3,12.312686874960354,12.284189,12.284947265017129
156,confirmation,2024,3,11.277215789596893,11.347921,11.315321693460133
164,confirmation,2024,3,11.544433821905134,11.513478,11.500263190736677
169,confirmation,2024,3,12.119975396053194,12.217093,12.208546803875972
170,confirmation,2024,3,12.337105293891872,12.445696,12.441065759760239
171,confirmation,2024,3,11.763691965388299,11.667396,11.651595715381962
191,confirmation,2024,3,12.660331092405906,12.5575285,12.614832692004347
197,confirmation,2024,3,12.650351332641707,12.601835,12.607914029296177
207,confirmation,2024,3,11.87688084212164,11.821748,11.802102078587662
211,confirmation,2024,3,11.49273296168228,11.323887,11.290978514252805
221,confirmation,2024,3,12.230282214644559,12.251808,12.238898181421034
230,confirmation,2024,3,12.167856627501678,12.127961,12.105510641875629
238,confirmation,2024,3,12.178192583415596,12.342967,12.350738535116923
241,confirmation,2024,3,12.47801017053037,12.498392,12.49853911400783
247,confirmation,2024,3,11.827743504053695,11.771887,11.755364029523722
258,confirmation,2024,3,12.301387370778713,12.34924,12.294881868625096
259,confirmation,2024,3,12.352339472153524,12.306502,12.281089521197213
271,confirmation,2024,3,12.491255347155265,12.482357,12.47028286496976
276,confirmation,2024,3,12.230770136157428,12.108169,12.140851357039999
277,confirmation,2024,3,12.211065162153215,12.237218,12.203620219376042
282,confirmation,2024,3,12.128116509451258,12.082191,12.095845102281588
283,confirmation,2024,3,12.242891437918386,12.296738,12.37169273160683
284,confirmation,2024,3,12.407383590534293,12.40569,12.378854909921762
286,confirmation,2024,3,12.011886987792716,12.0194435,12.025522290404576
291,confirmation,2024,3,12.359784657728284,12.464132,12.472718297240249
292,confirmation,2024,3,11.819681958463892,11.777111,11.833051748264662
293,confirmation,2024,3,11.782960235741939,11.890763,11.815580205948997
294,confirmation,2024,3,12.367345048436391,12.426651,12.418782729518604
295,confirmation,2024,3,12.025755079404917,12.017773,11.997753763584761
297,confirmation,2024,3,11.931642378754141,11.8186,11.83931609908647
299,confirmation,2024,3,12.07254696717504,12.069909,12.083968479824476
309,confirmation,2024,3,11.320565693461432,11.530982,11.536537620279072
310,confirmation,2024,3,12.793862088206213,12.815937,12.851615251489982
316,confirmation,2024,3,12.146858590895919,12.14367,12.134148015972162
320,confirmation,2024,3,12.141539457711714,12.208378,12.160985162612477
331,confirmation,2024,3,11.686887175419702,11.856205,11.820531856292062
335,confirmation,2024,3,12.165255859329688,12.1799,12.18289754132814
336,confirmation,2024,3,12.34126328584159,12.210701,12.274102142374655
349,confirmation,2024,3,11.944714374881176,12.123658,12.150128885879655
350,confirmation,2024,3,12.988043102265232,12.972527,13.019944120918687
351,confirmation,2024,3,12.670001611311875,12.585775,12.619407225197838
364,confirmation,2024,3,11.678448377988165,11.579648,11.622046606460053
367,confirmation,2024,3,11.976665770490767,12.018101,11.998081827549605
379,confirmation,2024,3,12.885204569609956,12.861891,12.904123137822022
387,confirmation,2024,3,11.302216779257382,11.412328,11.37691043404746
388,confirmation,2024,3,11.736077016252437,11.766973,11.745247106890298
390,confirmation,2024,3,12.962196972666593,12.999119,12.877093719971414
391,confirmation,2024,3,11.686887175419702,11.711137,11.708702857251799
392,confirmation,2024,3,12.278397958261774,12.285171,12.244582823548884
412,confirmation,2024,3,11.884495917930655,11.895702,11.948787592402367
415,confirmation,2024,3,12.337105293891872,12.383842,12.35397823279606
418,confirmation,2024,3,12.384223015005313,12.351612,12.400388564716371
421,confirmation,2024,3,12.237091546357338,12.126616,12.061658016353421
435,confirmation,2024,3,11.302216779257382,11.327374,11.313964623631318
438,confirmation,2024,3,11.686887175419702,11.6271715,11.684926808231832
439,confirmation,2024,3,11.411457364027745,11.358932,11.407514286775669
442,confirmation,2024,3,11.678448377988165,11.7364235,11.710092430450267
449,confirmation,2024,3,11.691080018519527,11.719358,11.736848081528187
455,confirmation,2024,3,12.144202560946876,11.93635,11.899505994590163
456,confirmation,2024,3,12.075400019877522,11.997856,11.967011620527998
458,confirmation,2024,3,12.45293662970407,12.1407585,12.22033830039708
467,confirmation,2024,3,12.025755079404917,12.038143,11.974570611301358
471,confirmation,2024,3,12.264346270624157,12.375945,12.407096730708194
477,confirmation,2024,3,12.249615734512616,12.255397,12.259191808638468
481,confirmation,2024,3,12.694655727828803,12.811206,12.84688407320629
483,confirmation,2024,3,11.951186847493476,12.004072,12.008235747399851
488,confirmation,2024,3,12.07254696717504,12.047003,12.062218142938496
493,confirmation,2024,3,12.059809113551397,12.0625105,12.042419091234917
503,confirmation,2024,3,11.849404844423074,11.908689,11.888538467098046
506,confirmation,2024,3,11.732069026983156,11.787995,11.797299192408838
515,confirmation,2024,3,11.477308649967686,11.382022,11.415031895694622
524,confirmation,2024,3,12.126764251515691,12.825748,12.581178697874252
532,confirmation,2024,3,11.759793355371237,11.785219,11.861666004050626
542,confirmation,2024,3,12.421188057397055,12.48137,12.463456594469971
543,confirmation,2024,3,12.270225154674701,12.298472,12.251079728957691
551,confirmation,2024,3,11.849404844423074,11.784021,11.746090773413348
553,confirmation,2024,3,12.450981602512561,12.466228,12.437771605452667
556,confirmation,2024,3,11.635151947212842,11.642402,11.70395691051921
560,confirmation,2024,3,12.36308066783498,12.136231,12.128542028625288
561,confirmation,2024,3,11.707677772181546,12.0014715,12.006703276451956
564,confirmation,2024,3,12.128116509451258,12.112841,12.105004255452538
569,confirmation,2024,3,12.665397584983758,12.569262,12.554496170870598
577,confirmation,2024,3,11.884495917930655,11.907917,11.916977795696045
578,confirmation,2024,3,12.010671928196443,11.932993,11.926590328853074
587,confirmation,2024,3,11.775297421715827,11.660335,11.715497529594826
590,confirmation,2024,3,11.283524879179666,11.529741,11.573943030105688
605,confirmation,2024,3,12.30592250537653,12.280003,12.254589772967233
608,confirmation,2024,3,12.323860125621126,12.026822,12.041741601862098
615,confirmation,2024,3,11.231901180182515,11.265009,11.255281020563066
617,confirmation,2024,3,12.118339189722553,12.1465025,12.166853339161095
620,confirmation,2024,3,12.628070334272698,12.617436,12.579880065658248
628,confirmation,2024,3,11.938199736300925,12.003544,12.009377803307943
634,confirmation,2024,3,11.845109950883979,11.862727,11.881111631356148
635,confirmation,2024,3,11.87757552297847,11.860573,11.793521852685279
636,confirmation,2024,3,12.206077645517674,12.147503,12.111283234039268
643,confirmation,2024,3,12.75130259456002,12.742052,12.644234320367735
647,confirmation,2024,3,11.495789479023493,11.491522,11.481575268875172
649,confirmation,2024,3,11.951186847493476,11.976953,11.967213748713712
659,confirmation,2024,3,11.487617913343598,11.813002,11.772164210604126
660,confirmation,2024,3,12.025755079404917,11.911103,11.889977768183494
668,confirmation,2024,3,12.173037959397275,12.238903,12.197808697124593
669,confirmation,2024,3,12.031725210748633,12.027935,12.037647801241608
678,confirmation,2024,3,11.603688960617083,11.58622,11.599918905364841
688,confirmation,2024,3,11.910365121788654,11.9535675,11.970450745877528
690,confirmation,2024,3,12.179220327453933,12.117822,12.105300011746658
692,confirmation,2024,3,13.534474352733596,13.108879,13.269856251251687
693,confirmation,2024,3,12.721888795877375,12.610556,12.658220409430157
700,confirmation,2024,3,12.185875040240456,12.155632,12.168947508438274
703,confirmation,2024,3,12.799178471909892,12.70994,12.836258894942512
708,confirmation,2024,3,12.445093483000798,12.273186,12.24472980400003
711,confirmation,2024,3,10.859018228147887,11.296506,11.27251874826751
715,confirmation,2024,3,11.779136168550774,12.088919,12.114613015660105
716,confirmation,2024,3,12.013706813470414,11.885319,11.882829984250263
717,confirmation,2024,3,11.979805470779858,12.180829,12.185968008509228
719,confirmation,2024,3,12.739640688812674,12.663251,12.683636156468536
722,confirmation,2024,3,11.870606902224587,11.886858,11.903525408341926
734,confirmation,2024,3,11.786008995353765,11.820967,11.815918370668706
738,confirmation,2024,3,12.3879816172226,12.3812895,12.350856275960519
740,confirmation,2024,3,12.154784614286667,12.212751,12.189930916838614
741,confirmation,2024,3,11.790564777297387,11.689608,11.690142046969877
744,confirmation,2024,3,12.07254696717504,11.962105,11.957056447450933
754,confirmation,2024,3,12.526346537332584,12.486269,12.472574194289729
762,confirmation,2024,3,11.51293546492023,11.656794,11.688014932920437
770,confirmation,2024,3,13.195615697878253,12.962127,12.993278371333194
772,confirmation,2024,3,11.532737896139919,11.67488,11.700246753767985
775,confirmation,2024,3,12.886643575525625,12.641842,12.675396651955026
783,confirmation,2024,3,12.139403856983334,12.145821,12.12300014596459
784,confirmation,2024,3,12.016732516077072,11.95318,11.96720556342056
789,confirmation,2024,3,11.588969419043874,11.6554165,11.64782417602763
791,confirmation,2024,3,11.984184555794167,12.002056,11.97960560494936
805,confirmation,2024,3,11.678448377988165,11.715804,11.666768428882648
812,confirmation,2024,3,11.881041706925902,11.898767,11.928737120414542
813,confirmation,2024,3,10.932999821119937,11.418208,11.404664486460176
815,confirmation,2024,3,11.661354090741,11.640797,11.63443230404204
817,confirmation,2024,3,11.827743504053695,11.839907,11.862886352076282
819,confirmation,2024,3,11.951186847493476,11.900447,11.95437341082884
825,confirmation,2024,3,12.357079818283598,12.341062,12.328987431925327
834,confirmation,2024,3,12.025755079404917,11.957292,11.952845445742469
837,confirmation,2024,3,11.941462360646149,11.824715,11.850566670526996
838,confirmation,2024,3,11.51293546492023,11.467553,11.461312227959315
840,confirmation,2024,3,11.779136168550774,11.729275,11.696366392670773
846,confirmation,2024,3,12.049424683420915,12.097128,12.077482213170182
849,confirmation,2024,3,12.388398368982115,12.294687,12.357025203000616
851,confirmation,2024,3,11.78676973513378,11.863914,11.871276253353113
852,confirmation,2024,3,12.278397958261774,12.193643,12.212434181119225
864,confirmation,2024,3,11.794345471549745,11.848256,11.840901894008761
870,confirmation,2024,3,12.371591321286905,12.31038,12.293388202738775
873,confirmation,2024,3,11.661354090741,11.65471,11.669526530513574
874,confirmation,2024,3,11.798111925972618,11.777702,11.795111395393256
882,confirmation,2024,3,12.141539457711714,12.330783,12.36466193015218
883,confirmation,2024,3,12.08954444723597,12.055086,12.060675857135555
886,confirmation,2024,3,12.70351207261035,12.632391,12.632787866566796
889,confirmation,2024,3,12.498745990829315,12.621758,12.515725578046222
894,confirmation,2024,3,12.013706813470414,11.997051,11.973837786155732
902,confirmation,2024,3,11.938199736300925,11.8948555,11.912264563117866
908,confirmation,2024,3,12.429220196836383,12.449083,12.512145392120251
913,confirmation,2024,3,11.385103457032141,11.466619,11.496458910111686
917,confirmation,2024,3,10.471978128496518,11.08297,11.024136743735406
919,confirmation,2024,3,12.380030154325457,12.491333,12.46503652394625
921,confirmation,2024,3,12.211065162153215,12.201051,12.163524161431521
925,confirmation,2024,3,12.242891437918386,12.154466,12.182310780208411
933,confirmation,2024,3,12.676079399771027,12.622583,12.636714763766655
935,confirmation,2024,3,12.396697137361691,12.297125,12.25474784540041
940,confirmation,2024,3,12.406565597924235,12.398384,12.510508819348384
944,confirmation,2024,3,11.870606902224587,11.904114,11.874247353067638
955,confirmation,2024,3,11.755879486687116,11.830239,11.806895598196437
958,confirmation,2024,3,11.790564777297387,11.754694,11.735048283726822
963,confirmation,2024,3,11.951186847493476,11.984118,11.984125291455863
975,confirmation,2024,3,12.02874460037869,12.130272,12.18423853571943
978,confirmation,2024,3,12.20557752297723,12.1831875,12.189266263182896
988,confirmation,2024,3,12.887129532148373,12.928722,12.971658936033819
995,confirmation,2024,3,12.729323752253295,12.839137,12.915113475413126
1002,confirmation,2024,3,11.362114203075018,11.341989,11.333332462911546
1014,confirmation,2024,3,11.350418300109132,11.580674,11.51903182375267
1015,confirmation,2024,3,11.688566422839942,11.746746,11.727702554540329
1030,confirmation,2024,3,11.678448377988165,11.652589,11.68846468690577
1036,confirmation,2024,3,11.338583982516495,11.381087,11.326216739208665
1049,confirmation,2024,3,11.652696102959753,11.823739,11.792897233071542
1058,confirmation,2024,3,12.421188057397055,12.342994,12.381544072524479
1061,confirmation,2024,3,12.271396795480596,12.29113,12.322281705378604
1063,confirmation,2024,3,11.407576060361786,11.752687,11.721314824239881
1067,confirmation,2024,3,12.08954444723597,12.07306,12.103413037963412
1073,confirmation,2024,3,11.424105180165641,11.635006,11.543452145891337
1082,confirmation,2024,3,11.798111925972618,11.789186,11.778844527338682
1086,confirmation,2024,3,11.898194668458823,11.980814,11.968164841412515
1087,confirmation,2024,3,11.332613886815139,11.443913,11.418612800319421
1088,confirmation,2024,3,12.437188334739655,12.481713,12.471580196994113
1096,confirmation,2024,3,12.080696479888445,12.063816,12.071178787837976
1099,confirmation,2024,3,11.759793355371237,11.569866,11.617959651515338
1104,confirmation,2024,3,11.979805470779858,11.9119,11.922214532382265
1111,confirmation,2024,3,12.144202560946876,12.109901,12.112898800178238
1113,confirmation,2024,3,11.774527900858468,11.73305,11.765220533302584
1117,confirmation,2024,3,12.123239799036943,12.127913,12.082719145802656
1120,confirmation,2024,3,11.803361242493628,11.716427,11.72383375530676
1123,confirmation,2024,3,11.626263078808801,11.42799,11.349335101301545
1128,confirmation,2024,3,12.464587201678082,12.388647,12.371968510979071
1132,confirmation,2024,3,11.44572741040675,11.612403,11.637845006763351
1136,confirmation,2024,3,11.532737896139919,11.635896,11.669863142175464
1137,confirmation,2024,3,11.686887175419702,11.763048,11.709338293700963
1138,confirmation,2024,3,11.451060699493427,11.40316,11.43886624860134
1144,confirmation,2024,3,11.289794413577894,11.569211,11.485571386591673
1145,confirmation,2024,3,11.289794413577894,11.292726,11.279266957277748
1146,confirmation,2024,3,11.91170829631447,11.791906,11.792670571451865
1149,confirmation,2024,3,11.669082701743504,11.666748,11.647035386579995
1156,confirmation,2024,3,12.292254928916668,12.163997,12.216098869971255
1172,confirmation,2024,3,12.001511614739405,11.970764,11.963725653494622
1184,confirmation,2024,3,11.695255355062795,11.873295,11.87128067476248
1186,confirmation,2024,3,11.560772327227417,11.750011,11.743647086756884
1188,confirmation,2024,3,12.476103599529843,12.580435,12.576307142229394
1189,confirmation,2024,3,12.180759965737863,12.139688,12.116867066435782
1197,confirmation,2024,3,12.29779001527865,12.327335,12.322706665848665
1205,confirmation,2024,3,11.941462360646149,11.917831,11.946832492272627
1212,confirmation,2024,3,12.00762780434872,12.240299,12.230148283500185
1213,confirmation,2024,3,11.635151947212842,11.284498,11.305626571113537
1216,confirmation,2024,3,11.736077016252437,11.647711,11.62806509891237
1221,confirmation,2024,3,11.652696102959753,11.618841,11.60282962791358
1233,confirmation,2024,3,11.530775206233024,11.513609,11.519844354069699
1235,confirmation,2024,3,11.775297421715827,11.701071,11.76326017504302
1244,confirmation,2024,3,13.049794835104816,13.039224,12.934552058392748
1246,confirmation,2024,3,12.08954444723597,12.150491,12.149634079131634
1248,confirmation,2024,3,12.042971193457888,11.846284,11.815976287986917
1255,confirmation,2024,3,12.016128107502665,12.127733,12.030558376976455
1259,confirmation,2024,3,12.154784614286667,12.135419,12.123304476470897
1261,confirmation,2024,3,12.10625783509458,12.12195,12.12753987080743
1267,confirmation,2024,3,11.711784520403112,11.790032,11.719829881670005
1276,confirmation,2024,3,11.827743504053695,11.935296,11.92891724380222
1281,confirmation,2024,3,12.33270970174018,12.2681875,12.245367051176993
1284,confirmation,2024,3,11.842236406331555,11.875433,11.845125343467874
1297,confirmation,2024,3,11.951186847493476,11.908509,11.914135441633466
1306,confirmation,2024,3,12.691583538230217,12.734964,12.755881456903408
1310,confirmation,2024,3,12.09626335986454,12.073023,12.031928493877523
1313,confirmation,2024,3,12.618185607609803,12.653075,12.63516184044165
1316,confirmation,2024,3,12.239995696974733,12.109049,12.086437583092287
1319,confirmation,2024,3,12.524530013005734,12.462287,12.43757137568627
1326,confirmation,2024,3,10.915106645867503,11.033498,10.9168005538619
1329,confirmation,2024,3,12.45293662970407,12.194484,12.139323619539656
1331,confirmation,2024,3,12.33270970174018,12.37114,12.361981830662083
1334,confirmation,2024,3,11.74006900564972,11.764158,11.81423312148407
1338,confirmation,2024,3,10.868587496017359,11.070234,11.025937862065541
1346,confirmation,2024,3,11.59451466851004,11.444657,11.386575168310022
1358,confirmation,2024,3,11.917730355182513,11.956739,11.975238069046883
1360,confirmation,2024,3,12.660331092405906,12.833876,12.869553865381583
1367,confirmation,2024,3,12.170450649220749,12.218517,12.161566519736624
1372,confirmation,2024,3,12.016732516077072,12.073703,12.066664305533196
1375,confirmation,2024,3,12.429220196836383,12.384031,12.397346785171672
1386,confirmation,2024,3,11.74006900564972,11.53848,11.50999647016288
1393,confirmation,2024,3,11.719947764402807,11.780864,11.788270667843381
1401,confirmation,2024,3,11.695255355062795,11.702019,11.757181680290627
1402,confirmation,2024,3,12.170450649220749,12.13132,12.134317371650406
1405,confirmation,2024,3,11.561725152903833,11.34512,11.232170170845215
1406,confirmation,2024,3,12.524530013005734,12.614994,12.622683343653998
1419,confirmation,2024,3,11.728044909070785,11.833352,11.865057408712588
1420,confirmation,2024,3,12.314931534737134,12.389092,12.43608188618967
1426,confirmation,2024,3,11.863589378812122,11.891811,11.884772864187982
1434,confirmation,2024,3,12.136191879981927,12.10144,12.104437801643082
1437,confirmation,2024,3,11.699413330633599,11.651396,11.67320397293395
1440,confirmation,2024,3,12.190964083849375,12.086488,12.055643250471846
1448,confirmation,2024,3,12.388398368982115,12.505437,12.466935603012296
1450,confirmation,2024,3,11.429554725537322,11.376522,11.356699097879813
1452,confirmation,2024,3,12.567554517655415,12.379393,12.35255734064686
1454,confirmation,2024,3,11.344518647594766,11.823083,11.80612467991675
1457,confirmation,2024,3,12.25486757159303,12.185953,12.2093172289295
10,confirmation,2024,4,11.678448377988165,11.718246,11.755493109738016
16,confirmation,2024,4,11.790564777297387,11.770473,11.792901253649957
17,confirmation,2024,4,11.91170829631447,11.954173,11.961597512952311
18,confirmation,2024,4,11.407576060361786,11.589933,11.634199599162429
19,confirmation,2024,4,11.976665770490767,11.919578,11.947780476347608
31,confirmation,2024,4,10.596659732783579,11.364891,11.30388120049224
34,confirmation,2024,4,12.016732516077072,12.026669,12.024192771624119
38,confirmation,2024,4,11.938199736300925,11.894247,11.907979416892143
47,confirmation,2024,4,12.387089184491993,12.535589,12.454103436425795
50,confirmation,2024,4,11.751950239425476,11.77939,11.782274359920029
63,confirmation,2024,4,12.218500103788143,12.277549,12.254596835369911
67,confirmation,2024,4,12.100717685412471,12.5456295,12.516097694747607
68,confirmation,2024,4,12.328294703023396,12.2870035,12.277142090418774
72,confirmation,2024,4,11.771443882099637,11.692064,11.695240253059108
77,confirmation,2024,4,11.818577604251555,11.695253,11.778791346119384
84,confirmation,2024,4,11.748005492256807,11.749122,11.77443821727298
95,confirmation,2024,4,12.229549885708273,12.226622,12.231728616641224
96,confirmation,2024,4,12.128116509451258,12.046358,12.094558655930868
112,confirmation,2024,4,12.100717685412471,12.043632,12.04811988065785
122,confirmation,2024,4,11.51293546492023,11.5672,11.514257858966683
129,confirmation,2024,4,11.951186847493476,11.869708,11.849285268421765
132,confirmation,2024,4,12.404927602627597,12.285935,12.297107309404453
157,confirmation,2024,4,11.603688960617083,11.574003,11.610005665072032
165,confirmation,2024,4,11.931642378754141,11.964504,11.939461787516851
173,confirmation,2024,4,12.384223015005313,12.232833,12.309163466963936
174,confirmation,2024,4,12.001511614739405,11.94834,11.897664450141017
186,confirmation,2024,4,13.07107218827772,12.782786,12.799042732952744
188,confirmation,2024,4,11.813037464800539,11.773168,11.768657107974988
204,confirmation,2024,4,11.91170829631447,11.880988,11.898913790531285
218,confirmation,2024,4,11.580593459194764,11.51085,11.459156924621277
222,confirmation,2024,4,12.206077645517674,12.207929,12.188287536982436
223,confirmation,2024,4,12.100161978566867,12.07585,12.08963718591362
229,confirmation,2024,4,11.736077016252437,11.713246,11.687988903664689
234,confirmation,2024,4,11.761354623750297,11.773209,11.78647110011
243,confirmation,2024,4,11.277215789596893,11.4177685,11.363207906847634
246,confirmation,2024,4,12.394628892852941,12.354755,12.324877603192812
254,confirmation,2024,4,11.970356641102999,12.019317,12.000849903901544
261,confirmation,2024,4,12.07824495582233,12.073777,12.049355070941965
266,confirmation,2024,4,12.075400019877522,12.074283,12.090552223941675
281,confirmation,2024,4,12.339295865674435,12.309335,12.293637571946729
285,confirmation,2024,4,12.09626335986454,12.181493,12.156607035490707
287,confirmation,2024,4,11.976665770490767,12.088278,12.101017744027207
288,confirmation,2024,4,11.385103457032141,11.500068,11.527074355468063
290,confirmation,2024,4,11.941950837487406,11.836067,11.878328904306974
307,confirmation,2024,4,12.323860125621126,12.340225,12.309636065254267
313,confirmation,2024,4,11.694421681264394,11.773817,11.773305895237502
315,confirmation,2024,4,12.08954444723597,12.025186,11.998743623620646
318,confirmation,2024,4,12.506180941677357,12.471887,12.441972885354879
319,confirmation,2024,4,12.468440756144114,12.589418,12.654718572557346
324,confirmation,2024,4,11.745433036677353,11.654145,11.671783050278732
325,confirmation,2024,4,12.396697137361691,12.4093685,12.412999428470725
326,confirmation,2024,4,11.373674891823535,11.30994,11.316171538334144
327,confirmation,2024,4,12.688501881189456,12.594232,12.665456132095944
328,confirmation,2024,4,11.886218559372042,11.849582,11.829158925648327
330,confirmation,2024,4,11.264476926102367,11.339165,11.336841383292935
332,confirmation,2024,4,11.842236406331555,11.819994,11.82738891393474
339,confirmation,2024,4,12.218500103788143,12.243722,12.247006883607822
340,confirmation,2024,4,11.951186847493476,11.9325695,11.941310095985884
344,confirmation,2024,4,12.491255347155265,12.573363,12.57062433185656
374,confirmation,2024,4,11.719947764402807,11.747717,11.761449265524956
377,confirmation,2024,4,11.904974309480181,11.777522,11.781208099944095
378,confirmation,2024,4,12.73670383776449,12.588977,12.559063110574606
380,confirmation,2024,4,12.095146671399466,12.04883,12.060001939836582
385,confirmation,2024,4,12.388398368982115,12.385151,12.408863457662873
389,confirmation,2024,4,12.160033942617156,12.167097,12.170054345607664
393,confirmation,2024,4,11.575909653758895,11.56039,11.586056162144596
394,confirmation,2024,4,11.51293546492023,11.307071,11.336444382187313
398,confirmation,2024,4,12.040614105490253,11.919753,11.912256044327242
406,confirmation,2024,4,11.918397239722838,11.940112,11.959492298322033
408,confirmation,2024,4,12.083910661257521,12.013829,12.084144699648409
411,confirmation,2024,4,11.002116507732017,11.4744005,11.439240632181994
413,confirmation,2024,4,12.310437165348775,12.407084,12.426460020014487
426,confirmation,2024,4,11.813037464800539,11.798431,11.771856019901177
427,confirmation,2024,4,12.524530013005734,12.44494,12.420687879552002
428,confirmation,2024,4,11.599185726610004,11.690103,11.755369802560407
432,confirmation,2024,4,11.288543647320601,11.627289,11.61543699020744
436,confirmation,2024,4,12.264346270624157,12.224671,12.227227861006137
444,confirmation,2024,4,12.058158312538197,12.180164,12.178217569976017
448,confirmation,2024,4,12.20557752297723,12.207758,12.217561779213215
450,confirmation,2024,4,11.695255355062795,11.57889,11.582324980690576
453,confirmation,2024,4,12.225880174775122,12.170994,12.161124923864575
476,confirmation,2024,4,11.794345471549745,11.839231,11.823843813675506
478,confirmation,2024,4,12.847929163278053,12.889827,12.874269121650583
480,confirmation,2024,4,11.401681006153428,11.711071,11.708383519539433
489,confirmation,2024,4,11.982935344196433,11.77022,11.73311915444029
491,confirmation,2024,4,11.652696102959753,11.6174135,11.599415260031847
494,confirmation,2024,4,11.951186847493476,11.869203,11.88941623565195
495,confirmation,2024,4,11.421917019425596,11.475823,11.475178820082487
497,confirmation,2024,4,12.971542813248437,12.704476,12.673534628907914
499,confirmation,2024,4,11.775297421715827,11.805011,11.814232241112295
500,confirmation,2024,4,11.695255355062795,11.761922,11.78758757236188
502,confirmation,2024,4,12.331387247601905,12.269864,12.29965681716881
510,confirmation,2024,4,11.732069026983156,11.880687,11.894419121787163
512,confirmation,2024,4,12.2193145828011,12.177436,12.20517300591749
516,confirmation,2024,4,12.90634935052389,12.92118,12.848091171415172
518,confirmation,2024,4,12.487488878546145,12.484441,12.549740964830296
519,confirmation,2024,4,12.259618151783465,12.185696,12.190802637026966
520,confirmation,2024,4,12.36308066783498,12.4445095,12.52594981707505
522,confirmation,2024,4,11.918397239722838,11.926594,11.910726203461204
525,confirmation,2024,4,12.662709207270272,12.531435,12.590397753437834
528,confirmation,2024,4,13.008661502470739,12.90957,12.971644524181041
529,confirmation,2024,4,11.362114203075018,11.331774,11.358855788588139
534,confirmation,2024,4,10.579005242826247,11.029589,10.846123165442876
539,confirmation,2024,4,11.970356641102999,11.829728,11.809786187046711
547,confirmation,2024,4,12.25486757159303,12.048559,12.090820893442716
550,confirmation,2024,4,12.479913113434042,12.290782,12.314093449641915
558,confirmation,2024,4,11.58989576532275,11.581244,11.541228220895904
559,confirmation,2024,4,12.07254696717504,12.218098,12.230383441081601
567,confirmation,2024,4,12.691583538230217,12.665898,12.752896737520519
580,confirmation,2024,4,11.78676973513378,11.747068,11.715876442889607
581,confirmation,2024,4,12.111217862017215,12.136625,12.120757712860618
588,confirmation,2024,4,11.827743504053695,11.807784,11.798734777448338
591,confirmation,2024,4,12.132969552931216,12.150022,12.15297880697241
593,confirmation,2024,4,11.835016210489899,11.85058,11.857296669043397
595,confirmation,2024,4,11.608244735642321,11.643543,11.664603152660217
601,confirmation,2024,4,12.524530013005734,12.480989,12.468374257303696
611,confirmation,2024,4,12.653961664405365,12.698251,12.68095765909635
613,confirmation,2024,4,12.474193386571581,12.45963,12.414493127297401
614,confirmation,2024,4,11.898194668458823,11.662808,11.592847605328972
619,confirmation,2024,4,12.659737267217572,12.742257,12.791513221445765
621,confirmation,2024,4,11.112462823634855,11.000974,10.908456383581354
622,confirmation,2024,4,12.388398368982115,12.448801,12.483341366987958
624,confirmation,2024,4,12.034696963475044,12.073615,12.124237537252075
625,confirmation,2024,4,12.014615485902027,11.982249,11.981144941306122
626,confirmation,2024,4,11.982935344196433,11.876237,11.865390591890893
627,confirmation,2024,4,11.848690308590857,11.732771,11.72527388948105
630,confirmation,2024,4,12.034696963475044,11.93787,11.919929157768179
637,confirmation,2024,4,11.002116507732017,10.878312,10.739719840456655
639,confirmation,2024,4,11.350418300109132,11.454863,11.481197035591462
644,confirmation,2024,4,11.931642378754141,11.916478,11.936623015760032
650,confirmation,2024,4,11.344518647594766,11.239177,11.208994384305692
656,confirmation,2024,4,11.385103457032141,11.415466,11.369663939996027
657,confirmation,2024,4,11.8879382384223,11.908911,11.947395121740223
662,confirmation,2024,4,12.904209855160254,12.892641,12.901199480639704
663,confirmation,2024,4,11.608244735642321,11.8880825,11.789713997690637
667,confirmation,2024,4,11.767575435251748,12.204003,12.154604716233877
672,confirmation,2024,4,11.548302261270587,11.69956,11.715231930579135
674,confirmation,2024,4,12.458778882573533,12.4660845,12.523581268006883
684,confirmation,2024,4,12.560247968016562,12.55977,12.53613909827762
695,confirmation,2024,4,11.860062063178267,11.744601,11.77536663948895
697,confirmation,2024,4,11.39640288460621,11.409804,11.46283981760048
699,confirmation,2024,4,11.83863282480007,11.8236885,11.835459705147159
702,confirmation,2024,4,11.849404844423074,11.908851,11.890578894260926
709,confirmation,2024,4,12.09815887308463,12.102316,12.109100283000503
714,confirmation,2024,4,11.767575435251748,11.621301,11.668799829632484
718,confirmation,2024,4,11.964007453736912,11.976577,12.02443231597146
721,confirmation,2024,4,12.524530013005734,12.43529,12.444963450905751
733,confirmation,2024,4,12.312686874960354,12.332133,12.335090547084715
735,confirmation,2024,4,11.58989576532275,11.633978,11.579944814359164
746,confirmation,2024,4,12.61087420020211,12.685473,12.69750787912125
751,confirmation,2024,4,11.477308649967686,11.399254,11.414969417445944
752,confirmation,2024,4,11.995357787034976,11.995476,11.994942842692028
755,confirmation,2024,4,11.957617696467539,11.912927,11.925533185962035
758,confirmation,2024,4,11.97603664577121,11.923823,11.862047532101906
764,confirmation,2024,4,12.727841176689147,12.7388735,12.714269174834067
769,confirmation,2024,4,12.28690580994122,12.310074,12.310549181542012
780,confirmation,2024,4,11.813037464800539,11.893815,11.874310361920378
786,confirmation,2024,4,11.992266613576142,12.035098,12.029994422171049
787,confirmation,2024,4,11.842236406331555,11.788614,11.76451685497863
790,confirmation,2024,4,12.141539457711714,12.246529,12.307269813649738
792,confirmation,2024,4,11.896833207128452,11.946679,11.916837680892357
798,confirmation,2024,4,11.608244735642321,11.516396,11.489681930697884
803,confirmation,2024,4,12.149507585033072,12.155251,12.158207803249265
811,confirmation,2024,4,12.10625783509458,12.048448,12.06223526178032
814,confirmation,2024,4,11.969723533345908,11.934855,11.886252786117245
820,confirmation,2024,4,12.319405795112926,12.3229,12.345321447022773
821,confirmation,2024,4,12.117246896289503,12.14604,12.148997216701414
823,confirmation,2024,4,12.323860125621126,12.194343,12.194054592962933
833,confirmation,2024,4,12.37581963951765,12.315944,12.325995516058503
843,confirmation,2024,4,12.071975378543236,11.97542,11.990641850353601
850,confirmation,2024,4,12.138869243416009,12.060498,12.099348307574775
859,confirmation,2024,4,11.931642378754141,11.888521,11.745659183083454
861,confirmation,2024,4,12.154521423145216,12.01217,12.069327478793102
862,confirmation,2024,4,11.78676973513378,11.822849,11.77670514747206
863,confirmation,2024,4,11.931642378754141,11.877463,11.857598824127916
867,confirmation,2024,4,12.424810506025395,12.457983,12.44360139906191
868,confirmation,2024,4,11.767575435251748,11.7334385,11.767367939862924
885,confirmation,2024,4,11.51293546492023,11.71134,11.710180340924781
893,confirmation,2024,4,11.947955847790901,11.8973465,11.897693777664383
901,confirmation,2024,4,11.608244735642321,11.591348,11.643796239082944
907,confirmation,2024,4,12.449022745701502,12.49304,12.463126335367086
920,confirmation,2024,4,12.081081821061819,12.087399,12.106486301108559
923,confirmation,2024,4,12.043500773454495,12.049396,12.046010651588452
927,confirmation,2024,4,12.560247968016562,12.551753,12.528801089520302
928,confirmation,2024,4,12.07824495582233,12.134353,12.10695681053239
930,confirmation,2024,4,12.310437165348775,12.3181,12.32790380497005
931,confirmation,2024,4,12.211065162153215,12.291228,12.257285600292052
937,confirmation,2024,4,12.127575825689417,12.14293,12.11867829703247
938,confirmation,2024,4,12.441148720271016,12.341902,12.365213254024239
939,confirmation,2024,4,12.387560521575551,12.449073,12.441433130309811
962,confirmation,2024,4,12.513561021741964,12.561902,12.596442372542157
965,confirmation,2024,4,12.277932735946903,12.264875,12.287477408015718
970,confirmation,2024,4,11.849404844423074,11.765923,11.737130415998523
972,confirmation,2024,4,12.06105265381003,12.002237,12.030407630460052
980,confirmation,2024,4,11.842236406331555,11.798561,11.789511793134373
982,confirmation,2024,4,12.724869415131389,12.702636,12.678031458159262
997,confirmation,2024,4,11.824087219587643,11.816587,11.867132726648736
998,confirmation,2024,4,12.128116509451258,11.952551,11.96233920584105
1004,confirmation,2024,4,11.827049837927534,11.875867,11.910903720145363
1006,confirmation,2024,4,11.917730355182513,11.771691,11.814887900025909
1007,confirmation,2024,4,12.004574385508691,11.993919,11.889213445294757
1013,confirmation,2024,4,12.013706813470414,11.973111,12.030607940370164
1021,confirmation,2024,4,12.07824495582233,11.884264,11.89100198357686
1025,confirmation,2024,4,12.567240979056246,12.617905,12.596126207654864
1034,confirmation,2024,4,12.345838935721968,12.378062,12.37853757723293
1040,confirmation,2024,4,11.289794413577894,11.295789,11.236165163928785
1045,confirmation,2024,4,12.535379989788607,12.506643,12.457222583100329
1050,confirmation,2024,4,11.349241150793087,11.533464,11.60630728317181
1054,confirmation,2024,4,11.881041706925902,11.866523,11.866789054106293
1057,confirmation,2024,4,12.13270055639427,12.270724,12.30289394213663
1060,confirmation,2024,4,12.301387370778713,12.09583,12.15332675140532
1075,confirmation,2024,4,12.175618592671356,12.186913,12.177051109888989
1076,confirmation,2024,4,12.299112067295642,12.236563,12.306905686731048
1083,confirmation,2024,4,12.165255859329688,12.166812,12.156950516322095
1085,confirmation,2024,4,12.141539457711714,12.144587,12.159757805651342
1091,confirmation,2024,4,11.439289689006644,11.429925,11.41291817481978
1093,confirmation,2024,4,11.824087219587643,11.9579525,11.9301357405857
1095,confirmation,2024,4,11.767575435251748,11.800202,11.830889312781316
1101,confirmation,2024,4,11.002116507732017,11.119068,11.031248834774203
1105,confirmation,2024,4,11.571203807011969,11.647496,11.656561865127626
1106,confirmation,2024,4,12.691583538230217,12.711959,12.686038410953326
1107,confirmation,2024,4,12.100161978566867,12.170951,12.140361735115107
1114,confirmation,2024,4,11.80932691294063,11.750358,11.776023317601139
1118,confirmation,2024,4,11.775297421715827,11.857081,11.872784118771028
1147,confirmation,2024,4,12.100717685412471,12.060316,12.045767071560233
1148,confirmation,2024,4,12.069685751267224,12.113464,12.173093497121036
1150,confirmation,2024,4,11.870606902224587,11.859923,11.851293235474744
1151,confirmation,2024,4,11.728044909070785,11.717847,11.687087321890813
1154,confirmation,2024,4,11.699413330633599,11.686961,11.709708139349129
1162,confirmation,2024,4,12.319405795112926,12.239649,12.309964287355928
1163,confirmation,2024,4,11.767575435251748,11.758341,11.72806214035707
1165,confirmation,2024,4,12.175618592671356,12.140983,12.210801179531224
1166,confirmation,2024,4,12.359527368950229,12.286263,12.310001261806834
1168,confirmation,2024,4,12.06105265381003,12.125632,12.140803528612768
1179,confirmation,2024,4,11.950541482162043,11.7460985,11.79686296796572
1180,confirmation,2024,4,11.440365524765756,11.410033,11.400723022019001
1182,confirmation,2024,4,12.880294363972055,12.57517,12.609897839727276
1183,confirmation,2024,4,13.521140839642674,13.001731,13.045798096897776
1192,confirmation,2024,4,12.066816325306588,12.028279,11.998365555032613
1194,confirmation,2024,4,12.013706813470414,11.999871,11.976367240246244
1195,confirmation,2024,4,11.970356641102999,11.9252615,11.916427356332576
1196,confirmation,2024,4,12.07824495582233,12.013043,12.030696571096389
1198,confirmation,2024,4,11.87757552297847,11.905837,11.85231288079409
1206,confirmation,2024,4,12.513193308436527,12.603769,12.612680288629123
1207,confirmation,2024,4,11.580593459194764,11.669353,11.684615101659178
1210,confirmation,2024,4,12.577639650232573,12.539998,12.566122857090804
1211,confirmation,2024,4,12.149507585033072,12.130066,12.110201401337388
1217,confirmation,2024,4,11.626263078808801,11.756046,11.714049433949793
1225,confirmation,2024,4,12.122696471358964,12.16424,12.176525637736875
1231,confirmation,2024,4,12.154784614286667,12.145953,12.115674483191542
1247,confirmation,2024,4,12.136191879981927,12.170017,12.194708299795437
1252,confirmation,2024,4,12.053801032483948,12.143126,12.175295179624422
1254,confirmation,2024,4,12.591338447675579,12.572275,12.613301248005563
1263,confirmation,2024,4,11.992266613576142,11.790929,11.882368736616849
1270,confirmation,2024,4,11.87757552297847,11.828407,11.820910257278902
1279,confirmation,2024,4,12.37581963951765,12.486142,12.447486533276447
1286,confirmation,2024,4,11.794345471549745,11.7367735,11.76710186761165
1289,confirmation,2024,4,12.535379989788607,12.394938,12.400612248176929
1294,confirmation,2024,4,12.000897933306716,12.128799,12.098921640058046
1298,confirmation,2024,4,11.849404844423074,11.925323,11.895011483870734
1305,confirmation,2024,4,11.775297421715827,11.856762,11.821894020478888
1307,confirmation,2024,4,12.218500103788143,12.175386,12.203123559811534
1308,confirmation,2024,4,11.835016210489899,11.834206,11.833892305235292
1323,confirmation,2024,4,12.154784614286667,12.280572,12.344555931540375
1325,confirmation,2024,4,11.898194668458823,12.64146,12.657248465552527
1336,confirmation,2024,4,12.031129798974042,12.009,12.003896170828275
1337,confirmation,2024,4,11.813037464800539,11.8796625,11.91262605311445
1342,confirmation,2024,4,11.951186847493476,12.003391,11.991324176543854
1352,confirmation,2024,4,12.049424683420915,12.036462,12.03341293374775
1355,confirmation,2024,4,12.367345048436391,12.409264,12.412220864772703
1356,confirmation,2024,4,12.04355959836804,12.1606245,12.145638677146014
1357,confirmation,2024,4,11.608244735642321,11.680736,11.686057238419938
1361,confirmation,2024,4,12.149507585033072,12.074919,12.133163742970657
1363,confirmation,2024,4,11.560772327227417,11.811947,11.83495417843504
1366,confirmation,2024,4,12.283038316285214,12.254609,12.276604415497502
1377,confirmation,2024,4,11.418625774449598,11.400764,11.372947706528082
1378,confirmation,2024,4,11.669937760751914,11.81111,11.797800003799455
1380,confirmation,2024,4,12.02874460037869,11.855714,11.89617364236888
1385,confirmation,2024,4,11.561725152903833,11.644148,11.64492766662349
1387,confirmation,2024,4,12.429220196836383,12.564944,12.535066468854433
1392,confirmation,2024,4,11.728044909070785,11.774282,11.773122845807594
1397,confirmation,2024,4,11.982935344196433,11.957775,11.990437486730288
1398,confirmation,2024,4,11.83138646878959,11.776597,11.823161660569605
1400,confirmation,2024,4,11.831022768939789,12.001053,11.981646809133588
1415,confirmation,2024,4,12.240478903153711,12.219935,12.2750158024402
1417,confirmation,2024,4,11.715874472198905,11.694538,11.691982940110112
1418,confirmation,2024,4,12.73670383776449,12.706329,12.681725038786704
1425,confirmation,2024,4,11.87757552297847,11.843882,11.83638457673691
1433,confirmation,2024,4,11.07443600653965,11.576132,11.568555390974856
1439,confirmation,2024,4,11.916395250412128,11.945571,11.925549744672127
1444,confirmation,2024,4,11.703554089007538,11.511213,11.541541679318193
1451,confirmation,2024,4,11.820417517632333,11.792537,11.791377125897926
1,confirmation,2024,5,12.24769911637256,12.242766,12.23252636133464
4,confirmation,2024,5,11.849404844423074,12.00825,12.009006816884137
7,confirmation,2024,5,12.634606283893019,12.498782,12.47256590098207
8,confirmation,2024,5,12.206077645517674,12.265104,12.23230700726949
11,confirmation,2024,5,11.771443882099637,11.77324,11.75741856011974
12,confirmation,2024,5,12.75130259456002,12.808746,12.879908210005736
13,confirmation,2024,5,11.87757552297847,11.803437,11.795043533452343
15,confirmation,2024,5,11.964007453736912,11.96531,11.943570868132126
23,confirmation,2024,5,12.345838935721968,12.38462,12.341700566353417
24,confirmation,2024,5,11.774527900858468,11.836267,11.831343363415177
26,confirmation,2024,5,12.454107814022272,12.39612,12.395087426151655
30,confirmation,2024,5,11.134603622683905,11.129123,11.209599526492385
32,confirmation,2024,5,11.914054519303125,11.834028,11.825634544499707
40,confirmation,2024,5,11.314486721293981,11.29264,11.312683872299216
41,confirmation,2024,5,11.982935344196433,11.917297,11.825047199672705
49,confirmation,2024,5,11.635151947212842,11.512701,11.490957434876702
51,confirmation,2024,5,12.083910661257521,12.086998,12.104959478003265
52,confirmation,2024,5,11.648338835562747,11.667602,11.724331658369504
58,confirmation,2024,5,12.188422799337028,12.182473,12.179532315604979
60,confirmation,2024,5,11.735276702486741,11.697096,11.727690340979581
61,confirmation,2024,5,11.970356641102999,12.043375,12.017755838720932
65,confirmation,2024,5,12.299112067295642,12.377396,12.36305906436889
69,confirmation,2024,5,11.289794413577894,11.291837,11.28725826048
75,confirmation,2024,5,11.58432477200052,11.442461,11.446852839800437
83,confirmation,2024,5,12.409017571151187,12.364076,12.344005040968241
92,confirmation,2024,5,11.498836682527127,11.602212,11.511089011604403
97,confirmation,2024,5,12.273735966890268,12.272598,12.269657399528318
98,confirmation,2024,5,11.459007676978688,11.727129,11.734949139376418
106,confirmation,2024,5,12.429220196836383,12.419556,12.399485044325175
110,confirmation,2024,5,12.154784614286667,12.152705,12.154802923783613
119,confirmation,2024,5,12.676079399771027,12.937854,12.924720083249644
124,confirmation,2024,5,11.944064817531656,11.961069,11.950947569104926
131,confirmation,2024,5,12.328294703023396,12.312912,12.264328757583616
133,confirmation,2024,5,11.923384748066601,11.938753,11.939993396258991
136,confirmation,2024,5,12.066816325306588,12.088547,12.05984601291444
137,confirmation,2024,5,11.870606902224587,11.868424,11.862236854017699
145,confirmation,2024,5,11.736077016252437,11.811824,11.831328273386006
147,confirmation,2024,5,11.561725152903833,11.558391,11.573762185879172
149,confirmation,2024,5,11.856522261533737,11.950374,11.942531459927627
151,confirmation,2024,5,11.711784520403112,11.81723,11.828541806836132
158,confirmation,2024,5,12.504327379899443,12.462222,12.445015622532726
159,confirmation,2024,5,12.448630513463613,12.296093,12.316635449227128
161,confirmation,2024,5,11.998439434579149,11.977846,11.992761265165164
163,confirmation,2024,5,12.301387370778713,12.391728,12.41507916759758
166,confirmation,2024,5,11.755879486687116,11.763852,11.773075181950801
176,confirmation,2024,5,12.400820837540556,12.219605,12.214694302959591
178,confirmation,2024,5,12.058158312538197,12.046824,12.038302077866641
179,confirmation,2024,5,13.126032637428713,12.899005,12.986149055485432
182,confirmation,2024,5,12.206577518060588,12.11126,12.168537445101927
184,confirmation,2024,5,12.206077645517674,12.351479,12.2980080221997
192,confirmation,2024,5,12.122696471358964,12.076679,12.041936142668954
203,confirmation,2024,5,11.626263078808801,11.749977,11.71364697930162
208,confirmation,2024,5,11.856522261533737,11.837057,11.844749886462182
212,confirmation,2024,5,12.133507329024972,12.060763,12.036141232713444
216,confirmation,2024,5,11.808955099378537,11.807793,11.82247772086218
228,confirmation,2024,5,11.571203807011969,11.439339,11.4235490824332
232,confirmation,2024,5,12.90669432231532,12.75248,12.737494747320468
242,confirmation,2024,5,11.612779849672751,11.415903,11.415077829190361
245,confirmation,2024,5,12.230770136157428,12.428675,12.415540967954234
248,confirmation,2024,5,11.849404844423074,11.898316,11.883876306655393
253,confirmation,2024,5,12.06105265381003,12.08069,12.070568845960395
255,confirmation,2024,5,11.884495917930655,11.882401,11.884495831503214
256,confirmation,2024,5,12.345838935721968,12.410708,12.4104706862749
263,confirmation,2024,5,11.92504173829169,11.943933,11.932696843797483
267,confirmation,2024,5,12.128116509451258,12.142928,12.166906574940356
268,confirmation,2024,5,12.097936057925594,11.985118,12.048386418538598
301,confirmation,2024,5,11.964007453736912,11.972588,12.0459147310758
304,confirmation,2024,5,11.917730355182513,11.706177,11.705389924220016
305,confirmation,2024,5,12.59473402514672,12.725091,12.706333187581667
311,confirmation,2024,5,12.017336559562407,12.1158285,12.139806965565356
317,confirmation,2024,5,12.468440756144114,12.36717,12.347510297911144
322,confirmation,2024,5,12.777055016970678,12.709089,12.706007543275277
323,confirmation,2024,5,12.614868865984631,12.615636,12.601648045039115
334,confirmation,2024,5,12.240478903153711,12.109007,12.107376392158445
341,confirmation,2024,5,12.220473454337986,12.331571,12.254558965881772
352,confirmation,2024,5,12.154784614286667,12.254338,12.259932905842891
359,confirmation,2024,5,11.775297421715827,11.688874,11.628226562931044
360,confirmation,2024,5,12.54254845357358,12.528795,12.52520613484806
361,confirmation,2024,5,11.957617696467539,11.933167,11.913917236285402
363,confirmation,2024,5,12.198549416880068,12.084434,12.084794553257447
368,confirmation,2024,5,12.013706813470414,11.964142,11.942402617094528
369,confirmation,2024,5,11.790564777297387,11.835136,11.837230778707804
373,confirmation,2024,5,11.736077016252437,11.699895,11.684481826887392
382,confirmation,2024,5,12.142871895843887,12.238175,12.279808848644267
384,confirmation,2024,5,11.23850177707664,11.273501,11.178344376759313
397,confirmation,2024,5,11.719947764402807,11.727104,11.733037030100611
401,confirmation,2024,5,12.411056299528171,12.283398,12.26271305313129
402,confirmation,2024,5,12.013646205940514,12.166938,12.182838016047258
410,confirmation,2024,5,12.73596827534975,12.631083,12.620324354482872
423,confirmation,2024,5,11.635151947212842,11.688503,11.673851553270875
430,confirmation,2024,5,12.07254696717504,12.106742,12.102849622090218
433,confirmation,2024,5,11.715874472198905,11.758116,11.77200079576435
440,confirmation,2024,5,11.608244735642321,11.73507,11.763950676030433
447,confirmation,2024,5,12.154784614286667,12.179272,12.159668758915162
454,confirmation,2024,5,12.25486757159303,12.257213,12.233045472579152
464,confirmation,2024,5,12.147919030759663,12.09186,12.148911287665177
465,confirmation,2024,5,11.728044909070785,11.711861,11.717793499827174
466,confirmation,2024,5,12.093693109638318,12.072018,12.080555520495874
470,confirmation,2024,5,12.138869243416009,12.124945,12.11482314893891
472,confirmation,2024,5,12.154784614286667,12.119728,12.084881711185105
482,confirmation,2024,5,12.832013750189885,12.737768,12.743638958843096
490,confirmation,2024,5,11.362114203075018,11.486817,11.505097211299537
496,confirmation,2024,5,10.460270761075149,11.072873,11.05116613592563
498,confirmation,2024,5,12.122696471358964,12.032658,12.029996578374151
509,confirmation,2024,5,11.989165855127435,11.914842,11.896083858968385
511,confirmation,2024,5,12.013100572810686,11.957279,11.97370581477214
526,confirmation,2024,5,12.07824495582233,12.160262,12.19339526217008
533,confirmation,2024,5,11.58525542883217,11.6032505,11.618482119276216
537,confirmation,2024,5,12.144202560946876,12.206404,12.196163713324387
538,confirmation,2024,5,11.619544188752133,11.7137165,11.692487197974037
540,confirmation,2024,5,12.513561021741964,12.448408,12.40019744010268
545,confirmation,2024,5,12.098854850641,12.171864,12.186962485081942
552,confirmation,2024,5,11.630717389475995,11.645676,11.623711102383512
563,confirmation,2024,5,11.58989576532275,11.633275,11.629360843945866
565,confirmation,2024,5,12.498745990829315,12.473239,12.528369076068872
566,confirmation,2024,5,11.759793355371237,11.75337,11.65129283815481
570,confirmation,2024,5,11.820123358887447,11.868751,11.876007799714637
572,confirmation,2024,5,11.695255355062795,11.757434,11.672611557465757
574,confirmation,2024,5,12.04355959836804,12.028619,12.01493628232601
575,confirmation,2024,5,11.842236406331555,11.692027,11.706404610789807
596,confirmation,2024,5,12.672949516558306,12.619798,12.747841277311558
597,confirmation,2024,5,11.648373769145277,11.642978,11.62818007644826
599,confirmation,2024,5,12.289958727201455,12.166284,12.247038582887406
600,confirmation,2024,5,11.92504173829169,11.930986,11.931801147617293
603,confirmation,2024,5,12.301387370778713,12.380031,12.349013839713216
607,confirmation,2024,5,11.931642378754141,11.937152,11.943084751963404
609,confirmation,2024,5,12.791358964949923,12.676605,12.645440203889683
610,confirmation,2024,5,11.682676678340282,11.6814165,11.717083959574301
618,confirmation,2024,5,11.566475710526321,11.631436,11.617124949130742
623,confirmation,2024,5,11.813037464800539,11.738489,11.725998904943625
631,confirmation,2024,5,11.728044909070785,11.580691,11.567521770621548
632,confirmation,2024,5,12.252483791602627,12.343994,12.340912404725472
641,confirmation,2024,5,12.520887034998584,12.49758,12.500643475863987
652,confirmation,2024,5,11.58989576532275,11.575401,11.585270553624865
661,confirmation,2024,5,12.19552218463499,12.16458,12.1428712185626
670,confirmation,2024,5,11.83138646878959,11.58478,11.66198161426216
671,confirmation,2024,5,12.063938642041201,12.077926,12.091494255947463
675,confirmation,2024,5,11.849404844423074,11.919166,11.904854212436407
680,confirmation,2024,5,11.763691965388299,11.739332,11.717365032621364
683,confirmation,2024,5,12.06105265381003,12.073551,12.098558214029346
701,confirmation,2024,5,12.652362948153474,12.605525,12.541104049515642
704,confirmation,2024,5,11.849404844423074,11.800865,11.80089400802589
705,confirmation,2024,5,12.269052139516223,12.262478,12.24694631552824
707,confirmation,2024,5,12.618185607609803,12.622817,12.675073641319145
723,confirmation,2024,5,11.732069026983156,11.660276,11.684437719620592
725,confirmation,2024,5,12.676079399771027,12.631082,12.584013349165442
726,confirmation,2024,5,11.699413330633599,11.663628,11.67465168056585
729,confirmation,2024,5,11.608244735642321,11.717329,11.713894317477758
730,confirmation,2024,5,11.542493975902508,11.4396715,11.36195578673994
731,confirmation,2024,5,12.373707715234994,12.413446,12.437775064579865
736,confirmation,2024,5,12.001511614739405,12.078154,12.052547288051716
742,confirmation,2024,5,11.863589378812122,11.853223,11.846063016922978
748,confirmation,2024,5,12.491176396967154,12.410265,12.373262948253616
757,confirmation,2024,5,12.264346270624157,12.285574,12.23855826633591
759,confirmation,2024,5,12.097378802727306,12.038104,12.063938059730795
765,confirmation,2024,5,12.506180941677357,12.425441,12.41205531874196
774,confirmation,2024,5,11.648338835562747,11.719438,11.731395033935756
776,confirmation,2024,5,11.995357787034976,11.973548,11.948918975052809
777,confirmation,2024,5,12.308182383129823,12.35812,12.374020152582903
782,confirmation,2024,5,12.077676615757813,12.073863,12.071040643431417
785,confirmation,2024,5,11.759793355371237,11.831191,11.795957022332166
788,confirmation,2024,5,12.358798024384122,12.356542,12.343407903684215
796,confirmation,2024,5,12.049424683420915,12.00006,11.992074833056908
797,confirmation,2024,5,11.874097282798648,11.869853,11.824607460786446
799,confirmation,2024,5,13.091906231773164,13.090036,13.149802565886347
800,confirmation,2024,5,12.07254696717504,11.878164,11.923912149142435
836,confirmation,2024,5,11.759793355371237,11.7603035,11.817390122659965
841,confirmation,2024,5,11.849404844423074,11.727613,11.7090305016343
842,confirmation,2024,5,11.967187086434018,11.919089,11.921637022435158
847,confirmation,2024,5,12.269052139516223,12.271635,12.259696319333948
855,confirmation,2024,5,12.04355959836804,12.012028,11.952494919893013
860,confirmation,2024,5,12.429220196836383,12.33989,12.376110444163732
866,confirmation,2024,5,11.908346971208951,11.756971,11.760260718100213
880,confirmation,2024,5,11.824087219587643,11.777165,11.815038347679195
890,confirmation,2024,5,11.915058360753719,11.994578,11.92247971888681
898,confirmation,2024,5,11.870278179170796,11.830577,11.850070826773385
904,confirmation,2024,5,12.388398368982115,12.398937,12.414036154515536
905,confirmation,2024,5,11.74006900564972,11.677066,11.662526512606798
906,confirmation,2024,5,11.759793355371237,11.799434,11.794100243546588
910,confirmation,2024,5,12.066816325306588,12.059709,12.072291348301436
916,confirmation,2024,5,11.225256725762893,11.349233,11.33352334269272
922,confirmation,2024,5,11.890683588496984,12.0588255,12.068048555363887
926,confirmation,2024,5,12.07254696717504,11.928064,11.893072383488034
929,confirmation,2024,5,12.373707715234994,12.4199295,12.372913811379854
934,confirmation,2024,5,12.154784614286667,12.197877,12.183540364722894
942,confirmation,2024,5,12.273735966890268,12.333019,12.32138581699682
945,confirmation,2024,5,11.83138646878959,11.932855,11.908376205064528
949,confirmation,2024,5,12.167856627501678,12.21806,12.215118672721678
954,confirmation,2024,5,12.055255569732177,12.053588,11.99267333392588
956,confirmation,2024,5,11.884495917930655,11.997049,12.03481791404419
971,confirmation,2024,5,11.813037464800539,11.230631,11.165312176025525
983,confirmation,2024,5,11.982278882874377,12.1114235,12.112662191347606
985,confirmation,2024,5,11.744045122410057,11.729499,11.728895600896035
990,confirmation,2024,5,12.190964083849375,12.14192,12.183553546215068
993,confirmation,2024,5,12.138869243416009,12.195114,12.19916936164251
999,confirmation,2024,5,11.418625774449598,11.272829,11.257283833244529
1000,confirmation,2024,5,12.235636302128867,12.161218,12.14568613028654
1005,confirmation,2024,5,12.10625783509458,12.181596,12.17873795468459
1010,confirmation,2024,5,11.532737896139919,11.644518,11.68314546502039
1017,confirmation,2024,5,12.220966184120165,12.311144,12.296807309608148
1018,confirmation,2024,5,12.141539457711714,12.127026,12.146003566606815
1023,confirmation,2024,5,11.373674891823535,11.623485,11.587946587758587
1029,confirmation,2024,5,11.561725152903833,11.77652,11.770332213819945
1031,confirmation,2024,5,11.982935344196433,11.857893,11.928460648260597
1032,confirmation,2024,5,12.190964083849375,12.3562975,12.273042336866936
1033,confirmation,2024,5,12.644330802262578,12.720583,12.733707707960527
1037,confirmation,2024,5,12.66191713053049,12.648295,12.634242612650889
1042,confirmation,2024,5,12.06105265381003,12.004217,12.044513925028484
1043,confirmation,2024,5,12.185875040240456,12.165021,12.188061439477897
1047,confirmation,2024,5,13.229569788348705,12.982551,13.081090438740564
1048,confirmation,2024,5,11.884495917930655,11.838924,11.848953797586379
1051,confirmation,2024,5,12.080996832096167,12.175516,12.17717026863305
1055,confirmation,2024,5,12.449022745701502,12.5108,12.475180367059302
1066,confirmation,2024,5,12.700771936142122,12.544298,12.597408870752819
1068,confirmation,2024,5,12.031129798974042,12.097635,12.083323870334356
1070,confirmation,2024,5,11.813037464800539,11.758359,11.772736474193128
1079,confirmation,2024,5,11.956976469393481,11.871321,11.896284996807575
1090,confirmation,2024,5,12.190964083849375,12.247637,12.234865327208794
1098,confirmation,2024,5,12.04355959836804,11.94004,11.963514175966504
1108,confirmation,2024,5,12.52352951631214,12.262854,12.277952551610262
1109,confirmation,2024,5,12.10625783509458,11.987472,11.959005093073557
1112,confirmation,2024,5,12.230770136157428,12.139271,12.110570042455455
1116,confirmation,2024,5,12.669809806411457,12.579072,12.626484884489003
1121,confirmation,2024,5,11.681832447342321,11.604536,11.552869472096203
1125,confirmation,2024,5,12.007017865994577,12.039902,12.026219203163413
1127,confirmation,2024,5,12.066816325306588,12.226067,12.22320874173293
1131,confirmation,2024,5,11.813037464800539,11.868213,11.84111506392159
1139,confirmation,2024,5,12.185875040240456,12.204087,12.179458296952223
1140,confirmation,2024,5,11.87757552297847,11.69199,11.684747296169652
1141,confirmation,2024,5,11.842236406331555,11.726741,11.747967756225382
1152,confirmation,2024,5,11.917730355182513,11.998689,11.948382964364294
1153,confirmation,2024,5,12.345838935721968,12.179809,12.208239956212624
1164,confirmation,2024,5,11.59873612138334,11.780979,11.757525345811038
1175,confirmation,2024,5,12.384223015005313,12.235337,12.311062890754688
1187,confirmation,2024,5,11.461642696843066,11.558576,11.52405938060917
1204,confirmation,2024,5,12.269052139516223,12.335042,12.320705434302972
1208,confirmation,2024,5,12.206077645517674,12.222879,12.24784368211031
1215,confirmation,2024,5,11.80932691294063,11.789897,11.797154192536903
1220,confirmation,2024,5,11.424105180165641,11.454735,11.427311227308655
1224,confirmation,2024,5,11.834291315386718,11.766833,11.69315159793829
1229,confirmation,2024,5,12.813920618864572,12.771658,12.835520663938523
1230,confirmation,2024,5,11.751950239425476,11.850592,11.85054973515377
1236,confirmation,2024,5,11.841423131921784,11.845918,11.919244847347773
1237,confirmation,2024,5,12.075400019877522,11.996841,11.989919400856438
1239,confirmation,2024,5,11.86710429621008,11.819024,11.785113193626868
1240,confirmation,2024,5,12.490879338036375,12.3540325,12.276166760129739
1241,confirmation,2024,5,12.323415584358154,12.267183,12.25694328485759
1245,confirmation,2024,5,12.345838935721968,12.174594,12.19084205940566
1249,confirmation,2024,5,11.771443882099637,11.898533,11.855870997058647
1257,confirmation,2024,5,12.616528611893463,12.6817875,12.670899231481043
1262,confirmation,2024,5,11.766799946849087,11.771498,11.774787085287713
1269,confirmation,2024,5,12.850557278777309,12.889761,12.912857634228581
1272,confirmation,2024,5,12.132162346145595,12.019858,12.044683579646394
1274,confirmation,2024,5,12.083910661257521,11.959226,11.96046014887838
1282,confirmation,2024,5,12.100717685412471,12.144713,12.185779979949748
1285,confirmation,2024,5,12.037659911047468,12.128986,12.093736859621032
1291,confirmation,2024,5,12.103491596905931,12.02887,12.044101244642427
1303,confirmation,2024,5,12.577639650232573,12.644185,12.640595958761635
1304,confirmation,2024,5,12.354496960983985,12.332898,12.366031294274572
1311,confirmation,2024,5,12.721888795877375,12.631997,12.701195709193044
1312,confirmation,2024,5,12.220966184120165,12.256505,12.258960411414774
1321,confirmation,2024,5,11.960817678718287,11.945351,11.83857593689491
1328,confirmation,2024,5,11.779136168550774,11.783326,11.80338719838917
1332,confirmation,2024,5,11.794345471549745,11.7795105,11.796839039576446
1335,confirmation,2024,5,11.736077016252437,11.712239,11.735601213191591
1340,confirmation,2024,5,11.763691965388299,11.751627,11.789520590293865
1341,confirmation,2024,5,11.719947764402807,11.568317,11.569864548966247
1344,confirmation,2024,5,12.083910661257521,12.054964,12.094781738570957
1345,confirmation,2024,5,11.95655945119582,12.128139,12.13059394107786
1349,confirmation,2024,5,12.278397958261774,12.403144,12.389156055903372
1350,confirmation,2024,5,11.711784520403112,11.944798,11.867747949861638
1354,confirmation,2024,5,12.923914877701906,12.916992,12.900812387884114
1365,confirmation,2024,5,11.878630514504515,11.893546,11.906237131017301
1371,confirmation,2024,5,11.561725152903833,11.625615,11.622231635541356
1382,confirmation,2024,5,12.377927112974284,12.24305,12.24187547335394
1383,confirmation,2024,5,11.964007453736912,11.90284,11.877233338466755
1388,confirmation,2024,5,11.820417517632333,11.904967,11.912197990938887
1391,confirmation,2024,5,12.367345048436391,12.306046,12.303104665153318
1396,confirmation,2024,5,12.546871224308068,12.571212,12.493346058530618
1407,confirmation,2024,5,11.798111925972618,11.77976,11.806258284187171
1408,confirmation,2024,5,11.626263078808801,11.695139,11.676390672625926
1409,confirmation,2024,5,11.74006900564972,11.613575,11.62213375418562
1411,confirmation,2024,5,12.345838935721968,12.303688,12.289351483802484
1416,confirmation,2024,5,12.077676615757813,12.324478,12.321620301791524
1431,confirmation,2024,5,12.165984756488543,12.002039,12.030949828893442
1432,confirmation,2024,5,11.87583791515714,11.835302,11.812387590527981
1435,confirmation,2024,5,11.982935344196433,11.997774,11.990421563937698
1436,confirmation,2024,5,12.066816325306588,11.975137,11.901904959076713
1442,confirmation,2024,5,11.913719681428494,11.870238,11.88790342455628
1443,confirmation,2024,5,12.644330802262578,12.791966,12.872787512167704
1446,confirmation,2024,5,11.767575435251748,11.699913,11.654667465974434
1447,confirmation,2024,5,11.969723533345908,11.894492,11.895113977371347
6,confirmation,2025,1,11.870606902224587,11.962999,11.952878385924707
7,confirmation,2025,1,12.634606283893019,12.5512905,12.53082553443283
15,confirmation,2025,1,11.964007453736912,11.969037,11.955671383304328
24,confirmation,2025,1,11.774527900858468,11.84704,11.849780645164856
31,confirmation,2025,1,10.596659732783579,11.459451,11.431337784717554
35,confirmation,2025,1,12.533579815765737,12.577244,12.555143265443126
36,confirmation,2025,1,12.6410997921206,12.612649,12.645992447300037
38,confirmation,2025,1,11.938199736300925,11.900347,11.910625216810548
44,confirmation,2025,1,11.777218637129327,11.767532,11.783018784867481
46,confirmation,2025,1,12.675766851909591,12.5998955,12.568392923743103
50,confirmation,2025,1,11.751950239425476,11.7557535,11.780051982670228
59,confirmation,2025,1,12.991755706536901,12.999367,12.931182052191797
62,confirmation,2025,1,11.522885696764481,11.501754,11.493252568578571
65,confirmation,2025,1,12.299112067295642,12.386269,12.389516453043651
70,confirmation,2025,1,12.323860125621126,12.3504305,12.384871907274613
84,confirmation,2025,1,11.748005492256807,11.7602005,11.767478223765924
89,confirmation,2025,1,11.350418300109132,11.07347,10.977671496364454
91,confirmation,2025,1,11.60733523953139,11.5278,11.562760144671191
92,confirmation,2025,1,11.498836682527127,11.641366,11.565704519029133
94,confirmation,2025,1,11.804855999911272,12.184351,12.141920082731152
96,confirmation,2025,1,12.128116509451258,12.058927,12.111974942635554
98,confirmation,2025,1,11.459007676978688,11.782376,11.776536893985723
100,confirmation,2025,1,11.767187766223199,11.756296,11.773424524761584
101,confirmation,2025,1,12.230770136157428,12.336922,12.35985203573133
108,confirmation,2025,1,11.652696102959753,11.531041,11.487332718412167
116,confirmation,2025,1,12.07824495582233,12.010765,12.032312173529318
126,confirmation,2025,1,11.344518647594766,11.170842,11.180062072676227
142,confirmation,2025,1,12.468440756144114,12.496526,12.503885824819298
143,confirmation,2025,1,12.019749091416921,11.788341,11.743865646175085
144,confirmation,2025,1,12.225880174775122,12.2680025,12.271250347391796
154,confirmation,2025,1,12.367345048436391,12.1680355,12.208990571832652
155,confirmation,2025,1,11.736077016252437,11.634271,11.544529920989147
162,confirmation,2025,1,12.929993908996359,12.912629,12.898606862697337
165,confirmation,2025,1,11.931642378754141,11.884136,11.85210182394409
173,confirmation,2025,1,12.384223015005313,12.202402,12.222021179166553
174,confirmation,2025,1,12.001511614739405,11.9400835,11.916642446373544
186,confirmation,2025,1,13.07107218827772,12.729846,12.744999512946167
191,confirmation,2025,1,12.660331092405906,12.530232,12.569359237837908
193,confirmation,2025,1,12.165255859329688,12.230701,12.233949283854198
194,confirmation,2025,1,11.775297421715827,11.857821,11.756855294185078
196,confirmation,2025,1,11.908346971208951,11.907921,11.90770365760048
198,confirmation,2025,1,12.367345048436391,12.521511,12.419053158343191
207,confirmation,2025,1,11.87688084212164,11.7669,11.765570916321945
215,confirmation,2025,1,11.993813394724253,11.893464,11.920384960168056
218,confirmation,2025,1,11.580593459194764,11.488444,11.443692294564011
220,confirmation,2025,1,12.027191164883384,12.067995,12.08659498176775
223,confirmation,2025,1,12.100161978566867,12.111688,12.142053666808375
237,confirmation,2025,1,12.130815551850676,12.148933,12.138461299575217
240,confirmation,2025,1,11.635151947212842,11.863292,11.815065687523877
247,confirmation,2025,1,11.827743504053695,11.781578,11.769124869916112
253,confirmation,2025,1,12.06105265381003,12.086869,12.07074612065058
271,confirmation,2025,1,12.491255347155265,12.46743,12.473617278187676
273,confirmation,2025,1,12.577639650232573,12.560485,12.562006191480565
274,confirmation,2025,1,11.842236406331555,11.94378,11.941885035441668
277,confirmation,2025,1,12.211065162153215,12.214865,12.16419462225519
290,confirmation,2025,1,11.941950837487406,11.828313,11.87373987272436
292,confirmation,2025,1,11.819681958463892,11.776331,11.824046797934244
295,confirmation,2025,1,12.025755079404917,12.09403,12.076904367227707
301,confirmation,2025,1,11.964007453736912,12.023892,12.084576538223788
304,confirmation,2025,1,11.917730355182513,11.770354,11.7709635008605
311,confirmation,2025,1,12.017336559562407,12.108416,12.128797550612978
312,confirmation,2025,1,11.790564777297387,11.855282,11.853386919902118
315,confirmation,2025,1,12.08954444723597,12.043134,12.004437989195237
326,confirmation,2025,1,11.373674891823535,11.423736,11.404837871433019
333,confirmation,2025,1,12.556733038263905,12.723548,12.752779195824683
337,confirmation,2025,1,12.841132451487937,12.791279,12.851485782113304
339,confirmation,2025,1,12.218500103788143,12.286123,12.284022809999138
344,confirmation,2025,1,12.491255347155265,12.523455,12.50943240133259
358,confirmation,2025,1,11.80560254159177,11.857491,11.834603396565596
366,confirmation,2025,1,11.898194668458823,11.748989,11.744805801062313
367,confirmation,2025,1,11.976665770490767,12.018975,12.001849244852218
380,confirmation,2025,1,12.095146671399466,12.062641,12.07891086774114
388,confirmation,2025,1,11.736077016252437,11.839943,11.794197720368008
389,confirmation,2025,1,12.160033942617156,12.178834,12.185842139164217
391,confirmation,2025,1,11.686887175419702,11.686507,11.702952396133936
395,confirmation,2025,1,11.599112335481124,11.592114,11.573651745456448
396,confirmation,2025,1,11.767575435251748,11.74983,11.727247595054914
402,confirmation,2025,1,12.013646205940514,12.14223,12.150656091672912
405,confirmation,2025,1,12.031725210748633,12.07192,12.083872184512769
409,confirmation,2025,1,12.54254845357358,12.500506,12.506126420252123
412,confirmation,2025,1,11.884495917930655,11.846536,11.846118084946648
413,confirmation,2025,1,12.310437165348775,12.414521,12.425721913728779
420,confirmation,2025,1,11.863589378812122,11.836,11.832558954943677
422,confirmation,2025,1,12.278397958261774,12.315606,12.352256409475643
431,confirmation,2025,1,11.355113089309977,11.492477,11.446222129856436
436,confirmation,2025,1,12.264346270624157,12.219387,12.237928243599331
440,confirmation,2025,1,11.608244735642321,11.70998,11.750755944169818
442,confirmation,2025,1,11.678448377988165,11.672102,11.648538522072021
444,confirmation,2025,1,12.058158312538197,12.163607,12.1737763966734
446,confirmation,2025,1,11.755879486687116,11.96015,11.941370607543401
451,confirmation,2025,1,11.608244735642321,11.531807,11.51935375175205
454,confirmation,2025,1,12.25486757159303,12.288294,12.27214679517585
462,confirmation,2025,1,11.951186847493476,11.896822,11.923643301376755
463,confirmation,2025,1,11.04106411122238,11.745859,11.748847934206077
464,confirmation,2025,1,12.147919030759663,12.132365,12.185510920331625
468,confirmation,2025,1,11.89478753335453,11.949748,11.966105074416694
476,confirmation,2025,1,11.794345471549745,11.828783,11.84268499212868
480,confirmation,2025,1,11.401681006153428,11.679405,11.696617805423724
484,confirmation,2025,1,12.00762780434872,12.008957,11.994400609704018
488,confirmation,2025,1,12.07254696717504,12.06156,12.084570191509147
489,confirmation,2025,1,11.982935344196433,11.781374,11.748207005908643
496,confirmation,2025,1,10.460270761075149,11.170141,11.140361505624737
511,confirmation,2025,1,12.013100572810686,11.9986,12.019274975601608
512,confirmation,2025,1,12.2193145828011,12.166555,12.180605581213172
514,confirmation,2025,1,11.80560254159177,11.907889,11.884902909314258
515,confirmation,2025,1,11.477308649967686,11.450357,11.502611415348676
516,confirmation,2025,1,12.90634935052389,12.929203,12.852000038736119
519,confirmation,2025,1,12.259618151783465,12.148602,12.1592968060154
520,confirmation,2025,1,12.36308066783498,12.371931,12.456857911014515
527,confirmation,2025,1,11.790564777297387,11.80085,11.81720694972187
528,confirmation,2025,1,13.008661502470739,13.01759,13.059151459529131
548,confirmation,2025,1,11.771443882099637,11.749517,11.760706160279973
555,confirmation,2025,1,12.556733038263905,12.424481,12.421736540111217
556,confirmation,2025,1,11.635151947212842,11.630447,11.662209200283028
564,confirmation,2025,1,12.128116509451258,12.082749,12.103433546088546
566,confirmation,2025,1,11.759793355371237,11.818723,11.73430109699946
568,confirmation,2025,1,12.273735966890268,12.158972,12.138746645956786
578,confirmation,2025,1,12.010671928196443,11.967485,11.958896080710758
580,confirmation,2025,1,11.78676973513378,11.752855,11.727239769406365
583,confirmation,2025,1,11.682676678340282,11.659605,11.646583319131558
591,confirmation,2025,1,12.132969552931216,12.129328,12.136335951725252
594,confirmation,2025,1,11.849404844423074,11.867649,11.882662286729122
595,confirmation,2025,1,11.608244735642321,11.617137,11.6326233914959
596,confirmation,2025,1,12.672949516558306,12.616594,12.76634400917902
603,confirmation,2025,1,12.301387370778713,12.296846,12.232713541036453
604,confirmation,2025,1,11.92504173829169,11.927043,11.939954160673613
606,confirmation,2025,1,12.230770136157428,12.211341,12.156933349388362
607,confirmation,2025,1,11.931642378754141,11.927276,11.92377065044262
614,confirmation,2025,1,11.898194668458823,11.62747,11.615545594356266
626,confirmation,2025,1,11.982935344196433,11.885807,11.87019217903134
632,confirmation,2025,1,12.252483791602627,12.353539,12.37845279286975
639,confirmation,2025,1,11.350418300109132,11.476145,11.481438937148354
644,confirmation,2025,1,11.931642378754141,11.930446,11.938225082377217
646,confirmation,2025,1,11.872353615355413,11.857833,11.83638896128205
652,confirmation,2025,1,11.58989576532275,11.674781,11.67325938458714
653,confirmation,2025,1,12.160033942617156,12.176509,12.179756740824413
666,confirmation,2025,1,12.348010479804223,12.420542,12.387434190926927
668,confirmation,2025,1,12.173037959397275,12.286532,12.270409282882026
672,confirmation,2025,1,11.548302261270587,11.702189,11.7087167757985
673,confirmation,2025,1,12.013706813470414,12.058892,12.105445776606352
681,confirmation,2025,1,11.870606902224587,11.766209,11.732605240778378
683,confirmation,2025,1,12.06105265381003,12.128004,12.143331526968742
691,confirmation,2025,1,11.856522261533737,11.918615,11.937388889902913
695,confirmation,2025,1,11.860062063178267,11.70101,11.728659339920954
698,confirmation,2025,1,11.724004532183379,11.778586,11.78423241680978
699,confirmation,2025,1,11.83863282480007,11.866884,11.892931707621804
703,confirmation,2025,1,12.799178471909892,12.738431,12.8881806714715
707,confirmation,2025,1,12.618185607609803,12.66712,12.718933572903351
716,confirmation,2025,1,12.013706813470414,11.889149,11.90017139262687
722,confirmation,2025,1,11.870606902224587,11.864044,11.865337449422798
726,confirmation,2025,1,11.699413330633599,11.703051,11.749130031807749
727,confirmation,2025,1,12.310437165348775,12.32792,12.412303125564193
731,confirmation,2025,1,12.373707715234994,12.4614525,12.48383844317479
732,confirmation,2025,1,12.141539457711714,12.164535,12.188210900919847
736,confirmation,2025,1,12.001511614739405,12.048457,12.009761399229417
758,confirmation,2025,1,11.97603664577121,11.904987,11.822285700535415
765,confirmation,2025,1,12.506180941677357,12.474876,12.506264528340575
767,confirmation,2025,1,12.188422799337028,12.118806,12.073245636375523
772,confirmation,2025,1,11.532737896139919,11.729655,11.650449529960259
774,confirmation,2025,1,11.648338835562747,11.702534,11.70981144520147
776,confirmation,2025,1,11.995357787034976,12.007569,11.988900790540676
777,confirmation,2025,1,12.308182383129823,12.331483,12.339908945066467
788,confirmation,2025,1,12.358798024384122,12.329092,12.2892324053806
793,confirmation,2025,1,12.505402864156405,12.364106,12.398402463573582
794,confirmation,2025,1,12.323860125621126,12.384081,12.381837892922427
800,confirmation,2025,1,12.07254696717504,11.949351,11.999385394773828
803,confirmation,2025,1,12.149507585033072,12.14808,12.155088049808748
808,confirmation,2025,1,12.317171167298682,12.205203,12.232852645890192
810,confirmation,2025,1,11.571203807011969,11.74109,11.711713949008455
818,confirmation,2025,1,12.509877789891931,12.584034,12.538084144190874
821,confirmation,2025,1,12.117246896289503,12.1338,12.140807730594881
829,confirmation,2025,1,12.128116509451258,12.013237,11.977591230561792
845,confirmation,2025,1,11.944064817531656,11.805677,11.816840518800293
846,confirmation,2025,1,12.049424683420915,12.096726,12.095397271302414
847,confirmation,2025,1,12.269052139516223,12.234441,12.208301131541905
851,confirmation,2025,1,11.78676973513378,11.8565235,11.867218787826923
869,confirmation,2025,1,12.037659911047468,12.0070915,12.021905027574672
871,confirmation,2025,1,11.603688960617083,11.513664,11.508711603345121
872,confirmation,2025,1,12.208574513247495,12.120957,12.122250634542427
875,confirmation,2025,1,11.104972264124868,11.459678,11.472248382527983
876,confirmation,2025,1,12.623064399210183,12.699702,12.697459268960024
877,confirmation,2025,1,11.792456911128632,11.856744,11.843611145332774
880,confirmation,2025,1,11.824087219587643,11.803046,11.836319855647092
885,confirmation,2025,1,11.51293546492023,11.700518,11.695565012158598
886,confirmation,2025,1,12.70351207261035,12.613097,12.592871328631798
891,confirmation,2025,1,11.719134432217524,11.715855,11.732211679946479
893,confirmation,2025,1,11.947955847790901,11.888905,11.879218772106592
898,confirmation,2025,1,11.870278179170796,11.819654,11.81916900046643
899,confirmation,2025,1,13.323928581764989,13.17128,13.195361508917182
904,confirmation,2025,1,12.388398368982115,12.349846,12.3565052322584
910,confirmation,2025,1,12.066816325306588,12.041071,12.057340662052663
911,confirmation,2025,1,11.946660519211651,11.89726,11.878587121568582
912,confirmation,2025,1,11.874097282798648,11.879988,11.902110321222057
913,confirmation,2025,1,11.385103457032141,11.535279,11.553702282430214
917,confirmation,2025,1,10.471978128496518,11.123848,11.003058886865672
933,confirmation,2025,1,12.676079399771027,12.582053,12.574705502165157
935,confirmation,2025,1,12.396697137361691,12.300137,12.25988586034003
943,confirmation,2025,1,11.918397239722838,11.880987,11.72543841746597
944,confirmation,2025,1,11.870606902224587,11.857823,11.817582147896099
949,confirmation,2025,1,12.167856627501678,12.271134,12.278494436879845
967,confirmation,2025,1,11.982935344196433,11.83968,11.921879242317909
975,confirmation,2025,1,12.02874460037869,12.07837,12.148486876864615
979,confirmation,2025,1,11.608244735642321,11.587345,11.540803291165055
993,confirmation,2025,1,12.138869243416009,12.163597,12.17893179594209
994,confirmation,2025,1,12.066241450757124,12.059841,12.049546879200514
1002,confirmation,2025,1,11.362114203075018,11.307952,11.31620467915801
1004,confirmation,2025,1,11.827049837927534,11.908108,11.931118271953483
1005,confirmation,2025,1,12.10625783509458,12.147279,12.118772902488109
1006,confirmation,2025,1,11.917730355182513,11.791456,11.828490192036215
1015,confirmation,2025,1,11.688566422839942,11.776605,11.755160705056465
1016,confirmation,2025,1,12.33270970174018,12.281063,12.231099228465817
1028,confirmation,2025,1,12.588194064175278,12.648831,12.666938468224625
1030,confirmation,2025,1,11.678448377988165,11.62635,11.651418082264314
1034,confirmation,2025,1,12.345838935721968,12.378738,12.386098463674278
1042,confirmation,2025,1,12.06105265381003,11.996663,12.048224750748785
1044,confirmation,2025,1,12.47717172708952,12.461233,12.438853807408567
1055,confirmation,2025,1,12.449022745701502,12.526398,12.49722679164975
1056,confirmation,2025,1,12.100717685412471,11.959174,11.91118559174421
1058,confirmation,2025,1,12.421188057397055,12.362591,12.416436112501266
1061,confirmation,2025,1,12.271396795480596,12.249129,12.271515254393051
1072,confirmation,2025,1,11.944714374881176,11.968749,11.9950028298838
1073,confirmation,2025,1,11.424105180165641,11.622281,11.529232257706896
1077,confirmation,2025,1,12.04355959836804,11.888485,11.89999994237041
1114,confirmation,2025,1,11.80932691294063,11.775287,11.7916437096706
1117,confirmation,2025,1,12.123239799036943,12.130982,12.093762603575108
1123,confirmation,2025,1,11.626263078808801,11.353466,11.156378404076628
1129,confirmation,2025,1,12.278397958261774,12.291928,12.27213060143316
1136,confirmation,2025,1,11.532737896139919,11.627039,11.646838342814064
1137,confirmation,2025,1,11.686887175419702,11.723602,11.662892034372385
1150,confirmation,2025,1,11.870606902224587,11.866465,11.858654457686299
1154,confirmation,2025,1,11.699413330633599,11.671547,11.680414955319486
1162,confirmation,2025,1,12.319405795112926,12.284724,12.337869929120687
1177,confirmation,2025,1,11.691080018519527,11.778179,11.771818551110217
1184,confirmation,2025,1,11.695255355062795,11.842395,11.832362283065446
1185,confirmation,2025,1,12.137263685701864,12.163369,12.183920741866489
1191,confirmation,2025,1,12.031725210748633,12.01541,11.976475424333806
1197,confirmation,2025,1,12.29779001527865,12.31625,12.32290919344004
1201,confirmation,2025,1,11.6617850286409,11.518769,11.523423950792093
1206,confirmation,2025,1,12.513193308436527,12.573446,12.572934213576223
1208,confirmation,2025,1,12.206077645517674,12.254184,12.273309200619027
1218,confirmation,2025,1,12.343470927093518,12.419413,12.421487553323649
1225,confirmation,2025,1,12.122696471358964,12.184514,12.172794630511103
1229,confirmation,2025,1,12.813920618864572,12.78709,12.828652191951006
1238,confirmation,2025,1,12.180759965737863,12.26297,12.27033003105709
1239,confirmation,2025,1,11.86710429621008,11.845715,11.798755687083716
1244,confirmation,2025,1,13.049794835104816,13.075213,13.002122660633837
1249,confirmation,2025,1,11.771443882099637,11.90421,11.854626377555094
1250,confirmation,2025,1,11.686887175419702,11.746584,11.762940973769721
1251,confirmation,2025,1,12.404927602627597,12.46352,12.380161443721594
1252,confirmation,2025,1,12.053801032483948,12.151245,12.148852148068542
1261,confirmation,2025,1,12.10625783509458,12.12462,12.140890161564382
1272,confirmation,2025,1,12.132162346145595,12.057648,12.094297997305233
1273,confirmation,2025,1,11.827743504053695,11.79768,11.820012015333381
1282,confirmation,2025,1,12.100717685412471,12.168257,12.200363249136755
1288,confirmation,2025,1,12.154784614286667,12.073564,12.07260443071744
1290,confirmation,2025,1,12.546113507028412,12.512186,12.581869843566812
1292,confirmation,2025,1,11.691080018519527,11.632652,11.661839972867922
1295,confirmation,2025,1,11.652696102959753,11.740973,11.746619501770718
1297,confirmation,2025,1,11.951186847493476,11.908092,11.92213034629049
1298,confirmation,2025,1,11.849404844423074,11.883624,11.844315275986904
1299,confirmation,2025,1,11.982935344196433,12.894251,12.679529063213101
1328,confirmation,2025,1,11.779136168550774,11.769826,11.824090741843863
1333,confirmation,2025,1,11.51293546492023,11.590133,11.603842355352372
1335,confirmation,2025,1,11.736077016252437,11.663408,11.682199460903034
1339,confirmation,2025,1,12.206077645517674,12.298915,12.306274969716759
1340,confirmation,2025,1,11.763691965388299,11.6954155,11.721650324406395
1343,confirmation,2025,1,12.339295865674435,12.484647,12.447045726391826
1344,confirmation,2025,1,12.083910661257521,12.060861,12.09984947841072
1346,confirmation,2025,1,11.59451466851004,11.495953,11.458553570381351
1348,confirmation,2025,1,12.554840409959793,12.513169,12.523198114683792
1362,confirmation,2025,1,12.468440756144114,12.461082,12.450961688003071
1366,confirmation,2025,1,12.283038316285214,12.2621765,12.275087713224883
1369,confirmation,2025,1,11.87757552297847,11.858121,11.873134126633907
1372,confirmation,2025,1,12.016732516077072,12.076042,12.077907605717508
1374,confirmation,2025,1,13.05301544288996,13.0028925,13.169924095191796
1379,confirmation,2025,1,11.326607934898927,11.510733,11.51017271843068
1387,confirmation,2025,1,12.429220196836383,12.602945,12.57521725024265
1388,confirmation,2025,1,11.820417517632333,11.884764,11.82471863069781
1390,confirmation,2025,1,11.782960235741939,11.820467,11.855497485454297
1396,confirmation,2025,1,12.546871224308068,12.54058,12.516648554610248
1409,confirmation,2025,1,11.74006900564972,11.641786,11.646414515235124
1411,confirmation,2025,1,12.345838935721968,12.299165,12.302412609354686
1415,confirmation,2025,1,12.240478903153711,12.169461,12.222966523872616
1423,confirmation,2025,1,11.824087219587643,11.853766,11.872539990061604
1429,confirmation,2025,1,11.686887175419702,11.624833,11.634080353573266
1444,confirmation,2025,1,11.703554089007538,11.590746,11.630094350445361
1446,confirmation,2025,1,11.767575435251748,11.751717,11.69682202062613
1450,confirmation,2025,1,11.429554725537322,11.370857,11.35074090359231
1453,confirmation,2025,1,11.884495917930655,11.861025,11.841043273984447
1455,confirmation,2025,1,12.128116509451258,12.131289,12.1579196763857
1457,confirmation,2025,1,12.25486757159303,12.143636,12.156169584984704
1459,confirmation,2025,1,11.864469267087891,11.820276,11.81683477281477
2,confirmation,2025,2,12.109016442313738,12.057959,12.102567676370205
5,confirmation,2025,2,12.429220196836383,12.626408,12.647172990682794
8,confirmation,2025,2,12.206077645517674,12.289444,12.26945783528177
10,confirmation,2025,2,11.678448377988165,11.71579,11.736963016259931
14,confirmation,2025,2,12.540761149388421,12.226637,12.197894725122023
18,confirmation,2025,2,11.407576060361786,11.617964,11.657221052456713
19,confirmation,2025,2,11.976665770490767,11.950071,12.003789258090144
26,confirmation,2025,2,12.454107814022272,12.442765,12.42626852514844
30,confirmation,2025,2,11.134603622683905,11.098538,11.176856014771252
33,confirmation,2025,2,12.100161978566867,12.196196,12.168270843033795
40,confirmation,2025,2,11.314486721293981,11.281471,11.311562805919406
47,confirmation,2025,2,12.387089184491993,12.556658,12.504125736954252
49,confirmation,2025,2,11.635151947212842,11.437636,11.428687131451571
51,confirmation,2025,2,12.083910661257521,12.133141,12.150477668282788
57,confirmation,2025,2,12.058158312538197,12.279951,12.211206116126299
58,confirmation,2025,2,12.188422799337028,12.170643,12.170183663105556
71,confirmation,2025,2,12.404927602627597,12.553008,12.517684263678765
73,confirmation,2025,2,12.128116509451258,12.241674,12.232194146457944
74,confirmation,2025,2,11.88380602959621,11.897484,11.923678659226061
86,confirmation,2025,2,12.468440756144114,12.49041,12.50941664095926
97,confirmation,2025,2,12.273735966890268,12.261192,12.260733132099697
99,confirmation,2025,2,11.326607934898927,11.292592,11.283692262946992
113,confirmation,2025,2,12.85832230788469,12.726354,12.69761148385005
114,confirmation,2025,2,12.28765724080691,12.433486,12.422209673156747
115,confirmation,2025,2,12.466515835145202,12.319451,12.370056925704782
121,confirmation,2025,2,12.100717685412471,12.04952,12.071041238117369
127,confirmation,2025,2,11.759793355371237,11.883403,11.857162505949495
129,confirmation,2025,2,11.951186847493476,11.898096,11.875823704767539
138,confirmation,2025,2,12.049424683420915,12.242325,12.206990132144906
141,confirmation,2025,2,11.652696102959753,11.565409,11.584313680635777
150,confirmation,2025,2,11.652696102959753,11.654425,11.624554578472871
153,confirmation,2025,2,12.154784614286667,12.132692,12.145707307365832
158,confirmation,2025,2,12.504327379899443,12.534635,12.519210827668326
163,confirmation,2025,2,12.301387370778713,12.343442,12.373059321441971
170,confirmation,2025,2,12.337105293891872,12.444806,12.443775414687876
171,confirmation,2025,2,11.763691965388299,11.706903,11.671605138500441
179,confirmation,2025,2,13.126032637428713,12.976479,13.004030987827862
180,confirmation,2025,2,11.51293546492023,11.646196,11.610898046215285
181,confirmation,2025,2,12.083910661257521,12.034759,12.064066177745564
183,confirmation,2025,2,11.695255355062795,11.692221,11.665314766419359
195,confirmation,2025,2,11.751950239425476,11.702713,11.728718686180056
201,confirmation,2025,2,11.849404844423074,11.775484,11.804262077638796
205,confirmation,2025,2,11.608244735642321,11.572651,11.554181633913805
210,confirmation,2025,2,11.884495917930655,11.937202,11.94499597395232
211,confirmation,2025,2,11.49273296168228,11.368614,11.356759835181181
214,confirmation,2025,2,11.957617696467539,11.9029455,11.898885291812167
222,confirmation,2025,2,12.206077645517674,12.272361,12.246257994337723
226,confirmation,2025,2,11.626263078808801,11.506955,11.488666110392131
235,confirmation,2025,2,12.285350445351659,12.273177,12.284778611441002
238,confirmation,2025,2,12.178192583415596,12.292574,12.308449862927189
239,confirmation,2025,2,12.669809806411457,12.519896,12.568032375931889
241,confirmation,2025,2,12.47801017053037,12.530816,12.532203337378176
249,confirmation,2025,2,12.100717685412471,12.134807,12.121054460974007
256,confirmation,2025,2,12.345838935721968,12.330072,12.329284809965767
257,confirmation,2025,2,12.242891437918386,12.156429,12.200788460557678
259,confirmation,2025,2,12.352339472153524,12.2995205,12.3008198803828
263,confirmation,2025,2,11.92504173829169,11.979013,11.981073281594142
265,confirmation,2025,2,11.19822841866684,11.301511,11.265185473960766
268,confirmation,2025,2,12.097936057925594,11.984643,12.074463077185714
276,confirmation,2025,2,12.230770136157428,12.1544695,12.137690922372725
283,confirmation,2025,2,12.242891437918386,12.316467,12.384737643421143
287,confirmation,2025,2,11.976665770490767,12.080941,12.08697614308865
289,confirmation,2025,2,11.711784520403112,11.685662,11.667732675698382
291,confirmation,2025,2,12.359784657728284,12.501363,12.496486230975277
293,confirmation,2025,2,11.782960235741939,11.904202,11.832612105651435
298,confirmation,2025,2,12.384223015005313,12.310085,12.330217440134387
308,confirmation,2025,2,11.402005077384885,11.586257,11.589432375228395
309,confirmation,2025,2,11.320565693461432,11.567845,11.590880697859454
314,confirmation,2025,2,12.834683971615659,12.46675,12.465459344261806
318,confirmation,2025,2,12.506180941677357,12.490217,12.481261530242195
320,confirmation,2025,2,12.141539457711714,12.26139,12.225325020315234
323,confirmation,2025,2,12.614868865984631,12.563039,12.540264499611208
327,confirmation,2025,2,12.688501881189456,12.571486,12.653872040278278
328,confirmation,2025,2,11.886218559372042,11.840799,11.818526951837852
331,confirmation,2025,2,11.686887175419702,11.864166,11.818504677720318
336,confirmation,2025,2,12.34126328584159,12.2359085,12.281296071761595
340,confirmation,2025,2,11.951186847493476,11.903378,11.900719792019792
342,confirmation,2025,2,11.314486721293981,11.337276,11.341594471628113
345,confirmation,2025,2,11.350418300109132,11.497285,11.411352716421758
349,confirmation,2025,2,11.944714374881176,12.121278,12.164134124379615
351,confirmation,2025,2,12.670001611311875,12.604714,12.626645036686591
359,confirmation,2025,2,11.775297421715827,11.763025,11.712655069363361
364,confirmation,2025,2,11.678448377988165,11.587245,11.59960532318252
371,confirmation,2025,2,12.057578437658945,12.076184,12.090735781827197
374,confirmation,2025,2,11.719947764402807,11.714285,11.722508346094584
376,confirmation,2025,2,11.0186455364637,11.233304,11.208464912869088
377,confirmation,2025,2,11.904974309480181,11.778307,11.774246734378085
379,confirmation,2025,2,12.885204569609956,12.824144,12.834138194049343
382,confirmation,2025,2,12.142871895843887,12.257525,12.287057640854153
387,confirmation,2025,2,11.302216779257382,11.498917,11.452986216202643
390,confirmation,2025,2,12.962196972666593,12.939818,12.907470501833998
392,confirmation,2025,2,12.278397958261774,12.269088,12.23116433333938
403,confirmation,2025,2,11.58989576532275,11.478625,11.500617594295342
407,confirmation,2025,2,11.652696102959753,11.645939,11.629363652673252
411,confirmation,2025,2,11.002116507732017,11.564446,11.479438385493216
414,confirmation,2025,2,11.652696102959753,11.671721,11.646766077106149
418,confirmation,2025,2,12.384223015005313,12.338828,12.370298989461917
423,confirmation,2025,2,11.635151947212842,11.695462,11.677023194376597
424,confirmation,2025,2,12.660331092405906,12.751416,12.772181573751642
434,confirmation,2025,2,12.10625783509458,12.073777,12.090087285359324
437,confirmation,2025,2,11.661354090741,11.489983,11.45862742549481
439,confirmation,2025,2,11.411457364027745,11.377539,11.445955461481487
450,confirmation,2025,2,11.695255355062795,11.576044,11.587566962621775
455,confirmation,2025,2,12.144202560946876,11.898644,11.853638326883466
460,confirmation,2025,2,11.608244735642321,11.695778,11.657215120409385
461,confirmation,2025,2,12.481565733211923,12.447021,12.430795245786362
470,confirmation,2025,2,12.138869243416009,12.113468,12.107226692062627
472,confirmation,2025,2,12.154784614286667,12.198519,12.173932320034506
474,confirmation,2025,2,12.994532278619134,12.830356,12.878492466569096
482,confirmation,2025,2,12.832013750189885,12.7579775,12.751586286576234
483,confirmation,2025,2,11.951186847493476,11.952229,11.936898055944793
495,confirmation,2025,2,11.421917019425596,11.432296,11.420732469690277
498,confirmation,2025,2,12.122696471358964,12.043166,12.024610109124504
502,confirmation,2025,2,12.331387247601905,12.243932,12.279115473678925
506,confirmation,2025,2,11.732069026983156,11.718126,11.70454291005432
510,confirmation,2025,2,11.732069026983156,11.852198,11.860421096338724
534,confirmation,2025,2,10.579005242826247,11.027055,10.938440851919195
536,confirmation,2025,2,11.58525542883217,11.809778,11.810152596963492
545,confirmation,2025,2,12.098854850641,12.213773,12.223025335432471
553,confirmation,2025,2,12.450981602512561,12.459951,12.443454690004398
560,confirmation,2025,2,12.36308066783498,12.158252,12.14507322060427
567,confirmation,2025,2,12.691583538230217,12.682805,12.7510599583853
569,confirmation,2025,2,12.665397584983758,12.575536,12.575296908858515
579,confirmation,2025,2,11.891368749982085,11.9800825,11.996930446559897
582,confirmation,2025,2,12.442306148381938,12.811633,12.864370230961866
584,confirmation,2025,2,12.691583538230217,12.662399,12.778919506199491
587,confirmation,2025,2,11.775297421715827,11.700323,11.753213690652899
597,confirmation,2025,2,11.648373769145277,11.615354,11.577092458858964
608,confirmation,2025,2,12.323860125621126,11.988162,11.993683792611158
609,confirmation,2025,2,12.791358964949923,12.719075,12.697130473727498
616,confirmation,2025,2,11.83138646878959,11.894321,11.885086380262566
622,confirmation,2025,2,12.388398368982115,12.413704,12.456784788952959
631,confirmation,2025,2,11.728044909070785,11.6545105,11.634800824989101
645,confirmation,2025,2,12.823631142839984,12.749495,12.783467885210205
656,confirmation,2025,2,11.385103457032141,11.422997,11.369390511799326
659,confirmation,2025,2,11.487617913343598,11.837092,11.799550015549851
661,confirmation,2025,2,12.19552218463499,12.2683935,12.256035828581954
664,confirmation,2025,2,11.83138646878959,11.800262,11.833749065766103
667,confirmation,2025,2,11.767575435251748,12.221047,12.173162079568657
670,confirmation,2025,2,11.83138646878959,11.591548,11.650552197928311
678,confirmation,2025,2,11.603688960617083,11.560429,11.548865289819672
684,confirmation,2025,2,12.560247968016562,12.506097,12.467574916362967
690,confirmation,2025,2,12.179220327453933,12.118019,12.14707657626301
692,confirmation,2025,2,13.534474352733596,13.08129,13.31124556993013
700,confirmation,2025,2,12.185875040240456,12.132527,12.167711054733612
710,confirmation,2025,2,11.60733523953139,11.644714,11.626630446965391
713,confirmation,2025,2,12.149507585033072,12.190321,12.227254355004806
720,confirmation,2025,2,11.763691965388299,11.784206,11.796224741300188
723,confirmation,2025,2,11.732069026983156,11.6903,11.71122666620353
724,confirmation,2025,2,11.813037464800539,11.774671,11.824235793086155
730,confirmation,2025,2,11.542493975902508,11.4031515,11.299895397577297
734,confirmation,2025,2,11.786008995353765,11.793829,11.786235308700515
737,confirmation,2025,2,11.44572741040675,11.394732,11.353531587815645
740,confirmation,2025,2,12.154784614286667,12.174921,12.16576916231746
762,confirmation,2025,2,11.51293546492023,11.558291,11.552934817700711
763,confirmation,2025,2,12.279327754099118,12.20492,12.2646714375744
766,confirmation,2025,2,12.484208043148733,12.542395,12.586819231937655
768,confirmation,2025,2,11.982935344196433,12.083393,12.08422822275806
770,confirmation,2025,2,13.195615697878253,12.921616,12.953840364924375
779,confirmation,2025,2,11.87757552297847,11.870874,11.909540768307815
781,confirmation,2025,2,12.07824495582233,12.088129,12.074048468246813
792,confirmation,2025,2,11.896833207128452,11.967306,11.924782380409013
797,confirmation,2025,2,11.874097282798648,11.862084,11.822543922330444
799,confirmation,2025,2,13.091906231773164,13.17678,13.203310688652605
811,confirmation,2025,2,12.10625783509458,12.076671,12.105764194597993
814,confirmation,2025,2,11.969723533345908,11.976573,11.947506959452022
822,confirmation,2025,2,11.440365524765756,11.343133,11.298766325326572
826,confirmation,2025,2,12.861001210669146,12.96218,12.929832257205092
834,confirmation,2025,2,12.025755079404917,11.947957,11.933070552881524
837,confirmation,2025,2,11.941462360646149,11.789121,11.787015566218905
838,confirmation,2025,2,11.51293546492023,11.501088,11.488686470763556
839,confirmation,2025,2,11.87757552297847,11.885582,11.899358898640909
840,confirmation,2025,2,11.779136168550774,11.762948,11.751093674597685
843,confirmation,2025,2,12.071975378543236,11.996123,12.003916834242848
844,confirmation,2025,2,11.856522261533737,11.823992,11.778330193467388
853,confirmation,2025,2,12.00762780434872,12.036584,12.061601981385298
855,confirmation,2025,2,12.04355959836804,12.088821,12.007465447347192
856,confirmation,2025,2,11.751950239425476,11.88816,11.905443426602606
874,confirmation,2025,2,11.798111925972618,11.757395,11.77784698495209
878,confirmation,2025,2,12.765691290604371,12.738062,12.722978022055228
879,confirmation,2025,2,11.904974309480181,11.920159,11.930537068670372
883,confirmation,2025,2,12.08954444723597,12.052894,12.05875246390043
884,confirmation,2025,2,11.682676678340282,11.652321,11.715747695600777
889,confirmation,2025,2,12.498745990829315,12.648563,12.633693582646734
894,confirmation,2025,2,12.013706813470414,11.986514,11.973293119636233
897,confirmation,2025,2,11.575909653758895,11.315664,11.20973117031859
923,confirmation,2025,2,12.043500773454495,12.068564,12.065299783381825
924,confirmation,2025,2,12.170450649220749,12.225837,12.219595275741826
931,confirmation,2025,2,12.211065162153215,12.289503,12.263701151911759
942,confirmation,2025,2,12.273735966890268,12.323726,12.314245423618589
947,confirmation,2025,2,11.870606902224587,11.872614,11.889530039875844
952,confirmation,2025,2,11.694421681264394,11.627519,11.59976262835732
956,confirmation,2025,2,11.884495917930655,12.035072,12.066543229269046
960,confirmation,2025,2,11.951186847493476,12.038762,12.06923717390611
962,confirmation,2025,2,12.513561021741964,12.4998255,12.542906348096025
971,confirmation,2025,2,11.813037464800539,11.267482,11.199765650698952
973,confirmation,2025,2,11.507922973347437,11.720389,11.709439266008074
980,confirmation,2025,2,11.842236406331555,11.817163,11.809569811874344
981,confirmation,2025,2,12.091789104493502,12.038722,12.057210783215485
983,confirmation,2025,2,11.982278882874377,12.119925,12.108504581008956
985,confirmation,2025,2,11.744045122410057,11.785828,11.790130554176205
1001,confirmation,2025,2,11.314486721293981,11.248936,11.17818258785205
1010,confirmation,2025,2,11.532737896139919,11.629156,11.682004361262544
1012,confirmation,2025,2,11.51293546492023,11.56844,11.53579887608148
1013,confirmation,2025,2,12.013706813470414,12.014778,12.058477784874599
1017,confirmation,2025,2,12.220966184120165,12.291798,12.282645764490312
1021,confirmation,2025,2,12.07824495582233,11.879844,11.913330326447255
1022,confirmation,2025,2,12.175618592671356,12.229021,12.213571893256992
1029,confirmation,2025,2,11.561725152903833,11.748574,11.7361188299677
1031,confirmation,2025,2,11.982935344196433,11.832797,11.920858567672141
1047,confirmation,2025,2,13.229569788348705,13.013575,13.049819695158927
1050,confirmation,2025,2,11.349241150793087,11.54732,11.614003428265628
1057,confirmation,2025,2,12.13270055639427,12.281658,12.322755910337234
1069,confirmation,2025,2,11.927687224983487,12.010452,11.963846647273476
1071,confirmation,2025,2,11.813037464800539,11.794066,11.78161100220891
1074,confirmation,2025,2,11.979805470779858,11.886214,11.884100773953744
1076,confirmation,2025,2,12.299112067295642,12.239872,12.307264077111599
1080,confirmation,2025,2,11.744045122410057,11.788216,11.770862428181594
1082,confirmation,2025,2,11.798111925972618,11.783928,11.765998323586565
1083,confirmation,2025,2,12.165255859329688,12.144239,12.13048725363758
1086,confirmation,2025,2,11.898194668458823,11.957577,11.962705229167968
1091,confirmation,2025,2,11.439289689006644,11.403189,11.353295134207725
1093,confirmation,2025,2,11.824087219587643,11.967096,11.950521108117588
1097,confirmation,2025,2,11.751950239425476,11.710972,11.699095666757099
1099,confirmation,2025,2,11.759793355371237,11.5626335,11.630499869154642
1100,confirmation,2025,2,11.964007453736912,11.959104,11.86320559569464
1101,confirmation,2025,2,11.002116507732017,11.115955,11.047502716759155
1103,confirmation,2025,2,11.813037464800539,11.771496,11.714600403196592
1104,confirmation,2025,2,11.979805470779858,11.903305,11.897111251484562
1105,confirmation,2025,2,11.571203807011969,11.597353,11.584634343195606
1118,confirmation,2025,2,11.775297421715827,11.801444,11.816530404453928
1121,confirmation,2025,2,11.681832447342321,11.672901,11.632717665386672
1130,confirmation,2025,2,11.849404844423074,11.780647,11.729270381090059
1139,confirmation,2025,2,12.185875040240456,12.20707,12.169146892543482
1140,confirmation,2025,2,11.87757552297847,11.675237,11.665279785851887
1141,confirmation,2025,2,11.842236406331555,11.730617,11.73347913340876
1142,confirmation,2025,2,12.193498926601634,12.110188,12.12098025272016
1144,confirmation,2025,2,11.289794413577894,11.562343,11.478756033033578
1152,confirmation,2025,2,11.917730355182513,12.055393,11.992495547174395
1155,confirmation,2025,2,12.215037342290755,12.348914,12.328641890423986
1161,confirmation,2025,2,11.891368749982085,11.884907,11.869009388158718
1163,confirmation,2025,2,11.767575435251748,11.707026,11.678752996247947
1164,confirmation,2025,2,11.59873612138334,11.772751,11.734951964490984
1172,confirmation,2025,2,12.001511614739405,11.997065,11.992629365734462
1179,confirmation,2025,2,11.950541482162043,11.7986965,11.871713596968007
1181,confirmation,2025,2,12.429220196836383,12.426393,12.433794438311622
1190,confirmation,2025,2,12.149507585033072,12.204367,12.200629046439923
1202,confirmation,2025,2,12.19552218463499,12.204528,12.195375981470292
1210,confirmation,2025,2,12.577639650232573,12.512275,12.50474214098364
1217,confirmation,2025,2,11.626263078808801,11.824046,11.794848606358514
1221,confirmation,2025,2,11.652696102959753,11.631312,11.57091582279702
1222,confirmation,2025,2,11.80560254159177,11.7007885,11.687567526069339
1226,confirmation,2025,2,11.884495917930655,11.850441,11.850088885437186
1227,confirmation,2025,2,12.273735966890268,12.240516,12.284874878709534
1234,confirmation,2025,2,11.863589378812122,11.851729,11.82157601219716
1243,confirmation,2025,2,12.04355959836804,12.063076,11.940556801403444
1246,confirmation,2025,2,12.08954444723597,12.196626,12.176603045460254
1247,confirmation,2025,2,12.136191879981927,12.137422,12.166953804794582
1255,confirmation,2025,2,12.016128107502665,12.122503,12.11586788927971
1262,confirmation,2025,2,11.766799946849087,11.753044,11.761267577661966
1266,confirmation,2025,2,12.12215284831553,12.063848,12.097272667656563
1267,confirmation,2025,2,11.711784520403112,11.850377,11.762026870334008
1287,confirmation,2025,2,11.870606902224587,11.956551,11.966615523942528
1293,confirmation,2025,2,11.58525542883217,11.695579,11.615595821848729
1301,confirmation,2025,2,12.323860125621126,12.308412,12.298931321445737
1302,confirmation,2025,2,12.086731521684555,11.992145,12.040444530895787
1304,confirmation,2025,2,12.354496960983985,12.244995,12.278420243034981
1307,confirmation,2025,2,12.218500103788143,12.163264,12.195831677375041
1308,confirmation,2025,2,11.835016210489899,11.82874,11.815987209481102
1309,confirmation,2025,2,11.898194668458823,11.901884,11.8938660647477
1310,confirmation,2025,2,12.09626335986454,12.053936,12.047694526535283
1314,confirmation,2025,2,12.716405147731708,12.680754,12.74579583777817
1337,confirmation,2025,2,11.813037464800539,11.916103,11.90904002385843
1341,confirmation,2025,2,11.719947764402807,11.581338,11.569356985950584
1345,confirmation,2025,2,11.95655945119582,12.080583,12.051840457238722
1347,confirmation,2025,2,12.47801017053037,12.438221,12.439156272168583
1349,confirmation,2025,2,12.278397958261774,12.447691,12.424916637367556
1356,confirmation,2025,2,12.04355959836804,12.135546,12.124252279917522
1358,confirmation,2025,2,11.917730355182513,11.9732685,11.987234597394922
1359,confirmation,2025,2,12.086731521684555,12.053528,12.093178379779005
1376,confirmation,2025,2,12.384223015005313,12.451158,12.425390869592405
1397,confirmation,2025,2,11.982935344196433,12.014259,12.038859702200469
1410,confirmation,2025,2,12.278397958261774,12.355108,12.345573387941837
1417,confirmation,2025,2,11.715874472198905,11.7002535,11.710914211199226
1421,confirmation,2025,2,12.100161978566867,12.055212,12.084305568804536
1425,confirmation,2025,2,11.87757552297847,11.865115,11.852659738781176
1426,confirmation,2025,2,11.863589378812122,11.9122715,11.90783627491415
1435,confirmation,2025,2,11.982935344196433,11.984154,11.963956137560778
1437,confirmation,2025,2,11.699413330633599,11.6228695,11.626967126356574
1438,confirmation,2025,2,12.885673487343764,12.866045,12.929233380362655
1451,confirmation,2025,2,11.820417517632333,11.79542,11.78756456463635
1454,confirmation,2025,2,11.344518647594766,11.761697,11.743492490147288
1,confirmation,2025,3,12.24769911637256,12.242117,12.23224937436312
9,confirmation,2025,3,11.774527900858468,11.81777,11.76618776402741
13,confirmation,2025,3,11.87757552297847,11.8102455,11.804992836420913
21,confirmation,2025,3,12.692506186542177,12.746215,12.799946316551814
23,confirmation,2025,3,12.345838935721968,12.395125,12.360538215274326
32,confirmation,2025,3,11.914054519303125,11.809347,11.804094475214859
34,confirmation,2025,3,12.016732516077072,12.006182,12.000894174301752
54,confirmation,2025,3,12.861001210669146,12.744287,12.77460376454281
60,confirmation,2025,3,11.735276702486741,11.745126,11.790706336105487
61,confirmation,2025,3,11.970356641102999,12.008837,11.9946578415534
64,confirmation,2025,3,11.849404844423074,11.866255,11.847781782455815
66,confirmation,2025,3,12.666660207428574,12.646837,12.640761410036124
67,confirmation,2025,3,12.100717685412471,12.480631,12.444241626193062
76,confirmation,2025,3,11.418625774449598,11.38899,11.362542582335058
82,confirmation,2025,3,11.941462360646149,12.0660925,12.053199151073194
83,confirmation,2025,3,12.409017571151187,12.376884,12.371269198419055
85,confirmation,2025,3,12.034696963475044,12.014383,12.01892391756641
90,confirmation,2025,3,11.724813914587886,11.694989,11.724689381557878
103,confirmation,2025,3,11.68658461118553,11.705659,11.713497317662537
104,confirmation,2025,3,12.200562492481511,12.122619,12.113794065697665
105,confirmation,2025,3,12.040614105490253,11.979432,11.842358118895858
110,confirmation,2025,3,12.154784614286667,12.247984,12.255718777925628
118,confirmation,2025,3,11.951186847493476,11.876525,11.886085913739246
122,confirmation,2025,3,11.51293546492023,11.578112,11.487122720159832
125,confirmation,2025,3,12.10625783509458,12.061678,12.054088446161181
130,confirmation,2025,3,11.918397239722838,11.79132,11.794387771598757
132,confirmation,2025,3,12.404927602627597,12.244853,12.241761828201758
134,confirmation,2025,3,12.301387370778713,12.265256,12.206763447434419
146,confirmation,2025,3,11.775297421715827,11.774254,11.75220772025508
151,confirmation,2025,3,11.711784520403112,11.831362,11.860589648231356
152,confirmation,2025,3,12.827731880206521,12.688697,12.738009715746115
156,confirmation,2025,3,11.277215789596893,11.261488,11.23502324042106
159,confirmation,2025,3,12.448630513463613,12.2839985,12.303431310666921
164,confirmation,2025,3,11.544433821905134,11.535565,11.52148804554476
166,confirmation,2025,3,11.755879486687116,11.816774,11.806972522598523
167,confirmation,2025,3,12.154784614286667,12.094974,12.118380067849808
168,confirmation,2025,3,12.693501691489768,12.715534,12.76314566298143
185,confirmation,2025,3,11.751950239425476,11.659665,11.719027677418612
187,confirmation,2025,3,12.06105265381003,12.101618,12.044270167387829
188,confirmation,2025,3,11.813037464800539,11.800505,11.790050100609688
192,confirmation,2025,3,12.122696471358964,12.1119375,12.125402495930814
206,confirmation,2025,3,12.103491596905931,12.17624,12.180780568872562
208,confirmation,2025,3,11.856522261533737,11.818372,11.826046166441222
209,confirmation,2025,3,12.531776395271262,12.393355,12.36388988842
219,confirmation,2025,3,12.649157827477366,12.408832,12.467410324249254
221,confirmation,2025,3,12.230282214644559,12.29976,12.295954038067832
224,confirmation,2025,3,11.48247656671073,11.705479,11.790465339546781
225,confirmation,2025,3,12.864242696187505,12.8020525,12.860577589963087
230,confirmation,2025,3,12.167856627501678,12.174794,12.167195344138994
234,confirmation,2025,3,11.761354623750297,11.793599,11.825571352230488
243,confirmation,2025,3,11.277215789596893,11.419313,11.364015205772544
245,confirmation,2025,3,12.230770136157428,12.37833,12.35160909547089
248,confirmation,2025,3,11.849404844423074,11.885501,11.870211137825974
269,confirmation,2025,3,11.699413330633599,11.613944,11.631574086863083
275,confirmation,2025,3,11.732069026983156,11.775363,11.787813074931137
280,confirmation,2025,3,12.165255859329688,12.274575,12.331708175508888
284,confirmation,2025,3,12.407383590534293,12.365289,12.373393892757315
286,confirmation,2025,3,12.011886987792716,12.029398,12.038922848233224
294,confirmation,2025,3,12.367345048436391,12.390728,12.399660006884377
305,confirmation,2025,3,12.59473402514672,12.798917,12.81828820338414
310,confirmation,2025,3,12.793862088206213,12.763297,12.767166905533868
313,confirmation,2025,3,11.694421681264394,11.759263,11.75706832719874
319,confirmation,2025,3,12.468440756144114,12.687524,12.748277390876492
321,confirmation,2025,3,12.74444728628135,12.883922,12.925431767697711
325,confirmation,2025,3,12.396697137361691,12.419508,12.411481230589022
341,confirmation,2025,3,12.220473454337986,12.315168,12.261560121302802
347,confirmation,2025,3,11.928347504569842,11.86699,11.889281038508134
348,confirmation,2025,3,11.967187086434018,12.075877,12.052327547162216
350,confirmation,2025,3,12.988043102265232,12.977328,13.018838444943805
354,confirmation,2025,3,11.570259974415547,11.520505,11.503009124735552
355,confirmation,2025,3,11.849404844423074,11.984714,11.960772661709985
357,confirmation,2025,3,12.06105265381003,12.048083,12.058703326296868
362,confirmation,2025,3,11.884495917930655,11.834088,11.845331583456556
365,confirmation,2025,3,12.154784614286667,12.168393,12.169063520894762
370,confirmation,2025,3,11.995357787034976,11.994351,12.017426343089804
385,confirmation,2025,3,12.388398368982115,12.349531,12.377805169757632
394,confirmation,2025,3,11.51293546492023,11.353668,11.37463285381839
400,confirmation,2025,3,12.392556361841777,12.247739,12.262287438312208
401,confirmation,2025,3,12.411056299528171,12.292383,12.292141545990848
404,confirmation,2025,3,12.460718739865236,12.372475,12.35394325169311
415,confirmation,2025,3,12.337105293891872,12.41588,12.388116123801872
419,confirmation,2025,3,11.744045122410057,11.522929,11.439844745408676
425,confirmation,2025,3,11.842236406331555,11.895557,11.87584903805787
427,confirmation,2025,3,12.524530013005734,12.406035,12.374430066866179
432,confirmation,2025,3,11.288543647320601,11.622217,11.609096182905773
435,confirmation,2025,3,11.302216779257382,11.342742,11.34849792201144
441,confirmation,2025,3,13.22672519452875,12.937551,12.996075636838087
443,confirmation,2025,3,12.000897933306716,11.892171,11.931776662706033
449,confirmation,2025,3,11.691080018519527,11.727678,11.699439456519155
458,confirmation,2025,3,12.45293662970407,12.087645,12.193979355086547
459,confirmation,2025,3,11.989165855127435,11.982326,11.873015321338872
466,confirmation,2025,3,12.093693109638318,12.075968,12.076628808154803
473,confirmation,2025,3,11.904974309480181,11.850861,11.824395875308756
478,confirmation,2025,3,12.847929163278053,12.873522,12.871271632212505
485,confirmation,2025,3,11.794345471549745,11.818084,11.825780970157274
486,confirmation,2025,3,11.898194668458823,11.835767,11.85395752719261
490,confirmation,2025,3,11.362114203075018,11.464149,11.481402371511923
501,confirmation,2025,3,11.635151947212842,11.643833,11.622503549275827
507,confirmation,2025,3,12.278397958261774,12.373443,12.330274068536864
508,confirmation,2025,3,12.246739428005663,12.077559,12.096610689858592
517,confirmation,2025,3,11.970356641102999,12.020449,11.991049956162533
521,confirmation,2025,3,11.573559498507079,11.335246,11.337521443318794
524,confirmation,2025,3,12.126764251515691,12.8740015,12.646461521072684
529,confirmation,2025,3,11.362114203075018,11.338713,11.365779179917926
530,confirmation,2025,3,12.209192772866418,12.319203,12.271637782331599
531,confirmation,2025,3,12.07254696717504,12.118171,12.079546186938842
532,confirmation,2025,3,11.759793355371237,11.848569,11.92172950064779
533,confirmation,2025,3,11.58525542883217,11.551015,11.574089856273398
540,confirmation,2025,3,12.513561021741964,12.451402,12.417857480888657
550,confirmation,2025,3,12.479913113434042,12.314569,12.32911807338301
557,confirmation,2025,3,11.856522261533737,11.912679,11.91076682718111
559,confirmation,2025,3,12.07254696717504,12.2301655,12.238547360061185
572,confirmation,2025,3,11.695255355062795,11.732549,11.671636164084317
577,confirmation,2025,3,11.884495917930655,11.908241,11.930548406673221
586,confirmation,2025,3,12.820990681250251,12.819099,12.817571937352794
590,confirmation,2025,3,11.283524879179666,11.5579405,11.582894953499908
598,confirmation,2025,3,12.176654133447505,12.112658,12.088743903182404
610,confirmation,2025,3,11.682676678340282,11.673956,11.691400114695222
615,confirmation,2025,3,11.231901180182515,11.293269,11.285416771144256
627,confirmation,2025,3,11.848690308590857,11.713886,11.705854372463264
628,confirmation,2025,3,11.938199736300925,11.992699,11.987744460580787
630,confirmation,2025,3,12.034696963475044,11.982099,11.962390213900155
633,confirmation,2025,3,11.320565693461432,12.095734,12.046394637049332
640,confirmation,2025,3,12.485830907348902,12.537223,12.561212266952671
642,confirmation,2025,3,12.328294703023396,12.37167,12.388358244668275
643,confirmation,2025,3,12.75130259456002,12.774904,12.721936534361152
647,confirmation,2025,3,11.495789479023493,11.495639,11.489308360530684
648,confirmation,2025,3,11.951186847493476,11.885891,11.85942624029899
660,confirmation,2025,3,12.025755079404917,11.94711,11.933467053431384
662,confirmation,2025,3,12.904209855160254,12.874129,12.900178382639309
665,confirmation,2025,3,12.955129822091815,12.7831335,12.79949853749822
671,confirmation,2025,3,12.063938642041201,12.096589,12.102660293635163
675,confirmation,2025,3,11.849404844423074,11.921052,11.915054826008937
686,confirmation,2025,3,12.242891437918386,12.286956,12.345844750618044
687,confirmation,2025,3,12.336556900342153,12.302084,12.325320065322472
693,confirmation,2025,3,12.721888795877375,12.57684,12.620014051220004
696,confirmation,2025,3,12.07824495582233,12.083477,12.091572153263678
697,confirmation,2025,3,11.39640288460621,11.3906,11.434624556541518
701,confirmation,2025,3,12.652362948153474,12.617313,12.567080776806671
712,confirmation,2025,3,11.54031687156214,11.371774,11.319759890975329
714,confirmation,2025,3,11.767575435251748,11.575037,11.64663562670901
715,confirmation,2025,3,11.779136168550774,12.110791,12.126178743046808
717,confirmation,2025,3,11.979805470779858,12.207489,12.216261147553572
735,confirmation,2025,3,11.58989576532275,11.641764,11.611927805794204
739,confirmation,2025,3,12.095146671399466,11.907593,11.816459785834802
741,confirmation,2025,3,11.790564777297387,11.670426,11.68755289604941
743,confirmation,2025,3,12.095146671399466,12.112095,12.082629398002519
745,confirmation,2025,3,12.100717685412471,12.269323,12.31493285952656
746,confirmation,2025,3,12.61087420020211,12.714744,12.735027945376364
753,confirmation,2025,3,12.28765724080691,12.231119,12.24545023348105
754,confirmation,2025,3,12.526346537332584,12.513173,12.513217276008854
755,confirmation,2025,3,11.957617696467539,11.915096,11.935247356785856
759,confirmation,2025,3,12.097378802727306,12.037932,12.056322273018898
771,confirmation,2025,3,11.812296455066814,11.77069,11.747884797381321
784,confirmation,2025,3,12.016732516077072,11.949316,11.944974969769335
787,confirmation,2025,3,11.842236406331555,11.792991,11.772769035608862
804,confirmation,2025,3,13.275829251377,13.0654335,13.098683774262957
805,confirmation,2025,3,11.678448377988165,11.634348,11.582421981752752
806,confirmation,2025,3,12.335700805443338,12.234755,12.245980847836288
809,confirmation,2025,3,11.982622797311857,11.894798,11.89288638742281
813,confirmation,2025,3,10.932999821119937,11.262917,11.215667418047973
817,confirmation,2025,3,11.827743504053695,11.789666,11.80146549690708
820,confirmation,2025,3,12.319405795112926,12.303714,12.327994345698244
823,confirmation,2025,3,12.323860125621126,12.162723,12.139781748594132
825,confirmation,2025,3,12.357079818283598,12.358658,12.37502286763738
830,confirmation,2025,3,11.900912042974875,11.946766,11.96957437217665
836,confirmation,2025,3,11.759793355371237,11.757291,11.805841882074692
849,confirmation,2025,3,12.388398368982115,12.230953,12.304629330607874
859,confirmation,2025,3,11.931642378754141,11.973802,11.92446260732521
860,confirmation,2025,3,12.429220196836383,12.35326,12.382292924790235
866,confirmation,2025,3,11.908346971208951,11.781731,11.785270100518225
873,confirmation,2025,3,11.661354090741,11.631201,11.653232802267954
882,confirmation,2025,3,12.141539457711714,12.278304,12.315357753423545
887,confirmation,2025,3,11.884495917930655,12.034352,11.982426368654608
888,confirmation,2025,3,11.816734299348461,11.81953,11.80972768769862
896,confirmation,2025,3,11.849404844423074,12.02986,12.010151177340097
900,confirmation,2025,3,11.813037464800539,11.821963,11.835780514413695
901,confirmation,2025,3,11.608244735642321,11.647752,11.667436012589516
902,confirmation,2025,3,11.938199736300925,11.878564,11.896754615815658
903,confirmation,2025,3,12.100717685412471,12.106311,12.119111318349796
909,confirmation,2025,3,11.782960235741939,11.806487,11.796694688375581
916,confirmation,2025,3,11.225256725762893,11.396626,11.37231852785128
925,confirmation,2025,3,12.242891437918386,12.198045,12.212426375191043
930,confirmation,2025,3,12.310437165348775,12.32174,12.33454062438007
936,confirmation,2025,3,11.288543647320601,11.408059,11.479657744323756
941,confirmation,2025,3,11.924379271639218,12.125236,12.112342217479444
950,confirmation,2025,3,12.193498926601634,12.095728,12.12138515380785
955,confirmation,2025,3,11.755879486687116,11.792416,11.723185951601572
957,confirmation,2025,3,11.728044909070785,11.74467,11.68748960216612
963,confirmation,2025,3,11.951186847493476,11.977007,11.974773597843988
964,confirmation,2025,3,12.384223015005313,12.591476,12.581242282585992
968,confirmation,2025,3,11.813037464800539,11.801605,11.823637236472056
972,confirmation,2025,3,12.06105265381003,12.018131,12.02215796553821
976,confirmation,2025,3,12.013706813470414,12.071556,12.09436456382704
977,confirmation,2025,3,11.356283350762888,11.2968235,11.396784624415517
982,confirmation,2025,3,12.724869415131389,12.742007,12.739693844161316
986,confirmation,2025,3,11.736077016252437,11.720883,11.813552754596316
992,confirmation,2025,3,12.031725210748633,12.080494,11.99157848618551
995,confirmation,2025,3,12.729323752253295,12.773721,12.83224583337129
1008,confirmation,2025,3,11.385103457032141,11.433787,11.382598511105606
1009,confirmation,2025,3,12.388398368982115,12.381797,12.324449191130505
1018,confirmation,2025,3,12.141539457711714,12.1511965,12.211064584368927
1019,confirmation,2025,3,11.982935344196433,12.032164,12.038844096786246
1023,confirmation,2025,3,11.373674891823535,11.62923,11.592552338336397
1025,confirmation,2025,3,12.567240979056246,12.623475,12.609809707121165
1039,confirmation,2025,3,11.48247656671073,11.622677,11.609940241929191
1046,confirmation,2025,3,11.846543632608535,11.684471,11.690305593379541
1048,confirmation,2025,3,11.884495917930655,11.847512,11.86473031203179
1049,confirmation,2025,3,11.652696102959753,11.750365,11.707571974907664
1059,confirmation,2025,3,12.721888795877375,12.775022,12.770631505177727
1062,confirmation,2025,3,11.302216779257382,11.297184,11.40344234102268
1070,confirmation,2025,3,11.813037464800539,11.787068,11.8073989771644
1079,confirmation,2025,3,11.956976469393481,11.860844,11.875174736044526
1088,confirmation,2025,3,12.437188334739655,12.509417,12.4999600412026
1090,confirmation,2025,3,12.190964083849375,12.2103405,12.209143833282372
1106,confirmation,2025,3,12.691583538230217,12.705898,12.708469094689857
1107,confirmation,2025,3,12.100161978566867,12.168893,12.139427379264726
1108,confirmation,2025,3,12.52352951631214,12.258075,12.249402972144264
1111,confirmation,2025,3,12.144202560946876,12.102166,12.10291626129712
1112,confirmation,2025,3,12.230770136157428,12.206191,12.196053191318352
1113,confirmation,2025,3,11.774527900858468,11.735949,11.762399169919357
1116,confirmation,2025,3,12.669809806411457,12.602358,12.649969317156234
1122,confirmation,2025,3,12.268582547911404,12.346345,12.342539121075644
1126,confirmation,2025,3,11.652696102959753,11.630738,11.634571375069491
1127,confirmation,2025,3,12.066816325306588,12.162896,12.15529730336751
1132,confirmation,2025,3,11.44572741040675,11.562756,11.559727612922847
1134,confirmation,2025,3,12.386312871189734,12.410631,12.359202726103087
1135,confirmation,2025,3,12.037659911047468,12.063742,12.062790367712122
1138,confirmation,2025,3,11.451060699493427,11.379524,11.405304001515436
1145,confirmation,2025,3,11.289794413577894,11.359755,11.33646188236391
1146,confirmation,2025,3,11.91170829631447,11.754215,11.761225519317325
1147,confirmation,2025,3,12.100717685412471,12.066443,12.054260119243871
1148,confirmation,2025,3,12.069685751267224,12.1196785,12.150179879515603
1153,confirmation,2025,3,12.345838935721968,12.170708,12.204175819035438
1159,confirmation,2025,3,12.367889578686164,12.385026,12.401933366862808
1160,confirmation,2025,3,12.128116509451258,12.104127,12.11408993307675
1168,confirmation,2025,3,12.06105265381003,12.125109,12.130277399761512
1174,confirmation,2025,3,12.208574513247495,12.202813,12.224311774299636
1175,confirmation,2025,3,12.384223015005313,12.262195,12.349036876779692
1176,confirmation,2025,3,12.560247968016562,12.662749,12.662575754338183
1180,confirmation,2025,3,11.440365524765756,11.393156,11.359410302699667
1182,confirmation,2025,3,12.880294363972055,12.59303,12.627873598361361
1187,confirmation,2025,3,11.461642696843066,11.59881,11.556662656009724
1188,confirmation,2025,3,12.476103599529843,12.522352,12.528298679637086
1195,confirmation,2025,3,11.970356641102999,11.90018,11.900229182045202
1196,confirmation,2025,3,12.07824495582233,12.0062,12.006949922185791
1212,confirmation,2025,3,12.00762780434872,12.265825,12.281184641794864
1213,confirmation,2025,3,11.635151947212842,11.340637,11.350912533191183
1232,confirmation,2025,3,11.794345471549745,11.850086,11.861885533222997
1240,confirmation,2025,3,12.490879338036375,12.373821,12.317468653204548
1257,confirmation,2025,3,12.616528611893463,12.714118,12.715645869419765
1268,confirmation,2025,3,12.843973993864076,12.712822,12.688447873261712
1271,confirmation,2025,3,12.468440756144114,12.338994,12.410881124887274
1275,confirmation,2025,3,11.842236406331555,11.767005,11.833548820558184
1279,confirmation,2025,3,12.37581963951765,12.49612,12.461533279056065
1281,confirmation,2025,3,12.33270970174018,12.284452,12.270743607649592
1284,confirmation,2025,3,11.842236406331555,11.872203,11.855933881921864
1289,confirmation,2025,3,12.535379989788607,12.448905,12.490673224710008
1291,confirmation,2025,3,12.103491596905931,12.032146,12.0552214099233
1296,confirmation,2025,3,11.83863282480007,11.834044,11.832132565096149
1303,confirmation,2025,3,12.577639650232573,12.729142,12.735088650035035
1306,confirmation,2025,3,12.691583538230217,12.70814,12.703750325368157
1311,confirmation,2025,3,12.721888795877375,12.595431,12.64615514880942
1315,confirmation,2025,3,11.686887175419702,11.699859,11.712273866891
1323,confirmation,2025,3,12.154784614286667,12.289174,12.354811850084232
1325,confirmation,2025,3,11.898194668458823,12.578376,12.588620849931253
1326,confirmation,2025,3,10.915106645867503,11.177304,11.06327572629223
1361,confirmation,2025,3,12.149507585033072,12.158157,12.199383583915337
1368,confirmation,2025,3,11.751950239425476,11.816965,11.79526072444711
1370,confirmation,2025,3,12.354496960983985,12.468646,12.435101819877914
1377,confirmation,2025,3,11.418625774449598,11.438396,11.410036965750477
1378,confirmation,2025,3,11.669937760751914,11.854572,11.812566674804465
1380,confirmation,2025,3,12.02874460037869,11.895013,11.923000166506762
1383,confirmation,2025,3,11.964007453736912,11.98557,11.985123867319619
1393,confirmation,2025,3,11.719947764402807,11.772251,11.770339237764606
1394,confirmation,2025,3,12.001511614739405,11.987338,11.953461077538561
1395,confirmation,2025,3,12.415437707935368,12.314117,12.296323784963239
1398,confirmation,2025,3,11.83138646878959,11.805433,11.85867584586971
1401,confirmation,2025,3,11.695255355062795,11.703944,11.761766572946966
1402,confirmation,2025,3,12.170450649220749,12.137515,12.138265153509034
1404,confirmation,2025,3,12.552930054797935,12.416445,12.409128114709546
1414,confirmation,2025,3,12.456835254920371,12.575757,12.541077103146783
1419,confirmation,2025,3,11.728044909070785,11.798972,11.810400608617481
1424,confirmation,2025,3,12.524420916542532,12.10959,12.063543880385478
1427,confirmation,2025,3,12.509877789891931,12.412954,12.477549156430351
1431,confirmation,2025,3,12.165984756488543,12.043104,12.093645093190668
1433,confirmation,2025,3,11.07443600653965,11.625041,11.610963677258628
1434,confirmation,2025,3,12.136191879981927,12.146275,12.147024652105225
1441,confirmation,2025,3,12.160033942617156,12.158117,12.225202724554906
1449,confirmation,2025,3,11.626263078808801,11.53278,11.5598461812607
1456,confirmation,2025,3,12.07254696717504,12.08711,12.086158249487024
1458,confirmation,2025,3,12.493133274926212,12.428342,12.48796353761749
3,confirmation,2025,4,12.317171167298682,12.269777,12.258816777654182
4,confirmation,2025,4,11.849404844423074,12.021505,12.032804670485381
11,confirmation,2025,4,11.771443882099637,11.728149,11.702936557699212
12,confirmation,2025,4,12.75130259456002,12.887723,12.93832873009703
16,confirmation,2025,4,11.790564777297387,11.849141,11.863763749639272
17,confirmation,2025,4,11.91170829631447,11.961429,11.967679180529172
20,confirmation,2025,4,11.842236406331555,11.68142,11.684183438526416
25,confirmation,2025,4,11.944714374881176,11.898259,11.910619742934177
39,confirmation,2025,4,11.599112335481124,11.791223,11.794208230911748
52,confirmation,2025,4,11.648338835562747,11.653836,11.70182277534384
55,confirmation,2025,4,11.775297421715827,11.691753,11.69037256720157
68,confirmation,2025,4,12.328294703023396,12.272232,12.264203895666247
69,confirmation,2025,4,11.289794413577894,11.27405,11.252961326753573
72,confirmation,2025,4,11.771443882099637,11.672563,11.702925950839363
75,confirmation,2025,4,11.58432477200052,11.404068,11.393181363336376
77,confirmation,2025,4,11.818577604251555,11.718264,11.763855035947238
81,confirmation,2025,4,12.173037959397275,12.246624,12.235375322834301
87,confirmation,2025,4,12.066816325306588,12.081991,12.09202563938511
88,confirmation,2025,4,12.010671928196443,11.995836,12.023796277709202
93,confirmation,2025,4,12.004574385508691,11.832443,11.907877235103221
95,confirmation,2025,4,12.229549885708273,12.200353,12.210092025888569
102,confirmation,2025,4,12.08954444723597,12.00073,11.976904736345439
106,confirmation,2025,4,12.429220196836383,12.45675,12.459077930501637
107,confirmation,2025,4,11.51293546492023,11.408484,11.401407305359777
109,confirmation,2025,4,11.652696102959753,11.710533,11.748967310291754
117,confirmation,2025,4,11.842236406331555,11.763681,11.740319141352881
119,confirmation,2025,4,12.676079399771027,12.845177,12.833515528281163
120,confirmation,2025,4,12.0075668272517,12.044893,12.05574675090981
123,confirmation,2025,4,11.820417517632333,11.819716,11.821831553787227
133,confirmation,2025,4,11.923384748066601,11.921264,11.930552630047154
135,confirmation,2025,4,12.100717685412471,12.037101,12.038622828252333
136,confirmation,2025,4,12.066816325306588,12.037357,12.016443689502003
140,confirmation,2025,4,12.352339472153524,12.16554,12.174197324293845
145,confirmation,2025,4,11.736077016252437,11.855144,11.858578560418657
147,confirmation,2025,4,11.561725152903833,11.6455555,11.664534125734718
148,confirmation,2025,4,12.312686874960354,12.290726,12.285507105084085
149,confirmation,2025,4,11.856522261533737,11.96836,11.952563340687165
157,confirmation,2025,4,11.603688960617083,11.5847845,11.622420576158301
160,confirmation,2025,4,12.676079399771027,12.60962,12.626527226020958
176,confirmation,2025,4,12.400820837540556,12.271907,12.274181319090035
178,confirmation,2025,4,12.058158312538197,12.029489,12.020340844325204
182,confirmation,2025,4,12.206577518060588,12.098474,12.157691477949074
202,confirmation,2025,4,12.052344376474922,11.99336,11.95170906035098
204,confirmation,2025,4,11.91170829631447,11.878912,11.885718968850625
212,confirmation,2025,4,12.133507329024972,12.040715,12.018308649830628
216,confirmation,2025,4,11.808955099378537,11.8328705,11.855292195511668
217,confirmation,2025,4,12.25486757159303,12.263907,12.252946912236702
232,confirmation,2025,4,12.90669432231532,12.755772,12.73390976173627
233,confirmation,2025,4,11.456365695436427,11.451576,11.478486170661023
251,confirmation,2025,4,11.245059091624615,11.333993,11.260836188590345
252,confirmation,2025,4,12.367345048436391,12.615729,12.645329229057356
254,confirmation,2025,4,11.970356641102999,12.048537,12.054838286261234
255,confirmation,2025,4,11.884495917930655,11.851308,11.8617998819411
258,confirmation,2025,4,12.301387370778713,12.379785,12.354921058146516
262,confirmation,2025,4,12.52815976788113,12.729776,12.7386893914403
264,confirmation,2025,4,11.775297421715827,11.704399,11.706717322673171
278,confirmation,2025,4,11.856522261533737,11.613819,11.657238670725036
279,confirmation,2025,4,12.936754021718041,12.778711,12.81618430318232
281,confirmation,2025,4,12.339295865674435,12.317076,12.314881238707901
288,confirmation,2025,4,11.385103457032141,11.557635,11.559781595113709
300,confirmation,2025,4,11.973516181427835,11.967466,12.000479627513661
303,confirmation,2025,4,12.230770136157428,12.350771,12.355875567148827
306,confirmation,2025,4,12.631016799175821,12.645635,12.60251149603642
317,confirmation,2025,4,12.468440756144114,12.413151,12.409302088799864
322,confirmation,2025,4,12.777055016970678,12.705395,12.687795468685866
335,confirmation,2025,4,12.165255859329688,12.161477,12.169660946661617
338,confirmation,2025,4,12.273735966890268,12.326217,12.31525617737342
343,confirmation,2025,4,11.37940550085183,11.388947,11.371930175713889
346,confirmation,2025,4,11.850832386224807,11.7924,11.829717129612513
352,confirmation,2025,4,12.154784614286667,12.242746,12.248501645783742
361,confirmation,2025,4,11.957617696467539,11.951685,11.912966806719977
368,confirmation,2025,4,12.013706813470414,11.938143,11.914373764897059
373,confirmation,2025,4,11.736077016252437,11.698755,11.674930439775615
375,confirmation,2025,4,12.299112067295642,12.256092,12.248063911535388
383,confirmation,2025,4,12.271396795480596,12.232649,12.22462068948949
384,confirmation,2025,4,11.23850177707664,11.191637,11.065268037271922
386,confirmation,2025,4,12.165255859329688,12.150941,12.13726303457188
393,confirmation,2025,4,11.575909653758895,11.517161,11.541664660901306
398,confirmation,2025,4,12.040614105490253,11.899337,11.897955994630768
399,confirmation,2025,4,11.112462823634855,11.448895,11.360305884304486
426,confirmation,2025,4,11.813037464800539,11.822079,11.79866714568555
429,confirmation,2025,4,12.182809136284991,12.238389,12.23129570520752
448,confirmation,2025,4,12.20557752297723,12.231323,12.238034338393422
453,confirmation,2025,4,12.225880174775122,12.182552,12.190464473263283
456,confirmation,2025,4,12.075400019877522,12.002637,11.984655628986236
469,confirmation,2025,4,12.429220196836383,12.450388,12.432788678524734
491,confirmation,2025,4,11.652696102959753,11.568577,11.548306096730972
492,confirmation,2025,4,11.798111925972618,11.883314,11.901494370076305
493,confirmation,2025,4,12.059809113551397,12.005479,11.996805408352198
494,confirmation,2025,4,11.951186847493476,11.8734455,11.879802085826594
497,confirmation,2025,4,12.971542813248437,12.751901,12.731120572034607
500,confirmation,2025,4,11.695255355062795,11.756009,11.780512393445251
504,confirmation,2025,4,12.574185427296195,12.555341,12.625397239676818
513,confirmation,2025,4,11.774527900858468,11.726049,11.73780137979743
518,confirmation,2025,4,12.487488878546145,12.48249,12.52073033218467
522,confirmation,2025,4,11.918397239722838,11.899772,11.889604794631662
535,confirmation,2025,4,12.08954444723597,12.144712,12.096303749286331
537,confirmation,2025,4,12.144202560946876,12.209234,12.198273717351448
539,confirmation,2025,4,11.970356641102999,11.842125,11.83297721975245
541,confirmation,2025,4,12.660331092405906,12.798452,12.813775731525993
543,confirmation,2025,4,12.270225154674701,12.301117,12.271384132978543
544,confirmation,2025,4,11.798111925972618,11.776266,11.707615676145073
546,confirmation,2025,4,12.34148164933907,12.416596,12.40107815345575
547,confirmation,2025,4,12.25486757159303,12.057255,12.107322895762776
549,confirmation,2025,4,11.736077016252437,11.744699,11.742881300240306
551,confirmation,2025,4,11.849404844423074,11.820602,11.760361707999234
554,confirmation,2025,4,11.58989576532275,11.648089,11.64517655609185
561,confirmation,2025,4,11.707677772181546,12.052099,12.041691565096803
562,confirmation,2025,4,12.04355959836804,11.994699,11.981639064333306
563,confirmation,2025,4,11.58989576532275,11.692784,11.688454938455887
570,confirmation,2025,4,11.820123358887447,11.88295,11.89470178568122
573,confirmation,2025,4,12.32163544049751,12.251095,12.27723126441112
576,confirmation,2025,4,11.682676678340282,11.700593,11.69083576547687
599,confirmation,2025,4,12.289958727201455,12.165587,12.240021617914751
602,confirmation,2025,4,11.856522261533737,11.77873,11.758527528880578
612,confirmation,2025,4,11.904974309480181,11.985536,12.017390928998053
619,confirmation,2025,4,12.659737267217572,12.686615,12.724087974446968
623,confirmation,2025,4,11.813037464800539,11.72392,11.711227353612529
624,confirmation,2025,4,12.034696963475044,12.101013,12.144880343720871
625,confirmation,2025,4,12.014615485902027,11.986834,12.021151901038367
634,confirmation,2025,4,11.845109950883979,11.889342,11.91384559962201
635,confirmation,2025,4,11.87757552297847,11.897267,11.826974077356503
637,confirmation,2025,4,11.002116507732017,10.896336,10.753889052646597
641,confirmation,2025,4,12.520887034998584,12.5329275,12.512395876613743
655,confirmation,2025,4,12.765691290604371,12.836811,12.823768360007776
657,confirmation,2025,4,11.8879382384223,11.867751,11.889322052776938
669,confirmation,2025,4,12.031725210748633,12.050516,12.05203816486122
674,confirmation,2025,4,12.458778882573533,12.509259,12.556365074430017
680,confirmation,2025,4,11.763691965388299,11.762813,11.740532118399265
702,confirmation,2025,4,11.849404844423074,11.870636,11.856639990046318
719,confirmation,2025,4,12.739640688812674,12.625173,12.66156277538647
725,confirmation,2025,4,12.676079399771027,12.642478,12.606366013701404
728,confirmation,2025,4,12.178192583415596,12.231082,12.221972028239003
729,confirmation,2025,4,11.608244735642321,11.783053,11.775146754892257
733,confirmation,2025,4,12.312686874960354,12.334908,12.32394701141883
742,confirmation,2025,4,11.863589378812122,11.877981,11.852104599837128
744,confirmation,2025,4,12.07254696717504,11.911537,11.898844655553447
748,confirmation,2025,4,12.491176396967154,12.426351,12.39538514787225
749,confirmation,2025,4,12.469978029554953,12.3895855,12.430111093351561
750,confirmation,2025,4,11.49273296168228,11.252874,11.149702196249189
752,confirmation,2025,4,11.995357787034976,12.009196,12.002774600809769
760,confirmation,2025,4,12.577639650232573,12.637593,12.616813168470154
761,confirmation,2025,4,11.755879486687116,11.73013,11.718881525532055
764,confirmation,2025,4,12.727841176689147,12.605798,12.583935892412539
769,confirmation,2025,4,12.28690580994122,12.333715,12.338820055674217
773,confirmation,2025,4,11.580593459194764,11.86973,11.844815798403932
775,confirmation,2025,4,12.886643575525625,12.556225,12.586315466984944
778,confirmation,2025,4,11.86710429621008,11.804114,11.794966622523447
783,confirmation,2025,4,12.139403856983334,12.1251335,12.11602358005785
785,confirmation,2025,4,11.759793355371237,11.798404,11.734644793184264
786,confirmation,2025,4,11.992266613576142,11.99831,12.01841386658411
789,confirmation,2025,4,11.588969419043874,11.6670475,11.657037986725154
790,confirmation,2025,4,12.141539457711714,12.237682,12.29756400896681
795,confirmation,2025,4,12.178192583415596,12.202208,12.192853524362645
796,confirmation,2025,4,12.049424683420915,12.007446,11.994291220089462
801,confirmation,2025,4,12.206077645517674,12.240962,12.264473336245908
807,confirmation,2025,4,11.816734299348461,11.763874,11.775626010534735
812,confirmation,2025,4,11.881041706925902,11.904677,11.931435603077755
819,confirmation,2025,4,11.951186847493476,11.92315,11.976680920151948
827,confirmation,2025,4,11.603688960617083,11.530512,11.53242554333139
828,confirmation,2025,4,12.149507585033072,12.164925,12.150978601037611
832,confirmation,2025,4,11.92504173829169,11.92789,11.952792511038352
841,confirmation,2025,4,11.849404844423074,11.819469,11.805636690128592
842,confirmation,2025,4,11.967187086434018,11.9040985,11.909835173053606
850,confirmation,2025,4,12.138869243416009,12.071756,12.093426083224221
854,confirmation,2025,4,11.970356641102999,12.021036,12.009787477985668
857,confirmation,2025,4,11.898194668458823,11.961868,11.979345038471113
858,confirmation,2025,4,12.066816325306588,11.966032,11.976066471904641
865,confirmation,2025,4,12.43153750053306,12.197506,12.19835555198829
867,confirmation,2025,4,12.424810506025395,12.43873,12.432000469097073
868,confirmation,2025,4,11.767575435251748,11.765034,11.78070065309255
890,confirmation,2025,4,11.915058360753719,12.034234,11.978689473946218
892,confirmation,2025,4,12.058158312538197,12.012908,11.955443983396217
905,confirmation,2025,4,11.74006900564972,11.695991,11.684379821930886
906,confirmation,2025,4,11.759793355371237,11.770101,11.7699228510169
907,confirmation,2025,4,12.449022745701502,12.549009,12.554269697866728
919,confirmation,2025,4,12.380030154325457,12.520117,12.507252559834484
926,confirmation,2025,4,12.07254696717504,11.961713,11.941388268164566
927,confirmation,2025,4,12.560247968016562,12.576544,12.558944531796218
929,confirmation,2025,4,12.373707715234994,12.398468,12.354263088081833
932,confirmation,2025,4,11.674202123168433,11.722908,11.731115180954871
937,confirmation,2025,4,12.127575825689417,12.100864,12.08691838985597
938,confirmation,2025,4,12.441148720271016,12.347038,12.357726404989856
939,confirmation,2025,4,12.387560521575551,12.439707,12.44574626920719
945,confirmation,2025,4,11.83138646878959,11.964549,11.950946508558074
946,confirmation,2025,4,11.735276702486741,11.950964,11.93578297944363
948,confirmation,2025,4,12.506180941677357,12.552379,12.513880228292269
951,confirmation,2025,4,11.767575435251748,11.839549,11.871606242760016
958,confirmation,2025,4,11.790564777297387,11.724894,11.702613073904637
959,confirmation,2025,4,12.128116509451258,12.20766,12.199631561376696
966,confirmation,2025,4,12.094587859196112,12.061682,12.039875520011707
970,confirmation,2025,4,11.849404844423074,11.7649555,11.77720286140936
984,confirmation,2025,4,12.45254592991672,12.428872,12.382816592990178
987,confirmation,2025,4,11.669937760751914,11.674042,11.64911618129265
988,confirmation,2025,4,12.887129532148373,12.884514,12.923189916892671
989,confirmation,2025,4,12.180759965737863,12.158548,12.190403662457525
991,confirmation,2025,4,12.759960632315702,12.610648,12.603000831163671
999,confirmation,2025,4,11.418625774449598,11.331075,11.321828659320621
1007,confirmation,2025,4,12.004574385508691,11.985444,11.86434809228033
1014,confirmation,2025,4,11.350418300109132,11.626901,11.56742377545301
1020,confirmation,2025,4,12.271349956195543,12.19775,12.19523437239119
1026,confirmation,2025,4,11.630717389475995,11.739045,11.738711478058388
1027,confirmation,2025,4,12.02874460037869,11.84433,11.844152091434381
1032,confirmation,2025,4,12.190964083849375,12.330538,12.215953703263756
1033,confirmation,2025,4,12.644330802262578,12.717306,12.746087065032631
1036,confirmation,2025,4,11.338583982516495,11.311317,11.208145265707197
1041,confirmation,2025,4,11.951186847493476,12.059299,12.016525602411125
1045,confirmation,2025,4,12.535379989788607,12.5645075,12.515481974878256
1051,confirmation,2025,4,12.080996832096167,12.157521,12.161295602756152
1063,confirmation,2025,4,11.407576060361786,11.753323,11.728553625578023
1067,confirmation,2025,4,12.08954444723597,12.041181,12.077099166190315
1068,confirmation,2025,4,12.031129798974042,12.085681,12.072581705550261
1075,confirmation,2025,4,12.175618592671356,12.178206,12.170178283788806
1078,confirmation,2025,4,11.840796531639839,11.829473,11.818503787696642
1081,confirmation,2025,4,11.884495917930655,12.017759,12.005164508632499
1092,confirmation,2025,4,11.982935344196433,11.960143,11.968980639268317
1094,confirmation,2025,4,11.891368749982085,11.971642,12.01683149548039
1098,confirmation,2025,4,12.04355959836804,11.968032,12.008685072262047
1109,confirmation,2025,4,12.10625783509458,12.034492,12.005898660127306
1119,confirmation,2025,4,11.849404844423074,11.79902,11.784476712707884
1120,confirmation,2025,4,11.803361242493628,11.72106,11.732811755773993
1131,confirmation,2025,4,11.813037464800539,11.779756,11.676505476113801
1133,confirmation,2025,4,11.674202123168433,11.797938,11.692815857535297
1143,confirmation,2025,4,12.959540872420414,12.892798,12.9017114327611
1157,confirmation,2025,4,12.100161978566867,12.073292,12.102416596366606
1165,confirmation,2025,4,12.175618592671356,12.15991,12.18567775805626
1166,confirmation,2025,4,12.359527368950229,12.270441,12.284295361908065
1170,confirmation,2025,4,13.345508528717259,13.218355,13.44482440611602
1171,confirmation,2025,4,12.049424683420915,11.8828125,11.841161994616117
1178,confirmation,2025,4,11.652696102959753,11.593069,11.55392895860597
1189,confirmation,2025,4,12.180759965737863,12.13338,12.124270001871816
1193,confirmation,2025,4,11.736077016252437,11.686402,11.69507134349487
1194,confirmation,2025,4,12.013706813470414,12.000992,11.95052214634461
1200,confirmation,2025,4,11.904974309480181,11.784871,11.813670809377378
1207,confirmation,2025,4,11.580593459194764,11.71777,11.697420286841517
1215,confirmation,2025,4,11.80932691294063,11.72574,11.737492389318914
1216,confirmation,2025,4,11.736077016252437,11.650499,11.628218847830418
1220,confirmation,2025,4,11.424105180165641,11.516045,11.518144532738388
1223,confirmation,2025,4,11.870606902224587,11.856494,11.846327054153146
1224,confirmation,2025,4,11.834291315386718,11.86956,11.781052872921078
1230,confirmation,2025,4,11.751950239425476,11.8117895,11.80747633206304
1233,confirmation,2025,4,11.530775206233024,11.550561,11.573200609575968
1235,confirmation,2025,4,11.775297421715827,11.721131,11.752724780012635
1242,confirmation,2025,4,12.42250975887691,12.415101,12.42955276824633
1253,confirmation,2025,4,11.775297421715827,11.672836,11.65623204792483
1256,confirmation,2025,4,11.755879486687116,11.810513,11.845366290934013
1260,confirmation,2025,4,11.92504173829169,11.905589,11.915258090479922
1265,confirmation,2025,4,12.10625783509458,12.049713,11.935177552786381
1269,confirmation,2025,4,12.850557278777309,12.874195,12.984815430891919
1270,confirmation,2025,4,11.87757552297847,11.789816,11.788435082460358
1276,confirmation,2025,4,11.827743504053695,11.872528,11.871147255922272
1277,confirmation,2025,4,11.995357787034976,12.005219,12.035992992540047
1283,confirmation,2025,4,11.921725007667265,11.89136,11.915828955307445
1286,confirmation,2025,4,11.794345471549745,11.729556,11.763328057539974
1294,confirmation,2025,4,12.000897933306716,12.095834,12.080315519178406
1300,confirmation,2025,4,11.944714374881176,11.981659,12.00736530482406
1312,confirmation,2025,4,12.220966184120165,12.258587,12.251493573554688
1313,confirmation,2025,4,12.618185607609803,12.635093,12.614312634412537
1316,confirmation,2025,4,12.239995696974733,12.119262,12.095492730045985
1319,confirmation,2025,4,12.524530013005734,12.481218,12.451227959694293
1322,confirmation,2025,4,11.19135563385109,11.266062,11.22523767798257
1329,confirmation,2025,4,12.45293662970407,12.234248,12.18570357086459
1330,confirmation,2025,4,12.081081821061819,12.120856,12.127567381301137
1331,confirmation,2025,4,12.33270970174018,12.426619,12.431878950796415
1332,confirmation,2025,4,11.794345471549745,11.735532,11.748330918706008
1334,confirmation,2025,4,11.74006900564972,11.792503,11.828855945671158
1351,confirmation,2025,4,12.206077645517674,12.014295,12.01183202973038
1353,confirmation,2025,4,11.812296455066814,11.747828,11.822456918902754
1354,confirmation,2025,4,12.923914877701906,12.921376,12.901799205154136
1355,confirmation,2025,4,12.367345048436391,12.412484,12.401523648686897
1357,confirmation,2025,4,11.608244735642321,11.653737,11.649423887605032
1360,confirmation,2025,4,12.660331092405906,12.783897,12.775772394457997
1373,confirmation,2025,4,12.521981322562505,12.423556,12.439330700184842
1381,confirmation,2025,4,10.97679912709094,11.172372,11.119218157522463
1385,confirmation,2025,4,11.561725152903833,11.613669,11.588977975638835
1386,confirmation,2025,4,11.74006900564972,11.596848,11.549588683215239
1389,confirmation,2025,4,12.84132849667433,12.825705,12.819929842640526
1399,confirmation,2025,4,11.835016210489899,11.850353,11.814264498997941
1400,confirmation,2025,4,11.831022768939789,11.994784,11.960033936521057
1403,confirmation,2025,4,12.174994689959313,12.2053995,12.211438980083654
1406,confirmation,2025,4,12.524530013005734,12.683397,12.74249045443746
1407,confirmation,2025,4,11.798111925972618,11.794877,11.819345724716625
1408,confirmation,2025,4,11.626263078808801,11.675454,11.648180128389791
1413,confirmation,2025,4,11.407576060361786,11.4062195,11.427777366416304
1420,confirmation,2025,4,12.314931534737134,12.328218,12.362572975577118
1422,confirmation,2025,4,11.755879486687116,11.83401,11.810717573668532
1428,confirmation,2025,4,11.849404844423074,11.7764635,11.782820083568293
1439,confirmation,2025,4,11.916395250412128,11.953439,11.909029606420011
1442,confirmation,2025,4,11.913719681428494,11.875741,11.882548001748575
1443,confirmation,2025,4,12.644330802262578,12.8195305,12.917065728521724
1445,confirmation,2025,4,12.098493002763465,12.177638,12.169609893896228
1447,confirmation,2025,4,11.969723533345908,11.869407,11.870301652690014
22,confirmation,2025,5,11.845109950883979,11.728329,11.703464000810351
27,confirmation,2025,5,11.811554895830454,11.862322,11.883948212434156
28,confirmation,2025,5,12.631343648903034,12.588165,12.593388113833353
29,confirmation,2025,5,12.242891437918386,12.203564,12.221407468104779
37,confirmation,2025,5,11.884495917930655,11.907283,11.914837250281186
41,confirmation,2025,5,11.982935344196433,11.871863,11.791270289350932
42,confirmation,2025,5,12.04355959836804,12.031607,12.10040985778813
43,confirmation,2025,5,11.87757552297847,11.85387,11.917115915310221
45,confirmation,2025,5,11.856522261533737,11.871911,11.889754826808392
48,confirmation,2025,5,12.428019481065613,12.390603,12.376284665601068
53,confirmation,2025,5,11.608244735642321,11.545973,11.514630559431254
56,confirmation,2025,5,12.103491596905931,12.008968,11.994974893704047
63,confirmation,2025,5,12.218500103788143,12.2564745,12.260095751621822
78,confirmation,2025,5,11.751950239425476,11.629671,11.629598659601971
79,confirmation,2025,5,11.824087219587643,11.73101,11.688416222735004
80,confirmation,2025,5,11.608244735642321,11.686166,11.659752576105786
111,confirmation,2025,5,11.827013315851762,11.932196,11.877866873621935
112,confirmation,2025,5,12.100717685412471,12.026412,12.008306906994125
124,confirmation,2025,5,11.944064817531656,11.969813,11.970366406133497
128,confirmation,2025,5,11.373674891823535,11.372979,11.354686946650478
131,confirmation,2025,5,12.328294703023396,12.223824,12.189552941376991
137,confirmation,2025,5,11.870606902224587,11.879554,11.868715721871197
139,confirmation,2025,5,12.345838935721968,12.440849,12.406975765043367
161,confirmation,2025,5,11.998439434579149,11.997144,12.020006341942311
169,confirmation,2025,5,12.119975396053194,12.186488,12.166781474409058
172,confirmation,2025,5,12.278397958261774,12.147048,12.127230852019197
175,confirmation,2025,5,12.122696471358964,12.109763,12.129399929176918
177,confirmation,2025,5,12.259618151783465,12.199891,12.213766142059967
184,confirmation,2025,5,12.206077645517674,12.31662,12.259834319547966
189,confirmation,2025,5,11.940399914116648,11.900124,11.898623410900132
190,confirmation,2025,5,12.563750586299374,12.48779,12.524333350926522
197,confirmation,2025,5,12.650351332641707,12.622552,12.635114249057375
199,confirmation,2025,5,11.552155793461898,11.633702,11.607380292739542
200,confirmation,2025,5,12.524166311833152,12.611217,12.622484815896698
203,confirmation,2025,5,11.626263078808801,11.782789,11.768239592567072
213,confirmation,2025,5,12.439875187430008,12.421743,12.441952738075903
227,confirmation,2025,5,12.577639650232573,12.499302,12.462860748633657
228,confirmation,2025,5,11.571203807011969,11.4735365,11.481967507589818
229,confirmation,2025,5,11.736077016252437,11.708599,11.685219030438748
231,confirmation,2025,5,11.904974309480181,11.829995,11.825272838519805
236,confirmation,2025,5,11.402005077384885,11.336706,11.26243402099734
242,confirmation,2025,5,11.612779849672751,11.469725,11.454203594661468
244,confirmation,2025,5,11.695255355062795,11.787387,11.803256536411038
246,confirmation,2025,5,12.394628892852941,12.339037,12.307146613544955
250,confirmation,2025,5,12.531776395271262,12.438467,12.48320493526735
260,confirmation,2025,5,11.48247656671073,11.476704,11.434973827359007
261,confirmation,2025,5,12.07824495582233,11.998376,11.98460418829885
266,confirmation,2025,5,12.075400019877522,12.074865,12.1148496766445
267,confirmation,2025,5,12.128116509451258,12.130434,12.155798710597443
270,confirmation,2025,5,11.904974309480181,11.974753,11.979971562521701
272,confirmation,2025,5,12.394628892852941,12.294762,12.34904892916791
282,confirmation,2025,5,12.128116509451258,12.13916,12.167487706429924
285,confirmation,2025,5,12.09626335986454,12.180181,12.173308350015436
296,confirmation,2025,5,11.86710429621008,11.912077,11.903735438934122
297,confirmation,2025,5,11.931642378754141,11.813084,11.780139810073726
299,confirmation,2025,5,12.07254696717504,12.090355,12.12291399601472
302,confirmation,2025,5,12.495007682693725,12.525849,12.48455054431349
307,confirmation,2025,5,12.323860125621126,12.344587,12.320611358244033
316,confirmation,2025,5,12.146858590895919,12.114157,12.102097059985203
324,confirmation,2025,5,11.745433036677353,11.676646,11.716655810542495
329,confirmation,2025,5,12.276069679344003,12.124859,12.170873779846005
330,confirmation,2025,5,11.264476926102367,11.279534,11.254237515400847
332,confirmation,2025,5,11.842236406331555,11.805765,11.810021906675027
334,confirmation,2025,5,12.240478903153711,12.14006,12.14969055877916
353,confirmation,2025,5,11.461642696843066,11.338764,11.34290729097158
356,confirmation,2025,5,12.086731521684555,12.069284,12.074572293810517
360,confirmation,2025,5,12.54254845357358,12.532439,12.517708424864077
363,confirmation,2025,5,12.198549416880068,12.130862,12.071038050929946
369,confirmation,2025,5,11.790564777297387,11.817786,11.823644545375817
372,confirmation,2025,5,11.808821212646512,11.6776285,11.702481862852848
378,confirmation,2025,5,12.73670383776449,12.536007,12.52168852760058
381,confirmation,2025,5,11.751950239425476,11.89929,11.925591596154256
397,confirmation,2025,5,11.719947764402807,11.733449,11.741003403235288
406,confirmation,2025,5,11.918397239722838,11.9838085,11.90498860543256
408,confirmation,2025,5,12.083910661257521,12.057752,12.109755805616214
410,confirmation,2025,5,12.73596827534975,12.633642,12.597998207301572
416,confirmation,2025,5,12.106997888588934,12.2018,12.203253239210328
417,confirmation,2025,5,11.915058360753719,11.934002,11.934186698951187
421,confirmation,2025,5,12.237091546357338,12.191645,12.08538308460896
428,confirmation,2025,5,11.599185726610004,11.666117,11.702241181876497
430,confirmation,2025,5,12.07254696717504,12.072612,12.092470347734125
433,confirmation,2025,5,11.715874472198905,11.775394,11.786565289188832
438,confirmation,2025,5,11.686887175419702,11.639817,11.70160019165532
445,confirmation,2025,5,12.25486757159303,12.317316,12.30419752224487
447,confirmation,2025,5,12.154784614286667,12.260009,12.255286495136016
452,confirmation,2025,5,12.54254845357358,12.262491,12.292077404150636
457,confirmation,2025,5,11.49273296168228,11.303164,11.273636357800381
465,confirmation,2025,5,11.728044909070785,11.67267,11.680224785376401
467,confirmation,2025,5,12.025755079404917,12.034892,11.971939625319191
471,confirmation,2025,5,12.264346270624157,12.292773,12.323492805030247
475,confirmation,2025,5,12.433212202169729,12.421695,12.45081273987682
477,confirmation,2025,5,12.249615734512616,12.248264,12.260977426344592
479,confirmation,2025,5,12.601490784782536,12.62602,12.592368647589831
481,confirmation,2025,5,12.694655727828803,12.800748,12.800958129945213
487,confirmation,2025,5,11.957617696467539,11.919483,11.939507969668425
499,confirmation,2025,5,11.775297421715827,11.759871,11.773398767042485
503,confirmation,2025,5,11.849404844423074,11.884249,11.866469017634023
505,confirmation,2025,5,11.898194668458823,11.861046,11.834961026110163
509,confirmation,2025,5,11.989165855127435,11.919656,11.896504261193584
523,confirmation,2025,5,11.976665770490767,11.856195,11.923918412748185
525,confirmation,2025,5,12.662709207270272,12.574527,12.58179676472608
526,confirmation,2025,5,12.07824495582233,12.150861,12.182146898304714
538,confirmation,2025,5,11.619544188752133,11.72396,11.777372905168864
542,confirmation,2025,5,12.421188057397055,12.445561,12.417243578766357
552,confirmation,2025,5,11.630717389475995,11.644802,11.61816710475317
558,confirmation,2025,5,11.58989576532275,11.443822,11.405956998987218
565,confirmation,2025,5,12.498745990829315,12.459271,12.480128432112863
571,confirmation,2025,5,11.867805799560465,11.836726,11.833313374546874
574,confirmation,2025,5,12.04355959836804,12.007595,11.987888385114625
575,confirmation,2025,5,11.842236406331555,11.737776,11.757800587466276
581,confirmation,2025,5,12.111217862017215,12.101421,12.095097465444017
585,confirmation,2025,5,11.798111925972618,11.783526,11.837096611773376
588,confirmation,2025,5,11.827743504053695,11.81134,11.809100539742447
589,confirmation,2025,5,11.870606902224587,12.27895,12.347740201406845
592,confirmation,2025,5,13.02132904585825,12.981224,13.03311734241714
593,confirmation,2025,5,11.835016210489899,11.827859,11.855259139420575
600,confirmation,2025,5,11.92504173829169,11.905052,11.933122964314114
601,confirmation,2025,5,12.524530013005734,12.482318,12.499526204408994
605,confirmation,2025,5,12.30592250537653,12.266656,12.253537388883053
611,confirmation,2025,5,12.653961664405365,12.731915,12.676682827976082
613,confirmation,2025,5,12.474193386571581,12.479848,12.446196124091296
617,confirmation,2025,5,12.118339189722553,12.148424,12.17378882290213
618,confirmation,2025,5,11.566475710526321,11.654191,11.655292385270572
620,confirmation,2025,5,12.628070334272698,12.701119,12.684012533219066
621,confirmation,2025,5,11.112462823634855,11.015663,10.934965779527683
629,confirmation,2025,5,11.813037464800539,12.034617,11.99446269809162
636,confirmation,2025,5,12.206077645517674,12.125752,12.07966428934492
638,confirmation,2025,5,11.440365524765756,11.657525,11.573745863440074
649,confirmation,2025,5,11.951186847493476,11.961085,11.941268175017244
650,confirmation,2025,5,11.344518647594766,11.213748,11.155881176390162
651,confirmation,2025,5,12.235393555399902,12.229462,12.269680845130837
654,confirmation,2025,5,11.813037464800539,11.854374,11.85088026609494
658,confirmation,2025,5,11.91170829631447,12.006519,12.042685866643753
663,confirmation,2025,5,11.608244735642321,11.873763,11.792383051060982
676,confirmation,2025,5,11.908346971208951,11.89709,11.886099974585868
677,confirmation,2025,5,11.373674891823535,11.735113,11.716515273970431
679,confirmation,2025,5,12.827995001361906,12.68842,12.726511515505685
682,confirmation,2025,5,11.979391594635791,11.590287,11.607613525576891
685,confirmation,2025,5,12.30592250537653,12.232017,12.240888115279898
688,confirmation,2025,5,11.910365121788654,11.946633,11.964332427573204
689,confirmation,2025,5,12.879019669789754,12.32954,12.375079286059053
694,confirmation,2025,5,11.59433032142082,11.530824,11.501887113281235
704,confirmation,2025,5,11.849404844423074,11.832991,11.819071159814895
705,confirmation,2025,5,12.269052139516223,12.288979,12.270036358672813
706,confirmation,2025,5,10.915106645867503,11.093103,10.995774881124342
708,confirmation,2025,5,12.445093483000798,12.257955,12.269222868264862
709,confirmation,2025,5,12.09815887308463,12.091809,12.09326216560193
711,confirmation,2025,5,10.859018228147887,11.280581,11.254058243426215
718,confirmation,2025,5,11.964007453736912,11.962896,11.98865386605544
721,confirmation,2025,5,12.524530013005734,12.460889,12.503593870154228
738,confirmation,2025,5,12.3879816172226,12.306553,12.273552368639336
747,confirmation,2025,5,12.371591321286905,12.395509,12.383449103137059
751,confirmation,2025,5,11.477308649967686,11.428325,11.435642838882488
756,confirmation,2025,5,12.058158312538197,12.005704,12.031229393104065
757,confirmation,2025,5,12.264346270624157,12.264869,12.231216952338366
780,confirmation,2025,5,11.813037464800539,11.887819,11.864382951334882
782,confirmation,2025,5,12.077676615757813,12.087301,12.094016077888059
791,confirmation,2025,5,11.984184555794167,11.980398,11.982989900192651
798,confirmation,2025,5,11.608244735642321,11.502628,11.484444280794378
802,confirmation,2025,5,11.60733523953139,11.661269,11.593201944139237
815,confirmation,2025,5,11.661354090741,11.665904,11.66171135244024
816,confirmation,2025,5,12.323415584358154,12.213027,12.194084782439903
824,confirmation,2025,5,11.845827048676645,11.896445,11.880021612523333
831,confirmation,2025,5,12.019749091416921,11.988136,11.974142831936469
833,confirmation,2025,5,12.37581963951765,12.305564,12.301716536396565
835,confirmation,2025,5,11.849047640327147,11.864964,11.87664554506848
848,confirmation,2025,5,11.80186424743109,11.796298,11.818947275722223
852,confirmation,2025,5,12.278397958261774,12.205254,12.21595295644407
861,confirmation,2025,5,12.154521423145216,12.001707,12.052620218156667
862,confirmation,2025,5,11.78676973513378,11.850521,11.784869889600794
863,confirmation,2025,5,11.931642378754141,11.901357,11.896086071418862
864,confirmation,2025,5,11.794345471549745,11.886825,11.883633548963456
870,confirmation,2025,5,12.371591321286905,12.303086,12.280711886959471
881,confirmation,2025,5,11.964007453736912,11.976498,11.927855076416385
895,confirmation,2025,5,11.685693195625964,11.692884,11.691384259899156
908,confirmation,2025,5,12.429220196836383,12.431841,12.489937240124622
914,confirmation,2025,5,11.884495917930655,11.898645,11.961124861344958
915,confirmation,2025,5,12.065280672855897,12.035841,12.058228529221337
918,confirmation,2025,5,11.813037464800539,11.776184,11.812205066561802
920,confirmation,2025,5,12.081081821061819,12.052417,12.075690020562678
921,confirmation,2025,5,12.211065162153215,12.165,12.158127762246881
922,confirmation,2025,5,11.890683588496984,12.009365,11.999010624777474
928,confirmation,2025,5,12.07824495582233,12.069494,12.031442155108264
934,confirmation,2025,5,12.154784614286667,12.168829,12.155932186407544
940,confirmation,2025,5,12.406565597924235,12.41597,12.500834115230843
953,confirmation,2025,5,11.804855999911272,11.762382,11.8072026533239
954,confirmation,2025,5,12.055255569732177,12.0560465,12.003908883869983
961,confirmation,2025,5,11.665655135642039,11.688135,11.713101882804192
965,confirmation,2025,5,12.277932735946903,12.267531,12.30695418647858
969,confirmation,2025,5,10.542732775946709,11.024362,11.018969410802331
974,confirmation,2025,5,12.111767460549332,12.249299,12.269286639281882
978,confirmation,2025,5,12.20557752297723,12.231298,12.243860777682864
990,confirmation,2025,5,12.190964083849375,12.158671,12.18482073333869
996,confirmation,2025,5,11.7085004721646,11.640596,11.699503359511098
997,confirmation,2025,5,11.824087219587643,11.807225,11.845735020964543
998,confirmation,2025,5,12.128116509451258,11.977161,12.017367498155807
1000,confirmation,2025,5,12.235636302128867,12.125328,12.106385845977501
1003,confirmation,2025,5,12.354496960983985,12.346825,12.339931504983289
1011,confirmation,2025,5,11.813037464800539,11.805034,11.787477308573793
1024,confirmation,2025,5,12.160033942617156,12.165731,12.16810139691865
1035,confirmation,2025,5,11.693169865968983,11.720567,11.798814240073218
1037,confirmation,2025,5,12.66191713053049,12.658239,12.646121042471266
1038,confirmation,2025,5,12.567240979056246,12.499165,12.465291042142976
1040,confirmation,2025,5,11.289794413577894,11.327563,11.219977532515927
1043,confirmation,2025,5,12.185875040240456,12.132574,12.18664306198806
1052,confirmation,2025,5,12.206782393599413,12.191854,12.174363964880909
1053,confirmation,2025,5,12.013706813470414,12.018968,12.012643737721849
1054,confirmation,2025,5,11.881041706925902,11.858824,11.826877604144638
1060,confirmation,2025,5,12.301387370778713,12.140241,12.184819560411238
1064,confirmation,2025,5,11.612779849672751,11.803151,11.787537155670254
1065,confirmation,2025,5,11.944714374881176,11.929235,11.941139227175489
1066,confirmation,2025,5,12.700771936142122,12.549002,12.566602422400678
1084,confirmation,2025,5,11.982935344196433,11.918096,11.925358721148669
1085,confirmation,2025,5,12.141539457711714,12.1333685,12.158733166469025
1087,confirmation,2025,5,11.332613886815139,11.471804,11.400443609596202
1089,confirmation,2025,5,11.83138646878959,11.866398,11.76666647522275
1095,confirmation,2025,5,11.767575435251748,11.775223,11.796849137116773
1096,confirmation,2025,5,12.080696479888445,12.081822,12.08711025004831
1102,confirmation,2025,5,11.691080018519527,11.671282,11.660443741585553
1110,confirmation,2025,5,12.54254845357358,12.59947,12.610738409341522
1115,confirmation,2025,5,11.669937760751914,11.706547,11.701841589195952
1124,confirmation,2025,5,11.678448377988165,11.526353,11.518991337585904
1125,confirmation,2025,5,12.007017865994577,12.017735,11.998027850446656
1128,confirmation,2025,5,12.464587201678082,12.328572,12.320531273176101
1149,confirmation,2025,5,11.669082701743504,11.6806755,11.654752810936502
1151,confirmation,2025,5,11.728044909070785,11.729301,11.707882734192431
1156,confirmation,2025,5,12.292254928916668,12.148939,12.230229134433939
1158,confirmation,2025,5,12.345838935721968,12.248861,12.25871320206781
1167,confirmation,2025,5,12.41044511731981,12.414835,12.375137752106077
1169,confirmation,2025,5,12.367345048436391,12.216795,12.229438409228141
1173,confirmation,2025,5,12.05467400868968,11.986466,12.011590755297709
1183,confirmation,2025,5,13.521140839642674,12.935712,12.985125978074832
1186,confirmation,2025,5,11.560772327227417,11.782923,11.778730052086235
1192,confirmation,2025,5,12.066816325306588,12.071091,12.056772298352533
1198,confirmation,2025,5,11.87757552297847,11.935891,11.934644980250248
1199,confirmation,2025,5,12.08954444723597,12.101317,12.088420627874829
1203,confirmation,2025,5,11.669937760751914,11.772209,11.80962516418529
1204,confirmation,2025,5,12.269052139516223,12.26582,12.252922771734692
1205,confirmation,2025,5,11.941462360646149,11.9229145,11.954833788359318
1209,confirmation,2025,5,11.849404844423074,11.919156,11.946606118254746
1211,confirmation,2025,5,12.149507585033072,12.182855,12.177584026741128
1214,confirmation,2025,5,11.884495917930655,11.660252,11.66327686726095
1219,confirmation,2025,5,11.296024885689746,11.164569,11.193216243516277
1228,confirmation,2025,5,11.898194668458823,11.875837,11.909691190614492
1231,confirmation,2025,5,12.154784614286667,12.115204,12.090222223341964
1236,confirmation,2025,5,11.841423131921784,11.8658085,11.926780142817071
1237,confirmation,2025,5,12.075400019877522,12.004689,12.00849566565388
1241,confirmation,2025,5,12.323415584358154,12.272691,12.259572239957272
1245,confirmation,2025,5,12.345838935721968,12.172755,12.240271282980405
1248,confirmation,2025,5,12.042971193457888,11.834587,11.799165309062463
1254,confirmation,2025,5,12.591338447675579,12.550254,12.567089177491681
1258,confirmation,2025,5,11.511934974596555,11.337453,11.333724007540129
1259,confirmation,2025,5,12.154784614286667,12.10994,12.097658156930928
1263,confirmation,2025,5,11.992266613576142,11.851299,11.918645524726037
1264,confirmation,2025,5,12.103491596905931,11.935478,11.973846119990075
1274,confirmation,2025,5,12.083910661257521,12.02393,12.03657303752404
1278,confirmation,2025,5,12.19552218463499,12.117474,12.142584865292894
1280,confirmation,2025,5,11.133142723386813,11.384662,11.263584947227317
1285,confirmation,2025,5,12.037659911047468,12.0923605,12.069891394529813
1305,confirmation,2025,5,11.775297421715827,11.8803,11.780568185733005
1317,confirmation,2025,5,12.596403811053621,12.5493965,12.515744730963855
1318,confirmation,2025,5,12.249615734512616,12.159089,12.171651419467532
1320,confirmation,2025,5,11.6172944892629,11.659997,11.673276129128602
1321,confirmation,2025,5,11.960817678718287,11.944399,11.863018846654244
1324,confirmation,2025,5,11.320565693461432,11.31167,11.36524049452484
1327,confirmation,2025,5,11.277215789596893,11.446428,11.441008829325833
1336,confirmation,2025,5,12.031129798974042,12.016095,12.041206424435961
1338,confirmation,2025,5,10.868587496017359,11.02862,10.974789359243358
1342,confirmation,2025,5,11.951186847493476,11.998784,11.999337124517286
1350,confirmation,2025,5,11.711784520403112,11.976825,11.91966087153886
1352,confirmation,2025,5,12.049424683420915,12.046972,12.048073642899967
1363,confirmation,2025,5,11.560772327227417,11.793421,11.772401048656663
1364,confirmation,2025,5,11.963574241653713,12.025636,12.027300891985883
1365,confirmation,2025,5,11.878630514504515,11.882988,11.889934169864999
1367,confirmation,2025,5,12.170450649220749,12.178251,12.153122332696384
1371,confirmation,2025,5,11.561725152903833,11.604928,11.602523566148237
1375,confirmation,2025,5,12.429220196836383,12.389247,12.414371288134623
1382,confirmation,2025,5,12.377927112974284,12.256812,12.273681493918266
1384,confirmation,2025,5,11.626263078808801,11.910898,11.916779432381867
1391,confirmation,2025,5,12.367345048436391,12.31038,12.30342321328654
1392,confirmation,2025,5,11.728044909070785,11.740424,11.7372330973033
1405,confirmation,2025,5,11.561725152903833,11.462459,11.374081819019045
1412,confirmation,2025,5,11.849404844423074,11.885858,11.909352556429456
1416,confirmation,2025,5,12.077676615757813,12.270452,12.273043267807397
1418,confirmation,2025,5,12.73670383776449,12.721042,12.700370863256076
1430,confirmation,2025,5,12.116700301832573,12.154209,12.2025362437005
1432,confirmation,2025,5,11.87583791515714,11.868876,11.857886473609305
1436,confirmation,2025,5,12.066816325306588,12.001659,11.949602905196423
1440,confirmation,2025,5,12.190964083849375,12.113517,12.083134284038175
1448,confirmation,2025,5,12.388398368982115,12.501379,12.460080215028823
1452,confirmation,2025,5,12.567554517655415,12.433228,12.397805304935927
1460,confirmation,2025,5,11.901590234400047,11.897944,11.8718219632123
2,confirmation,2029,1,12.109016442313738,12.089234,12.140922154764715
8,confirmation,2029,1,12.206077645517674,12.3671255,12.355573695019022
10,confirmation,2029,1,11.678448377988165,11.695826,11.716934114490792
15,confirmation,2029,1,11.964007453736912,11.946197,11.925873949554305
20,confirmation,2029,1,11.842236406331555,11.63202,11.629382721144811
21,confirmation,2029,1,12.692506186542177,12.69119,12.751463081052265
29,confirmation,2029,1,12.242891437918386,12.201979,12.210681090663924
33,confirmation,2029,1,12.100161978566867,12.152108,12.119604842459255
34,confirmation,2029,1,12.016732516077072,12.057292,12.054211495742827
45,confirmation,2029,1,11.856522261533737,11.829465,11.838167319606795
47,confirmation,2029,1,12.387089184491993,12.591332,12.52577212216168
49,confirmation,2029,1,11.635151947212842,11.515278,11.505585011779397
51,confirmation,2029,1,12.083910661257521,12.103299,12.118212829459363
52,confirmation,2029,1,11.648338835562747,11.613277,11.654712370124368
54,confirmation,2029,1,12.861001210669146,12.72079,12.737539746732432
57,confirmation,2029,1,12.058158312538197,12.265942,12.206437916316458
59,confirmation,2029,1,12.991755706536901,13.0429945,12.976280749045964
66,confirmation,2029,1,12.666660207428574,12.585971,12.57942701873287
75,confirmation,2029,1,11.58432477200052,11.489639,11.467950689287472
85,confirmation,2029,1,12.034696963475044,12.003397,11.984079790137585
92,confirmation,2029,1,11.498836682527127,11.641033,11.592816932041238
99,confirmation,2029,1,11.326607934898927,11.282172,11.238249025892767
104,confirmation,2029,1,12.200562492481511,12.10098,12.09355495948603
106,confirmation,2029,1,12.429220196836383,12.446952,12.442191253829073
110,confirmation,2029,1,12.154784614286667,12.215754,12.239337783683434
113,confirmation,2029,1,12.85832230788469,12.7533865,12.724790673718514
121,confirmation,2029,1,12.100717685412471,12.016524,12.043669516960339
126,confirmation,2029,1,11.344518647594766,11.195434,11.189507849115262
135,confirmation,2029,1,12.100717685412471,12.0694475,12.061444477696822
136,confirmation,2029,1,12.066816325306588,12.026661,12.019015311878418
137,confirmation,2029,1,11.870606902224587,11.89589,11.893845137246975
141,confirmation,2029,1,11.652696102959753,11.582883,11.625510076469324
148,confirmation,2029,1,12.312686874960354,12.267952,12.251679599508712
153,confirmation,2029,1,12.154784614286667,12.120821,12.138586676264525
160,confirmation,2029,1,12.676079399771027,12.562632,12.54085052912777
164,confirmation,2029,1,11.544433821905134,11.466212,11.458940265634643
167,confirmation,2029,1,12.154784614286667,12.081986,12.124889632948042
168,confirmation,2029,1,12.693501691489768,12.810993,12.871039761043663
175,confirmation,2029,1,12.122696471358964,12.123022,12.13088459176478
177,confirmation,2029,1,12.259618151783465,12.222211,12.2491293375157
181,confirmation,2029,1,12.083910661257521,12.0688,12.10660077467074
186,confirmation,2029,1,13.07107218827772,12.731937,12.72285056275977
187,confirmation,2029,1,12.06105265381003,12.076883,12.037240332876761
193,confirmation,2029,1,12.165255859329688,12.233805,12.223335025298008
202,confirmation,2029,1,12.052344376474922,12.04416,12.023297258324172
206,confirmation,2029,1,12.103491596905931,12.1034355,12.084118318579968
214,confirmation,2029,1,11.957617696467539,11.885608,11.886041464766384
220,confirmation,2029,1,12.027191164883384,12.055171,12.054609779057877
222,confirmation,2029,1,12.206077645517674,12.2495365,12.246760960514951
229,confirmation,2029,1,11.736077016252437,11.725321,11.705534880334321
246,confirmation,2029,1,12.394628892852941,12.311004,12.293238082433518
250,confirmation,2029,1,12.531776395271262,12.528723,12.583918898435906
252,confirmation,2029,1,12.367345048436391,12.62354,12.642137496517343
258,confirmation,2029,1,12.301387370778713,12.411948,12.361735641694905
259,confirmation,2029,1,12.352339472153524,12.298745,12.292181686713068
262,confirmation,2029,1,12.52815976788113,12.744619,12.751890936673753
263,confirmation,2029,1,11.92504173829169,11.974838,11.960858267572096
266,confirmation,2029,1,12.075400019877522,12.070114,12.097999808114212
276,confirmation,2029,1,12.230770136157428,12.140958,12.15185943763949
286,confirmation,2029,1,12.011886987792716,12.02045,12.037733409437205
320,confirmation,2029,1,12.141539457711714,12.152728,12.130655507411458
321,confirmation,2029,1,12.74444728628135,12.800583,12.831524274417001
324,confirmation,2029,1,11.745433036677353,11.681122,11.696182028985302
331,confirmation,2029,1,11.686887175419702,11.874331,11.83799102246212
341,confirmation,2029,1,12.220473454337986,12.330142,12.324626802090329
346,confirmation,2029,1,11.850832386224807,11.834027,11.864941467978229
349,confirmation,2029,1,11.944714374881176,12.131907,12.150766335868838
351,confirmation,2029,1,12.670001611311875,12.641167,12.671881327028027
354,confirmation,2029,1,11.570259974415547,11.438494,11.426366138258738
364,confirmation,2029,1,11.678448377988165,11.53371,11.564949756395754
365,confirmation,2029,1,12.154784614286667,12.158699,12.176464712763549
376,confirmation,2029,1,11.0186455364637,11.262669,11.221313018184873
377,confirmation,2029,1,11.904974309480181,11.770716,11.771149458845974
378,confirmation,2029,1,12.73670383776449,12.630066,12.625479318924052
388,confirmation,2029,1,11.736077016252437,11.782413,11.72390389500178
393,confirmation,2029,1,11.575909653758895,11.561284,11.587516648545598
394,confirmation,2029,1,11.51293546492023,11.276525,11.30825085538098
396,confirmation,2029,1,11.767575435251748,11.710467,11.694901233450812
412,confirmation,2029,1,11.884495917930655,11.847248,11.88944353685727
418,confirmation,2029,1,12.384223015005313,12.407908,12.447560295586515
424,confirmation,2029,1,12.660331092405906,12.698246,12.68511067137509
428,confirmation,2029,1,11.599185726610004,11.698656,11.741285094595352
432,confirmation,2029,1,11.288543647320601,11.585309,11.588277584053753
433,confirmation,2029,1,11.715874472198905,11.7667675,11.780389029634058
434,confirmation,2029,1,12.10625783509458,12.105734,12.109952789525373
436,confirmation,2029,1,12.264346270624157,12.217489,12.234449680619223
437,confirmation,2029,1,11.661354090741,11.529697,11.518831966653812
441,confirmation,2029,1,13.22672519452875,13.021785,13.070258769048536
452,confirmation,2029,1,12.54254845357358,12.292955,12.30350233748742
455,confirmation,2029,1,12.144202560946876,11.933869,11.919406086820313
465,confirmation,2029,1,11.728044909070785,11.7046995,11.70082629086737
490,confirmation,2029,1,11.362114203075018,11.45647,11.476833658830628
493,confirmation,2029,1,12.059809113551397,11.9872265,11.984994173759176
497,confirmation,2029,1,12.971542813248437,12.844576,12.831614564411964
502,confirmation,2029,1,12.331387247601905,12.233531,12.265884034661962
509,confirmation,2029,1,11.989165855127435,11.959372,11.965657005411146
520,confirmation,2029,1,12.36308066783498,12.449114,12.536269581431208
524,confirmation,2029,1,12.126764251515691,12.861765,12.658441560245608
534,confirmation,2029,1,10.579005242826247,10.992346,10.959818237329888
538,confirmation,2029,1,11.619544188752133,11.730291,11.79451985267275
541,confirmation,2029,1,12.660331092405906,12.768646,12.765972347268407
542,confirmation,2029,1,12.421188057397055,12.468641,12.455679963581886
543,confirmation,2029,1,12.270225154674701,12.32902,12.306946973170735
549,confirmation,2029,1,11.736077016252437,11.720479,11.718811905062442
555,confirmation,2029,1,12.556733038263905,12.423147,12.442006074333193
556,confirmation,2029,1,11.635151947212842,11.632418,11.65392697847621
570,confirmation,2029,1,11.820123358887447,11.879544,11.877725908122276
571,confirmation,2029,1,11.867805799560465,11.882306,11.880086987007953
575,confirmation,2029,1,11.842236406331555,11.716955,11.74318776823554
579,confirmation,2029,1,11.891368749982085,11.993214,11.981687236388998
588,confirmation,2029,1,11.827743504053695,11.836471,11.82416059347066
589,confirmation,2029,1,11.870606902224587,12.27155,12.340228491781474
593,confirmation,2029,1,11.835016210489899,11.830273,11.871541397366263
596,confirmation,2029,1,12.672949516558306,12.640489,12.765690905316482
599,confirmation,2029,1,12.289958727201455,12.200595,12.271901049827992
607,confirmation,2029,1,11.931642378754141,11.921699,11.917825344822448
610,confirmation,2029,1,11.682676678340282,11.707621,11.742963199592786
611,confirmation,2029,1,12.653961664405365,12.731125,12.672052616381064
612,confirmation,2029,1,11.904974309480181,12.004162,12.032221520364953
621,confirmation,2029,1,11.112462823634855,11.171439,11.125550706857018
622,confirmation,2029,1,12.388398368982115,12.460035,12.50567792123398
624,confirmation,2029,1,12.034696963475044,12.08095,12.118750585461756
629,confirmation,2029,1,11.813037464800539,12.1371765,12.126287323006252
631,confirmation,2029,1,11.728044909070785,11.61065,11.608960227391485
632,confirmation,2029,1,12.252483791602627,12.372982,12.36643816527828
636,confirmation,2029,1,12.206077645517674,12.187866,12.155345633579968
650,confirmation,2029,1,11.344518647594766,11.22657,11.215527817580394
662,confirmation,2029,1,12.904209855160254,12.890005,12.901241253985702
665,confirmation,2029,1,12.955129822091815,12.729672,12.717377512213409
672,confirmation,2029,1,11.548302261270587,11.715094,11.714338339928409
681,confirmation,2029,1,11.870606902224587,11.779341,11.785822062758722
691,confirmation,2029,1,11.856522261533737,11.914865,11.924000694430028
692,confirmation,2029,1,13.534474352733596,13.104552,13.258651541994507
693,confirmation,2029,1,12.721888795877375,12.562418,12.589917458836986
695,confirmation,2029,1,11.860062063178267,11.699489,11.716690968700732
704,confirmation,2029,1,11.849404844423074,11.832999,11.854311776259925
707,confirmation,2029,1,12.618185607609803,12.615244,12.625564102012508
708,confirmation,2029,1,12.445093483000798,12.256545,12.245920984849784
710,confirmation,2029,1,11.60733523953139,11.654294,11.652535362045114
717,confirmation,2029,1,11.979805470779858,12.173253,12.173601213282165
719,confirmation,2029,1,12.739640688812674,12.577897,12.60837576033145
724,confirmation,2029,1,11.813037464800539,11.771058,11.784183311955148
730,confirmation,2029,1,11.542493975902508,11.425112,11.309401795533049
737,confirmation,2029,1,11.44572741040675,11.378151,11.350376351437461
741,confirmation,2029,1,11.790564777297387,11.695562,11.71140270360812
743,confirmation,2029,1,12.095146671399466,12.081093,12.072580789148262
747,confirmation,2029,1,12.371591321286905,12.4084835,12.38916630747157
756,confirmation,2029,1,12.058158312538197,11.994507,12.028227415958552
764,confirmation,2029,1,12.727841176689147,12.6397085,12.62266697932038
771,confirmation,2029,1,11.812296455066814,11.784382,11.761551098795225
794,confirmation,2029,1,12.323860125621126,12.424799,12.412277297063204
797,confirmation,2029,1,11.874097282798648,11.853098,11.810613495774147
799,confirmation,2029,1,13.091906231773164,13.08786,13.114494525322675
801,confirmation,2029,1,12.206077645517674,12.219733,12.246477678365546
804,confirmation,2029,1,13.275829251377,13.053405,13.080039225945233
815,confirmation,2029,1,11.661354090741,11.707624,11.71107739389876
818,confirmation,2029,1,12.509877789891931,12.549423,12.509971578029187
819,confirmation,2029,1,11.951186847493476,11.910899,11.96505990750549
822,confirmation,2029,1,11.440365524765756,11.324959,11.268790461768805
827,confirmation,2029,1,11.603688960617083,11.481249,11.502357393299386
829,confirmation,2029,1,12.128116509451258,12.07646,12.088109313767811
830,confirmation,2029,1,11.900912042974875,11.966641,11.999395224453044
838,confirmation,2029,1,11.51293546492023,11.495117,11.48425621255284
840,confirmation,2029,1,11.779136168550774,11.741014,11.726308798690546
853,confirmation,2029,1,12.00762780434872,12.048531,12.087647824194665
856,confirmation,2029,1,11.751950239425476,11.896913,11.923134053182629
862,confirmation,2029,1,11.78676973513378,11.822801,11.768719347397612
868,confirmation,2029,1,11.767575435251748,11.764376,11.799718265510755
870,confirmation,2029,1,12.371591321286905,12.295506,12.285958088195873
874,confirmation,2029,1,11.798111925972618,11.785579,11.807731088905674
875,confirmation,2029,1,11.104972264124868,11.512582,11.506585019312784
877,confirmation,2029,1,11.792456911128632,11.808138,11.85415836462218
881,confirmation,2029,1,11.964007453736912,11.951873,11.92682135348509
885,confirmation,2029,1,11.51293546492023,11.683276,11.677150855683223
886,confirmation,2029,1,12.70351207261035,12.646084,12.652944597855125
889,confirmation,2029,1,12.498745990829315,12.585233,12.544443182561977
891,confirmation,2029,1,11.719134432217524,11.642237,11.668469292893743
892,confirmation,2029,1,12.058158312538197,12.0512,12.004635271034127
905,confirmation,2029,1,11.74006900564972,11.711974,11.703744355625233
908,confirmation,2029,1,12.429220196836383,12.441304,12.508925883040954
918,confirmation,2029,1,11.813037464800539,11.789451,11.798669665981983
925,confirmation,2029,1,12.242891437918386,12.15759,12.18587634672121
927,confirmation,2029,1,12.560247968016562,12.579541,12.57299734649166
931,confirmation,2029,1,12.211065162153215,12.370643,12.362082611005334
933,confirmation,2029,1,12.676079399771027,12.597962,12.60082495677466
937,confirmation,2029,1,12.127575825689417,12.09637,12.083777475907263
945,confirmation,2029,1,11.83138646878959,11.909526,11.88973816975691
954,confirmation,2029,1,12.055255569732177,12.115954,12.076920354606148
958,confirmation,2029,1,11.790564777297387,11.770179,11.751428249316497
964,confirmation,2029,1,12.384223015005313,12.626073,12.567000622057334
965,confirmation,2029,1,12.277932735946903,12.2785425,12.30477985462404
971,confirmation,2029,1,11.813037464800539,11.344645,11.291969633273531
973,confirmation,2029,1,11.507922973347437,11.7117815,11.718262820510187
977,confirmation,2029,1,11.356283350762888,11.277785,11.38245227927419
978,confirmation,2029,1,12.20557752297723,12.179462,12.196746203931834
984,confirmation,2029,1,12.45254592991672,12.441425,12.408921973501736
994,confirmation,2029,1,12.066241450757124,12.045776,12.037109100171689
1002,confirmation,2029,1,11.362114203075018,11.374843,11.372926059909737
1003,confirmation,2029,1,12.354496960983985,12.400797,12.39603627793796
1005,confirmation,2029,1,12.10625783509458,12.15407,12.132004966843263
1010,confirmation,2029,1,11.532737896139919,11.623372,11.644277733700845
1012,confirmation,2029,1,11.51293546492023,11.517953,11.491866056707506
1018,confirmation,2029,1,12.141539457711714,12.0846405,12.124036813884052
1021,confirmation,2029,1,12.07824495582233,11.900969,11.903573023822682
1023,confirmation,2029,1,11.373674891823535,11.617222,11.5874510571254
1033,confirmation,2029,1,12.644330802262578,12.734836,12.741581709795607
1034,confirmation,2029,1,12.345838935721968,12.409561,12.403398450539795
1037,confirmation,2029,1,12.66191713053049,12.627238,12.624564380654638
1054,confirmation,2029,1,11.881041706925902,11.939416,11.92384982659046
1057,confirmation,2029,1,12.13270055639427,12.290258,12.309518042322518
1059,confirmation,2029,1,12.721888795877375,12.743727,12.702589821791465
1065,confirmation,2029,1,11.944714374881176,11.938239,11.942634534013445
1066,confirmation,2029,1,12.700771936142122,12.576709,12.585993593748107
1068,confirmation,2029,1,12.031129798974042,12.128534,12.11873246766724
1075,confirmation,2029,1,12.175618592671356,12.112035,12.105645342323184
1076,confirmation,2029,1,12.299112067295642,12.200543,12.2699503415472
1077,confirmation,2029,1,12.04355959836804,11.96466,11.981123078485727
1082,confirmation,2029,1,11.798111925972618,11.81984,11.800054495507661
1100,confirmation,2029,1,11.964007453736912,11.905059,11.830464140037583
1106,confirmation,2029,1,12.691583538230217,12.7276325,12.71363581487559
1108,confirmation,2029,1,12.52352951631214,12.276786,12.255004772597008
1112,confirmation,2029,1,12.230770136157428,12.125362,12.117716788929199
1119,confirmation,2029,1,11.849404844423074,11.731576,11.723172164248515
1120,confirmation,2029,1,11.803361242493628,11.731335,11.729516336283897
1128,confirmation,2029,1,12.464587201678082,12.421887,12.413268094731546
1135,confirmation,2029,1,12.037659911047468,12.0517025,12.056095430731192
1139,confirmation,2029,1,12.185875040240456,12.229101,12.193811584106236
1143,confirmation,2029,1,12.959540872420414,12.839689,12.84696082192766
1148,confirmation,2029,1,12.069685751267224,12.130238,12.193552284764499
1150,confirmation,2029,1,11.870606902224587,11.8758,11.878179362550771
1151,confirmation,2029,1,11.728044909070785,11.7258215,11.70567290179528
1161,confirmation,2029,1,11.891368749982085,11.896744,11.862457498898666
1177,confirmation,2029,1,11.691080018519527,11.783189,11.77845012857069
1185,confirmation,2029,1,12.137263685701864,12.104447,12.094960874901668
1187,confirmation,2029,1,11.461642696843066,11.664148,11.596307660166616
1190,confirmation,2029,1,12.149507585033072,12.222577,12.20630472920842
1203,confirmation,2029,1,11.669937760751914,11.7909155,11.843604474998603
1204,confirmation,2029,1,12.269052139516223,12.272527,12.26205706356705
1212,confirmation,2029,1,12.00762780434872,12.26987,12.281973592872971
1220,confirmation,2029,1,11.424105180165641,11.500761,11.456841256226351
1223,confirmation,2029,1,11.870606902224587,11.902849,11.893221361314465
1227,confirmation,2029,1,12.273735966890268,12.201421,12.239047572857011
1231,confirmation,2029,1,12.154784614286667,12.1019535,12.083202960925384
1234,confirmation,2029,1,11.863589378812122,11.848862,11.838748493604175
1236,confirmation,2029,1,11.841423131921784,11.897706,11.958491422401092
1238,confirmation,2029,1,12.180759965737863,12.268539,12.26237672202417
1251,confirmation,2029,1,12.404927602627597,12.418904,12.382609467670276
1253,confirmation,2029,1,11.775297421715827,11.7026415,11.704517344155283
1263,confirmation,2029,1,11.992266613576142,11.819589,11.956068281694666
1268,confirmation,2029,1,12.843973993864076,12.711698,12.712068517418343
1271,confirmation,2029,1,12.468440756144114,12.255114,12.274919158980182
1276,confirmation,2029,1,11.827743504053695,11.903899,11.901854094156155
1280,confirmation,2029,1,11.133142723386813,11.359827,11.267396032123047
1286,confirmation,2029,1,11.794345471549745,11.731632,11.768760196713634
1290,confirmation,2029,1,12.546113507028412,12.5405,12.600773002316913
1291,confirmation,2029,1,12.103491596905931,12.003286,12.028483554831977
1295,confirmation,2029,1,11.652696102959753,11.684906,11.68835896433333
1298,confirmation,2029,1,11.849404844423074,11.904659,11.856181181959196
1300,confirmation,2029,1,11.944714374881176,11.966356,11.991553470603462
1301,confirmation,2029,1,12.323860125621126,12.293207,12.273889970801648
1304,confirmation,2029,1,12.354496960983985,12.320296,12.35305008590324
1315,confirmation,2029,1,11.686887175419702,11.701984,11.715283648168292
1320,confirmation,2029,1,11.6172944892629,11.6989565,11.70173497502606
1322,confirmation,2029,1,11.19135563385109,11.285118,11.215860557498152
1324,confirmation,2029,1,11.320565693461432,11.232594,11.332953543668632
1333,confirmation,2029,1,11.51293546492023,11.552146,11.561364978481983
1334,confirmation,2029,1,11.74006900564972,11.818442,11.84646920147143
1337,confirmation,2029,1,11.813037464800539,11.896665,11.898886651393772
1338,confirmation,2029,1,10.868587496017359,11.024508,10.972647107530612
1342,confirmation,2029,1,11.951186847493476,12.003291,12.010633825691329
1344,confirmation,2029,1,12.083910661257521,11.991668,12.027239381332334
1351,confirmation,2029,1,12.206077645517674,12.051646,12.045520911835567
1359,confirmation,2029,1,12.086731521684555,12.071261,12.108026817920011
1363,confirmation,2029,1,11.560772327227417,11.751099,11.745005326039337
1367,confirmation,2029,1,12.170450649220749,12.241757,12.195451039377057
1376,confirmation,2029,1,12.384223015005313,12.496139,12.502073756354239
1380,confirmation,2029,1,12.02874460037869,11.84222,11.866855156403068
1381,confirmation,2029,1,10.97679912709094,11.270465,11.223715056290136
1385,confirmation,2029,1,11.561725152903833,11.635333,11.62405703128813
1388,confirmation,2029,1,11.820417517632333,11.814125,11.809072031378491
1412,confirmation,2029,1,11.849404844423074,11.858119,11.879897609669191
1424,confirmation,2029,1,12.524420916542532,12.127803,12.084433856333217
1425,confirmation,2029,1,11.87757552297847,11.868284,11.866239126809964
1429,confirmation,2029,1,11.686887175419702,11.644873,11.65967761618112
1432,confirmation,2029,1,11.87583791515714,11.825919,11.799108801024262
1434,confirmation,2029,1,12.136191879981927,12.140479,12.144698005895002
1435,confirmation,2029,1,11.982935344196433,12.039482,12.035144187319291
1441,confirmation,2029,1,12.160033942617156,12.143817,12.201051715376442
1444,confirmation,2029,1,11.703554089007538,11.595121,11.63224934771461
1449,confirmation,2029,1,11.626263078808801,11.509117,11.540173293880835
1450,confirmation,2029,1,11.429554725537322,11.319831,11.305536023992932
1456,confirmation,2029,1,12.07254696717504,12.081254,12.085646936773673
16,confirmation,2029,2,11.790564777297387,11.812833,11.840629245519896
19,confirmation,2029,2,11.976665770490767,11.925076,11.939371619200289
22,confirmation,2029,2,11.845109950883979,11.696548,11.673038162961966
24,confirmation,2029,2,11.774527900858468,11.831526,11.869561359066903
32,confirmation,2029,2,11.914054519303125,11.842159,11.841892250688554
42,confirmation,2029,2,12.04355959836804,12.046262,12.088773149232424
46,confirmation,2029,2,12.675766851909591,12.642911,12.646909216107462
58,confirmation,2029,2,12.188422799337028,12.169666,12.176826461935304
63,confirmation,2029,2,12.218500103788143,12.227951,12.240803615983115
64,confirmation,2029,2,11.849404844423074,11.768185,11.715953714384716
67,confirmation,2029,2,12.100717685412471,12.461453,12.43473281661287
68,confirmation,2029,2,12.328294703023396,12.286466,12.276324814565983
71,confirmation,2029,2,12.404927602627597,12.632721,12.618743179316933
76,confirmation,2029,2,11.418625774449598,11.377317,11.339302901331557
79,confirmation,2029,2,11.824087219587643,11.68281,11.653566453319339
81,confirmation,2029,2,12.173037959397275,12.186416,12.179558212159632
89,confirmation,2029,2,11.350418300109132,10.884799,10.747569561673119
95,confirmation,2029,2,12.229549885708273,12.203439,12.200330219445075
100,confirmation,2029,2,11.767187766223199,11.740037,11.74852566098729
101,confirmation,2029,2,12.230770136157428,12.309987,12.340551175766057
109,confirmation,2029,2,11.652696102959753,11.642458,11.677435718905997
111,confirmation,2029,2,11.827013315851762,11.906685,11.865743102822838
112,confirmation,2029,2,12.100717685412471,12.059018,12.04093091318242
116,confirmation,2029,2,12.07824495582233,12.01881,12.037623675793585
117,confirmation,2029,2,11.842236406331555,11.779191,11.755543632792147
122,confirmation,2029,2,11.51293546492023,11.531751,11.442193982036864
127,confirmation,2029,2,11.759793355371237,11.829906,11.804836478773199
145,confirmation,2029,2,11.736077016252437,11.775465,11.761346267202883
146,confirmation,2029,2,11.775297421715827,11.797878,11.781909411243541
150,confirmation,2029,2,11.652696102959753,11.68464,11.66876345790235
154,confirmation,2029,2,12.367345048436391,12.165244,12.215078743697639
157,confirmation,2029,2,11.603688960617083,11.53826,11.580972477140627
159,confirmation,2029,2,12.448630513463613,12.333124,12.3496358054598
178,confirmation,2029,2,12.058158312538197,12.007159,12.00072640246931
179,confirmation,2029,2,13.126032637428713,12.93587,13.02569066420779
182,confirmation,2029,2,12.206577518060588,12.100113,12.130284542679565
183,confirmation,2029,2,11.695255355062795,11.616995,11.591622680816846
189,confirmation,2029,2,11.940399914116648,11.92976,11.9269504594227
197,confirmation,2029,2,12.650351332641707,12.63021,12.642679822430692
198,confirmation,2029,2,12.367345048436391,12.61281,12.477958317958441
200,confirmation,2029,2,12.524166311833152,12.604018,12.616957225730939
203,confirmation,2029,2,11.626263078808801,11.78316,11.74178689501764
204,confirmation,2029,2,11.91170829631447,11.844358,11.851694390242342
207,confirmation,2029,2,11.87688084212164,11.781163,11.75742938309071
209,confirmation,2029,2,12.531776395271262,12.42221,12.375199036695294
215,confirmation,2029,2,11.993813394724253,11.89368,11.928977359119603
219,confirmation,2029,2,12.649157827477366,12.35899,12.418633163571023
230,confirmation,2029,2,12.167856627501678,12.194802,12.181614257347304
231,confirmation,2029,2,11.904974309480181,11.839195,11.83253081645217
249,confirmation,2029,2,12.100717685412471,12.1491,12.13895947337946
251,confirmation,2029,2,11.245059091624615,11.397031,11.373851051117448
254,confirmation,2029,2,11.970356641102999,12.019583,12.059144432280949
257,confirmation,2029,2,12.242891437918386,12.152458,12.181716079928254
275,confirmation,2029,2,11.732069026983156,11.769052,11.778264205970393
279,confirmation,2029,2,12.936754021718041,12.844337,12.886589504248171
288,confirmation,2029,2,11.385103457032141,11.51385,11.514387518744668
289,confirmation,2029,2,11.711784520403112,11.679002,11.655547448937712
292,confirmation,2029,2,11.819681958463892,11.751064,11.782623685426586
296,confirmation,2029,2,11.86710429621008,11.929147,11.933471602460497
307,confirmation,2029,2,12.323860125621126,12.386775,12.339764313794904
308,confirmation,2029,2,11.402005077384885,11.555825,11.573075366699397
312,confirmation,2029,2,11.790564777297387,11.87246,11.865602905152796
315,confirmation,2029,2,12.08954444723597,12.048751,12.038645938314842
316,confirmation,2029,2,12.146858590895919,12.125957,12.107676288321034
317,confirmation,2029,2,12.468440756144114,12.430439,12.427574243739313
319,confirmation,2029,2,12.468440756144114,12.645092,12.693284412247174
325,confirmation,2029,2,12.396697137361691,12.384017,12.395423175840786
327,confirmation,2029,2,12.688501881189456,12.598045,12.626475708853883
330,confirmation,2029,2,11.264476926102367,11.267917,11.264854078068481
336,confirmation,2029,2,12.34126328584159,12.282527,12.335482817161036
340,confirmation,2029,2,11.951186847493476,11.890196,11.908442866225153
344,confirmation,2029,2,12.491255347155265,12.513191,12.527354494031357
347,confirmation,2029,2,11.928347504569842,11.893475,11.905413423234592
348,confirmation,2029,2,11.967187086434018,12.044135,12.02425530698503
352,confirmation,2029,2,12.154784614286667,12.18223,12.170101732983989
353,confirmation,2029,2,11.461642696843066,11.328813,11.34465036121557
358,confirmation,2029,2,11.80560254159177,11.898117,11.898025815512815
363,confirmation,2029,2,12.198549416880068,12.072296,12.013955082818446
373,confirmation,2029,2,11.736077016252437,11.713343,11.692911697100994
379,confirmation,2029,2,12.885204569609956,12.822992,12.858051575775155
383,confirmation,2029,2,12.271396795480596,12.259018,12.248877114065495
384,confirmation,2029,2,11.23850177707664,11.197399,11.112892773583209
398,confirmation,2029,2,12.040614105490253,11.895735,11.883018995934014
403,confirmation,2029,2,11.58989576532275,11.446238,11.464853296242783
408,confirmation,2029,2,12.083910661257521,12.013131,12.074915667011123
411,confirmation,2029,2,11.002116507732017,11.500571,11.468933357761923
422,confirmation,2029,2,12.278397958261774,12.308583,12.338954342042367
426,confirmation,2029,2,11.813037464800539,11.799502,11.765961152838788
427,confirmation,2029,2,12.524530013005734,12.39036,12.34343562373804
431,confirmation,2029,2,11.355113089309977,11.457974,11.39044149783875
438,confirmation,2029,2,11.686887175419702,11.668678,11.727828475054597
439,confirmation,2029,2,11.411457364027745,11.328275,11.389958165066174
443,confirmation,2029,2,12.000897933306716,11.870481,11.910847273002352
444,confirmation,2029,2,12.058158312538197,12.185983,12.172750435044662
450,confirmation,2029,2,11.695255355062795,11.6431265,11.716475925917207
453,confirmation,2029,2,12.225880174775122,12.179253,12.153328302073373
454,confirmation,2029,2,12.25486757159303,12.258482,12.258105608223966
462,confirmation,2029,2,11.951186847493476,11.891762,11.903867446963968
470,confirmation,2029,2,12.138869243416009,12.108599,12.098332751697255
473,confirmation,2029,2,11.904974309480181,11.82588,11.803054680032814
481,confirmation,2029,2,12.694655727828803,12.7795105,12.800530285422749
485,confirmation,2029,2,11.794345471549745,11.818711,11.833104254647727
488,confirmation,2029,2,12.07254696717504,12.05947,12.070561257147128
492,confirmation,2029,2,11.798111925972618,11.921815,11.957276491920382
494,confirmation,2029,2,11.951186847493476,11.905756,11.916507017645628
501,confirmation,2029,2,11.635151947212842,11.612298,11.575000717119607
508,confirmation,2029,2,12.246739428005663,12.085426,12.078399105852885
512,confirmation,2029,2,12.2193145828011,12.16129,12.206780951673611
523,confirmation,2029,2,11.976665770490767,11.868566,11.944930304485178
529,confirmation,2029,2,11.362114203075018,11.376299,11.4278102583882
530,confirmation,2029,2,12.209192772866418,12.526104,12.466416567785325
540,confirmation,2029,2,12.513561021741964,12.441103,12.39055115567799
552,confirmation,2029,2,11.630717389475995,11.6493025,11.625055248181738
561,confirmation,2029,2,11.707677772181546,12.029756,12.019323559678721
562,confirmation,2029,2,12.04355959836804,12.033769,12.022155503572247
568,confirmation,2029,2,12.273735966890268,12.146851,12.152704322216431
569,confirmation,2029,2,12.665397584983758,12.614203,12.6045559281384
580,confirmation,2029,2,11.78676973513378,11.727199,11.68992903978448
582,confirmation,2029,2,12.442306148381938,12.762125,12.827950154866782
583,confirmation,2029,2,11.682676678340282,11.660266,11.626996066486525
585,confirmation,2029,2,11.798111925972618,11.775388,11.823624678668141
603,confirmation,2029,2,12.301387370778713,12.3055725,12.23702376140795
605,confirmation,2029,2,12.30592250537653,12.308866,12.30916920234323
609,confirmation,2029,2,12.791358964949923,12.77774,12.75091280277426
613,confirmation,2029,2,12.474193386571581,12.491307,12.440562407586624
614,confirmation,2029,2,11.898194668458823,11.662301,11.664749611107297
618,confirmation,2029,2,11.566475710526321,11.642953,11.646453496109466
623,confirmation,2029,2,11.813037464800539,11.74752,11.736895388979931
630,confirmation,2029,2,12.034696963475044,11.930613,11.92109081462871
633,confirmation,2029,2,11.320565693461432,12.121712,12.102968838239043
648,confirmation,2029,2,11.951186847493476,11.85369,11.830864776773536
670,confirmation,2029,2,11.83138646878959,11.665432,11.720665384693081
674,confirmation,2029,2,12.458778882573533,12.4255905,12.476930555051746
682,confirmation,2029,2,11.979391594635791,11.622151,11.581769757910516
684,confirmation,2029,2,12.560247968016562,12.575688,12.52058038017413
686,confirmation,2029,2,12.242891437918386,12.260663,12.305315977986604
688,confirmation,2029,2,11.910365121788654,11.973274,11.989506402332523
698,confirmation,2029,2,11.724004532183379,11.74965,11.766683306287334
711,confirmation,2029,2,10.859018228147887,11.314894,11.369855549743855
713,confirmation,2029,2,12.149507585033072,12.1704855,12.171867470695123
714,confirmation,2029,2,11.767575435251748,11.544339,11.571663842047073
722,confirmation,2029,2,11.870606902224587,11.829981,11.82715178413241
727,confirmation,2029,2,12.310437165348775,12.305598,12.368248604108206
729,confirmation,2029,2,11.608244735642321,11.803733,11.827870717074001
738,confirmation,2029,2,12.3879816172226,12.392231,12.348170010877844
748,confirmation,2029,2,12.491176396967154,12.425047,12.397727427976058
750,confirmation,2029,2,11.49273296168228,11.248548,11.198136178635497
765,confirmation,2029,2,12.506180941677357,12.423261,12.416082779592449
766,confirmation,2029,2,12.484208043148733,12.501814,12.568980532244447
767,confirmation,2029,2,12.188422799337028,12.120435,12.079636228183817
768,confirmation,2029,2,11.982935344196433,12.059714,12.08228711644078
770,confirmation,2029,2,13.195615697878253,13.017567,13.00878364296654
774,confirmation,2029,2,11.648338835562747,11.675493,11.722358138503635
775,confirmation,2029,2,12.886643575525625,12.629498,12.6952362194964
778,confirmation,2029,2,11.86710429621008,11.853501,11.847068489261302
786,confirmation,2029,2,11.992266613576142,11.949797,11.942040952724119
787,confirmation,2029,2,11.842236406331555,11.801468,11.76705564896878
789,confirmation,2029,2,11.588969419043874,11.6484785,11.659610476328734
793,confirmation,2029,2,12.505402864156405,12.40475,12.452855823861654
796,confirmation,2029,2,12.049424683420915,11.988312,11.980903124614462
802,confirmation,2029,2,11.60733523953139,11.669721,11.61829075911146
808,confirmation,2029,2,12.317171167298682,12.129087,12.133991666652035
821,confirmation,2029,2,12.117246896289503,12.136329,12.136632352367645
825,confirmation,2029,2,12.357079818283598,12.335222,12.340612983646954
834,confirmation,2029,2,12.025755079404917,11.925608,11.9187502211318
843,confirmation,2029,2,12.071975378543236,11.9430275,11.971632553251158
847,confirmation,2029,2,12.269052139516223,12.262314,12.215389587971439
848,confirmation,2029,2,11.80186424743109,11.7879305,11.804752573837076
852,confirmation,2029,2,12.278397958261774,12.241451,12.22767435725192
855,confirmation,2029,2,12.04355959836804,11.937805,11.874224417356611
872,confirmation,2029,2,12.208574513247495,12.110956,12.108127125929284
882,confirmation,2029,2,12.141539457711714,12.310743,12.358104937599958
884,confirmation,2029,2,11.682676678340282,11.52136,11.55892623758797
887,confirmation,2029,2,11.884495917930655,12.0571575,12.034928743362265
890,confirmation,2029,2,11.915058360753719,11.969347,11.92449429489001
899,confirmation,2029,2,13.323928581764989,13.153625,13.196156048793904
903,confirmation,2029,2,12.100717685412471,12.118695,12.117629565810695
913,confirmation,2029,2,11.385103457032141,11.469094,11.48145205624543
924,confirmation,2029,2,12.170450649220749,12.185757,12.175490725940419
929,confirmation,2029,2,12.373707715234994,12.401237,12.35049168309932
930,confirmation,2029,2,12.310437165348775,12.336992,12.335926570510402
934,confirmation,2029,2,12.154784614286667,12.174336,12.164282051327966
935,confirmation,2029,2,12.396697137361691,12.264661,12.286232032561069
942,confirmation,2029,2,12.273735966890268,12.339021,12.32074048204662
944,confirmation,2029,2,11.870606902224587,11.86523,11.811342535880367
946,confirmation,2029,2,11.735276702486741,11.879492,11.844886534361299
950,confirmation,2029,2,12.193498926601634,12.102558,12.133122243576116
963,confirmation,2029,2,11.951186847493476,11.982724,11.970676531469774
969,confirmation,2029,2,10.542732775946709,10.975711,10.994209952667958
981,confirmation,2029,2,12.091789104493502,12.027658,12.060453516852617
983,confirmation,2029,2,11.982278882874377,12.140366,12.13753561093825
988,confirmation,2029,2,12.887129532148373,12.854594,12.897125744838826
995,confirmation,2029,2,12.729323752253295,12.792729,12.894562787120531
996,confirmation,2029,2,11.7085004721646,11.646973,11.70836492219674
998,confirmation,2029,2,12.128116509451258,11.979128,11.984394486560829
1004,confirmation,2029,2,11.827049837927534,11.875045,11.886135903143222
1007,confirmation,2029,2,12.004574385508691,11.994751,11.910902370504635
1015,confirmation,2029,2,11.688566422839942,11.702027,11.682061085970117
1016,confirmation,2029,2,12.33270970174018,12.290383,12.221975012201062
1028,confirmation,2029,2,12.588194064175278,12.615853,12.608279815002332
1039,confirmation,2029,2,11.48247656671073,11.610462,11.585469988024713
1051,confirmation,2029,2,12.080996832096167,12.158175,12.16821209259992
1056,confirmation,2029,2,12.100717685412471,12.014962,11.94042978496794
1060,confirmation,2029,2,12.301387370778713,12.128009,12.17934888238329
1062,confirmation,2029,2,11.302216779257382,11.262608,11.235604095848185
1067,confirmation,2029,2,12.08954444723597,12.043754,12.094318704886568
1069,confirmation,2029,2,11.927687224983487,12.062994,12.031148854179275
1073,confirmation,2029,2,11.424105180165641,11.653986,11.56901010439667
1079,confirmation,2029,2,11.956976469393481,11.833191,11.84738338048627
1080,confirmation,2029,2,11.744045122410057,11.757099,11.760812462112893
1083,confirmation,2029,2,12.165255859329688,12.192088,12.181947296865788
1087,confirmation,2029,2,11.332613886815139,11.466931,11.429109840951243
1088,confirmation,2029,2,12.437188334739655,12.483242,12.482865663765958
1090,confirmation,2029,2,12.190964083849375,12.285234,12.302072633882574
1092,confirmation,2029,2,11.982935344196433,11.944299,11.97097540101065
1094,confirmation,2029,2,11.891368749982085,11.964366,12.000856249305603
1098,confirmation,2029,2,12.04355959836804,11.926589,11.917526500886627
1105,confirmation,2029,2,11.571203807011969,11.602613,11.59074708648936
1107,confirmation,2029,2,12.100161978566867,12.138766,12.09175558576756
1109,confirmation,2029,2,12.10625783509458,12.006655,11.9768803047169
1114,confirmation,2029,2,11.80932691294063,11.808436,11.833847409055974
1116,confirmation,2029,2,12.669809806411457,12.61036,12.676098836989075
1124,confirmation,2029,2,11.678448377988165,11.473827,11.484869970120467
1125,confirmation,2029,2,12.007017865994577,12.007719,11.989352344710905
1127,confirmation,2029,2,12.066816325306588,12.251865,12.238677360069472
1130,confirmation,2029,2,11.849404844423074,11.760041,11.712327190459382
1134,confirmation,2029,2,12.386312871189734,12.387938,12.346384941581933
1138,confirmation,2029,2,11.451060699493427,11.379157,11.387607786385292
1141,confirmation,2029,2,11.842236406331555,11.75849,11.831112297446575
1155,confirmation,2029,2,12.215037342290755,12.245581,12.242047390702579
1159,confirmation,2029,2,12.367889578686164,12.396763,12.37103068995225
1167,confirmation,2029,2,12.41044511731981,12.365937,12.315385407081799
1169,confirmation,2029,2,12.367345048436391,12.22621,12.241511076248035
1176,confirmation,2029,2,12.560247968016562,12.634165,12.617679990972553
1179,confirmation,2029,2,11.950541482162043,11.805126,11.866896076571809
1193,confirmation,2029,2,11.736077016252437,11.673933,11.658124062025614
1197,confirmation,2029,2,12.29779001527865,12.328357,12.355694368936526
1200,confirmation,2029,2,11.904974309480181,11.814795,11.802572692617536
1202,confirmation,2029,2,12.19552218463499,12.189285,12.179230896237634
1210,confirmation,2029,2,12.577639650232573,12.530628,12.536018943729962
1214,confirmation,2029,2,11.884495917930655,11.663805,11.700933823551551
1217,confirmation,2029,2,11.626263078808801,11.791538,11.747679577099783
1219,confirmation,2029,2,11.296024885689746,11.077608,11.104932770574905
1225,confirmation,2029,2,12.122696471358964,12.172425,12.164503060307977
1229,confirmation,2029,2,12.813920618864572,12.796096,12.848792374386257
1235,confirmation,2029,2,11.775297421715827,11.690472,11.673470396070597
1241,confirmation,2029,2,12.323415584358154,12.239505,12.239808469311004
1243,confirmation,2029,2,12.04355959836804,12.053398,12.047870591297492
1245,confirmation,2029,2,12.345838935721968,12.081659,12.110040331966673
1247,confirmation,2029,2,12.136191879981927,12.141788,12.171558430554407
1249,confirmation,2029,2,11.771443882099637,11.862742,11.821790290438512
1252,confirmation,2029,2,12.053801032483948,12.156862,12.179737523794902
1257,confirmation,2029,2,12.616528611893463,12.710535,12.704494715663861
1258,confirmation,2029,2,11.511934974596555,11.393898,11.387495034177979
1259,confirmation,2029,2,12.154784614286667,12.110643,12.102721177068231
1262,confirmation,2029,2,11.766799946849087,11.751503,11.751895974418451
1264,confirmation,2029,2,12.103491596905931,11.967785,12.001744144957074
1265,confirmation,2029,2,12.10625783509458,12.050473,11.937733980511005
1270,confirmation,2029,2,11.87757552297847,11.81727,11.804554487877374
1272,confirmation,2029,2,12.132162346145595,11.980599,12.010970485841195
1273,confirmation,2029,2,11.827743504053695,11.806899,11.813488566677114
1279,confirmation,2029,2,12.37581963951765,12.490409,12.450022083626301
1282,confirmation,2029,2,12.100717685412471,12.16856,12.233222635689494
1296,confirmation,2029,2,11.83863282480007,11.790243,11.794828359672964
1297,confirmation,2029,2,11.951186847493476,11.945117,11.955868017706663
1302,confirmation,2029,2,12.086731521684555,11.965904,12.017330723942637
1306,confirmation,2029,2,12.691583538230217,12.6889715,12.692776753111309
1311,confirmation,2029,2,12.721888795877375,12.558447,12.590479735898485
1317,confirmation,2029,2,12.596403811053621,12.583101,12.532356421563675
1321,confirmation,2029,2,11.960817678718287,11.914161,11.830398570584489
1329,confirmation,2029,2,12.45293662970407,12.303407,12.30058138819182
1339,confirmation,2029,2,12.206077645517674,12.294688,12.301848396444582
1341,confirmation,2029,2,11.719947764402807,11.591152,11.59936141441519
1354,confirmation,2029,2,12.923914877701906,13.011184,12.99497839281809
1368,confirmation,2029,2,11.751950239425476,11.7880535,11.818285591140235
1375,confirmation,2029,2,12.429220196836383,12.420305,12.446981908884185
1378,confirmation,2029,2,11.669937760751914,11.785243,11.746934979017997
1384,confirmation,2029,2,11.626263078808801,11.918377,11.932769896432395
1389,confirmation,2029,2,12.84132849667433,12.7613535,12.775115217574456
1391,confirmation,2029,2,12.367345048436391,12.317864,12.325024589681886
1398,confirmation,2029,2,11.83138646878959,11.764632,11.788332748088322
1401,confirmation,2029,2,11.695255355062795,11.672281,11.741789493867714
1403,confirmation,2029,2,12.174994689959313,12.206007,12.210199295997722
1416,confirmation,2029,2,12.077676615757813,12.361786,12.348597861778456
1417,confirmation,2029,2,11.715874472198905,11.711825,11.687687847195761
1419,confirmation,2029,2,11.728044909070785,11.80964,11.866949314305785
1423,confirmation,2029,2,11.824087219587643,11.800084,11.807420060103182
1431,confirmation,2029,2,12.165984756488543,12.046311,12.095984797247295
1442,confirmation,2029,2,11.913719681428494,11.845231,11.852567002241853
1445,confirmation,2029,2,12.098493002763465,12.198755,12.188614434011784
1446,confirmation,2029,2,11.767575435251748,11.732096,11.687957583640475
1448,confirmation,2029,2,12.388398368982115,12.494364,12.44353248558294
3,confirmation,2029,3,12.317171167298682,12.297661,12.303083522054704
9,confirmation,2029,3,11.774527900858468,11.783346,11.700195125296185
12,confirmation,2029,3,12.75130259456002,12.849983,12.911400756649412
18,confirmation,2029,3,11.407576060361786,11.576578,11.623735457563766
31,confirmation,2029,3,10.596659732783579,11.443755,11.408029675128132
50,confirmation,2029,3,11.751950239425476,11.773092,11.784539369337303
62,confirmation,2029,3,11.522885696764481,11.558942,11.545462492732188
65,confirmation,2029,3,12.299112067295642,12.404506,12.402000685508717
72,confirmation,2029,3,11.771443882099637,11.6877365,11.691724423469436
78,confirmation,2029,3,11.751950239425476,11.689365,11.707907627109616
88,confirmation,2029,3,12.010671928196443,11.909977,11.936056729999121
91,confirmation,2029,3,11.60733523953139,11.489866,11.511853631040141
96,confirmation,2029,3,12.128116509451258,12.065153,12.106541257779389
97,confirmation,2029,3,12.273735966890268,12.280852,12.292330273835672
98,confirmation,2029,3,11.459007676978688,11.73484,11.774682601572295
102,confirmation,2029,3,12.08954444723597,12.010205,11.981459566588315
105,confirmation,2029,3,12.040614105490253,12.007002,11.875783560452568
114,confirmation,2029,3,12.28765724080691,12.361892,12.328697706471694
118,confirmation,2029,3,11.951186847493476,11.864208,11.888558629877375
119,confirmation,2029,3,12.676079399771027,12.820672,12.802054829097537
120,confirmation,2029,3,12.0075668272517,12.069162,12.063679103360242
138,confirmation,2029,3,12.049424683420915,12.327329,12.296767999051832
170,confirmation,2029,3,12.337105293891872,12.429198,12.443342217012471
188,confirmation,2029,3,11.813037464800539,11.782155,11.787198828471395
190,confirmation,2029,3,12.563750586299374,12.495796,12.539891471392755
191,confirmation,2029,3,12.660331092405906,12.51713,12.556763688847958
195,confirmation,2029,3,11.751950239425476,11.706177,11.750308877138544
199,confirmation,2029,3,11.552155793461898,11.652705,11.568427456074643
210,confirmation,2029,3,11.884495917930655,11.95238,11.972592486796001
212,confirmation,2029,3,12.133507329024972,12.064884,12.03173439482351
223,confirmation,2029,3,12.100161978566867,12.067226,12.100246686132701
227,confirmation,2029,3,12.577639650232573,12.46173,12.443536712870383
232,confirmation,2029,3,12.90669432231532,12.75795,12.739614641462863
236,confirmation,2029,3,11.402005077384885,11.364831,11.298337778341084
239,confirmation,2029,3,12.669809806411457,12.461459,12.49648546623923
248,confirmation,2029,3,11.849404844423074,11.877414,11.876006373702388
255,confirmation,2029,3,11.884495917930655,11.863676,11.859902397744545
264,confirmation,2029,3,11.775297421715827,11.752627,11.753109226083778
265,confirmation,2029,3,11.19822841866684,11.400238,11.385534623201883
268,confirmation,2029,3,12.097936057925594,12.042057,12.117497722821275
269,confirmation,2029,3,11.699413330633599,11.66686,11.650017252200396
270,confirmation,2029,3,11.904974309480181,11.966862,11.95690610163139
285,confirmation,2029,3,12.09626335986454,12.179809,12.146582138074837
290,confirmation,2029,3,11.941950837487406,11.842393,11.875225916377122
295,confirmation,2029,3,12.025755079404917,12.050717,12.035326977636178
299,confirmation,2029,3,12.07254696717504,12.073144,12.083138520578968
301,confirmation,2029,3,11.964007453736912,11.98262,12.069856427719525
304,confirmation,2029,3,11.917730355182513,11.762481,11.775852424307336
306,confirmation,2029,3,12.631016799175821,12.614809,12.567147826721039
310,confirmation,2029,3,12.793862088206213,12.773838,12.776388310993076
313,confirmation,2029,3,11.694421681264394,11.799911,11.818937337086435
334,confirmation,2029,3,12.240478903153711,12.133438,12.139367958430226
342,confirmation,2029,3,11.314486721293981,11.345248,11.354811703589354
361,confirmation,2029,3,11.957617696467539,11.893965,11.84095424867399
369,confirmation,2029,3,11.790564777297387,11.858193,11.854419724099525
372,confirmation,2029,3,11.808821212646512,11.634407,11.708025930775278
380,confirmation,2029,3,12.095146671399466,12.036068,12.044400551779658
386,confirmation,2029,3,12.165255859329688,12.116183,12.052610642620923
387,confirmation,2029,3,11.302216779257382,11.453134,11.35757077701291
389,confirmation,2029,3,12.160033942617156,12.174374,12.17979632112697
390,confirmation,2029,3,12.962196972666593,13.016724,12.955496905045214
401,confirmation,2029,3,12.411056299528171,12.33716,12.352611130122977
404,confirmation,2029,3,12.460718739865236,12.410542,12.366659030242861
406,confirmation,2029,3,11.918397239722838,11.925215,11.9144353838107
407,confirmation,2029,3,11.652696102959753,11.6333475,11.626206396362276
417,confirmation,2029,3,11.915058360753719,11.935118,11.927135104637827
419,confirmation,2029,3,11.744045122410057,11.580984,11.536201505657637
446,confirmation,2029,3,11.755879486687116,11.93567,11.900670545325704
448,confirmation,2029,3,12.20557752297723,12.201932,12.204054421502892
449,confirmation,2029,3,11.691080018519527,11.731694,11.709012346106089
457,confirmation,2029,3,11.49273296168228,11.311512,11.286867144751355
461,confirmation,2029,3,12.481565733211923,12.459144,12.44499971963869
463,confirmation,2029,3,11.04106411122238,11.735432,11.728246541040088
468,confirmation,2029,3,11.89478753335453,11.970646,11.982724934082498
471,confirmation,2029,3,12.264346270624157,12.336502,12.368107666187178
476,confirmation,2029,3,11.794345471549745,11.846707,11.83782096423929
478,confirmation,2029,3,12.847929163278053,12.91101,12.890534341606335
483,confirmation,2029,3,11.951186847493476,11.966934,11.93506468074627
491,confirmation,2029,3,11.652696102959753,11.652816,11.631090320322324
496,confirmation,2029,3,10.460270761075149,11.205049,11.151138608041848
498,confirmation,2029,3,12.122696471358964,12.050955,12.042679815388599
505,confirmation,2029,3,11.898194668458823,11.882282,11.873984587030176
514,confirmation,2029,3,11.80560254159177,11.882219,11.821867331011681
516,confirmation,2029,3,12.90634935052389,12.939257,12.870102201738973
522,confirmation,2029,3,11.918397239722838,11.917986,11.900894290239677
526,confirmation,2029,3,12.07824495582233,12.101251,12.137587430100398
531,confirmation,2029,3,12.07254696717504,12.116971,12.083511757685061
537,confirmation,2029,3,12.144202560946876,12.21689,12.222313029500993
544,confirmation,2029,3,11.798111925972618,11.800938,11.721353953822865
545,confirmation,2029,3,12.098854850641,12.239663,12.273049702121417
547,confirmation,2029,3,12.25486757159303,12.067668,12.100500956049974
551,confirmation,2029,3,11.849404844423074,11.7782545,11.745267461770005
554,confirmation,2029,3,11.58989576532275,11.63546,11.684344822903077
558,confirmation,2029,3,11.58989576532275,11.66713,11.615540596324372
559,confirmation,2029,3,12.07254696717504,12.22045,12.216517607771241
572,confirmation,2029,3,11.695255355062795,11.742862,11.720668927166926
578,confirmation,2029,3,12.010671928196443,11.943098,11.904805860575063
587,confirmation,2029,3,11.775297421715827,11.684233,11.734036159800766
590,confirmation,2029,3,11.283524879179666,11.508003,11.533886939791456
591,confirmation,2029,3,12.132969552931216,12.148271,12.153693301412615
597,confirmation,2029,3,11.648373769145277,11.644677,11.646454322133252
615,confirmation,2029,3,11.231901180182515,11.283382,11.238457712197704
616,confirmation,2029,3,11.83138646878959,11.840774,11.820369302744215
619,confirmation,2029,3,12.659737267217572,12.640543,12.678934810639138
627,confirmation,2029,3,11.848690308590857,11.754847,11.739250658380282
628,confirmation,2029,3,11.938199736300925,12.038676,12.026065412295633
640,confirmation,2029,3,12.485830907348902,12.51998,12.529996654917934
642,confirmation,2029,3,12.328294703023396,12.366779,12.380090394307407
644,confirmation,2029,3,11.931642378754141,11.935442,11.926490113610864
649,confirmation,2029,3,11.951186847493476,12.002779,11.982826692570336
651,confirmation,2029,3,12.235393555399902,12.235776,12.273398932346485
652,confirmation,2029,3,11.58989576532275,11.644763,11.69364791585962
653,confirmation,2029,3,12.160033942617156,12.1854515,12.182946463401784
655,confirmation,2029,3,12.765691290604371,12.848887,12.845821459269791
656,confirmation,2029,3,11.385103457032141,11.407452,11.361893585984031
660,confirmation,2029,3,12.025755079404917,11.995715,11.985157038743301
664,confirmation,2029,3,11.83138646878959,11.848366,11.9051784452767
667,confirmation,2029,3,11.767575435251748,12.169221,12.116660924334186
671,confirmation,2029,3,12.063938642041201,12.111497,12.123927809532441
673,confirmation,2029,3,12.013706813470414,12.057321,12.105546830713076
675,confirmation,2029,3,11.849404844423074,11.92176,11.921638432589102
677,confirmation,2029,3,11.373674891823535,11.677971,11.681189950882784
678,confirmation,2029,3,11.603688960617083,11.612338,11.622762460306994
679,confirmation,2029,3,12.827995001361906,12.679888,12.801674552015614
680,confirmation,2029,3,11.763691965388299,11.776181,11.759953376410966
694,confirmation,2029,3,11.59433032142082,11.476111,11.45191683019268
697,confirmation,2029,3,11.39640288460621,11.474351,11.526623375051786
700,confirmation,2029,3,12.185875040240456,12.114894,12.145175433263278
705,confirmation,2029,3,12.269052139516223,12.280991,12.273923618216314
706,confirmation,2029,3,10.915106645867503,11.0184555,11.014194054628451
709,confirmation,2029,3,12.09815887308463,12.112665,12.123026039741513
712,confirmation,2029,3,11.54031687156214,11.332472,11.301674900313966
720,confirmation,2029,3,11.763691965388299,11.789176,11.819029888921596
721,confirmation,2029,3,12.524530013005734,12.469967,12.520117417814836
725,confirmation,2029,3,12.676079399771027,12.638287,12.606057277281831
726,confirmation,2029,3,11.699413330633599,11.676808,11.692154196154306
732,confirmation,2029,3,12.141539457711714,12.112044,12.111241316250585
734,confirmation,2029,3,11.786008995353765,11.78865,11.788805893699955
735,confirmation,2029,3,11.58989576532275,11.628101,11.57496215092224
740,confirmation,2029,3,12.154784614286667,12.190523,12.188018103416432
742,confirmation,2029,3,11.863589378812122,11.807583,11.798925579357986
749,confirmation,2029,3,12.469978029554953,12.376602,12.40240073453928
752,confirmation,2029,3,11.995357787034976,12.017313,11.996409756925722
761,confirmation,2029,3,11.755879486687116,11.705156,11.697107414890771
769,confirmation,2029,3,12.28690580994122,12.326299,12.337776669709696
772,confirmation,2029,3,11.532737896139919,11.678366,11.66801880420483
773,confirmation,2029,3,11.580593459194764,11.826548,11.755802467119047
776,confirmation,2029,3,11.995357787034976,11.99716,11.945850688817073
781,confirmation,2029,3,12.07824495582233,12.086148,12.065245015409609
782,confirmation,2029,3,12.077676615757813,12.086859,12.076657985513336
783,confirmation,2029,3,12.139403856983334,12.15608,12.153575201805104
784,confirmation,2029,3,12.016732516077072,11.949504,11.935391951268063
785,confirmation,2029,3,11.759793355371237,11.85641,11.831798445649778
806,confirmation,2029,3,12.335700805443338,12.183077,12.219591806289058
824,confirmation,2029,3,11.845827048676645,11.885323,11.89792866132417
831,confirmation,2029,3,12.019749091416921,11.969624,11.962160928073764
833,confirmation,2029,3,12.37581963951765,12.356447,12.35672170226046
859,confirmation,2029,3,11.931642378754141,11.887811,11.760486913678278
864,confirmation,2029,3,11.794345471549745,11.888046,11.881493064647588
865,confirmation,2029,3,12.43153750053306,12.161932,12.198446939345699
867,confirmation,2029,3,12.424810506025395,12.4077635,12.410679517330841
871,confirmation,2029,3,11.603688960617083,11.479237,11.472683402782353
876,confirmation,2029,3,12.623064399210183,12.669502,12.646315624833786
879,confirmation,2029,3,11.904974309480181,11.901387,11.917315090392284
880,confirmation,2029,3,11.824087219587643,11.808243,11.84982778125384
883,confirmation,2029,3,12.08954444723597,12.087527,12.095859864218623
893,confirmation,2029,3,11.947955847790901,11.888479,11.88587721852909
895,confirmation,2029,3,11.685693195625964,11.698239,11.717713490030297
896,confirmation,2029,3,11.849404844423074,12.028086,12.0206230710181
897,confirmation,2029,3,11.575909653758895,11.416437,11.383851660967148
898,confirmation,2029,3,11.870278179170796,11.814481,11.833954945108422
904,confirmation,2029,3,12.388398368982115,12.353909,12.387295116855304
909,confirmation,2029,3,11.782960235741939,11.788053,11.780582146957121
911,confirmation,2029,3,11.946660519211651,11.885483,11.87436764988204
912,confirmation,2029,3,11.874097282798648,11.889522,11.925725979557402
915,confirmation,2029,3,12.065280672855897,11.941589,11.967669126239356
917,confirmation,2029,3,10.471978128496518,11.117054,10.992100186276623
919,confirmation,2029,3,12.380030154325457,12.518007,12.494909296030839
922,confirmation,2029,3,11.890683588496984,12.02341,12.0207794794763
923,confirmation,2029,3,12.043500773454495,12.06373,12.092919169902215
939,confirmation,2029,3,12.387560521575551,12.427361,12.441553428826195
940,confirmation,2029,3,12.406565597924235,12.427956,12.504475784110433
943,confirmation,2029,3,11.918397239722838,11.855206,11.81024515115738
947,confirmation,2029,3,11.870606902224587,11.943988,11.9587591113473
949,confirmation,2029,3,12.167856627501678,12.2438755,12.255353459565653
951,confirmation,2029,3,11.767575435251748,11.837683,11.8551423562013
953,confirmation,2029,3,11.804855999911272,11.806541,11.848126426273371
956,confirmation,2029,3,11.884495917930655,11.982265,12.002275254444845
959,confirmation,2029,3,12.128116509451258,12.195134,12.183586404241412
961,confirmation,2029,3,11.665655135642039,11.73161,11.765337805553033
974,confirmation,2029,3,12.111767460549332,12.186862,12.223376939650874
991,confirmation,2029,3,12.759960632315702,12.642298,12.637945557304466
999,confirmation,2029,3,11.418625774449598,11.377927,11.306688646679978
1000,confirmation,2029,3,12.235636302128867,12.160724,12.153656703848638
1008,confirmation,2029,3,11.385103457032141,11.356693,11.265035336911941
1011,confirmation,2029,3,11.813037464800539,11.786028,11.786770516807264
1013,confirmation,2029,3,12.013706813470414,12.025545,12.06588838152772
1014,confirmation,2029,3,11.350418300109132,11.58791,11.521324845236133
1022,confirmation,2029,3,12.175618592671356,12.240936,12.255129173455101
1029,confirmation,2029,3,11.561725152903833,11.764839,11.749243257867587
1030,confirmation,2029,3,11.678448377988165,11.657306,11.691007176708561
1040,confirmation,2029,3,11.289794413577894,11.3482,11.256541913450027
1044,confirmation,2029,3,12.47717172708952,12.456156,12.4500282476454
1045,confirmation,2029,3,12.535379989788607,12.710748,12.671489474443094
1046,confirmation,2029,3,11.846543632608535,11.672346,11.665664850505376
1052,confirmation,2029,3,12.206782393599413,12.173831,12.164998165494142
1053,confirmation,2029,3,12.013706813470414,12.049489,12.032397395403251
1064,confirmation,2029,3,11.612779849672751,11.816062,11.797505654278892
1071,confirmation,2029,3,11.813037464800539,11.805872,11.790276049005282
1072,confirmation,2029,3,11.944714374881176,11.948621,11.967658072232016
1074,confirmation,2029,3,11.979805470779858,11.875799,11.85455279109414
1091,confirmation,2029,3,11.439289689006644,11.353373,11.298626049782754
1093,confirmation,2029,3,11.824087219587643,11.959663,11.952522276184053
1095,confirmation,2029,3,11.767575435251748,11.795312,11.81187173362869
1097,confirmation,2029,3,11.751950239425476,11.711184,11.685809437151836
1099,confirmation,2029,3,11.759793355371237,11.629904,11.676186238367691
1101,confirmation,2029,3,11.002116507732017,11.15216,11.157708576459358
1102,confirmation,2029,3,11.691080018519527,11.679245,11.663649080621493
1104,confirmation,2029,3,11.979805470779858,11.945901,11.951835005842238
1110,confirmation,2029,3,12.54254845357358,12.625667,12.622734235659287
1113,confirmation,2029,3,11.774527900858468,11.7438545,11.778959266933594
1115,confirmation,2029,3,11.669937760751914,11.751695,11.770721470997568
1123,confirmation,2029,3,11.626263078808801,11.336912,11.184102534054034
1126,confirmation,2029,3,11.652696102959753,11.595535,11.6035396524544
1132,confirmation,2029,3,11.44572741040675,11.507314,11.479050951422765
1142,confirmation,2029,3,12.193498926601634,12.143456,12.171222260363102
1144,confirmation,2029,3,11.289794413577894,11.4333515,11.367629679187132
1146,confirmation,2029,3,11.91170829631447,11.747956,11.728907407404748
1149,confirmation,2029,3,11.669082701743504,11.654713,11.625390289570428
1152,confirmation,2029,3,11.917730355182513,11.958546,11.890341937658237
1153,confirmation,2029,3,12.345838935721968,12.213994,12.237912145755642
1158,confirmation,2029,3,12.345838935721968,12.24069,12.238692340817344
1165,confirmation,2029,3,12.175618592671356,12.136313,12.160240751037394
1166,confirmation,2029,3,12.359527368950229,12.249454,12.278028046739264
1171,confirmation,2029,3,12.049424683420915,11.914253,11.878213169160622
1175,confirmation,2029,3,12.384223015005313,12.245797,12.314546735923889
1180,confirmation,2029,3,11.440365524765756,11.4584875,11.434237464283077
1183,confirmation,2029,3,13.521140839642674,13.025857,13.084804281598052
1184,confirmation,2029,3,11.695255355062795,11.877066,11.875758971050923
1191,confirmation,2029,3,12.031725210748633,12.065837,12.018529653132482
1194,confirmation,2029,3,12.013706813470414,12.014649,11.963340122105647
1206,confirmation,2029,3,12.513193308436527,12.568829,12.582448258884149
1207,confirmation,2029,3,11.580593459194764,11.698387,11.721933627426562
1211,confirmation,2029,3,12.149507585033072,12.178332,12.149586626524838
1215,confirmation,2029,3,11.80932691294063,11.801489,11.808918676534113
1222,confirmation,2029,3,11.80560254159177,11.740638,11.741380387717909
1226,confirmation,2029,3,11.884495917930655,11.822561,11.83118372005659
1228,confirmation,2029,3,11.898194668458823,11.883391,11.917821465591741
1230,confirmation,2029,3,11.751950239425476,11.875547,11.876921947641328
1232,confirmation,2029,3,11.794345471549745,11.893541,11.908312601032359
1237,confirmation,2029,3,12.075400019877522,12.003246,11.9966864786641
1239,confirmation,2029,3,11.86710429621008,11.816725,11.780098506793445
1248,confirmation,2029,3,12.042971193457888,11.853154,11.797282975162364
1250,confirmation,2029,3,11.686887175419702,11.718145,11.73022440002488
1254,confirmation,2029,3,12.591338447675579,12.557908,12.590590119132322
1256,confirmation,2029,3,11.755879486687116,11.791337,11.80383652891827
1285,confirmation,2029,3,12.037659911047468,12.115271,12.123314766944366
1294,confirmation,2029,3,12.000897933306716,12.113154,12.089449386125905
1299,confirmation,2029,3,11.982935344196433,12.800734,12.649134415361608
1303,confirmation,2029,3,12.577639650232573,12.671042,12.666690254875267
1308,confirmation,2029,3,11.835016210489899,11.827943,11.836472284909872
1310,confirmation,2029,3,12.09626335986454,12.078627,12.06237060720649
1313,confirmation,2029,3,12.618185607609803,12.643402,12.61602419747583
1314,confirmation,2029,3,12.716405147731708,12.725615,12.765628678404523
1316,confirmation,2029,3,12.239995696974733,12.104137,12.096674783054233
1319,confirmation,2029,3,12.524530013005734,12.485741,12.461105166774283
1323,confirmation,2029,3,12.154784614286667,12.29191,12.317708733196506
1332,confirmation,2029,3,11.794345471549745,11.796581,11.819093705207042
1347,confirmation,2029,3,12.47801017053037,12.498269,12.502238999962886
1350,confirmation,2029,3,11.711784520403112,11.944958,11.867979230230008
1355,confirmation,2029,3,12.367345048436391,12.399842,12.405264956686052
1356,confirmation,2029,3,12.04355959836804,12.166059,12.149694979935674
1357,confirmation,2029,3,11.608244735642321,11.684214,11.685588176889375
1361,confirmation,2029,3,12.149507585033072,12.129526,12.179252741856901
1365,confirmation,2029,3,11.878630514504515,11.878679,11.852771353001957
1366,confirmation,2029,3,12.283038316285214,12.259251,12.277042484075768
1369,confirmation,2029,3,11.87757552297847,11.8474045,11.859835364158906
1371,confirmation,2029,3,11.561725152903833,11.604094,11.613752407967992
1372,confirmation,2029,3,12.016732516077072,12.092242,12.092121068087149
1373,confirmation,2029,3,12.521981322562505,12.445931,12.46475085543841
1377,confirmation,2029,3,11.418625774449598,11.450873,11.443732260009737
1396,confirmation,2029,3,12.546871224308068,12.543041,12.526818001716352
1399,confirmation,2029,3,11.835016210489899,11.842532,11.792025257138958
1409,confirmation,2029,3,11.74006900564972,11.62518,11.65061064183073
1414,confirmation,2029,3,12.456835254920371,12.452714,12.402081122275504
1427,confirmation,2029,3,12.509877789891931,12.3847065,12.422994735667707
1437,confirmation,2029,3,11.699413330633599,11.691991,11.698293976776649
1438,confirmation,2029,3,12.885673487343764,12.798429,12.850425294928987
1439,confirmation,2029,3,11.916395250412128,11.930167,11.913399419748757
1440,confirmation,2029,3,12.190964083849375,12.103462,12.064072944142683
1457,confirmation,2029,3,12.25486757159303,12.207717,12.22219227965885
1459,confirmation,2029,3,11.864469267087891,11.824789,11.821015373818764
4,confirmation,2029,4,11.849404844423074,12.038903,12.027862617610545
5,confirmation,2029,4,12.429220196836383,12.616084,12.609964557748778
7,confirmation,2029,4,12.634606283893019,12.539693,12.516303268753818
11,confirmation,2029,4,11.771443882099637,11.756604,11.741850198343377
23,confirmation,2029,4,12.345838935721968,12.41012,12.365078068049831
26,confirmation,2029,4,12.454107814022272,12.438212,12.415442171251886
27,confirmation,2029,4,11.811554895830454,11.858782,11.884824387585837
28,confirmation,2029,4,12.631343648903034,12.588987,12.579714752189604
30,confirmation,2029,4,11.134603622683905,11.070569,11.16097178161167
37,confirmation,2029,4,11.884495917930655,11.894185,11.884081495560626
38,confirmation,2029,4,11.938199736300925,11.900857,11.903105100723595
39,confirmation,2029,4,11.599112335481124,11.796182,11.80441083620484
40,confirmation,2029,4,11.314486721293981,11.335643,11.340122353758636
41,confirmation,2029,4,11.982935344196433,11.914948,11.816119241301076
43,confirmation,2029,4,11.87757552297847,11.869008,11.907351576072367
44,confirmation,2029,4,11.777218637129327,11.81225,11.8290713677098
53,confirmation,2029,4,11.608244735642321,11.549891,11.563049436623967
55,confirmation,2029,4,11.775297421715827,11.697641,11.683165676498042
70,confirmation,2029,4,12.323860125621126,12.339603,12.378519487278396
80,confirmation,2029,4,11.608244735642321,11.682399,11.653970971702483
103,confirmation,2029,4,11.68658461118553,11.683321,11.677744765816408
108,confirmation,2029,4,11.652696102959753,11.534195,11.455311171212069
124,confirmation,2029,4,11.944064817531656,11.97444,11.960008441581412
128,confirmation,2029,4,11.373674891823535,11.402974,11.388145085452534
130,confirmation,2029,4,11.918397239722838,11.885802,11.897333336425989
133,confirmation,2029,4,11.923384748066601,11.935115,11.940664951786427
142,confirmation,2029,4,12.468440756144114,12.454579,12.457378396023657
143,confirmation,2029,4,12.019749091416921,11.74504,11.702092439819339
149,confirmation,2029,4,11.856522261533737,11.949982,11.928459567486357
152,confirmation,2029,4,12.827731880206521,12.656367,12.69471970282554
156,confirmation,2029,4,11.277215789596893,11.246862,11.223993965341428
161,confirmation,2029,4,11.998439434579149,11.988789,12.005515141388067
162,confirmation,2029,4,12.929993908996359,12.899096,12.875613101191767
163,confirmation,2029,4,12.301387370778713,12.373678,12.411432082810915
166,confirmation,2029,4,11.755879486687116,11.753552,11.755529250975817
169,confirmation,2029,4,12.119975396053194,12.207372,12.197988343339771
174,confirmation,2029,4,12.001511614739405,11.957803,11.924541006043784
176,confirmation,2029,4,12.400820837540556,12.265321,12.269177886669464
184,confirmation,2029,4,12.206077645517674,12.339504,12.29238720571018
185,confirmation,2029,4,11.751950239425476,11.66056,11.712537399465212
196,confirmation,2029,4,11.908346971208951,11.911572,11.915957853131946
205,confirmation,2029,4,11.608244735642321,11.605813,11.587682020888726
208,confirmation,2029,4,11.856522261533737,11.814898,11.828660002074864
213,confirmation,2029,4,12.439875187430008,12.3970995,12.406206326395246
217,confirmation,2029,4,12.25486757159303,12.22375,12.216648635541496
221,confirmation,2029,4,12.230282214644559,12.3080225,12.318489930890449
224,confirmation,2029,4,11.48247656671073,11.699702,11.783584144863715
225,confirmation,2029,4,12.864242696187505,12.8513975,12.915736220880596
233,confirmation,2029,4,11.456365695436427,11.490567,11.487163295462503
235,confirmation,2029,4,12.285350445351659,12.292039,12.305111994667511
237,confirmation,2029,4,12.130815551850676,12.167773,12.167270379445085
242,confirmation,2029,4,11.612779849672751,11.479055,11.490165675505471
244,confirmation,2029,4,11.695255355062795,11.84082,11.839515906935276
253,confirmation,2029,4,12.06105265381003,12.087939,12.073508082999869
256,confirmation,2029,4,12.345838935721968,12.338809,12.342923217906021
260,confirmation,2029,4,11.48247656671073,11.504718,11.463163228638658
274,confirmation,2029,4,11.842236406331555,12.008473,11.9999476861306
280,confirmation,2029,4,12.165255859329688,12.1944,12.262082842092504
282,confirmation,2029,4,12.128116509451258,12.117309,12.165830386611198
284,confirmation,2029,4,12.407383590534293,12.367422,12.392966070322743
293,confirmation,2029,4,11.782960235741939,11.863311,11.7893985413705
294,confirmation,2029,4,12.367345048436391,12.380309,12.393106606592465
300,confirmation,2029,4,11.973516181427835,12.007497,12.006660791348681
303,confirmation,2029,4,12.230770136157428,12.355764,12.358563431729223
311,confirmation,2029,4,12.017336559562407,12.114906,12.13128129817235
314,confirmation,2029,4,12.834683971615659,12.484534,12.473852633892262
318,confirmation,2029,4,12.506180941677357,12.496499,12.473109451615146
323,confirmation,2029,4,12.614868865984631,12.559688,12.5345684411342
326,confirmation,2029,4,11.373674891823535,11.317832,11.34082008237926
328,confirmation,2029,4,11.886218559372042,11.907574,11.895821737545518
329,confirmation,2029,4,12.276069679344003,12.103053,12.13221498275277
332,confirmation,2029,4,11.842236406331555,11.843308,11.848858540043263
335,confirmation,2029,4,12.165255859329688,12.157302,12.163776368317633
338,confirmation,2029,4,12.273735966890268,12.299221,12.292119559918937
339,confirmation,2029,4,12.218500103788143,12.274116,12.286913064111996
343,confirmation,2029,4,11.37940550085183,11.439179,11.43658963339572
345,confirmation,2029,4,11.350418300109132,11.47988,11.394228731397689
355,confirmation,2029,4,11.849404844423074,11.955881,11.910532651698855
356,confirmation,2029,4,12.086731521684555,12.099359,12.10366362244123
359,confirmation,2029,4,11.775297421715827,11.716149,11.681615171091764
367,confirmation,2029,4,11.976665770490767,11.974493,11.94594152912835
368,confirmation,2029,4,12.013706813470414,11.951682,11.930029606763064
370,confirmation,2029,4,11.995357787034976,11.987871,12.013913743054587
374,confirmation,2029,4,11.719947764402807,11.73776,11.740007719131798
382,confirmation,2029,4,12.142871895843887,12.240289,12.266195101096594
392,confirmation,2029,4,12.278397958261774,12.273184,12.226870487129156
397,confirmation,2029,4,11.719947764402807,11.741724,11.731620443619708
399,confirmation,2029,4,11.112462823634855,11.441474,11.397918846857575
400,confirmation,2029,4,12.392556361841777,12.263223,12.275005472201453
402,confirmation,2029,4,12.013646205940514,12.1507635,12.161230943463691
405,confirmation,2029,4,12.031725210748633,12.057321,12.060198008994284
414,confirmation,2029,4,11.652696102959753,11.613181,11.598250915005924
415,confirmation,2029,4,12.337105293891872,12.395054,12.373531741558622
416,confirmation,2029,4,12.106997888588934,12.195372,12.200011672056721
423,confirmation,2029,4,11.635151947212842,11.651644,11.631206872096456
430,confirmation,2029,4,12.07254696717504,12.078538,12.064303297882457
442,confirmation,2029,4,11.678448377988165,11.648673,11.614617154881698
451,confirmation,2029,4,11.608244735642321,11.620507,11.598257241796773
456,confirmation,2029,4,12.075400019877522,12.029689,12.018691945047003
458,confirmation,2029,4,12.45293662970407,12.146064,12.268368256284178
459,confirmation,2029,4,11.989165855127435,11.995091,11.949127534223694
464,confirmation,2029,4,12.147919030759663,12.1056385,12.1514434493644
466,confirmation,2029,4,12.093693109638318,12.042324,12.029340631881407
467,confirmation,2029,4,12.025755079404917,12.011111,11.95692317986928
469,confirmation,2029,4,12.429220196836383,12.432453,12.412984894323994
472,confirmation,2029,4,12.154784614286667,12.140129,12.129132199258429
474,confirmation,2029,4,12.994532278619134,12.819643,12.854398370174556
475,confirmation,2029,4,12.433212202169729,12.399114,12.42227719025779
477,confirmation,2029,4,12.249615734512616,12.208839,12.216741531630301
480,confirmation,2029,4,11.401681006153428,11.669487,11.713218378196714
482,confirmation,2029,4,12.832013750189885,12.781403,12.767820675394631
484,confirmation,2029,4,12.00762780434872,11.986252,11.956738030751401
487,confirmation,2029,4,11.957617696467539,11.879471,11.895317735286634
500,confirmation,2029,4,11.695255355062795,11.76062,11.776467027278821
504,confirmation,2029,4,12.574185427296195,12.4521675,12.517849158110039
510,confirmation,2029,4,11.732069026983156,11.858406,11.860654195877403
511,confirmation,2029,4,12.013100572810686,12.00239,12.01493485565935
513,confirmation,2029,4,11.774527900858468,11.707173,11.706195224221032
515,confirmation,2029,4,11.477308649967686,11.468062,11.51179235373793
518,confirmation,2029,4,12.487488878546145,12.530506,12.554420719892768
519,confirmation,2029,4,12.259618151783465,12.180783,12.185088335575996
525,confirmation,2029,4,12.662709207270272,12.562377,12.589593524141634
528,confirmation,2029,4,13.008661502470739,12.9162035,12.929614644739882
535,confirmation,2029,4,12.08954444723597,12.145877,12.110582109159013
546,confirmation,2029,4,12.34148164933907,12.402173,12.384647937696451
563,confirmation,2029,4,11.58989576532275,11.677233,11.66891273761721
564,confirmation,2029,4,12.128116509451258,12.112589,12.120043042562637
565,confirmation,2029,4,12.498745990829315,12.491222,12.531936502650757
573,confirmation,2029,4,12.32163544049751,12.237672,12.234821960567226
576,confirmation,2029,4,11.682676678340282,11.651909,11.657334441857845
584,confirmation,2029,4,12.691583538230217,12.668565,12.736867862390366
595,confirmation,2029,4,11.608244735642321,11.66417,11.680991495578452
602,confirmation,2029,4,11.856522261533737,11.7613945,11.731244204537951
625,confirmation,2029,4,12.014615485902027,11.978895,11.985769316199406
634,confirmation,2029,4,11.845109950883979,11.905783,11.921629609676282
637,confirmation,2029,4,11.002116507732017,10.88002,10.784833973519328
638,confirmation,2029,4,11.440365524765756,11.585577,11.498455932497226
639,confirmation,2029,4,11.350418300109132,11.476176,11.47815307604906
645,confirmation,2029,4,12.823631142839984,12.759755,12.799430423554814
647,confirmation,2029,4,11.495789479023493,11.489322,11.478443063836528
657,confirmation,2029,4,11.8879382384223,11.905369,11.924812766362912
661,confirmation,2029,4,12.19552218463499,12.222981,12.222281381684416
663,confirmation,2029,4,11.608244735642321,11.881781,11.787574292048912
666,confirmation,2029,4,12.348010479804223,12.427163,12.391868348783037
668,confirmation,2029,4,12.173037959397275,12.235772,12.221340953483267
669,confirmation,2029,4,12.031725210748633,11.9872875,12.002459834089507
683,confirmation,2029,4,12.06105265381003,12.075046,12.106606351715566
685,confirmation,2029,4,12.30592250537653,12.245258,12.2826705423466
687,confirmation,2029,4,12.336556900342153,12.270038,12.302472232226442
689,confirmation,2029,4,12.879019669789754,12.355158,12.441006728559922
699,confirmation,2029,4,11.83863282480007,11.830018,11.870526215667404
702,confirmation,2029,4,11.849404844423074,11.908175,11.911858140513623
715,confirmation,2029,4,11.779136168550774,12.10763,12.128997457039544
718,confirmation,2029,4,11.964007453736912,11.971716,11.988035461802186
731,confirmation,2029,4,12.373707715234994,12.432269,12.46562829446129
739,confirmation,2029,4,12.095146671399466,11.837015,11.794580453682581
753,confirmation,2029,4,12.28765724080691,12.2181,12.235902230833164
754,confirmation,2029,4,12.526346537332584,12.512747,12.506776122650011
757,confirmation,2029,4,12.264346270624157,12.258125,12.2061843492408
758,confirmation,2029,4,11.97603664577121,11.976148,11.919167898721
759,confirmation,2029,4,12.097378802727306,12.007377,12.026058462250719
760,confirmation,2029,4,12.577639650232573,12.641758,12.632041372680801
762,confirmation,2029,4,11.51293546492023,11.556951,11.543465222315108
777,confirmation,2029,4,12.308182383129823,12.306689,12.317156694196113
780,confirmation,2029,4,11.813037464800539,11.908141,11.878627335866147
788,confirmation,2029,4,12.358798024384122,12.34894,12.334016385242485
790,confirmation,2029,4,12.141539457711714,12.248612,12.325239675480624
803,confirmation,2029,4,12.149507585033072,12.157591,12.150489387189445
805,confirmation,2029,4,11.678448377988165,11.640939,11.563909502552148
807,confirmation,2029,4,11.816734299348461,11.767241,11.76626240103988
809,confirmation,2029,4,11.982622797311857,11.859858,11.85887943595199
810,confirmation,2029,4,11.571203807011969,11.7536125,11.705158906497108
811,confirmation,2029,4,12.10625783509458,12.085246,12.11214600237646
812,confirmation,2029,4,11.881041706925902,11.895807,11.953482342257466
813,confirmation,2029,4,10.932999821119937,11.32643,11.3236974301809
814,confirmation,2029,4,11.969723533345908,12.002667,11.985834396679229
820,confirmation,2029,4,12.319405795112926,12.289,12.326753432908571
826,confirmation,2029,4,12.861001210669146,12.972026,12.901726056865483
832,confirmation,2029,4,11.92504173829169,11.933132,11.961714484634735
841,confirmation,2029,4,11.849404844423074,11.759281,11.75269572664885
844,confirmation,2029,4,11.856522261533737,11.80748,11.754336695418084
845,confirmation,2029,4,11.944064817531656,11.858122,11.865230830611342
850,confirmation,2029,4,12.138869243416009,12.068275,12.091701755811506
854,confirmation,2029,4,11.970356641102999,12.021104,12.012578148777084
857,confirmation,2029,4,11.898194668458823,11.953183,11.981111076694075
858,confirmation,2029,4,12.066816325306588,11.998232,11.997807339755184
860,confirmation,2029,4,12.429220196836383,12.369981,12.407177547168173
869,confirmation,2029,4,12.037659911047468,12.000851,12.090740081836437
878,confirmation,2029,4,12.765691290604371,12.7849865,12.754605048276291
894,confirmation,2029,4,12.013706813470414,11.911881,11.897127450540642
900,confirmation,2029,4,11.813037464800539,11.795223,11.820692367650748
906,confirmation,2029,4,11.759793355371237,11.788405,11.784125385132695
910,confirmation,2029,4,12.066816325306588,12.063947,12.06352217587579
914,confirmation,2029,4,11.884495917930655,11.850666,11.914421786497016
920,confirmation,2029,4,12.081081821061819,12.059245,12.086256182429596
926,confirmation,2029,4,12.07254696717504,11.976241,11.960178315226022
957,confirmation,2029,4,11.728044909070785,11.756869,11.752479594741567
962,confirmation,2029,4,12.513561021741964,12.495593,12.522889284488746
967,confirmation,2029,4,11.982935344196433,11.885045,11.955795648499823
968,confirmation,2029,4,11.813037464800539,11.808468,11.827911826421506
970,confirmation,2029,4,11.849404844423074,11.724208,11.762228876602858
972,confirmation,2029,4,12.06105265381003,11.997397,11.99519861791679
980,confirmation,2029,4,11.842236406331555,11.810307,11.808679326600073
982,confirmation,2029,4,12.724869415131389,12.706492,12.693473869335255
986,confirmation,2029,4,11.736077016252437,11.717479,11.773241487093685
990,confirmation,2029,4,12.190964083849375,12.158471,12.184377474143469
992,confirmation,2029,4,12.031725210748633,12.169116,12.142192416637034
1009,confirmation,2029,4,12.388398368982115,12.416067,12.364281599952024
1019,confirmation,2029,4,11.982935344196433,12.013971,12.004587960344166
1020,confirmation,2029,4,12.271349956195543,12.1697645,12.15678108445709
1024,confirmation,2029,4,12.160033942617156,12.133909,12.111025269592606
1025,confirmation,2029,4,12.567240979056246,12.618056,12.587947143284484
1026,confirmation,2029,4,11.630717389475995,11.734418,11.727616306950605
1027,confirmation,2029,4,12.02874460037869,11.815049,11.810769138184453
1036,confirmation,2029,4,11.338583982516495,11.413687,11.34574446809809
1038,confirmation,2029,4,12.567240979056246,12.535051,12.49000940349905
1042,confirmation,2029,4,12.06105265381003,12.033487,12.07912448404491
1048,confirmation,2029,4,11.884495917930655,11.841834,11.838629511244656
1055,confirmation,2029,4,12.449022745701502,12.527317,12.492175626383553
1070,confirmation,2029,4,11.813037464800539,11.798225,11.814072312923352
1078,confirmation,2029,4,11.840796531639839,11.780528,11.761736529712593
1081,confirmation,2029,4,11.884495917930655,12.073124,12.065749268027062
1085,confirmation,2029,4,12.141539457711714,12.151263,12.167638224136706
1086,confirmation,2029,4,11.898194668458823,11.971407,11.98360015626899
1103,confirmation,2029,4,11.813037464800539,11.819494,11.75929002448201
1117,confirmation,2029,4,12.123239799036943,12.146125,12.094030529281884
1118,confirmation,2029,4,11.775297421715827,11.813811,11.829379912161265
1122,confirmation,2029,4,12.268582547911404,12.33792,12.348387620709785
1131,confirmation,2029,4,11.813037464800539,11.828822,11.781728471038784
1137,confirmation,2029,4,11.686887175419702,11.703894,11.5951639177696
1157,confirmation,2029,4,12.100161978566867,12.044099,12.081883766089973
1168,confirmation,2029,4,12.06105265381003,12.102682,12.119057100784655
1173,confirmation,2029,4,12.05467400868968,11.989108,12.00778987704564
1178,confirmation,2029,4,11.652696102959753,11.6296425,11.590592952874236
1186,confirmation,2029,4,11.560772327227417,11.725635,11.737511910627898
1188,confirmation,2029,4,12.476103599529843,12.577065,12.58084644835789
1196,confirmation,2029,4,12.07824495582233,12.008987,12.01546189230445
1198,confirmation,2029,4,11.87757552297847,11.936196,11.953212104630625
1199,confirmation,2029,4,12.08954444723597,12.097148,12.083147449081098
1224,confirmation,2029,4,11.834291315386718,11.834184,11.76755073494433
1240,confirmation,2029,4,12.490879338036375,12.331225,12.273014002558016
1244,confirmation,2029,4,13.049794835104816,13.070333,13.009933234339831
1246,confirmation,2029,4,12.08954444723597,12.156779,12.157416856529927
1260,confirmation,2029,4,11.92504173829169,11.923655,11.950665629145904
1261,confirmation,2029,4,12.10625783509458,12.143258,12.142833546725399
1266,confirmation,2029,4,12.12215284831553,12.067309,12.095891692581512
1267,confirmation,2029,4,11.711784520403112,11.779423,11.690041205638902
1274,confirmation,2029,4,12.083910661257521,12.033642,12.041095975301895
1275,confirmation,2029,4,11.842236406331555,11.79089,11.854645480344672
1277,confirmation,2029,4,11.995357787034976,12.046906,12.057006852308902
1284,confirmation,2029,4,11.842236406331555,11.86666,11.833844407788554
1288,confirmation,2029,4,12.154784614286667,12.06369,12.063814028680014
1293,confirmation,2029,4,11.58525542883217,11.648654,11.561532905458652
1305,confirmation,2029,4,11.775297421715827,11.838541,11.794106060051197
1318,confirmation,2029,4,12.249615734512616,12.19535,12.207758487028391
1325,confirmation,2029,4,11.898194668458823,12.536014,12.564859531920241
1328,confirmation,2029,4,11.779136168550774,11.765118,11.80094268469531
1335,confirmation,2029,4,11.736077016252437,11.661016,11.665309926323928
1336,confirmation,2029,4,12.031129798974042,11.9852085,11.97528310497462
1340,confirmation,2029,4,11.763691965388299,11.715654,11.752672943979764
1343,confirmation,2029,4,12.339295865674435,12.491824,12.443185156419354
1346,confirmation,2029,4,11.59451466851004,11.443946,11.403807073075894
1349,confirmation,2029,4,12.278397958261774,12.3889065,12.363787305575118
1352,confirmation,2029,4,12.049424683420915,12.052321,12.050694737459162
1353,confirmation,2029,4,11.812296455066814,11.747375,11.81277255735572
1358,confirmation,2029,4,11.917730355182513,11.962986,11.978731746602719
1360,confirmation,2029,4,12.660331092405906,12.807844,12.794262249491311
1362,confirmation,2029,4,12.468440756144114,12.375913,12.41189742937272
1364,confirmation,2029,4,11.963574241653713,12.041324,12.036904993345598
1370,confirmation,2029,4,12.354496960983985,12.475325,12.43688129999053
1379,confirmation,2029,4,11.326607934898927,11.534189,11.530785312369241
1383,confirmation,2029,4,11.964007453736912,11.954012,11.947118008745578
1390,confirmation,2029,4,11.782960235741939,11.800166,11.832629982131031
1394,confirmation,2029,4,12.001511614739405,11.89481,11.844318252217436
1397,confirmation,2029,4,11.982935344196433,11.95167,12.028410287674326
1400,confirmation,2029,4,11.831022768939789,12.028114,11.985992104007083
1402,confirmation,2029,4,12.170450649220749,12.154129,12.16060349386695
1404,confirmation,2029,4,12.552930054797935,12.381011,12.357621399246982
1405,confirmation,2029,4,11.561725152903833,11.337865,11.22073959491771
1406,confirmation,2029,4,12.524530013005734,12.640849,12.682239684751638
1411,confirmation,2029,4,12.345838935721968,12.299876,12.285875720565473
1421,confirmation,2029,4,12.100161978566867,12.054736,12.081636053645992
1422,confirmation,2029,4,11.755879486687116,11.832455,11.830311915922394
1426,confirmation,2029,4,11.863589378812122,11.914681,11.913054738069514
1428,confirmation,2029,4,11.849404844423074,11.784511,11.7936577550795
1430,confirmation,2029,4,12.116700301832573,12.114657,12.138356564203484
1433,confirmation,2029,4,11.07443600653965,11.55121,11.569764846045798
1436,confirmation,2029,4,12.066816325306588,12.051808,11.98773125141431
1451,confirmation,2029,4,11.820417517632333,11.825709,11.807931684505036
1453,confirmation,2029,4,11.884495917930655,11.795928,11.777482730867627
1458,confirmation,2029,4,12.493133274926212,12.501811,12.575091038169802
1460,confirmation,2029,4,11.901590234400047,11.914246,11.90592560077639
1,confirmation,2029,5,12.24769911637256,12.23323,12.231067180399016
6,confirmation,2029,5,11.870606902224587,11.952659,11.9554141743754
13,confirmation,2029,5,11.87757552297847,11.816609,11.805621597941656
14,confirmation,2029,5,12.540761149388421,12.269755,12.260446691565798
17,confirmation,2029,5,11.91170829631447,11.940389,11.9579640726202
25,confirmation,2029,5,11.944714374881176,11.852798,11.866562588710414
35,confirmation,2029,5,12.533579815765737,12.50404,12.493057848898422
36,confirmation,2029,5,12.6410997921206,12.59302,12.620005812051977
48,confirmation,2029,5,12.428019481065613,12.414626,12.42562872026346
56,confirmation,2029,5,12.103491596905931,11.994508,11.980874388326155
60,confirmation,2029,5,11.735276702486741,11.681728,11.72372110405298
61,confirmation,2029,5,11.970356641102999,12.07661,12.034221401997884
69,confirmation,2029,5,11.289794413577894,11.246356,11.199228021300502
73,confirmation,2029,5,12.128116509451258,12.173407,12.161521183066483
74,confirmation,2029,5,11.88380602959621,11.869802,11.905029759753626
77,confirmation,2029,5,11.818577604251555,11.671162,11.72181035051399
82,confirmation,2029,5,11.941462360646149,12.062053,12.052781358019985
83,confirmation,2029,5,12.409017571151187,12.336132,12.352286066457761
84,confirmation,2029,5,11.748005492256807,11.745324,11.757517484710098
86,confirmation,2029,5,12.468440756144114,12.509315,12.523090009012819
87,confirmation,2029,5,12.066816325306588,12.066541,12.064256766028322
90,confirmation,2029,5,11.724813914587886,11.680021,11.70950064926983
93,confirmation,2029,5,12.004574385508691,11.820812,11.902069077519235
94,confirmation,2029,5,11.804855999911272,12.054624,12.028159145238485
107,confirmation,2029,5,11.51293546492023,11.422957,11.387185797795862
115,confirmation,2029,5,12.466515835145202,12.3229885,12.378665300007293
123,confirmation,2029,5,11.820417517632333,11.799612,11.813803512633438
125,confirmation,2029,5,12.10625783509458,12.07276,12.078298549800639
129,confirmation,2029,5,11.951186847493476,11.84456,11.83862344540212
131,confirmation,2029,5,12.328294703023396,12.352427,12.291943284271591
132,confirmation,2029,5,12.404927602627597,12.276021,12.273737051672853
134,confirmation,2029,5,12.301387370778713,12.262274,12.206564325721565
139,confirmation,2029,5,12.345838935721968,12.430104,12.410630162354458
140,confirmation,2029,5,12.352339472153524,12.189499,12.193538109458657
144,confirmation,2029,5,12.225880174775122,12.288629,12.281082091450106
147,confirmation,2029,5,11.561725152903833,11.571214,11.591770507414243
151,confirmation,2029,5,11.711784520403112,11.79858,11.815529782030401
155,confirmation,2029,5,11.736077016252437,11.61316,11.544693537813714
158,confirmation,2029,5,12.504327379899443,12.491404,12.473280572545244
165,confirmation,2029,5,11.931642378754141,11.884214,11.877641653171255
171,confirmation,2029,5,11.763691965388299,11.672738,11.649701073636825
172,confirmation,2029,5,12.278397958261774,12.138603,12.128353734934011
173,confirmation,2029,5,12.384223015005313,12.232168,12.291381192078209
180,confirmation,2029,5,11.51293546492023,11.544442,11.521405175199325
192,confirmation,2029,5,12.122696471358964,12.0659895,12.051376620346891
194,confirmation,2029,5,11.775297421715827,11.866706,11.820684866180699
201,confirmation,2029,5,11.849404844423074,11.816682,11.838889674581445
211,confirmation,2029,5,11.49273296168228,11.428084,11.395047892928323
216,confirmation,2029,5,11.808955099378537,11.844722,11.864370619820702
218,confirmation,2029,5,11.580593459194764,11.459759,11.340104684651887
226,confirmation,2029,5,11.626263078808801,11.411372,11.410247134046134
228,confirmation,2029,5,11.571203807011969,11.456455,11.478389388498927
234,confirmation,2029,5,11.761354623750297,11.747216,11.77270118094828
238,confirmation,2029,5,12.178192583415596,12.295889,12.302207231999198
240,confirmation,2029,5,11.635151947212842,11.833935,11.779030186027581
241,confirmation,2029,5,12.47801017053037,12.512504,12.532041566630069
243,confirmation,2029,5,11.277215789596893,11.426512,11.366357696553543
245,confirmation,2029,5,12.230770136157428,12.436356,12.414849053431661
247,confirmation,2029,5,11.827743504053695,11.813384,11.82113617857053
261,confirmation,2029,5,12.07824495582233,12.018128,11.999110963805956
267,confirmation,2029,5,12.128116509451258,12.139704,12.15050100574216
271,confirmation,2029,5,12.491255347155265,12.495538,12.49960376424655
272,confirmation,2029,5,12.394628892852941,12.2651205,12.346492953417886
273,confirmation,2029,5,12.577639650232573,12.607047,12.644334170166445
277,confirmation,2029,5,12.211065162153215,12.240671,12.181943740126307
278,confirmation,2029,5,11.856522261533737,11.595291,11.638007870341198
281,confirmation,2029,5,12.339295865674435,12.300883,12.278774569960559
283,confirmation,2029,5,12.242891437918386,12.308939,12.356231640603603
287,confirmation,2029,5,11.976665770490767,12.087262,12.109150798163991
291,confirmation,2029,5,12.359784657728284,12.481199,12.475909033043687
297,confirmation,2029,5,11.931642378754141,11.807172,11.771357953235286
298,confirmation,2029,5,12.384223015005313,12.31385,12.339154037644176
302,confirmation,2029,5,12.495007682693725,12.5183325,12.493706969907715
305,confirmation,2029,5,12.59473402514672,12.717121,12.72759456078411
309,confirmation,2029,5,11.320565693461432,11.588552,11.601992331920187
322,confirmation,2029,5,12.777055016970678,12.733897,12.748033986723607
333,confirmation,2029,5,12.556733038263905,12.738101,12.752005171276126
337,confirmation,2029,5,12.841132451487937,12.799039,12.842583465022846
350,confirmation,2029,5,12.988043102265232,13.000189,13.039826281439383
357,confirmation,2029,5,12.06105265381003,12.039006,12.044655439287599
360,confirmation,2029,5,12.54254845357358,12.558598,12.572373036661745
362,confirmation,2029,5,11.884495917930655,11.870771,11.868887354624231
366,confirmation,2029,5,11.898194668458823,11.655796,11.647574439463252
371,confirmation,2029,5,12.057578437658945,12.080886,12.091683142277805
375,confirmation,2029,5,12.299112067295642,12.245425,12.238111349402468
381,confirmation,2029,5,11.751950239425476,11.960432,12.019350952836335
385,confirmation,2029,5,12.388398368982115,12.407082,12.413220862315294
391,confirmation,2029,5,11.686887175419702,11.706439,11.69477052341735
395,confirmation,2029,5,11.599112335481124,11.584803,11.561765625943954
409,confirmation,2029,5,12.54254845357358,12.507906,12.52512892272571
410,confirmation,2029,5,12.73596827534975,12.602084,12.598452989030935
413,confirmation,2029,5,12.310437165348775,12.369444,12.415545350082631
420,confirmation,2029,5,11.863589378812122,11.813307,11.828642382741265
421,confirmation,2029,5,12.237091546357338,12.230509,12.123276973254503
425,confirmation,2029,5,11.842236406331555,11.884613,11.870979635823714
429,confirmation,2029,5,12.182809136284991,12.199997,12.19068827634363
435,confirmation,2029,5,11.302216779257382,11.323321,11.316313524602927
440,confirmation,2029,5,11.608244735642321,11.751453,11.782598800135085
445,confirmation,2029,5,12.25486757159303,12.266052,12.26388978934677
447,confirmation,2029,5,12.154784614286667,12.265789,12.263472714589772
460,confirmation,2029,5,11.608244735642321,11.697093,11.647792422924311
479,confirmation,2029,5,12.601490784782536,12.6066885,12.581830376139923
486,confirmation,2029,5,11.898194668458823,11.862464,11.888923280129477
489,confirmation,2029,5,11.982935344196433,11.804784,11.793861055998946
495,confirmation,2029,5,11.421917019425596,11.437728,11.435826300421535
499,confirmation,2029,5,11.775297421715827,11.765316,11.768835905353251
503,confirmation,2029,5,11.849404844423074,11.912163,11.893866592569626
506,confirmation,2029,5,11.732069026983156,11.679538,11.661661279217657
507,confirmation,2029,5,12.278397958261774,12.363353,12.355882898456722
517,confirmation,2029,5,11.970356641102999,11.983592,11.954885489762846
521,confirmation,2029,5,11.573559498507079,11.31577,11.28514994483245
527,confirmation,2029,5,11.790564777297387,11.789935,11.816627052852349
532,confirmation,2029,5,11.759793355371237,11.8678465,11.927057822466741
533,confirmation,2029,5,11.58525542883217,11.552677,11.587904439319056
536,confirmation,2029,5,11.58525542883217,11.773211,11.760065755475352
539,confirmation,2029,5,11.970356641102999,11.860371,11.849146870369182
548,confirmation,2029,5,11.771443882099637,11.751054,11.781866811700963
550,confirmation,2029,5,12.479913113434042,12.3517475,12.376818535795328
553,confirmation,2029,5,12.450981602512561,12.438439,12.452343534923587
557,confirmation,2029,5,11.856522261533737,11.902309,11.914025085294336
560,confirmation,2029,5,12.36308066783498,12.136579,12.115938216455616
566,confirmation,2029,5,11.759793355371237,11.850479,11.773158008908574
567,confirmation,2029,5,12.691583538230217,12.670353,12.719048931944686
574,confirmation,2029,5,12.04355959836804,12.01933,12.007677218667773
577,confirmation,2029,5,11.884495917930655,11.94442,11.954150758094402
581,confirmation,2029,5,12.111217862017215,12.111651,12.100799759275409
586,confirmation,2029,5,12.820990681250251,12.823227,12.809417172966967
592,confirmation,2029,5,13.02132904585825,12.982313,12.985134292093791
594,confirmation,2029,5,11.849404844423074,11.864966,11.86900560060856
598,confirmation,2029,5,12.176654133447505,12.141994,12.110422008771211
600,confirmation,2029,5,11.92504173829169,11.91175,11.91325362945583
601,confirmation,2029,5,12.524530013005734,12.503475,12.530460562113012
604,confirmation,2029,5,11.92504173829169,11.954864,11.988702527016157
606,confirmation,2029,5,12.230770136157428,12.203435,12.129870492311658
608,confirmation,2029,5,12.323860125621126,12.008457,12.00448586619888
617,confirmation,2029,5,12.118339189722553,12.132497,12.143294088933079
620,confirmation,2029,5,12.628070334272698,12.710775,12.660449942624577
626,confirmation,2029,5,11.982935344196433,11.888445,11.886128583120046
635,confirmation,2029,5,11.87757552297847,11.866673,11.840811196763784
641,confirmation,2029,5,12.520887034998584,12.484565,12.503852976899841
643,confirmation,2029,5,12.75130259456002,12.8052435,12.78986362002502
646,confirmation,2029,5,11.872353615355413,11.786821,11.768036545916035
654,confirmation,2029,5,11.813037464800539,11.836909,11.855150416868232
658,confirmation,2029,5,11.91170829631447,12.040663,12.071912129850903
659,confirmation,2029,5,11.487617913343598,11.821932,11.770013931122007
676,confirmation,2029,5,11.908346971208951,11.945838,11.921884216561507
690,confirmation,2029,5,12.179220327453933,12.118203,12.133718523762322
696,confirmation,2029,5,12.07824495582233,12.060793,12.083953152619154
701,confirmation,2029,5,12.652362948153474,12.580807,12.538178476629252
703,confirmation,2029,5,12.799178471909892,12.719596,12.850330374682883
716,confirmation,2029,5,12.013706813470414,11.893936,11.899475078731303
723,confirmation,2029,5,11.732069026983156,11.644655,11.689919896574846
728,confirmation,2029,5,12.178192583415596,12.175517,12.167970595478426
733,confirmation,2029,5,12.312686874960354,12.346256,12.344093799356536
736,confirmation,2029,5,12.001511614739405,11.976668,11.956011716037125
744,confirmation,2029,5,12.07254696717504,11.959614,11.94324198537214
745,confirmation,2029,5,12.100717685412471,12.267327,12.322735606584102
746,confirmation,2029,5,12.61087420020211,12.710487,12.767081922943065
751,confirmation,2029,5,11.477308649967686,11.403779,11.376542751218135
755,confirmation,2029,5,11.957617696467539,11.904162,11.914446119482971
763,confirmation,2029,5,12.279327754099118,12.221558,12.287013951543328
779,confirmation,2029,5,11.87757552297847,11.777666,11.797267566093153
791,confirmation,2029,5,11.984184555794167,11.978901,11.945179358821855
792,confirmation,2029,5,11.896833207128452,11.935168,11.913048302222865
795,confirmation,2029,5,12.178192583415596,12.195612,12.189110565838636
798,confirmation,2029,5,11.608244735642321,11.5069685,11.479592922883217
800,confirmation,2029,5,12.07254696717504,11.898479,11.968754728477203
816,confirmation,2029,5,12.323415584358154,12.230289,12.231510928251987
817,confirmation,2029,5,11.827743504053695,11.811142,11.830790793465722
823,confirmation,2029,5,12.323860125621126,12.190609,12.15999972808696
828,confirmation,2029,5,12.149507585033072,12.118257,12.087982075760637
835,confirmation,2029,5,11.849047640327147,11.824562,11.836513721253038
836,confirmation,2029,5,11.759793355371237,11.72298,11.760621096776116
837,confirmation,2029,5,11.941462360646149,11.742405,11.732694213786232
839,confirmation,2029,5,11.87757552297847,11.875926,11.898027048268647
842,confirmation,2029,5,11.967187086434018,11.888727,11.892209590359215
846,confirmation,2029,5,12.049424683420915,12.116104,12.092031765011516
849,confirmation,2029,5,12.388398368982115,12.280438,12.32103024345907
851,confirmation,2029,5,11.78676973513378,11.858165,11.86243660721815
861,confirmation,2029,5,12.154521423145216,12.040988,12.088453900351682
863,confirmation,2029,5,11.931642378754141,11.8656845,11.836761673179522
866,confirmation,2029,5,11.908346971208951,11.760946,11.767513892313893
873,confirmation,2029,5,11.661354090741,11.662302,11.6941453762195
888,confirmation,2029,5,11.816734299348461,11.8490925,11.835947713483165
901,confirmation,2029,5,11.608244735642321,11.635103,11.660708795947466
902,confirmation,2029,5,11.938199736300925,11.888525,11.91498433817391
907,confirmation,2029,5,12.449022745701502,12.534407,12.545409260729768
916,confirmation,2029,5,11.225256725762893,11.336084,11.29610026119363
921,confirmation,2029,5,12.211065162153215,12.170114,12.132655383514573
928,confirmation,2029,5,12.07824495582233,12.091822,12.060646542708616
932,confirmation,2029,5,11.674202123168433,11.70791,11.714477202555592
936,confirmation,2029,5,11.288543647320601,11.390127,11.4563085627402
938,confirmation,2029,5,12.441148720271016,12.363631,12.388702271452066
941,confirmation,2029,5,11.924379271639218,12.083603,12.074331536547817
948,confirmation,2029,5,12.506180941677357,12.526242,12.470765405268168
952,confirmation,2029,5,11.694421681264394,11.628228,11.632263315157767
955,confirmation,2029,5,11.755879486687116,11.821246,11.781533965973923
960,confirmation,2029,5,11.951186847493476,12.065642,12.099481335609907
966,confirmation,2029,5,12.094587859196112,12.059151,12.020437266587024
975,confirmation,2029,5,12.02874460037869,12.128323,12.152187021917179
976,confirmation,2029,5,12.013706813470414,12.0811615,12.119313729183483
979,confirmation,2029,5,11.608244735642321,11.540575,11.560463722894085
985,confirmation,2029,5,11.744045122410057,11.733429,11.749510753855862
987,confirmation,2029,5,11.669937760751914,11.656168,11.66392010648801
989,confirmation,2029,5,12.180759965737863,12.136682,12.150386248163159
993,confirmation,2029,5,12.138869243416009,12.167677,12.178193250054964
997,confirmation,2029,5,11.824087219587643,11.759847,11.792821790670793
1001,confirmation,2029,5,11.314486721293981,11.143985,11.090731122164831
1006,confirmation,2029,5,11.917730355182513,11.790968,11.834436957505233
1017,confirmation,2029,5,12.220966184120165,12.299811,12.292264876484285
1031,confirmation,2029,5,11.982935344196433,11.83382,11.918420480377943
1032,confirmation,2029,5,12.190964083849375,12.333257,12.252106836798818
1035,confirmation,2029,5,11.693169865968983,11.723131,11.804620643821208
1041,confirmation,2029,5,11.951186847493476,12.059155,12.005899194976571
1043,confirmation,2029,5,12.185875040240456,12.142862,12.158145068727439
1047,confirmation,2029,5,13.229569788348705,12.943658,13.03309954636415
1049,confirmation,2029,5,11.652696102959753,11.819313,11.780036066853883
1050,confirmation,2029,5,11.349241150793087,11.488089,11.544337515772565
1058,confirmation,2029,5,12.421188057397055,12.299798,12.339073380913895
1061,confirmation,2029,5,12.271396795480596,12.341283,12.400075068243225
1063,confirmation,2029,5,11.407576060361786,11.7282505,11.697280343797958
1084,confirmation,2029,5,11.982935344196433,11.948793,11.950790345284933
1089,confirmation,2029,5,11.83138646878959,11.86356,11.817538694610874
1096,confirmation,2029,5,12.080696479888445,12.096518,12.10078938279188
1111,confirmation,2029,5,12.144202560946876,12.130662,12.133762042355162
1121,confirmation,2029,5,11.681832447342321,11.672238,11.657503185868604
1129,confirmation,2029,5,12.278397958261774,12.23217,12.220517298929003
1133,confirmation,2029,5,11.674202123168433,11.776877,11.700447282975755
1136,confirmation,2029,5,11.532737896139919,11.606893,11.631651357277555
1140,confirmation,2029,5,11.87757552297847,11.680319,11.673283360785888
1145,confirmation,2029,5,11.289794413577894,11.412822,11.392997078839713
1147,confirmation,2029,5,12.100717685412471,12.067288,12.042678814067553
1154,confirmation,2029,5,11.699413330633599,11.67756,11.697277250545094
1156,confirmation,2029,5,12.292254928916668,12.181862,12.238008464032118
1160,confirmation,2029,5,12.128116509451258,12.0958605,12.114716590878457
1162,confirmation,2029,5,12.319405795112926,12.285842,12.345193874658522
1163,confirmation,2029,5,11.767575435251748,11.733631,11.709558773068157
1164,confirmation,2029,5,11.59873612138334,11.810335,11.741129709088906
1170,confirmation,2029,5,13.345508528717259,13.182684,13.48861715484947
1172,confirmation,2029,5,12.001511614739405,11.999296,11.99359594519139
1174,confirmation,2029,5,12.208574513247495,12.236802,12.276824978889294
1181,confirmation,2029,5,12.429220196836383,12.446866,12.4699166380316
1182,confirmation,2029,5,12.880294363972055,12.603066,12.639655520430347
1189,confirmation,2029,5,12.180759965737863,12.147605,12.140058455585848
1192,confirmation,2029,5,12.066816325306588,12.082949,12.093951283434846
1195,confirmation,2029,5,11.970356641102999,11.86474,11.852064960858097
1201,confirmation,2029,5,11.6617850286409,11.507202,11.58951573017714
1205,confirmation,2029,5,11.941462360646149,11.921094,11.93959085743773
1208,confirmation,2029,5,12.206077645517674,12.253105,12.27022557884779
1209,confirmation,2029,5,11.849404844423074,11.865848,11.897690946593036
1213,confirmation,2029,5,11.635151947212842,11.339946,11.361318808219014
1216,confirmation,2029,5,11.736077016252437,11.628035,11.603962230709758
1218,confirmation,2029,5,12.343470927093518,12.416008,12.40699279479638
1221,confirmation,2029,5,11.652696102959753,11.615554,11.595875457742384
1233,confirmation,2029,5,11.530775206233024,11.523352,11.541024081428423
1242,confirmation,2029,5,12.42250975887691,12.4202385,12.465737765720418
1255,confirmation,2029,5,12.016128107502665,12.123211,12.069492701499755
1269,confirmation,2029,5,12.850557278777309,12.89167,12.991263211877056
1278,confirmation,2029,5,12.19552218463499,12.126723,12.132262210994487
1281,confirmation,2029,5,12.33270970174018,12.292637,12.285090384601961
1283,confirmation,2029,5,11.921725007667265,11.871831,11.908439651273504
1287,confirmation,2029,5,11.870606902224587,11.963434,11.977741096624495
1289,confirmation,2029,5,12.535379989788607,12.433704,12.48372864416107
1292,confirmation,2029,5,11.691080018519527,11.601325,11.649107995367789
1307,confirmation,2029,5,12.218500103788143,12.1500225,12.18009406470447
1309,confirmation,2029,5,11.898194668458823,11.822158,11.824163986845928
1312,confirmation,2029,5,12.220966184120165,12.219543,12.210234785132693
1326,confirmation,2029,5,10.915106645867503,11.137275,11.018254761101998
1327,confirmation,2029,5,11.277215789596893,11.317528,11.335495781822296
1330,confirmation,2029,5,12.081081821061819,12.106736,12.10793197246294
1331,confirmation,2029,5,12.33270970174018,12.388724,12.399726925829865
1345,confirmation,2029,5,11.95655945119582,12.1105585,12.101249837928103
1348,confirmation,2029,5,12.554840409959793,12.5164585,12.489800160260666
1374,confirmation,2029,5,13.05301544288996,12.942344,13.235428326652446
1382,confirmation,2029,5,12.377927112974284,12.282961,12.297152359068985
1386,confirmation,2029,5,11.74006900564972,11.593063,11.548760946653015
1387,confirmation,2029,5,12.429220196836383,12.574443,12.550964912833898
1392,confirmation,2029,5,11.728044909070785,11.672589,11.671223762450612
1393,confirmation,2029,5,11.719947764402807,11.796861,11.80857636245498
1395,confirmation,2029,5,12.415437707935368,12.335482,12.316757771477512
1407,confirmation,2029,5,11.798111925972618,11.755108,11.791716590665594
1408,confirmation,2029,5,11.626263078808801,11.6727915,11.67554700213419
1410,confirmation,2029,5,12.278397958261774,12.269452,12.246210125330686
1413,confirmation,2029,5,11.407576060361786,11.43043,11.44787021257518
1415,confirmation,2029,5,12.240478903153711,12.202707,12.260442348958337
1418,confirmation,2029,5,12.73670383776449,12.70287,12.703564633739898
1420,confirmation,2029,5,12.314931534737134,12.336969,12.376193616997517
1443,confirmation,2029,5,12.644330802262578,12.789807,12.906298042730196
1447,confirmation,2029,5,11.969723533345908,11.901128,11.94047616075312
1452,confirmation,2029,5,12.567554517655415,12.4121275,12.403112294002923
1454,confirmation,2029,5,11.344518647594766,11.752869,11.769413288739607
1455,confirmation,2029,5,12.128116509451258,12.1369,12.161970971098063
