Id,seed,stage,fold,selected_target,y_log,champion_oof_log,direct_xgb_log,selected_price_density_log
16,42,development,1,direct,11.790564777297387,11.760313349363257,11.797172546386719,11.797172546386719
24,42,development,1,direct,11.774527900858468,11.831706831699053,11.853036880493164,11.853036880493164
30,42,development,1,direct,11.134603622683905,11.139689277542704,11.158892631530762,11.158892631530762
31,42,development,1,direct,10.596659732783579,11.487548618683181,11.509775161743164,11.509775161743164
33,42,development,1,direct,12.100161978566867,12.15732528360663,12.138080596923828,12.138080596923828
44,42,development,1,direct,11.777218637129327,11.805718136132562,11.777952194213867,11.777952194213867
45,42,development,1,direct,11.856522261533737,11.890992635777474,11.883868217468262,11.883868217468262
50,42,development,1,direct,11.751950239425476,11.743879057827181,11.759037971496582,11.759037971496582
52,42,development,1,direct,11.648338835562747,11.691928820068137,11.704627990722656,11.704627990722656
57,42,development,1,direct,12.058158312538197,12.207171017390907,12.263819694519043,12.263819694519043
59,42,development,1,direct,12.991755706536901,12.910002352048757,12.972268104553223,12.972268104553223
60,42,development,1,direct,11.735276702486741,11.697965622197541,11.707159042358398,11.707159042358398
64,42,development,1,direct,11.849404844423074,11.835330156182156,11.785748481750488,11.785748481750488
66,42,development,1,direct,12.666660207428574,12.654590977036412,12.611417770385742,12.611417770385742
68,42,development,1,direct,12.328294703023396,12.298071322238801,12.277701377868652,12.277701377868652
71,42,development,1,direct,12.404927602627597,12.420443243200483,12.629694938659668,12.629694938659668
77,42,development,1,direct,11.818577604251555,11.644002034627347,11.705117225646973,11.705117225646973
79,42,development,1,direct,11.824087219587643,11.796219038520174,11.738900184631348,11.738900184631348
82,42,development,1,direct,11.941462360646149,12.05505026105805,12.101883888244629,12.101883888244629
100,42,development,1,direct,11.767187766223199,11.70605810691796,11.752047538757324,11.752047538757324
102,42,development,1,direct,12.08954444723597,12.063442821995372,11.99862003326416,11.99862003326416
108,42,development,1,direct,11.652696102959753,11.522710842455277,11.564648628234863,11.564648628234863
112,42,development,1,direct,12.100717685412471,12.048577948535781,12.04454231262207,12.04454231262207
116,42,development,1,direct,12.07824495582233,12.015868422714773,12.01002025604248,12.01002025604248
124,42,development,1,direct,11.944064817531656,11.99093834345069,11.998344421386719,11.998344421386719
129,42,development,1,direct,11.951186847493476,11.889409087335688,11.8933687210083,11.8933687210083
142,42,development,1,direct,12.468440756144114,12.38973421114625,12.47095775604248,12.47095775604248
164,42,development,1,direct,11.544433821905134,11.38429192108901,11.4633150100708,11.4633150100708
169,42,development,1,direct,12.119975396053194,12.15629869878048,12.172215461730957,12.172215461730957
176,42,development,1,direct,12.400820837540556,12.313105044205932,12.249749183654785,12.249749183654785
185,42,development,1,direct,11.751950239425476,11.691450623214633,11.674151420593262,11.674151420593262
193,42,development,1,direct,12.165255859329688,12.198811530308024,12.235461235046387,12.235461235046387
197,42,development,1,direct,12.650351332641707,12.623553057889286,12.616631507873535,12.616631507873535
199,42,development,1,direct,11.552155793461898,11.626644000576494,11.67074966430664,11.67074966430664
204,42,development,1,direct,11.91170829631447,11.844235505106465,11.867301940917969,11.867301940917969
209,42,development,1,direct,12.531776395271262,12.429141203779613,12.382088661193848,12.382088661193848
219,42,development,1,direct,12.649157827477366,12.325578850651032,12.355565071105957,12.355565071105957
221,42,development,1,direct,12.230282214644559,12.29634191857594,12.27158260345459,12.27158260345459
232,42,development,1,direct,12.90669432231532,12.820944457618749,12.757238388061523,12.757238388061523
234,42,development,1,direct,11.761354623750297,11.786786721474757,11.794499397277832,11.794499397277832
238,42,development,1,direct,12.178192583415596,12.299799766442543,12.294656753540039,12.294656753540039
240,42,development,1,direct,11.635151947212842,11.741795152526517,11.799886703491211,11.799886703491211
241,42,development,1,direct,12.47801017053037,12.543195072804352,12.505303382873535,12.505303382873535
245,42,development,1,direct,12.230770136157428,12.362752641299947,12.402521133422852,12.402521133422852
248,42,development,1,direct,11.849404844423074,11.856096609167048,11.874031066894531,11.874031066894531
260,42,development,1,direct,11.48247656671073,11.550710684973843,11.549921989440918,11.549921989440918
262,42,development,1,direct,12.52815976788113,12.773137123310553,12.771824836730957,12.771824836730957
271,42,development,1,direct,12.491255347155265,12.478114860513603,12.488973617553711,12.488973617553711
272,42,development,1,direct,12.394628892852941,12.289117940019,12.327346801757812,12.327346801757812
275,42,development,1,direct,11.732069026983156,11.775871879527628,11.765992164611816,11.765992164611816
276,42,development,1,direct,12.230770136157428,12.056085964764431,12.07798957824707,12.07798957824707
278,42,development,1,direct,11.856522261533737,11.559202109604003,11.594866752624512,11.594866752624512
290,42,development,1,direct,11.941950837487406,11.840137924424548,11.831133842468262,11.831133842468262
298,42,development,1,direct,12.384223015005313,12.310520408224447,12.316705703735352,12.316705703735352
307,42,development,1,direct,12.323860125621126,12.321768010115385,12.317663192749023,12.317663192749023
310,42,development,1,direct,12.793862088206213,12.832934111971651,12.780940055847168,12.780940055847168
311,42,development,1,direct,12.017336559562407,12.07240888452256,12.098986625671387,12.098986625671387
317,42,development,1,direct,12.468440756144114,12.397105733888454,12.38868522644043,12.38868522644043
323,42,development,1,direct,12.614868865984631,12.56917344687802,12.497715950012207,12.497715950012207
325,42,development,1,direct,12.396697137361691,12.473696953578974,12.422268867492676,12.422268867492676
333,42,development,1,direct,12.556733038263905,12.663734136313874,12.764252662658691,12.764252662658691
340,42,development,1,direct,11.951186847493476,11.84482861767058,11.928157806396484,11.928157806396484
345,42,development,1,direct,11.350418300109132,11.422660841310691,11.479448318481445,11.479448318481445
351,42,development,1,direct,12.670001611311875,12.621568171549605,12.619600296020508,12.619600296020508
352,42,development,1,direct,12.154784614286667,12.234212121526209,12.200639724731445,12.200639724731445
354,42,development,1,direct,11.570259974415547,11.470024806264979,11.542784690856934,11.542784690856934
355,42,development,1,direct,11.849404844423074,11.979566139775866,12.001237869262695,12.001237869262695
359,42,development,1,direct,11.775297421715827,11.800921053898522,11.760908126831055,11.760908126831055
362,42,development,1,direct,11.884495917930655,11.848825766608941,11.857626914978027,11.857626914978027
364,42,development,1,direct,11.678448377988165,11.543634985034007,11.544424057006836,11.544424057006836
366,42,development,1,direct,11.898194668458823,11.705781131071433,11.690948486328125,11.690948486328125
368,42,development,1,direct,12.013706813470414,11.961270968753427,11.97221851348877,11.97221851348877
372,42,development,1,direct,11.808821212646512,11.691509028570227,11.654054641723633,11.654054641723633
375,42,development,1,direct,12.299112067295642,12.227140970137986,12.231099128723145,12.231099128723145
383,42,development,1,direct,12.271396795480596,12.235190629217396,12.245264053344727,12.245264053344727
395,42,development,1,direct,11.599112335481124,11.607541057690678,11.616148948669434,11.616148948669434
399,42,development,1,direct,11.112462823634855,11.311476051335111,11.39203929901123,11.39203929901123
412,42,development,1,direct,11.884495917930655,11.838771516726363,11.828166007995605,11.828166007995605
414,42,development,1,direct,11.652696102959753,11.59450202516156,11.637945175170898,11.637945175170898
416,42,development,1,direct,12.106997888588934,12.136351471353056,12.217541694641113,12.217541694641113
417,42,development,1,direct,11.915058360753719,11.945676028991837,11.953742027282715,11.953742027282715
423,42,development,1,direct,11.635151947212842,11.671758032712768,11.628214836120605,11.628214836120605
424,42,development,1,direct,12.660331092405906,12.725539447496347,12.731310844421387,12.731310844421387
426,42,development,1,direct,11.813037464800539,11.779431095246236,11.81081771850586,11.81081771850586
427,42,development,1,direct,12.524530013005734,12.395529830380745,12.365161895751953,12.365161895751953
428,42,development,1,direct,11.599185726610004,11.621246563461249,11.672436714172363,11.672436714172363
429,42,development,1,direct,12.182809136284991,12.190623529481313,12.187140464782715,12.187140464782715
430,42,development,1,direct,12.07254696717504,12.070239876655213,12.083894729614258,12.083894729614258
433,42,development,1,direct,11.715874472198905,11.728899473632982,11.75121021270752,11.75121021270752
434,42,development,1,direct,12.10625783509458,12.083700757281168,12.108502388000488,12.108502388000488
452,42,development,1,direct,12.54254845357358,12.314510590147039,12.307374000549316,12.307374000549316
454,42,development,1,direct,12.25486757159303,12.326139133999268,12.321014404296875,12.321014404296875
465,42,development,1,direct,11.728044909070785,11.631655186706894,11.692136764526367,11.692136764526367
479,42,development,1,direct,12.601490784782536,12.620572916251138,12.610794067382812,12.610794067382812
480,42,development,1,direct,11.401681006153428,11.631665798101775,11.70747184753418,11.70747184753418
491,42,development,1,direct,11.652696102959753,11.611156519888892,11.635523796081543,11.635523796081543
495,42,development,1,direct,11.421917019425596,11.51319983066612,11.466309547424316,11.466309547424316
523,42,development,1,direct,11.976665770490767,11.92248195178497,11.895959854125977,11.895959854125977
527,42,development,1,direct,11.790564777297387,11.815971195175177,11.800800323486328,11.800800323486328
529,42,development,1,direct,11.362114203075018,11.357956796024872,11.372099876403809,11.372099876403809
530,42,development,1,direct,12.209192772866418,12.360641101411996,12.412415504455566,12.412415504455566
533,42,development,1,direct,11.58525542883217,11.526862911819796,11.568892478942871,11.568892478942871
536,42,development,1,direct,11.58525542883217,11.759549921537984,11.76286506652832,11.76286506652832
539,42,development,1,direct,11.970356641102999,11.84825892235488,11.840536117553711,11.840536117553711
544,42,development,1,direct,11.798111925972618,11.792400834285305,11.768516540527344,11.768516540527344
555,42,development,1,direct,12.556733038263905,12.50168782607001,12.446049690246582,12.446049690246582
559,42,development,1,direct,12.07254696717504,12.18601068493961,12.216904640197754,12.216904640197754
568,42,development,1,direct,12.273735966890268,12.20426972155552,12.151810646057129,12.151810646057129
572,42,development,1,direct,11.695255355062795,11.709648784521095,11.71628475189209,11.71628475189209
576,42,development,1,direct,11.682676678340282,11.632476536382745,11.65046501159668,11.65046501159668
577,42,development,1,direct,11.884495917930655,11.927812085563074,11.896035194396973,11.896035194396973
582,42,development,1,direct,12.442306148381938,12.843614349370917,12.871896743774414,12.871896743774414
585,42,development,1,direct,11.798111925972618,11.84094988095476,11.79765510559082,11.79765510559082
586,42,development,1,direct,12.820990681250251,12.867438775148242,12.874754905700684,12.874754905700684
589,42,development,1,direct,11.870606902224587,12.345887460637055,12.249155044555664,12.249155044555664
590,42,development,1,direct,11.283524879179666,11.505652584823475,11.55907154083252,11.55907154083252
591,42,development,1,direct,12.132969552931216,12.156823826821753,12.155580520629883,12.155580520629883
592,42,development,1,direct,13.02132904585825,12.965290487194425,12.991595268249512,12.991595268249512
598,42,development,1,direct,12.176654133447505,12.135648043778875,12.102412223815918,12.102412223815918
599,42,development,1,direct,12.289958727201455,12.216901114842397,12.195650100708008,12.195650100708008
600,42,development,1,direct,11.92504173829169,11.942611856366588,11.903295516967773,11.903295516967773
603,42,development,1,direct,12.301387370778713,12.299839767527352,12.342045783996582,12.342045783996582
608,42,development,1,direct,12.323860125621126,12.114311347481939,12.026982307434082,12.026982307434082
615,42,development,1,direct,11.231901180182515,11.264378376221726,11.252138137817383,11.252138137817383
620,42,development,1,direct,12.628070334272698,12.71250961359003,12.641799926757812,12.641799926757812
621,42,development,1,direct,11.112462823634855,11.053016920371078,11.011836051940918,11.011836051940918
629,42,development,1,direct,11.813037464800539,12.126779348538273,12.137898445129395,12.137898445129395
635,42,development,1,direct,11.87757552297847,11.816183062529396,11.886648178100586,11.886648178100586
637,42,development,1,direct,11.002116507732017,10.901811615570606,10.954898834228516,10.954898834228516
644,42,development,1,direct,11.931642378754141,11.931371742258117,11.900147438049316,11.900147438049316
650,42,development,1,direct,11.344518647594766,11.215159932234513,11.227813720703125,11.227813720703125
652,42,development,1,direct,11.58989576532275,11.621651640260646,11.635014533996582,11.635014533996582
670,42,development,1,direct,11.83138646878959,11.663146620983062,11.719865798950195,11.719865798950195
671,42,development,1,direct,12.063938642041201,12.068321987228328,12.080804824829102,12.080804824829102
673,42,development,1,direct,12.013706813470414,12.049689320167113,12.028474807739258,12.028474807739258
675,42,development,1,direct,11.849404844423074,11.897662129912028,11.891571998596191,11.891571998596191
678,42,development,1,direct,11.603688960617083,11.582023413926647,11.624234199523926,11.624234199523926
680,42,development,1,direct,11.763691965388299,11.761822130415053,11.770206451416016,11.770206451416016
681,42,development,1,direct,11.870606902224587,11.688361093476187,11.718579292297363,11.718579292297363
683,42,development,1,direct,12.06105265381003,12.190982997822832,12.130778312683105,12.130778312683105
692,42,development,1,direct,13.534474352733596,13.189564376950994,13.084863662719727,13.084863662719727
694,42,development,1,direct,11.59433032142082,11.576893464133564,11.534296035766602,11.534296035766602
696,42,development,1,direct,12.07824495582233,12.061330343459078,12.031279563903809,12.031279563903809
708,42,development,1,direct,12.445093483000798,12.287661536680327,12.291982650756836,12.291982650756836
712,42,development,1,direct,11.54031687156214,11.476682410827319,11.489506721496582,11.489506721496582
719,42,development,1,direct,12.739640688812674,12.653399023091016,12.676054000854492,12.676054000854492
721,42,development,1,direct,12.524530013005734,12.502774109176704,12.467079162597656,12.467079162597656
723,42,development,1,direct,11.732069026983156,11.661840651975586,11.683749198913574,11.683749198913574
734,42,development,1,direct,11.786008995353765,11.811787157683215,11.751497268676758,11.751497268676758
737,42,development,1,direct,11.44572741040675,11.36596428853635,11.384909629821777,11.384909629821777
745,42,development,1,direct,12.100717685412471,12.272372453534096,12.246465682983398,12.246465682983398
747,42,development,1,direct,12.371591321286905,12.361858274141756,12.385231018066406,12.385231018066406
755,42,development,1,direct,11.957617696467539,11.864519991007738,11.899308204650879,11.899308204650879
756,42,development,1,direct,12.058158312538197,12.022427060431953,11.987495422363281,11.987495422363281
766,42,development,1,direct,12.484208043148733,12.547573269940528,12.522286415100098,12.522286415100098
773,42,development,1,direct,11.580593459194764,11.839173162812497,11.865200996398926,11.865200996398926
775,42,development,1,direct,12.886643575525625,12.580405877818162,12.627839088439941,12.627839088439941
778,42,development,1,direct,11.86710429621008,11.816748861366072,11.824962615966797,11.824962615966797
782,42,development,1,direct,12.077676615757813,12.102179594055876,12.086128234863281,12.086128234863281
783,42,development,1,direct,12.139403856983334,12.154170661948298,12.126405715942383,12.126405715942383
789,42,development,1,direct,11.588969419043874,11.564023365168367,11.649410247802734,11.649410247802734
797,42,development,1,direct,11.874097282798648,11.83202892663783,11.865522384643555,11.865522384643555
803,42,development,1,direct,12.149507585033072,12.137585416794295,12.170360565185547,12.170360565185547
807,42,development,1,direct,11.816734299348461,11.78640002858694,11.769248008728027,11.769248008728027
812,42,development,1,direct,11.881041706925902,11.883028853199123,11.873269081115723,11.873269081115723
813,42,development,1,direct,10.932999821119937,11.472049845599036,11.46396541595459,11.46396541595459
818,42,development,1,direct,12.509877789891931,12.580236733675731,12.613631248474121,12.613631248474121
837,42,development,1,direct,11.941462360646149,11.775769120630544,11.795863151550293,11.795863151550293
839,42,development,1,direct,11.87757552297847,11.933664558538164,11.860005378723145,11.860005378723145
844,42,development,1,direct,11.856522261533737,11.744995439153122,11.815902709960938,11.815902709960938
847,42,development,1,direct,12.269052139516223,12.187314870611319,12.218680381774902,12.218680381774902
856,42,development,1,direct,11.751950239425476,11.848438588863006,11.885162353515625,11.885162353515625
866,42,development,1,direct,11.908346971208951,11.825501666049293,11.779792785644531,11.779792785644531
875,42,development,1,direct,11.104972264124868,11.462052073028497,11.4615478515625,11.4615478515625
882,42,development,1,direct,12.141539457711714,12.254784811385042,12.300189018249512,12.300189018249512
888,42,development,1,direct,11.816734299348461,11.806137200290708,11.831336975097656,11.831336975097656
893,42,development,1,direct,11.947955847790901,11.85667851987257,11.888724327087402,11.888724327087402
895,42,development,1,direct,11.685693195625964,11.710834512751683,11.697566032409668,11.697566032409668
899,42,development,1,direct,13.323928581764989,13.07101065622137,13.156614303588867,13.156614303588867
907,42,development,1,direct,12.449022745701502,12.462058037507758,12.548645973205566,12.548645973205566
908,42,development,1,direct,12.429220196836383,12.345739456725429,12.425735473632812,12.425735473632812
911,42,development,1,direct,11.946660519211651,11.862995332408348,11.861917495727539,11.861917495727539
916,42,development,1,direct,11.225256725762893,11.349695478979086,11.362066268920898,11.362066268920898
917,42,development,1,direct,10.471978128496518,11.190867730387033,11.156126022338867,11.156126022338867
918,42,development,1,direct,11.813037464800539,11.801175471535263,11.758278846740723,11.758278846740723
923,42,development,1,direct,12.043500773454495,12.054212410495289,12.035223960876465,12.035223960876465
926,42,development,1,direct,12.07254696717504,11.974097075584641,11.94804573059082,11.94804573059082
931,42,development,1,direct,12.211065162153215,12.316122153452584,12.341915130615234,12.341915130615234
938,42,development,1,direct,12.441148720271016,12.355915182248918,12.334223747253418,12.334223747253418
940,42,development,1,direct,12.406565597924235,12.328141299508166,12.445279121398926,12.445279121398926
947,42,development,1,direct,11.870606902224587,11.901367744491916,11.864645957946777,11.864645957946777
949,42,development,1,direct,12.167856627501678,12.197413084658464,12.235573768615723,12.235573768615723
953,42,development,1,direct,11.804855999911272,11.75448859812286,11.768476486206055,11.768476486206055
959,42,development,1,direct,12.128116509451258,12.176767441501376,12.200758934020996,12.200758934020996
967,42,development,1,direct,11.982935344196433,11.8309757818981,11.837783813476562,11.837783813476562
980,42,development,1,direct,11.842236406331555,11.787986821573556,11.829041481018066,11.829041481018066
985,42,development,1,direct,11.744045122410057,11.74217498895275,11.762308120727539,11.762308120727539
990,42,development,1,direct,12.190964083849375,12.161136003938214,12.14908504486084,12.14908504486084
991,42,development,1,direct,12.759960632315702,12.675755237788762,12.627477645874023,12.627477645874023
995,42,development,1,direct,12.729323752253295,12.727169494316993,12.789306640625,12.789306640625
999,42,development,1,direct,11.418625774449598,11.484504614589405,11.407116889953613,11.407116889953613
1002,42,development,1,direct,11.362114203075018,11.356840891875633,11.365616798400879,11.365616798400879
1007,42,development,1,direct,12.004574385508691,12.009099402920002,11.980826377868652,11.980826377868652
1010,42,development,1,direct,11.532737896139919,11.604599545452418,11.616083145141602,11.616083145141602
1019,42,development,1,direct,11.982935344196433,12.043492971290608,12.010502815246582,12.010502815246582
1025,42,development,1,direct,12.567240979056246,12.619579180707179,12.696982383728027,12.696982383728027
1028,42,development,1,direct,12.588194064175278,12.714457208639587,12.668803215026855,12.668803215026855
1033,42,development,1,direct,12.644330802262578,12.756147850974507,12.748226165771484,12.748226165771484
1034,42,development,1,direct,12.345838935721968,12.390446472568822,12.390000343322754,12.390000343322754
1037,42,development,1,direct,12.66191713053049,12.774915220347633,12.694430351257324,12.694430351257324
1041,42,development,1,direct,11.951186847493476,11.991674320583995,12.012316703796387,12.012316703796387
1042,42,development,1,direct,12.06105265381003,11.978863834739123,12.006743431091309,12.006743431091309
1043,42,development,1,direct,12.185875040240456,12.180874728195386,12.143462181091309,12.143462181091309
1047,42,development,1,direct,13.229569788348705,12.976097223381583,12.933241844177246,12.933241844177246
1048,42,development,1,direct,11.884495917930655,11.889754391668298,11.844111442565918,11.844111442565918
1050,42,development,1,direct,11.349241150793087,11.602168747274376,11.523235321044922,11.523235321044922
1054,42,development,1,direct,11.881041706925902,11.902403719970868,11.895801544189453,11.895801544189453
1055,42,development,1,direct,12.449022745701502,12.475698298828693,12.494729995727539,12.494729995727539
1062,42,development,1,direct,11.302216779257382,11.570767328883134,11.486260414123535,11.486260414123535
1079,42,development,1,direct,11.956976469393481,11.847033304079222,11.865235328674316,11.865235328674316
1086,42,development,1,direct,11.898194668458823,11.97939406495278,12.000954627990723,12.000954627990723
1089,42,development,1,direct,11.83138646878959,11.79626893356924,11.80575180053711,11.80575180053711
1090,42,development,1,direct,12.190964083849375,12.23748746381957,12.258493423461914,12.258493423461914
1093,42,development,1,direct,11.824087219587643,12.010526034578522,11.952568054199219,11.952568054199219
1095,42,development,1,direct,11.767575435251748,11.797634059938074,11.770611763000488,11.770611763000488
1102,42,development,1,direct,11.691080018519527,11.666296971539522,11.641742706298828,11.641742706298828
1103,42,development,1,direct,11.813037464800539,11.818220306178244,11.798550605773926,11.798550605773926
1106,42,development,1,direct,12.691583538230217,12.734663877341722,12.774460792541504,12.774460792541504
1109,42,development,1,direct,12.10625783509458,12.033050886559579,12.046314239501953,12.046314239501953
1114,42,development,1,direct,11.80932691294063,11.808993002409967,11.787846565246582,11.787846565246582
1121,42,development,1,direct,11.681832447342321,11.66694859097822,11.70207691192627,11.70207691192627
1126,42,development,1,direct,11.652696102959753,11.605018436634241,11.617719650268555,11.617719650268555
1132,42,development,1,direct,11.44572741040675,11.547180326021104,11.530232429504395,11.530232429504395
1133,42,development,1,direct,11.674202123168433,11.764691531665262,11.760637283325195,11.760637283325195
1134,42,development,1,direct,12.386312871189734,12.39502813445011,12.421247482299805,12.421247482299805
1135,42,development,1,direct,12.037659911047468,12.10018812322228,12.05263614654541,12.05263614654541
1139,42,development,1,direct,12.185875040240456,12.241049451862184,12.212080955505371,12.212080955505371
1157,42,development,1,direct,12.100161978566867,12.105023683834515,12.121593475341797,12.121593475341797
1160,42,development,1,direct,12.128116509451258,12.17390615655091,12.102811813354492,12.102811813354492
1161,42,development,1,direct,11.891368749982085,11.860899381467569,11.883309364318848,11.883309364318848
1164,42,development,1,direct,11.59873612138334,11.86218184289055,11.777514457702637,11.777514457702637
1165,42,development,1,direct,12.175618592671356,12.17954274317872,12.138016700744629,12.138016700744629
1171,42,development,1,direct,12.049424683420915,11.9668855936819,11.901301383972168,11.901301383972168
1174,42,development,1,direct,12.208574513247495,12.239311443001084,12.22396469116211,12.22396469116211
1176,42,development,1,direct,12.560247968016562,12.586731650895565,12.6324462890625,12.6324462890625
1178,42,development,1,direct,11.652696102959753,11.616846356495254,11.640591621398926,11.640591621398926
1179,42,development,1,direct,11.950541482162043,11.780992400218564,11.75688648223877,11.75688648223877
1202,42,development,1,direct,12.19552218463499,12.178275326779277,12.21536636352539,12.21536636352539
1217,42,development,1,direct,11.626263078808801,11.719837132175531,11.781987190246582,11.781987190246582
1221,42,development,1,direct,11.652696102959753,11.634165296324019,11.620697021484375,11.620697021484375
1222,42,development,1,direct,11.80560254159177,11.709747991796776,11.698935508728027,11.698935508728027
1227,42,development,1,direct,12.273735966890268,12.286954041551024,12.218525886535645,12.218525886535645
1229,42,development,1,direct,12.813920618864572,12.796382436745526,12.835368156433105,12.835368156433105
1233,42,development,1,direct,11.530775206233024,11.51195336187832,11.520674705505371,11.520674705505371
1241,42,development,1,direct,12.323415584358154,12.249842648045638,12.265880584716797,12.265880584716797
1244,42,development,1,direct,13.049794835104816,12.95139272112108,13.01725959777832,13.01725959777832
1250,42,development,1,direct,11.686887175419702,11.721610745877927,11.723000526428223,11.723000526428223
1253,42,development,1,direct,11.775297421715827,11.682073046342847,11.707314491271973,11.707314491271973
1266,42,development,1,direct,12.12215284831553,12.030303590225577,12.026490211486816,12.026490211486816
1270,42,development,1,direct,11.87757552297847,11.815785545406495,11.804605484008789,11.804605484008789
1272,42,development,1,direct,12.132162346145595,12.08402189752956,12.076398849487305,12.076398849487305
1273,42,development,1,direct,11.827743504053695,11.806101507954734,11.808981895446777,11.808981895446777
1280,42,development,1,direct,11.133142723386813,11.556243295262087,11.531598091125488,11.531598091125488
1292,42,development,1,direct,11.691080018519527,11.638005029683534,11.644768714904785,11.644768714904785
1294,42,development,1,direct,12.000897933306716,12.107111459573666,12.092687606811523,12.092687606811523
1300,42,development,1,direct,11.944714374881176,11.96354395555871,11.974442481994629,11.974442481994629
1307,42,development,1,direct,12.218500103788143,12.136181565517012,12.129901885986328,12.129901885986328
1318,42,development,1,direct,12.249615734512616,12.164963915710517,12.13346004486084,12.13346004486084
1321,42,development,1,direct,11.960817678718287,11.966910602094696,12.01538372039795,12.01538372039795
1332,42,development,1,direct,11.794345471549745,11.78367092753848,11.756904602050781,11.756904602050781
1334,42,development,1,direct,11.74006900564972,11.779349954148664,11.777581214904785,11.777581214904785
1341,42,development,1,direct,11.719947764402807,11.566073227586301,11.580461502075195,11.580461502075195
1345,42,development,1,direct,11.95655945119582,12.045286362377944,12.116938591003418,12.116938591003418
1348,42,development,1,direct,12.554840409959793,12.60593812070984,12.565431594848633,12.565431594848633
1357,42,development,1,direct,11.608244735642321,11.65265072832201,11.658533096313477,11.658533096313477
1359,42,development,1,direct,12.086731521684555,12.042089039714146,12.030436515808105,12.030436515808105
1362,42,development,1,direct,12.468440756144114,12.453850647379971,12.450237274169922,12.450237274169922
1369,42,development,1,direct,11.87757552297847,11.845406569369926,11.84322738647461,11.84322738647461
1393,42,development,1,direct,11.719947764402807,11.748255442858467,11.8025541305542,11.8025541305542
1395,42,development,1,direct,12.415437707935368,12.30244868767189,12.34096908569336,12.34096908569336
1398,42,development,1,direct,11.83138646878959,11.826023444037501,11.82530689239502,11.82530689239502
1399,42,development,1,direct,11.835016210489899,11.831556361969472,11.821310997009277,11.821310997009277
1411,42,development,1,direct,12.345838935721968,12.254317948720292,12.263667106628418,12.263667106628418
1415,42,development,1,direct,12.240478903153711,12.18759651179523,12.208244323730469,12.208244323730469
1422,42,development,1,direct,11.755879486687116,11.837802642514452,11.845715522766113,11.845715522766113
1428,42,development,1,direct,11.849404844423074,11.863642522034594,11.837867736816406,11.837867736816406
1429,42,development,1,direct,11.686887175419702,11.619920590246727,11.69421672821045,11.69421672821045
1431,42,development,1,direct,12.165984756488543,12.13999792111753,12.067147254943848,12.067147254943848
1433,42,development,1,direct,11.07443600653965,11.519803153382258,11.560857772827148,11.560857772827148
1448,42,development,1,direct,12.388398368982115,12.47604567224172,12.504414558410645,12.504414558410645
1450,42,development,1,direct,11.429554725537322,11.425655303372842,11.33659553527832,11.33659553527832
1451,42,development,1,direct,11.820417517632333,11.7894385271328,11.7998685836792,11.7998685836792
4,42,development,2,direct,11.849404844423074,12.067484341309822,12.045981407165527,12.045981407165527
6,42,development,2,direct,11.870606902224587,11.990160239543762,11.970830917358398,11.970830917358398
11,42,development,2,direct,11.771443882099637,11.758115962701037,11.751873970031738,11.751873970031738
13,42,development,2,direct,11.87757552297847,11.804128409941136,11.831254005432129,11.831254005432129
32,42,development,2,direct,11.914054519303125,11.874447142424115,11.850473403930664,11.850473403930664
40,42,development,2,direct,11.314486721293981,11.349111554417384,11.334057807922363,11.334057807922363
49,42,development,2,direct,11.635151947212842,11.485517875702554,11.495931625366211,11.495931625366211
55,42,development,2,direct,11.775297421715827,11.725182513357236,11.74006175994873,11.74006175994873
84,42,development,2,direct,11.748005492256807,11.783907544755001,11.77127456665039,11.77127456665039
87,42,development,2,direct,12.066816325306588,12.070233861664056,12.112677574157715,12.112677574157715
89,42,development,2,direct,11.350418300109132,11.220129405125546,10.884478569030762,10.884478569030762
97,42,development,2,direct,12.273735966890268,12.276203653962567,12.286945343017578,12.286945343017578
101,42,development,2,direct,12.230770136157428,12.284989938498407,12.311599731445312,12.311599731445312
110,42,development,2,direct,12.154784614286667,12.243591213341523,12.204233169555664,12.204233169555664
114,42,development,2,direct,12.28765724080691,12.305789023883278,12.28376293182373,12.28376293182373
125,42,development,2,direct,12.10625783509458,12.053725431852516,12.017404556274414,12.017404556274414
127,42,development,2,direct,11.759793355371237,11.846008260696314,11.86646842956543,11.86646842956543
130,42,development,2,direct,11.918397239722838,11.863432463698853,11.850932121276855,11.850932121276855
136,42,development,2,direct,12.066816325306588,12.066890232634991,12.033086776733398,12.033086776733398
137,42,development,2,direct,11.870606902224587,11.87390756822505,11.858884811401367,11.858884811401367
139,42,development,2,direct,12.345838935721968,12.431069579696024,12.428472518920898,12.428472518920898
140,42,development,2,direct,12.352339472153524,12.24545168362777,12.21446418762207,12.21446418762207
141,42,development,2,direct,11.652696102959753,11.555243041590696,11.564496994018555,11.564496994018555
148,42,development,2,direct,12.312686874960354,12.31870311656057,12.289270401000977,12.289270401000977
156,42,development,2,direct,11.277215789596893,11.294366839901645,11.303138732910156,11.303138732910156
157,42,development,2,direct,11.603688960617083,11.625325182043998,11.552741050720215,11.552741050720215
159,42,development,2,direct,12.448630513463613,12.371219334468027,12.330039978027344,12.330039978027344
171,42,development,2,direct,11.763691965388299,11.69675480193152,11.714056968688965,11.714056968688965
172,42,development,2,direct,12.278397958261774,12.11054310765836,12.145354270935059,12.145354270935059
175,42,development,2,direct,12.122696471358964,12.191805980796438,12.105218887329102,12.105218887329102
179,42,development,2,direct,13.126032637428713,12.94486797157908,12.889897346496582,12.889897346496582
180,42,development,2,direct,11.51293546492023,11.651606191185044,11.64560604095459,11.64560604095459
189,42,development,2,direct,11.940399914116648,11.869236533848351,11.871892929077148,11.871892929077148
200,42,development,2,direct,12.524166311833152,12.634908542278305,12.600930213928223,12.600930213928223
210,42,development,2,direct,11.884495917930655,11.89426638429517,11.933355331420898,11.933355331420898
211,42,development,2,direct,11.49273296168228,11.451848056797276,11.395915031433105,11.395915031433105
222,42,development,2,direct,12.206077645517674,12.317721147881102,12.244571685791016,12.244571685791016
225,42,development,2,direct,12.864242696187505,12.896689067300455,12.836463928222656,12.836463928222656
237,42,development,2,direct,12.130815551850676,12.130738867727239,12.1382417678833,12.1382417678833
243,42,development,2,direct,11.277215789596893,11.482453083051226,11.47966194152832,11.47966194152832
244,42,development,2,direct,11.695255355062795,11.810933159367309,11.786493301391602,11.786493301391602
255,42,development,2,direct,11.884495917930655,11.86030643246813,11.865324974060059,11.865324974060059
261,42,development,2,direct,12.07824495582233,12.061716008949952,12.011415481567383,12.011415481567383
266,42,development,2,direct,12.075400019877522,12.10046924133101,12.059930801391602,12.059930801391602
267,42,development,2,direct,12.128116509451258,12.093463779005281,12.117740631103516,12.117740631103516
283,42,development,2,direct,12.242891437918386,12.284051618664654,12.275955200195312,12.275955200195312
286,42,development,2,direct,12.011886987792716,12.007661388023706,12.034804344177246,12.034804344177246
287,42,development,2,direct,11.976665770490767,12.140009757373727,12.104391098022461,12.104391098022461
288,42,development,2,direct,11.385103457032141,11.51948828250999,11.578983306884766,11.578983306884766
291,42,development,2,direct,12.359784657728284,12.407110703157644,12.464020729064941,12.464020729064941
292,42,development,2,direct,11.819681958463892,11.786719734033495,11.810972213745117,11.810972213745117
293,42,development,2,direct,11.782960235741939,11.914564694274713,11.93227481842041,11.93227481842041
295,42,development,2,direct,12.025755079404917,11.947112094643295,11.995576858520508,11.995576858520508
297,42,development,2,direct,11.931642378754141,11.774069725570325,11.75300407409668,11.75300407409668
299,42,development,2,direct,12.07254696717504,12.1025340605732,12.068424224853516,12.068424224853516
300,42,development,2,direct,11.973516181427835,11.864464222468337,11.942109107971191,11.942109107971191
304,42,development,2,direct,11.917730355182513,11.744731784751576,11.735926628112793,11.735926628112793
309,42,development,2,direct,11.320565693461432,11.626475935569168,11.591936111450195,11.591936111450195
313,42,development,2,direct,11.694421681264394,11.780500067671518,11.831443786621094,11.831443786621094
319,42,development,2,direct,12.468440756144114,12.739268817497935,12.674603462219238,12.674603462219238
322,42,development,2,direct,12.777055016970678,12.739786336777554,12.713196754455566,12.713196754455566
324,42,development,2,direct,11.745433036677353,11.658827870071446,11.588871955871582,11.588871955871582
326,42,development,2,direct,11.373674891823535,11.364629339831305,11.355942726135254,11.355942726135254
328,42,development,2,direct,11.886218559372042,11.880074147184226,11.854890823364258,11.854890823364258
329,42,development,2,direct,12.276069679344003,12.058994891318356,12.08987045288086,12.08987045288086
332,42,development,2,direct,11.842236406331555,11.794312026570294,11.800297737121582,11.800297737121582
334,42,development,2,direct,12.240478903153711,12.141524382821784,12.091362953186035,12.091362953186035
343,42,development,2,direct,11.37940550085183,11.46857202303626,11.425276756286621,11.425276756286621
347,42,development,2,direct,11.928347504569842,11.825532631004645,11.83980655670166,11.83980655670166
349,42,development,2,direct,11.944714374881176,12.151901749507347,12.1343412399292,12.1343412399292
353,42,development,2,direct,11.461642696843066,11.424720462629239,11.446884155273438,11.446884155273438
356,42,development,2,direct,12.086731521684555,12.0534638742362,12.090173721313477,12.090173721313477
371,42,development,2,direct,12.057578437658945,12.116739039545049,12.081572532653809,12.081572532653809
377,42,development,2,direct,11.904974309480181,11.834095360212526,11.759689331054688,11.759689331054688
378,42,development,2,direct,12.73670383776449,12.592117288685923,12.630205154418945,12.630205154418945
381,42,development,2,direct,11.751950239425476,11.962077631589015,11.860688209533691,11.860688209533691
382,42,development,2,direct,12.142871895843887,12.266931049298273,12.246578216552734,12.246578216552734
391,42,development,2,direct,11.686887175419702,11.76682364040133,11.690958976745605,11.690958976745605
406,42,development,2,direct,11.918397239722838,11.98638017430593,11.922662734985352,11.922662734985352
410,42,development,2,direct,12.73596827534975,12.625322138641224,12.64592170715332,12.64592170715332
411,42,development,2,direct,11.002116507732017,11.531485451906498,11.448539733886719,11.448539733886719
421,42,development,2,direct,12.237091546357338,12.151892899355023,12.114209175109863,12.114209175109863
431,42,development,2,direct,11.355113089309977,11.47615543506458,11.463318824768066,11.463318824768066
436,42,development,2,direct,12.264346270624157,12.256726752131861,12.234463691711426,12.234463691711426
439,42,development,2,direct,11.411457364027745,11.587349394073021,11.3505859375,11.3505859375
440,42,development,2,direct,11.608244735642321,11.831416643512974,11.712646484375,11.712646484375
448,42,development,2,direct,12.20557752297723,12.236185755655063,12.214896202087402,12.214896202087402
459,42,development,2,direct,11.989165855127435,11.938725416211351,11.936982154846191,11.936982154846191
462,42,development,2,direct,11.951186847493476,11.915793429082802,11.924304962158203,11.924304962158203
463,42,development,2,direct,11.04106411122238,11.726547310750089,11.756896018981934,11.756896018981934
468,42,development,2,direct,11.89478753335453,11.961459003917307,11.953570365905762,11.953570365905762
472,42,development,2,direct,12.154784614286667,12.189569637758392,12.151141166687012,12.151141166687012
478,42,development,2,direct,12.847929163278053,12.923531018228477,12.945574760437012,12.945574760437012
482,42,development,2,direct,12.832013750189885,12.786766180680381,12.757661819458008,12.757661819458008
483,42,development,2,direct,11.951186847493476,12.051236372762906,11.947543144226074,11.947543144226074
486,42,development,2,direct,11.898194668458823,11.924275487016468,11.862055778503418,11.862055778503418
487,42,development,2,direct,11.957617696467539,11.911368393186356,11.889761924743652,11.889761924743652
494,42,development,2,direct,11.951186847493476,11.902646794184053,11.925322532653809,11.925322532653809
498,42,development,2,direct,12.122696471358964,11.976176599437487,11.990097045898438,11.990097045898438
504,42,development,2,direct,12.574185427296195,12.374679458082689,12.494206428527832,12.494206428527832
507,42,development,2,direct,12.278397958261774,12.282262889726212,12.34100341796875,12.34100341796875
514,42,development,2,direct,11.80560254159177,11.867848040798568,11.904778480529785,11.904778480529785
515,42,development,2,direct,11.477308649967686,11.405091901104065,11.446586608886719,11.446586608886719
528,42,development,2,direct,13.008661502470739,12.95111652495476,12.876153945922852,12.876153945922852
535,42,development,2,direct,12.08954444723597,12.09929151547967,12.124491691589355,12.124491691589355
543,42,development,2,direct,12.270225154674701,12.26766566097473,12.302459716796875,12.302459716796875
545,42,development,2,direct,12.098854850641,12.18256211174152,12.18851375579834,12.18851375579834
549,42,development,2,direct,11.736077016252437,11.697609887537237,11.744121551513672,11.744121551513672
550,42,development,2,direct,12.479913113434042,12.36121622784349,12.319921493530273,12.319921493530273
552,42,development,2,direct,11.630717389475995,11.625030593475115,11.641448020935059,11.641448020935059
553,42,development,2,direct,12.450981602512561,12.497895715036512,12.500188827514648,12.500188827514648
561,42,development,2,direct,11.707677772181546,12.001001910907648,12.022451400756836,12.022451400756836
562,42,development,2,direct,12.04355959836804,12.045024820138595,12.017878532409668,12.017878532409668
567,42,development,2,direct,12.691583538230217,12.664180861125857,12.68716812133789,12.68716812133789
571,42,development,2,direct,11.867805799560465,11.81360022589256,11.887653350830078,11.887653350830078
574,42,development,2,direct,12.04355959836804,12.02940476892813,12.032819747924805,12.032819747924805
579,42,development,2,direct,11.891368749982085,11.993928223977736,11.964329719543457,11.964329719543457
583,42,development,2,direct,11.682676678340282,11.65511780403356,11.622137069702148,11.622137069702148
584,42,development,2,direct,12.691583538230217,12.586808329712717,12.710527420043945,12.710527420043945
595,42,development,2,direct,11.608244735642321,11.665388787557273,11.643590927124023,11.643590927124023
606,42,development,2,direct,12.230770136157428,12.166538334924065,12.231925964355469,12.231925964355469
611,42,development,2,direct,12.653961664405365,12.664543511276925,12.685361862182617,12.685361862182617
614,42,development,2,direct,11.898194668458823,11.63938575271588,11.641362190246582,11.641362190246582
616,42,development,2,direct,11.83138646878959,11.81278598588007,11.819328308105469,11.819328308105469
618,42,development,2,direct,11.566475710526321,11.683803405794684,11.694902420043945,11.694902420043945
619,42,development,2,direct,12.659737267217572,12.657676479423948,12.696187019348145,12.696187019348145
622,42,development,2,direct,12.388398368982115,12.353083250427332,12.456997871398926,12.456997871398926
627,42,development,2,direct,11.848690308590857,11.741014171498867,11.717936515808105,11.717936515808105
630,42,development,2,direct,12.034696963475044,11.978989646791224,11.973593711853027,11.973593711853027
631,42,development,2,direct,11.728044909070785,11.586185584778997,11.60886287689209,11.60886287689209
639,42,development,2,direct,11.350418300109132,11.385756847878085,11.479592323303223,11.479592323303223
651,42,development,2,direct,12.235393555399902,12.227828720220712,12.214128494262695,12.214128494262695
655,42,development,2,direct,12.765691290604371,12.829545656904987,12.836222648620605,12.836222648620605
661,42,development,2,direct,12.19552218463499,12.188270131873814,12.225144386291504,12.225144386291504
662,42,development,2,direct,12.904209855160254,12.834907076858983,12.87065315246582,12.87065315246582
665,42,development,2,direct,12.955129822091815,12.736613440446723,12.708389282226562,12.708389282226562
666,42,development,2,direct,12.348010479804223,12.385166462661967,12.42319393157959,12.42319393157959
679,42,development,2,direct,12.827995001361906,12.762793687075016,12.688163757324219,12.688163757324219
701,42,development,2,direct,12.652362948153474,12.638326588208344,12.582571029663086,12.582571029663086
702,42,development,2,direct,11.849404844423074,11.910723199801936,11.882430076599121,11.882430076599121
705,42,development,2,direct,12.269052139516223,12.281831058206187,12.25825023651123,12.25825023651123
706,42,development,2,direct,10.915106645867503,11.075633569446858,11.012879371643066,11.012879371643066
711,42,development,2,direct,10.859018228147887,11.310452930064255,11.305830001831055,11.305830001831055
715,42,development,2,direct,11.779136168550774,12.086759477591263,12.10566520690918,12.10566520690918
716,42,development,2,direct,12.013706813470414,11.916772175206129,11.89035415649414,11.89035415649414
722,42,development,2,direct,11.870606902224587,11.877872226527508,11.871567726135254,11.871567726135254
731,42,development,2,direct,12.373707715234994,12.442965523664144,12.464055061340332,12.464055061340332
738,42,development,2,direct,12.3879816172226,12.34913484826913,12.360612869262695,12.360612869262695
742,42,development,2,direct,11.863589378812122,11.812022391735638,11.815336227416992,11.815336227416992
753,42,development,2,direct,12.28765724080691,12.2380635172171,12.216711044311523,12.216711044311523
760,42,development,2,direct,12.577639650232573,12.626029185494291,12.684020042419434,12.684020042419434
763,42,development,2,direct,12.279327754099118,12.205118776816416,12.193303108215332,12.193303108215332
765,42,development,2,direct,12.506180941677357,12.442121200419923,12.425098419189453,12.425098419189453
771,42,development,2,direct,11.812296455066814,11.808971597739225,11.784996032714844,11.784996032714844
779,42,development,2,direct,11.87757552297847,11.785480076918198,11.82142448425293,11.82142448425293
786,42,development,2,direct,11.992266613576142,12.011714477561544,12.01960563659668,12.01960563659668
788,42,development,2,direct,12.358798024384122,12.349543306963854,12.325956344604492,12.325956344604492
794,42,development,2,direct,12.323860125621126,12.386127924080824,12.398015022277832,12.398015022277832
799,42,development,2,direct,13.091906231773164,13.160354821857302,13.084165573120117,13.084165573120117
800,42,development,2,direct,12.07254696717504,12.020529498319334,11.918732643127441,11.918732643127441
809,42,development,2,direct,11.982622797311857,11.88895430180034,11.867216110229492,11.867216110229492
810,42,development,2,direct,11.571203807011969,11.709275113640716,11.72317123413086,11.72317123413086
811,42,development,2,direct,12.10625783509458,12.128532617493446,12.058761596679688,12.058761596679688
814,42,development,2,direct,11.969723533345908,11.94588955636334,11.993160247802734,11.993160247802734
817,42,development,2,direct,11.827743504053695,11.836216327985694,11.81476879119873,11.81476879119873
819,42,development,2,direct,11.951186847493476,11.899619629102661,11.875718116760254,11.875718116760254
820,42,development,2,direct,12.319405795112926,12.295127701386217,12.266757011413574,12.266757011413574
830,42,development,2,direct,11.900912042974875,11.945841101488975,11.954686164855957,11.954686164855957
840,42,development,2,direct,11.779136168550774,11.804875420528814,11.772106170654297,11.772106170654297
842,42,development,2,direct,11.967187086434018,11.926428491770979,11.914824485778809,11.914824485778809
846,42,development,2,direct,12.049424683420915,12.114101747149451,12.089795112609863,12.089795112609863
848,42,development,2,direct,11.80186424743109,11.796163128267636,11.813212394714355,11.813212394714355
850,42,development,2,direct,12.138869243416009,12.061660080784279,12.082548141479492,12.082548141479492
860,42,development,2,direct,12.429220196836383,12.44450406266281,12.38457202911377,12.38457202911377
862,42,development,2,direct,11.78676973513378,11.827144172890891,11.821674346923828,11.821674346923828
874,42,development,2,direct,11.798111925972618,11.775357357757658,11.779842376708984,11.779842376708984
886,42,development,2,direct,12.70351207261035,12.464772200310788,12.57580280303955,12.57580280303955
887,42,development,2,direct,11.884495917930655,11.966460306243004,12.023625373840332,12.023625373840332
890,42,development,2,direct,11.915058360753719,11.920487454950555,11.974008560180664,11.974008560180664
894,42,development,2,direct,12.013706813470414,11.966854921685728,11.923813819885254,11.923813819885254
901,42,development,2,direct,11.608244735642321,11.645371189940487,11.656394958496094,11.656394958496094
902,42,development,2,direct,11.938199736300925,11.85818233228173,11.863521575927734,11.863521575927734
904,42,development,2,direct,12.388398368982115,12.407939004302131,12.365205764770508,12.365205764770508
909,42,development,2,direct,11.782960235741939,11.794296870824686,11.784980773925781,11.784980773925781
919,42,development,2,direct,12.380030154325457,12.473463819914532,12.488137245178223,12.488137245178223
925,42,development,2,direct,12.242891437918386,12.223094433473978,12.184737205505371,12.184737205505371
932,42,development,2,direct,11.674202123168433,11.754500907472636,11.768387794494629,11.768387794494629
933,42,development,2,direct,12.676079399771027,12.594140067936658,12.613618850708008,12.613618850708008
937,42,development,2,direct,12.127575825689417,12.135743665235841,12.124028205871582,12.124028205871582
941,42,development,2,direct,11.924379271639218,12.054361340765888,12.123058319091797,12.123058319091797
944,42,development,2,direct,11.870606902224587,11.834891594368745,11.928815841674805,11.928815841674805
951,42,development,2,direct,11.767575435251748,11.843110729318497,11.833327293395996,11.833327293395996
964,42,development,2,direct,12.384223015005313,12.476033357393046,12.600558280944824,12.600558280944824
966,42,development,2,direct,12.094587859196112,12.023533555958089,12.04007625579834,12.04007625579834
968,42,development,2,direct,11.813037464800539,11.824236149778441,11.783391952514648,11.783391952514648
974,42,development,2,direct,12.111767460549332,12.29538376361521,12.24490737915039,12.24490737915039
989,42,development,2,direct,12.180759965737863,12.181448442599562,12.158271789550781,12.158271789550781
1005,42,development,2,direct,12.10625783509458,12.143966291796128,12.132938385009766,12.132938385009766
1006,42,development,2,direct,11.917730355182513,11.829969680846572,11.777716636657715,11.777716636657715
1011,42,development,2,direct,11.813037464800539,11.772130896915447,11.735214233398438,11.735214233398438
1014,42,development,2,direct,11.350418300109132,11.532775565895255,11.614243507385254,11.614243507385254
1024,42,development,2,direct,12.160033942617156,12.163979437863343,12.155406951904297,12.155406951904297
1031,42,development,2,direct,11.982935344196433,11.750628878794958,11.809412956237793,11.809412956237793
1032,42,development,2,direct,12.190964083849375,12.214649823340332,12.237151145935059,12.237151145935059
1044,42,development,2,direct,12.47717172708952,12.432726460595658,12.426982879638672,12.426982879638672
1049,42,development,2,direct,11.652696102959753,11.819907922193062,11.847527503967285,11.847527503967285
1058,42,development,2,direct,12.421188057397055,12.322068069302922,12.388874053955078,12.388874053955078
1059,42,development,2,direct,12.721888795877375,12.809831873924319,12.775490760803223,12.775490760803223
1064,42,development,2,direct,11.612779849672751,11.774773107387102,11.814590454101562,11.814590454101562
1067,42,development,2,direct,12.08954444723597,12.068383999460362,12.072592735290527,12.072592735290527
1074,42,development,2,direct,11.979805470779858,11.946737576960883,11.907121658325195,11.907121658325195
1082,42,development,2,direct,11.798111925972618,11.784592720322676,11.817233085632324,11.817233085632324
1085,42,development,2,direct,12.141539457711714,12.116181793271679,12.133233070373535,12.133233070373535
1094,42,development,2,direct,11.891368749982085,11.979853075527418,11.954093933105469,11.954093933105469
1100,42,development,2,direct,11.964007453736912,11.928467729818568,11.955744743347168,11.955744743347168
1104,42,development,2,direct,11.979805470779858,11.886757710267517,11.975948333740234,11.975948333740234
1111,42,development,2,direct,12.144202560946876,12.108996227076638,12.1361665725708,12.1361665725708
1112,42,development,2,direct,12.230770136157428,12.13739827597333,12.138895034790039,12.138895034790039
1119,42,development,2,direct,11.849404844423074,11.794918682395236,11.775903701782227,11.775903701782227
1122,42,development,2,direct,12.268582547911404,12.275034537086862,12.298982620239258,12.298982620239258
1138,42,development,2,direct,11.451060699493427,11.407511272269833,11.421550750732422,11.421550750732422
1143,42,development,2,direct,12.959540872420414,12.86338787745109,12.889254570007324,12.889254570007324
1146,42,development,2,direct,11.91170829631447,11.805526885622898,11.730575561523438,11.730575561523438
1147,42,development,2,direct,12.100717685412471,12.100264989293366,12.081242561340332,12.081242561340332
1156,42,development,2,direct,12.292254928916668,12.241009233835001,12.193777084350586,12.193777084350586
1158,42,development,2,direct,12.345838935721968,12.280121416050093,12.276359558105469,12.276359558105469
1166,42,development,2,direct,12.359527368950229,12.38137395237294,12.31742000579834,12.31742000579834
1167,42,development,2,direct,12.41044511731981,12.40928155507066,12.427749633789062,12.427749633789062
1175,42,development,2,direct,12.384223015005313,12.331239022392733,12.262544631958008,12.262544631958008
1183,42,development,2,direct,13.521140839642674,13.086066696427448,12.9954252243042,12.9954252243042
1188,42,development,2,direct,12.476103599529843,12.551152248813676,12.54025650024414,12.54025650024414
1190,42,development,2,direct,12.149507585033072,12.171649245792416,12.21286678314209,12.21286678314209
1191,42,development,2,direct,12.031725210748633,12.089868186035737,12.018784523010254,12.018784523010254
1196,42,development,2,direct,12.07824495582233,11.982306484060217,12.025411605834961,12.025411605834961
1197,42,development,2,direct,12.29779001527865,12.307282805732989,12.328217506408691,12.328217506408691
1201,42,development,2,direct,11.6617850286409,11.539045554572976,11.519364356994629,11.519364356994629
1204,42,development,2,direct,12.269052139516223,12.276497640324308,12.276481628417969,12.276481628417969
1206,42,development,2,direct,12.513193308436527,12.512385029568277,12.622422218322754,12.622422218322754
1209,42,development,2,direct,11.849404844423074,11.841628180142527,11.878570556640625,11.878570556640625
1210,42,development,2,direct,12.577639650232573,12.503597041276386,12.545238494873047,12.545238494873047
1211,42,development,2,direct,12.149507585033072,12.202042082070072,12.1243896484375,12.1243896484375
1214,42,development,2,direct,11.884495917930655,11.665665982831692,11.665032386779785,11.665032386779785
1215,42,development,2,direct,11.80932691294063,11.759710086829159,11.764692306518555,11.764692306518555
1235,42,development,2,direct,11.775297421715827,11.618558856380004,11.62710952758789,11.62710952758789
1236,42,development,2,direct,11.841423131921784,11.878051075787205,11.872488975524902,11.872488975524902
1240,42,development,2,direct,12.490879338036375,12.33174283785234,12.36922550201416,12.36922550201416
1243,42,development,2,direct,12.04355959836804,12.008044036276706,12.049911499023438,12.049911499023438
1256,42,development,2,direct,11.755879486687116,11.737365865433814,11.75121021270752,11.75121021270752
1260,42,development,2,direct,11.92504173829169,11.884812661758328,11.918381690979004,11.918381690979004
1261,42,development,2,direct,12.10625783509458,12.156217355968444,12.140225410461426,12.140225410461426
1263,42,development,2,direct,11.992266613576142,11.87252004834298,11.808281898498535,11.808281898498535
1264,42,development,2,direct,12.103491596905931,12.001367756845701,11.95516586303711,11.95516586303711
1275,42,development,2,direct,11.842236406331555,11.83980647501539,11.788766860961914,11.788766860961914
1277,42,development,2,direct,11.995357787034976,12.018941524476585,12.029733657836914,12.029733657836914
1279,42,development,2,direct,12.37581963951765,12.467625506191714,12.513825416564941,12.513825416564941
1285,42,development,2,direct,12.037659911047468,12.104299051260629,12.107665061950684,12.107665061950684
1290,42,development,2,direct,12.546113507028412,12.531468806782328,12.53661060333252,12.53661060333252
1291,42,development,2,direct,12.103491596905931,11.985188940308973,12.00178050994873,12.00178050994873
1302,42,development,2,direct,12.086731521684555,12.050042652509262,12.000031471252441,12.000031471252441
1304,42,development,2,direct,12.354496960983985,12.299852084285092,12.30810260772705,12.30810260772705
1311,42,development,2,direct,12.721888795877375,12.597992873872265,12.567934036254883,12.567934036254883
1312,42,development,2,direct,12.220966184120165,12.20602782294278,12.234455108642578,12.234455108642578
1314,42,development,2,direct,12.716405147731708,12.712362411519326,12.706021308898926,12.706021308898926
1323,42,development,2,direct,12.154784614286667,12.313434089543692,12.280264854431152,12.280264854431152
1324,42,development,2,direct,11.320565693461432,11.280367199624036,11.250203132629395,11.250203132629395
1328,42,development,2,direct,11.779136168550774,11.774100934090896,11.769622802734375,11.769622802734375
1331,42,development,2,direct,12.33270970174018,12.360004435505006,12.388795852661133,12.388795852661133
1337,42,development,2,direct,11.813037464800539,11.850354967167073,11.893550872802734,11.893550872802734
1340,42,development,2,direct,11.763691965388299,11.743092488657023,11.733644485473633,11.733644485473633
1343,42,development,2,direct,12.339295865674435,12.429093081680636,12.47085952758789,12.47085952758789
1351,42,development,2,direct,12.206077645517674,12.05224994909871,12.035136222839355,12.035136222839355
1353,42,development,2,direct,11.812296455066814,11.71731292299486,11.740179061889648,11.740179061889648
1354,42,development,2,direct,12.923914877701906,12.894976323876126,12.935456275939941,12.935456275939941
1355,42,development,2,direct,12.367345048436391,12.368666215542703,12.4050874710083,12.4050874710083
1356,42,development,2,direct,12.04355959836804,12.142710229513082,12.163115501403809,12.163115501403809
1366,42,development,2,direct,12.283038316285214,12.253083651031137,12.251225471496582,12.251225471496582
1377,42,development,2,direct,11.418625774449598,11.440439214070956,11.46627426147461,11.46627426147461
1383,42,development,2,direct,11.964007453736912,11.90310913204309,11.859689712524414,11.859689712524414
1385,42,development,2,direct,11.561725152903833,11.588404068173896,11.642009735107422,11.642009735107422
1386,42,development,2,direct,11.74006900564972,11.641315475426769,11.571470260620117,11.571470260620117
1401,42,development,2,direct,11.695255355062795,11.660415634196108,11.68370532989502,11.68370532989502
1406,42,development,2,direct,12.524530013005734,12.548085058888692,12.61225700378418,12.61225700378418
1408,42,development,2,direct,11.626263078808801,11.666534494366907,11.694450378417969,11.694450378417969
1410,42,development,2,direct,12.278397958261774,12.25642623099351,12.314679145812988,12.314679145812988
1419,42,development,2,direct,11.728044909070785,11.809037237187631,11.796976089477539,11.796976089477539
1436,42,development,2,direct,12.066816325306588,12.054629256466777,11.979918479919434,11.979918479919434
1439,42,development,2,direct,11.916395250412128,11.877424451164506,11.945469856262207,11.945469856262207
1443,42,development,2,direct,12.644330802262578,12.68605530665568,12.787920951843262,12.787920951843262
1446,42,development,2,direct,11.767575435251748,11.751731944361106,11.78996467590332,11.78996467590332
1453,42,development,2,direct,11.884495917930655,11.812868720066868,11.77269172668457,11.77269172668457
1455,42,development,2,direct,12.128116509451258,12.1437262225498,12.139303207397461,12.139303207397461
1457,42,development,2,direct,12.25486757159303,12.177670585374443,12.1724271774292,12.1724271774292
1,42,development,3,UsableArea,12.24769911637256,12.172961036658052,12.24937629699707,12.25413150464041
3,42,development,3,UsableArea,12.317171167298682,12.23417385707729,12.253169059753418,12.280641620375292
7,42,development,3,UsableArea,12.634606283893019,12.501863674612006,12.502955436706543,12.505458903593421
8,42,development,3,UsableArea,12.206077645517674,12.276966861468948,12.327202796936035,12.250052557120817
10,42,development,3,UsableArea,11.678448377988165,11.70145888351071,11.748458862304688,11.667175147143931
26,42,development,3,UsableArea,12.454107814022272,12.46086938604504,12.424325942993164,12.409847319139757
28,42,development,3,UsableArea,12.631343648903034,12.595328050877752,12.519445419311523,12.565098065527943
34,42,development,3,UsableArea,12.016732516077072,12.071369857605575,12.000153541564941,12.079746159018894
43,42,development,3,UsableArea,11.87757552297847,11.901114858498987,11.850709915161133,11.885942177362086
46,42,development,3,UsableArea,12.675766851909591,12.578086415653539,12.573894500732422,12.55139470421998
48,42,development,3,UsableArea,12.428019481065613,12.378733274391555,12.385302543640137,12.413268486571436
53,42,development,3,UsableArea,11.608244735642321,11.501100829080974,11.533224105834961,11.645234554167242
56,42,development,3,UsableArea,12.103491596905931,12.016545520839834,12.038080215454102,12.062693542821414
58,42,development,3,UsableArea,12.188422799337028,12.186180275377652,12.183470726013184,12.182545764401738
61,42,development,3,UsableArea,11.970356641102999,12.04595040434691,12.059213638305664,12.040831647802385
63,42,development,3,UsableArea,12.218500103788143,12.24327079583174,12.272223472595215,12.244148127510169
67,42,development,3,UsableArea,12.100717685412471,12.417452595768202,12.540342330932617,12.37225114317086
72,42,development,3,UsableArea,11.771443882099637,11.77861439040848,11.670473098754883,11.77801763970118
73,42,development,3,UsableArea,12.128116509451258,12.166255821746562,12.206594467163086,12.188926764076054
78,42,development,3,UsableArea,11.751950239425476,11.680051570866903,11.685444831848145,11.638182116248615
80,42,development,3,UsableArea,11.608244735642321,11.65946835828985,11.678389549255371,11.668761756099435
81,42,development,3,UsableArea,12.173037959397275,12.282067428071192,12.218374252319336,12.231279380889873
83,42,development,3,UsableArea,12.409017571151187,12.310638169222612,12.391914367675781,12.358749214347512
85,42,development,3,UsableArea,12.034696963475044,12.041042691282602,12.03613567352295,12.032457231875958
86,42,development,3,UsableArea,12.468440756144114,12.485664911668705,12.48157024383545,12.415123037578224
93,42,development,3,UsableArea,12.004574385508691,11.833562772639509,11.8389892578125,11.895799644620903
95,42,development,3,UsableArea,12.229549885708273,12.232960231975362,12.209444999694824,12.252299003646428
98,42,development,3,UsableArea,11.459007676978688,11.721468234688551,11.720751762390137,11.739776055228738
103,42,development,3,UsableArea,11.68658461118553,11.665127322582393,11.681391716003418,11.649081299059382
105,42,development,3,UsableArea,12.040614105490253,11.996590526651424,12.010602951049805,11.976049574191437
106,42,development,3,UsableArea,12.429220196836383,12.42385899372476,12.436673164367676,12.39893318474137
107,42,development,3,UsableArea,11.51293546492023,11.368036540064747,11.34610652923584,11.43520276824389
111,42,development,3,UsableArea,11.827013315851762,11.887734555114362,11.910811424255371,11.874061424374963
118,42,development,3,UsableArea,11.951186847493476,11.92267174461948,11.925485610961914,11.932237477312114
119,42,development,3,UsableArea,12.676079399771027,12.73449273820725,12.846773147583008,12.78922868790167
121,42,development,3,UsableArea,12.100717685412471,11.989449009472636,11.998710632324219,11.911928118267959
126,42,development,3,UsableArea,11.344518647594766,11.330985947813947,11.211762428283691,11.355709220985846
134,42,development,3,UsableArea,12.301387370778713,12.229521998542634,12.247117042541504,12.176924616799207
138,42,development,3,UsableArea,12.049424683420915,12.209781238329594,12.299696922302246,12.24849227563885
143,42,development,3,UsableArea,12.019749091416921,11.764383344274252,11.805644035339355,11.738652652208255
145,42,development,3,UsableArea,11.736077016252437,11.812618167774684,11.851134300231934,11.857035786460813
146,42,development,3,UsableArea,11.775297421715827,11.8090664140512,11.803877830505371,11.81659622671164
149,42,development,3,UsableArea,11.856522261533737,11.923357790783058,11.964634895324707,11.871782189640005
166,42,development,3,UsableArea,11.755879486687116,11.757548480492007,11.775296211242676,11.720507134595426
173,42,development,3,UsableArea,12.384223015005313,12.226265909089523,12.227816581726074,12.260884203107908
178,42,development,3,UsableArea,12.058158312538197,12.12185046129021,11.970342636108398,12.096831737511767
183,42,development,3,UsableArea,11.695255355062795,11.693522362418525,11.699241638183594,11.748984558624889
184,42,development,3,UsableArea,12.206077645517674,12.121338088752125,12.361879348754883,12.223997652224442
195,42,development,3,UsableArea,11.751950239425476,11.720120303188297,11.716784477233887,11.716527851887806
205,42,development,3,UsableArea,11.608244735642321,11.612796527685951,11.60129165649414,11.616320986260657
212,42,development,3,UsableArea,12.133507329024972,12.071199137711904,12.042098999023438,12.058105056262082
213,42,development,3,UsableArea,12.439875187430008,12.392799312702138,12.4230375289917,12.433940720476897
214,42,development,3,UsableArea,11.957617696467539,11.952763367120792,11.89177131652832,11.88412937130516
216,42,development,3,UsableArea,11.808955099378537,11.84367625233684,11.825973510742188,11.761098477351926
224,42,development,3,UsableArea,11.48247656671073,11.677873457998077,11.694137573242188,11.702955159016712
227,42,development,3,UsableArea,12.577639650232573,12.513988267845534,12.470108985900879,12.515754965843351
228,42,development,3,UsableArea,11.571203807011969,11.488658879877393,11.456363677978516,11.443124730596487
229,42,development,3,UsableArea,11.736077016252437,11.717267041545746,11.698468208312988,11.71309471076184
236,42,development,3,UsableArea,11.402005077384885,11.384101349011218,11.330133438110352,11.337866265783255
239,42,development,3,UsableArea,12.669809806411457,12.455222842514932,12.475655555725098,12.489575888441014
249,42,development,3,UsableArea,12.100717685412471,12.124704783668905,12.147576332092285,12.125933212888027
250,42,development,3,UsableArea,12.531776395271262,12.503832629527393,12.453146934509277,12.509572258961848
251,42,development,3,UsableArea,11.245059091624615,11.40901724215379,11.37004280090332,11.489100405044589
256,42,development,3,UsableArea,12.345838935721968,12.306204901877873,12.325765609741211,12.29342696406397
257,42,development,3,UsableArea,12.242891437918386,12.221839934018561,12.175592422485352,12.24096336182323
259,42,development,3,UsableArea,12.352339472153524,12.279509086290142,12.269665718078613,12.270879610087576
268,42,development,3,UsableArea,12.097936057925594,12.09567884745105,12.055349349975586,12.146241683771322
274,42,development,3,UsableArea,11.842236406331555,12.010034345932464,12.051567077636719,11.95054484878717
281,42,development,3,UsableArea,12.339295865674435,12.310755616585297,12.30575180053711,12.351930660850936
282,42,development,3,UsableArea,12.128116509451258,12.135381298796002,12.11553955078125,12.203868552515475
303,42,development,3,UsableArea,12.230770136157428,12.330570624638321,12.301926612854004,12.323967678291561
306,42,development,3,UsableArea,12.631016799175821,12.608931274124572,12.61341667175293,12.639248255363869
308,42,development,3,UsableArea,11.402005077384885,11.4568956602775,11.531356811523438,11.467952899927838
312,42,development,3,UsableArea,11.790564777297387,11.823597342956893,11.845041275024414,11.778884289948975
315,42,development,3,UsableArea,12.08954444723597,12.008435853069257,12.01978874206543,12.03689724547187
320,42,development,3,UsableArea,12.141539457711714,12.17349895509311,12.215262413024902,12.169085068333949
330,42,development,3,UsableArea,11.264476926102367,11.27379425527992,11.330084800720215,11.257512777494803
335,42,development,3,UsableArea,12.165255859329688,12.191931765965657,12.179577827453613,12.229536488980166
337,42,development,3,UsableArea,12.841132451487937,12.806040782604958,12.76600456237793,12.724620926916966
348,42,development,3,UsableArea,11.967187086434018,12.085091641469917,12.09111213684082,12.084673263510354
350,42,development,3,UsableArea,12.988043102265232,13.083831644733884,13.07105541229248,13.01450837968483
358,42,development,3,UsableArea,11.80560254159177,11.855872966647167,11.8308687210083,11.83678290091201
360,42,development,3,UsableArea,12.54254845357358,12.532407827367019,12.51369571685791,12.43639135627545
361,42,development,3,UsableArea,11.957617696467539,11.918749759007955,11.916914939880371,11.868628868677343
363,42,development,3,UsableArea,12.198549416880068,12.085829273480725,12.126209259033203,12.15575230776144
373,42,development,3,UsableArea,11.736077016252437,11.633279022175977,11.66779613494873,11.63148868728347
374,42,development,3,UsableArea,11.719947764402807,11.693658200081469,11.738105773925781,11.669727700174503
387,42,development,3,UsableArea,11.302216779257382,11.474287013009555,11.505724906921387,11.456716428265896
389,42,development,3,UsableArea,12.160033942617156,12.191601050423992,12.168244361877441,12.169776688073512
390,42,development,3,UsableArea,12.962196972666593,12.957952511272843,12.985190391540527,12.894240404955998
405,42,development,3,UsableArea,12.031725210748633,12.054950029525124,12.06373405456543,12.063680732999284
409,42,development,3,UsableArea,12.54254845357358,12.533754689228111,12.49341106414795,12.525733237734414
425,42,development,3,UsableArea,11.842236406331555,11.877034872995614,11.890625,11.870506570450772
435,42,development,3,UsableArea,11.302216779257382,11.328781806042395,11.355062484741211,11.279317461520844
437,42,development,3,UsableArea,11.661354090741,11.542773720433816,11.451041221618652,11.415208112736252
441,42,development,3,UsableArea,13.22672519452875,13.091341023095042,13.045092582702637,13.116154280091582
443,42,development,3,UsableArea,12.000897933306716,11.926760690958876,11.914052963256836,11.915869141377666
446,42,development,3,UsableArea,11.755879486687116,11.928740771607883,11.932877540588379,11.971520711312124
447,42,development,3,UsableArea,12.154784614286667,12.299780919499735,12.307279586791992,12.313017770210395
449,42,development,3,UsableArea,11.691080018519527,11.755029085683528,11.703988075256348,11.70673036913998
450,42,development,3,UsableArea,11.695255355062795,11.662616167981223,11.60167407989502,11.771892735425071
451,42,development,3,UsableArea,11.608244735642321,11.52191129867679,11.581928253173828,11.618139557957488
458,42,development,3,UsableArea,12.45293662970407,12.35716708610231,12.147170066833496,12.233795086855721
461,42,development,3,UsableArea,12.481565733211923,12.358285855885983,12.462053298950195,12.376498617357207
466,42,development,3,UsableArea,12.093693109638318,12.146468379628052,12.040240287780762,12.036295707789897
476,42,development,3,UsableArea,11.794345471549745,11.833306346434028,11.80446720123291,11.806192957559695
481,42,development,3,UsableArea,12.694655727828803,12.76817936437285,12.772443771362305,12.715712064523224
502,42,development,3,UsableArea,12.331387247601905,12.286139660833292,12.24793815612793,12.294208890608493
505,42,development,3,UsableArea,11.898194668458823,11.863366658660167,11.847240447998047,11.831201026834599
508,42,development,3,UsableArea,12.246739428005663,12.070101694917428,12.045297622680664,12.140682440838455
520,42,development,3,UsableArea,12.36308066783498,12.424413472420836,12.378303527832031,12.393798521590972
524,42,development,3,UsableArea,12.126764251515691,13.338535273044494,13.27988338470459,13.634253639051376
526,42,development,3,UsableArea,12.07824495582233,12.092437539162129,12.107688903808594,12.101481176961341
531,42,development,3,UsableArea,12.07254696717504,12.13035147611215,12.081318855285645,12.142045072242814
532,42,development,3,UsableArea,11.759793355371237,11.76675805704558,11.839943885803223,11.810552640582747
534,42,development,3,UsableArea,10.579005242826247,10.979683998060189,10.9922456741333,10.156797387935196
537,42,development,3,UsableArea,12.144202560946876,12.185298725413572,12.202712059020996,12.213088903180484
540,42,development,3,UsableArea,12.513561021741964,12.434546558090009,12.411253929138184,12.386923892557608
542,42,development,3,UsableArea,12.421188057397055,12.477642790226222,12.457198143005371,12.4038385928235
546,42,development,3,UsableArea,12.34148164933907,12.347965223102747,12.41295337677002,12.425511968126767
554,42,development,3,UsableArea,11.58989576532275,11.661331299444903,11.638826370239258,11.597411172255544
556,42,development,3,UsableArea,11.635151947212842,11.636891970234986,11.627303123474121,11.616916781737299
558,42,development,3,UsableArea,11.58989576532275,11.572077070542328,11.46068000793457,11.451890666820894
573,42,development,3,UsableArea,12.32163544049751,12.252879865484793,12.22926139831543,12.24011688087857
580,42,development,3,UsableArea,11.78676973513378,11.776824688279829,11.736563682556152,11.769436886504838
594,42,development,3,UsableArea,11.849404844423074,11.847808546955108,11.862911224365234,11.8749740474279
597,42,development,3,UsableArea,11.648373769145277,11.576564337441923,11.651823043823242,11.580406638998658
604,42,development,3,UsableArea,11.92504173829169,11.956776685203387,11.941125869750977,11.922552471746062
610,42,development,3,UsableArea,11.682676678340282,11.655591680264507,11.711760520935059,11.728028299111891
623,42,development,3,UsableArea,11.813037464800539,11.743995542127054,11.741147994995117,11.748840147576736
625,42,development,3,UsableArea,12.014615485902027,11.938374923083524,11.965099334716797,11.94729689644539
632,42,development,3,UsableArea,12.252483791602627,12.344805716149853,12.388134002685547,12.348747730283316
638,42,development,3,UsableArea,11.440365524765756,11.58589511480805,11.598288536071777,11.5224348975165
645,42,development,3,UsableArea,12.823631142839984,12.74549826869532,12.751486778259277,12.680358395338963
667,42,development,3,UsableArea,11.767575435251748,12.06151521726143,12.207233428955078,12.22123374579133
668,42,development,3,UsableArea,12.173037959397275,12.254155878671263,12.221443176269531,12.249380648149767
669,42,development,3,UsableArea,12.031725210748633,11.99386991870918,12.018038749694824,11.979478980891908
672,42,development,3,UsableArea,11.548302261270587,11.582648390107957,11.709451675415039,11.640688389748135
674,42,development,3,UsableArea,12.458778882573533,12.393624608461728,12.428481101989746,12.42796760709595
677,42,development,3,UsableArea,11.373674891823535,11.6755820318007,11.651484489440918,11.561645548106338
698,42,development,3,UsableArea,11.724004532183379,11.789804621252914,11.785307884216309,11.77913854056658
707,42,development,3,UsableArea,12.618185607609803,12.47057075549839,12.620451927185059,12.589857229409617
709,42,development,3,UsableArea,12.09815887308463,12.077387901581886,12.079817771911621,12.086205465678752
713,42,development,3,UsableArea,12.149507585033072,12.149100955528514,12.15885066986084,12.10701854799201
714,42,development,3,UsableArea,11.767575435251748,11.658490010362854,11.596433639526367,11.78062383354905
717,42,development,3,UsableArea,11.979805470779858,12.146659141710803,12.2633056640625,12.326625856416221
724,42,development,3,UsableArea,11.813037464800539,11.801692011624246,11.780611991882324,11.846069164462525
725,42,development,3,UsableArea,12.676079399771027,12.674050682005364,12.676648139953613,12.63926466421896
728,42,development,3,UsableArea,12.178192583415596,12.19894239357374,12.214533805847168,12.231794917332245
732,42,development,3,UsableArea,12.141539457711714,12.137253838864469,12.130175590515137,12.11078893263112
740,42,development,3,UsableArea,12.154784614286667,12.187572024192024,12.174224853515625,12.159418962561755
744,42,development,3,UsableArea,12.07254696717504,11.941554428991425,11.948102951049805,11.932053902334477
746,42,development,3,UsableArea,12.61087420020211,12.720377133755296,12.711033821105957,12.611970308759567
757,42,development,3,UsableArea,12.264346270624157,12.253431184527322,12.268442153930664,12.271442777327243
758,42,development,3,UsableArea,11.97603664577121,11.860249430985252,11.930108070373535,11.861916256978642
768,42,development,3,UsableArea,11.982935344196433,12.06137080826035,12.052794456481934,12.095456193325719
772,42,development,3,UsableArea,11.532737896139919,11.692685333348189,11.69379997253418,11.723229383767263
781,42,development,3,UsableArea,12.07824495582233,12.039625379156426,12.063879013061523,12.023025209503906
784,42,development,3,UsableArea,12.016732516077072,12.011374679791867,11.956571578979492,11.973266827442284
793,42,development,3,UsableArea,12.505402864156405,12.36625722632106,12.37531566619873,12.423456480095343
808,42,development,3,UsableArea,12.317171167298682,12.239642059121925,12.193918228149414,12.175146570359907
815,42,development,3,UsableArea,11.661354090741,11.681979224376747,11.687325477600098,11.651032295597304
821,42,development,3,UsableArea,12.117246896289503,12.133569615968101,12.172637939453125,12.132049868841056
824,42,development,3,UsableArea,11.845827048676645,11.844407152495215,11.877870559692383,11.845484956673726
825,42,development,3,UsableArea,12.357079818283598,12.32622180916826,12.352633476257324,12.336657019454282
827,42,development,3,UsableArea,11.603688960617083,11.46740326434766,11.464838027954102,11.491194566843582
829,42,development,3,UsableArea,12.128116509451258,12.092009446411643,12.105422019958496,12.134957051014966
835,42,development,3,UsableArea,11.849047640327147,11.829357606889854,11.81411075592041,11.761519666888727
845,42,development,3,UsableArea,11.944064817531656,11.840572222752346,11.835138320922852,11.877360382051094
853,42,development,3,UsableArea,12.00762780434872,12.015043649116665,12.05813217163086,12.033758387260281
858,42,development,3,UsableArea,12.066816325306588,11.984521334740174,11.978289604187012,11.969313123328558
859,42,development,3,UsableArea,11.931642378754141,11.847532681019414,11.854297637939453,11.844843106540283
863,42,development,3,UsableArea,11.931642378754141,11.872077384317373,11.870668411254883,11.894562505420613
865,42,development,3,UsableArea,12.43153750053306,12.184106733295716,12.168558120727539,12.176318186352491
868,42,development,3,UsableArea,11.767575435251748,11.842222082031295,11.770942687988281,11.76682425107337
870,42,development,3,UsableArea,12.371591321286905,12.33555175792785,12.331063270568848,12.308925701359415
883,42,development,3,UsableArea,12.08954444723597,12.056706772936726,12.059118270874023,12.060486652934859
889,42,development,3,UsableArea,12.498745990829315,12.617404216815055,12.588676452636719,12.537021477850208
900,42,development,3,UsableArea,11.813037464800539,11.811796823408972,11.80423355102539,11.806820226689606
905,42,development,3,UsableArea,11.74006900564972,11.707336549864356,11.695068359375,11.655960781616832
906,42,development,3,UsableArea,11.759793355371237,11.75454565465218,11.781194686889648,11.766391786272358
910,42,development,3,UsableArea,12.066816325306588,12.052088364717902,12.05392837524414,12.040955030888703
924,42,development,3,UsableArea,12.170450649220749,12.191867928942226,12.207500457763672,12.261199899861737
927,42,development,3,UsableArea,12.560247968016562,12.596260060690257,12.584174156188965,12.578272085236044
934,42,development,3,UsableArea,12.154784614286667,12.20629110614251,12.202899932861328,12.199590074361064
935,42,development,3,UsableArea,12.396697137361691,12.31066462456345,12.288566589355469,12.341492768614735
939,42,development,3,UsableArea,12.387560521575551,12.39361631148455,12.467516899108887,12.47674534300419
942,42,development,3,UsableArea,12.273735966890268,12.344378843688963,12.359038352966309,12.328504819067982
943,42,development,3,UsableArea,11.918397239722838,11.801542560337378,11.86713695526123,11.805093191229968
945,42,development,3,UsableArea,11.83138646878959,12.018394950963035,11.948160171508789,11.89179910803238
946,42,development,3,UsableArea,11.735276702486741,11.8485091625325,11.897656440734863,11.968528619183381
950,42,development,3,UsableArea,12.193498926601634,12.067904697681614,12.072297096252441,12.041704176049997
954,42,development,3,UsableArea,12.055255569732177,11.993925006440366,12.019936561584473,11.966259351022586
965,42,development,3,UsableArea,12.277932735946903,12.305840394751138,12.255720138549805,12.250038197939032
971,42,development,3,UsableArea,11.813037464800539,11.287890977906656,11.251728057861328,11.340629225737061
975,42,development,3,UsableArea,12.02874460037869,12.014544710959317,12.126154899597168,12.093274652971544
977,42,development,3,UsableArea,11.356283350762888,11.285463162715558,11.262569427490234,11.337199044746924
983,42,development,3,UsableArea,11.982278882874377,12.079682329870682,12.089110374450684,12.095867588589385
984,42,development,3,UsableArea,12.45254592991672,12.422812718597001,12.450677871704102,12.49004947183439
986,42,development,3,UsableArea,11.736077016252437,11.642535564504069,11.75836181640625,11.741986842539685
987,42,development,3,UsableArea,11.669937760751914,11.73262950423802,11.697860717773438,11.787840865297225
988,42,development,3,UsableArea,12.887129532148373,12.967346181352864,12.888654708862305,12.8365071850636
994,42,development,3,UsableArea,12.066241450757124,12.044915552654034,12.052253723144531,12.066718915058564
998,42,development,3,UsableArea,12.128116509451258,11.981854968483786,11.960919380187988,11.96697353670135
1000,42,development,3,UsableArea,12.235636302128867,12.157535232855786,12.130146980285645,12.190773333355873
1001,42,development,3,UsableArea,11.314486721293981,11.227555708876551,11.156900405883789,11.198169607917961
1008,42,development,3,UsableArea,11.385103457032141,11.372004186360613,11.371943473815918,11.390680280281414
1023,42,development,3,UsableArea,11.373674891823535,11.578861522031202,11.586934089660645,11.61759785457554
1027,42,development,3,UsableArea,12.02874460037869,11.887499783761516,11.872565269470215,11.879590639509228
1035,42,development,3,UsableArea,11.693169865968983,11.713614575872333,11.734720230102539,11.748286523366918
1036,42,development,3,UsableArea,11.338583982516495,11.362081768293933,11.382561683654785,11.28264870011108
1038,42,development,3,UsableArea,12.567240979056246,12.432276306665354,12.528167724609375,12.510040656867893
1051,42,development,3,UsableArea,12.080996832096167,12.105533429256853,12.134597778320312,12.119675832549042
1053,42,development,3,UsableArea,12.013706813470414,11.995858910518994,11.981891632080078,12.082139721315606
1056,42,development,3,UsableArea,12.100717685412471,11.97689424028478,11.978915214538574,11.966609898751676
1066,42,development,3,UsableArea,12.700771936142122,12.492699482188057,12.534947395324707,12.602509531037803
1068,42,development,3,UsableArea,12.031129798974042,12.08427913260952,12.063865661621094,11.993794969929192
1069,42,development,3,UsableArea,11.927687224983487,12.06238542811118,12.054428100585938,12.138895932234016
1071,42,development,3,UsableArea,11.813037464800539,11.790168929075737,11.768348693847656,11.791717418271134
1076,42,development,3,UsableArea,12.299112067295642,12.14398610767972,12.231203079223633,12.167980320357206
1080,42,development,3,UsableArea,11.744045122410057,11.798333220777122,11.760025978088379,11.810387458463364
1081,42,development,3,UsableArea,11.884495917930655,12.008676223778105,12.009991645812988,11.964754443958638
1088,42,development,3,UsableArea,12.437188334739655,12.45874061782038,12.481514930725098,12.472279322376457
1092,42,development,3,UsableArea,11.982935344196433,11.962931841792365,11.95341682434082,11.942257052427735
1097,42,development,3,UsableArea,11.751950239425476,11.639175027510825,11.704338073730469,11.67570389319443
1107,42,development,3,UsableArea,12.100161978566867,12.144202593979077,12.110880851745605,12.137225651911333
1108,42,development,3,UsableArea,12.52352951631214,12.327872033090962,12.349531173706055,12.346396032538191
1113,42,development,3,UsableArea,11.774527900858468,11.691459164271388,11.750429153442383,11.709422080870123
1117,42,development,3,UsableArea,12.123239799036943,12.109600151825928,12.127570152282715,12.055114167154484
1118,42,development,3,UsableArea,11.775297421715827,11.833265302811734,11.810171127319336,11.791554412944764
1120,42,development,3,UsableArea,11.803361242493628,11.697696464323736,11.737313270568848,11.709775237206474
1125,42,development,3,UsableArea,12.007017865994577,12.021500199459554,12.010257720947266,11.990641596355818
1145,42,development,3,UsableArea,11.289794413577894,11.34157692233879,11.29578971862793,11.437630751929166
1149,42,development,3,UsableArea,11.669082701743504,11.603733876766976,11.627456665039062,11.600347282352665
1151,42,development,3,UsableArea,11.728044909070785,11.747688240615554,11.734167098999023,11.709298205081353
1168,42,development,3,UsableArea,12.06105265381003,12.16845971795475,12.11559772491455,12.126522954927648
1169,42,development,3,UsableArea,12.367345048436391,12.213082266286277,12.219804763793945,12.227901208811156
1170,42,development,3,UsableArea,13.345508528717259,13.262390977805689,13.29187297821045,13.272304263957654
1180,42,development,3,UsableArea,11.440365524765756,11.49363085314421,11.50894546508789,11.385756379849388
1186,42,development,3,UsableArea,11.560772327227417,11.744016618016532,11.757840156555176,11.718689613434048
1189,42,development,3,UsableArea,12.180759965737863,12.130028530781885,12.156031608581543,12.123314175201834
1192,42,development,3,UsableArea,12.066816325306588,12.025985472426177,12.038531303405762,12.00678917857275
1199,42,development,3,UsableArea,12.08954444723597,12.041000896288466,12.067116737365723,12.037375991320676
1200,42,development,3,UsableArea,11.904974309480181,11.850383020443044,11.779796600341797,11.872928569677168
1203,42,development,3,UsableArea,11.669937760751914,11.782090126245338,11.82384204864502,11.790128445831872
1207,42,development,3,UsableArea,11.580593459194764,11.631184525168667,11.673789978027344,11.691631683336286
1213,42,development,3,UsableArea,11.635151947212842,11.387622468421487,11.351511001586914,11.425114756462126
1230,42,development,3,UsableArea,11.751950239425476,11.846206754396588,11.859206199645996,11.899865574869395
1231,42,development,3,UsableArea,12.154784614286667,12.199407242817069,12.133554458618164,12.248421391326579
1237,42,development,3,UsableArea,12.075400019877522,11.996295390908392,11.99398136138916,11.995674452888036
1245,42,development,3,UsableArea,12.345838935721968,12.126583606883063,12.168973922729492,12.114334597095283
1247,42,development,3,UsableArea,12.136191879981927,12.159652109362755,12.162017822265625,12.131042248645556
1248,42,development,3,UsableArea,12.042971193457888,11.854075858248084,11.885148048400879,11.86928136682491
1271,42,development,3,UsableArea,12.468440756144114,12.349404524191955,12.351529121398926,12.334392780909912
1274,42,development,3,UsableArea,12.083910661257521,12.017443229729071,12.063043594360352,12.049223424117578
1281,42,development,3,UsableArea,12.33270970174018,12.238928108557511,12.249530792236328,12.21711176470648
1287,42,development,3,UsableArea,11.870606902224587,11.989105501404644,11.96043872833252,11.93389194714723
1296,42,development,3,UsableArea,11.83863282480007,11.82937137045492,11.84203815460205,11.81600042691241
1299,42,development,3,UsableArea,11.982935344196433,13.131370378816861,13.189029693603516,13.974539627153975
1306,42,development,3,UsableArea,12.691583538230217,12.661151331676999,12.66128158569336,12.664293823663698
1315,42,development,3,UsableArea,11.686887175419702,11.674941556238666,11.74119758605957,11.712067229992092
1316,42,development,3,UsableArea,12.239995696974733,12.12807036292561,12.107789039611816,12.160667881115176
1320,42,development,3,UsableArea,11.6172944892629,11.6438958748476,11.726176261901855,11.677215029371954
1325,42,development,3,UsableArea,11.898194668458823,12.588568111107799,12.562047958374023,12.599621874332058
1336,42,development,3,UsableArea,12.031129798974042,11.980531527255462,11.993857383728027,11.98379602845019
1347,42,development,3,UsableArea,12.47801017053037,12.409260202332137,12.537583351135254,12.446464352215052
1350,42,development,3,UsableArea,11.711784520403112,11.754336457057072,11.997785568237305,11.886581059026721
1358,42,development,3,UsableArea,11.917730355182513,11.981071017058186,11.970674514770508,11.953052304920124
1363,42,development,3,UsableArea,11.560772327227417,11.8305576221904,11.78127384185791,11.857765420093397
1365,42,development,3,UsableArea,11.878630514504515,11.89743994088794,11.922676086425781,11.912558441747283
1376,42,development,3,UsableArea,12.384223015005313,12.458147330976136,12.461435317993164,12.4570199198257
1380,42,development,3,UsableArea,12.02874460037869,11.987509082050265,11.887192726135254,11.990737446262177
1384,42,development,3,UsableArea,11.626263078808801,11.931242789216137,11.909488677978516,11.99384595511914
1388,42,development,3,UsableArea,11.820417517632333,11.92089126165456,11.87427806854248,12.039960969031224
1389,42,development,3,UsableArea,12.84132849667433,12.785623386002332,12.798094749450684,12.769682003595847
1390,42,development,3,UsableArea,11.782960235741939,11.806308305869127,11.82544231414795,11.761996635268686
1392,42,development,3,UsableArea,11.728044909070785,11.717707517809258,11.756698608398438,11.704888453660637
1402,42,development,3,UsableArea,12.170450649220749,12.115993813442397,12.132573127746582,12.175951578476068
1403,42,development,3,UsableArea,12.174994689959313,12.14170381127865,12.194292068481445,12.209872569229749
1407,42,development,3,UsableArea,11.798111925972618,11.798788992324706,11.774784088134766,11.791968769478494
1409,42,development,3,UsableArea,11.74006900564972,11.540746192828493,11.6132173538208,11.64131832365074
1414,42,development,3,UsableArea,12.456835254920371,12.499155765123168,12.489027976989746,12.472283328569919
1416,42,development,3,UsableArea,12.077676615757813,12.308280845216398,12.308591842651367,12.308351904753458
1418,42,development,3,UsableArea,12.73670383776449,12.738610535915852,12.727002143859863,12.714704990060095
1425,42,development,3,UsableArea,11.87757552297847,11.830843061603149,11.878738403320312,11.892194824448442
1430,42,development,3,UsableArea,12.116700301832573,12.175604409178087,12.124579429626465,12.153399370276599
1440,42,development,3,UsableArea,12.190964083849375,12.077053259499142,12.070359230041504,12.048438397602785
1441,42,development,3,UsableArea,12.160033942617156,12.132695702332656,12.068751335144043,12.21696708220909
1444,42,development,3,UsableArea,11.703554089007538,11.566945922631524,11.610633850097656,11.469090624924675
1445,42,development,3,UsableArea,12.098493002763465,12.18259660554948,12.18808650970459,12.22541531463224
1454,42,development,3,UsableArea,11.344518647594766,11.798042517180338,11.761214256286621,11.810417625326783
1456,42,development,3,UsableArea,12.07254696717504,12.09232874366646,12.075879096984863,12.086783397873443
5,42,development,4,direct,12.429220196836383,12.6522646099488,12.630658149719238,12.630658149719238
12,42,development,4,direct,12.75130259456002,12.877284558707563,12.809852600097656,12.809852600097656
17,42,development,4,direct,11.91170829631447,11.910462350781616,11.975914001464844,11.975914001464844
18,42,development,4,direct,11.407576060361786,11.5855774964346,11.600128173828125,11.600128173828125
19,42,development,4,direct,11.976665770490767,11.995214999851713,11.950384140014648,11.950384140014648
20,42,development,4,direct,11.842236406331555,11.667270933574905,11.703412055969238,11.703412055969238
23,42,development,4,direct,12.345838935721968,12.371291793858866,12.340470314025879,12.340470314025879
25,42,development,4,direct,11.944714374881176,11.893000823834596,11.875933647155762,11.875933647155762
29,42,development,4,direct,12.242891437918386,12.212168139818328,12.24067497253418,12.24067497253418
36,42,development,4,direct,12.6410997921206,12.64459999434209,12.664956092834473,12.664956092834473
37,42,development,4,direct,11.884495917930655,11.921214364490503,11.888667106628418,11.888667106628418
39,42,development,4,direct,11.599112335481124,11.7454713710768,11.787860870361328,11.787860870361328
42,42,development,4,direct,12.04355959836804,12.048269784505711,12.019205093383789,12.019205093383789
47,42,development,4,direct,12.387089184491993,12.585421665426077,12.60098648071289,12.60098648071289
51,42,development,4,direct,12.083910661257521,12.094716874428912,12.116201400756836,12.116201400756836
62,42,development,4,direct,11.522885696764481,11.444557087083096,11.48759651184082,11.48759651184082
69,42,development,4,direct,11.289794413577894,11.338771992131276,11.33137321472168,11.33137321472168
70,42,development,4,direct,12.323860125621126,12.282174338169584,12.371007919311523,12.371007919311523
74,42,development,4,direct,11.88380602959621,11.886267131726543,11.85666275024414,11.85666275024414
75,42,development,4,direct,11.58432477200052,11.611354715760854,11.454444885253906,11.454444885253906
76,42,development,4,direct,11.418625774449598,11.422789697484138,11.438031196594238,11.438031196594238
90,42,development,4,direct,11.724813914587886,11.67582939584779,11.641234397888184,11.641234397888184
91,42,development,4,direct,11.60733523953139,11.51418724916653,11.525741577148438,11.525741577148438
94,42,development,4,direct,11.804855999911272,12.07177254326509,12.19987964630127,12.19987964630127
109,42,development,4,direct,11.652696102959753,11.69632582534347,11.789925575256348,11.789925575256348
115,42,development,4,direct,12.466515835145202,12.356588128448843,12.360989570617676,12.360989570617676
117,42,development,4,direct,11.842236406331555,11.75151074194781,11.73753547668457,11.73753547668457
120,42,development,4,direct,12.0075668272517,12.05225216228473,12.058842658996582,12.058842658996582
128,42,development,4,direct,11.373674891823535,11.452964876213056,11.422317504882812,11.422317504882812
132,42,development,4,direct,12.404927602627597,12.315316409068817,12.278895378112793,12.278895378112793
133,42,development,4,direct,11.923384748066601,11.9386499613763,11.972047805786133,11.972047805786133
150,42,development,4,direct,11.652696102959753,11.588544857913243,11.624631881713867,11.624631881713867
154,42,development,4,direct,12.367345048436391,12.151061393574624,12.173454284667969,12.173454284667969
155,42,development,4,direct,11.736077016252437,11.543280426420212,11.645601272583008,11.645601272583008
158,42,development,4,direct,12.504327379899443,12.519616982158638,12.484046936035156,12.484046936035156
160,42,development,4,direct,12.676079399771027,12.628780562619855,12.62647533416748,12.62647533416748
163,42,development,4,direct,12.301387370778713,12.367480216109318,12.391209602355957,12.391209602355957
165,42,development,4,direct,11.931642378754141,11.882453647683702,11.954971313476562,11.954971313476562
168,42,development,4,direct,12.693501691489768,12.812688638248689,12.756193161010742,12.756193161010742
170,42,development,4,direct,12.337105293891872,12.385845514019815,12.440226554870605,12.440226554870605
174,42,development,4,direct,12.001511614739405,11.93873447279414,11.975044250488281,11.975044250488281
177,42,development,4,direct,12.259618151783465,12.272288506401818,12.211231231689453,12.211231231689453
181,42,development,4,direct,12.083910661257521,12.0544970299575,12.052319526672363,12.052319526672363
182,42,development,4,direct,12.206577518060588,12.084642622051625,12.057771682739258,12.057771682739258
186,42,development,4,direct,13.07107218827772,12.613573685718661,12.811361312866211,12.811361312866211
191,42,development,4,direct,12.660331092405906,12.553889905521727,12.521119117736816,12.521119117736816
192,42,development,4,direct,12.122696471358964,12.028377618930357,12.0859956741333,12.0859956741333
194,42,development,4,direct,11.775297421715827,11.870885293198514,11.859102249145508,11.859102249145508
196,42,development,4,direct,11.908346971208951,11.893260289285143,11.882539749145508,11.882539749145508
215,42,development,4,direct,11.993813394724253,11.895336946113414,11.919743537902832,11.919743537902832
218,42,development,4,direct,11.580593459194764,11.363120213724159,11.380698204040527,11.380698204040527
223,42,development,4,direct,12.100161978566867,12.067652467787216,12.070584297180176,12.070584297180176
233,42,development,4,direct,11.456365695436427,11.479573869117672,11.468567848205566,11.468567848205566
235,42,development,4,direct,12.285350445351659,12.283854154397522,12.256746292114258,12.256746292114258
246,42,development,4,direct,12.394628892852941,12.294744251547979,12.360930442810059,12.360930442810059
252,42,development,4,direct,12.367345048436391,12.406626349414095,12.481701850891113,12.481701850891113
258,42,development,4,direct,12.301387370778713,12.364645493243994,12.343029975891113,12.343029975891113
264,42,development,4,direct,11.775297421715827,11.72591087564073,11.73127555847168,11.73127555847168
265,42,development,4,direct,11.19822841866684,11.344468822736898,11.382072448730469,11.382072448730469
269,42,development,4,direct,11.699413330633599,11.644264239838373,11.64427375793457,11.64427375793457
273,42,development,4,direct,12.577639650232573,12.614005589336644,12.61366081237793,12.61366081237793
279,42,development,4,direct,12.936754021718041,12.862126185311523,12.801182746887207,12.801182746887207
285,42,development,4,direct,12.09626335986454,12.172941160506232,12.172813415527344,12.172813415527344
301,42,development,4,direct,11.964007453736912,11.9784980258679,11.995857238769531,11.995857238769531
302,42,development,4,direct,12.495007682693725,12.515352769233864,12.54348373413086,12.54348373413086
305,42,development,4,direct,12.59473402514672,12.532930458406858,12.746275901794434,12.746275901794434
314,42,development,4,direct,12.834683971615659,12.433397669591555,12.379111289978027,12.379111289978027
321,42,development,4,direct,12.74444728628135,12.67288345635492,12.864224433898926,12.864224433898926
327,42,development,4,direct,12.688501881189456,12.51451952818596,12.527876853942871,12.527876853942871
336,42,development,4,direct,12.34126328584159,12.221129585036747,12.183780670166016,12.183780670166016
339,42,development,4,direct,12.218500103788143,12.228632785940365,12.264954566955566,12.264954566955566
341,42,development,4,direct,12.220473454337986,12.259298014005907,12.296801567077637,12.296801567077637
342,42,development,4,direct,11.314486721293981,11.21682036453789,11.339701652526855,11.339701652526855
357,42,development,4,direct,12.06105265381003,12.018057992142753,12.0424165725708,12.0424165725708
365,42,development,4,direct,12.154784614286667,12.121124694485195,12.16446304321289,12.16446304321289
367,42,development,4,direct,11.976665770490767,12.022320336938423,12.009926795959473,12.009926795959473
369,42,development,4,direct,11.790564777297387,11.892892269148344,11.832954406738281,11.832954406738281
370,42,development,4,direct,11.995357787034976,12.008219061530035,12.021666526794434,12.021666526794434
376,42,development,4,direct,11.0186455364637,11.288445298013727,11.276261329650879,11.276261329650879
384,42,development,4,direct,11.23850177707664,11.296633897312475,11.232115745544434,11.232115745544434
394,42,development,4,direct,11.51293546492023,11.432840618779581,11.402591705322266,11.402591705322266
396,42,development,4,direct,11.767575435251748,11.761346574274059,11.723926544189453,11.723926544189453
397,42,development,4,direct,11.719947764402807,11.740118301681699,11.770116806030273,11.770116806030273
400,42,development,4,direct,12.392556361841777,12.267348281443349,12.279914855957031,12.279914855957031
408,42,development,4,direct,12.083910661257521,11.952098137043755,12.047698974609375,12.047698974609375
413,42,development,4,direct,12.310437165348775,12.414991885776141,12.351823806762695,12.351823806762695
415,42,development,4,direct,12.337105293891872,12.379015312293596,12.3420991897583,12.3420991897583
418,42,development,4,direct,12.384223015005313,12.216108982456737,12.370049476623535,12.370049476623535
420,42,development,4,direct,11.863589378812122,11.783441615783056,11.806768417358398,11.806768417358398
422,42,development,4,direct,12.278397958261774,12.304322295853025,12.337682723999023,12.337682723999023
432,42,development,4,direct,11.288543647320601,11.54574410052681,11.612499237060547,11.612499237060547
444,42,development,4,direct,12.058158312538197,12.137083981226471,12.10862922668457,12.10862922668457
445,42,development,4,direct,12.25486757159303,12.29730505753197,12.303630828857422,12.303630828857422
455,42,development,4,direct,12.144202560946876,11.902173561055289,11.888752937316895,11.888752937316895
457,42,development,4,direct,11.49273296168228,11.283716195752408,11.230962753295898,11.230962753295898
469,42,development,4,direct,12.429220196836383,12.418015739102865,12.404804229736328,12.404804229736328
471,42,development,4,direct,12.264346270624157,12.213909773577937,12.336302757263184,12.336302757263184
474,42,development,4,direct,12.994532278619134,12.796009794372608,12.811511993408203,12.811511993408203
477,42,development,4,direct,12.249615734512616,12.29018368345406,12.2349214553833,12.2349214553833
484,42,development,4,direct,12.00762780434872,11.937351352211996,11.993192672729492,11.993192672729492
488,42,development,4,direct,12.07254696717504,12.082269290656212,12.100013732910156,12.100013732910156
490,42,development,4,direct,11.362114203075018,11.511482747939056,11.586031913757324,11.586031913757324
492,42,development,4,direct,11.798111925972618,11.888585298645905,11.938435554504395,11.938435554504395
496,42,development,4,direct,10.460270761075149,11.173743680626313,11.122488975524902,11.122488975524902
497,42,development,4,direct,12.971542813248437,12.677947804155961,12.68376636505127,12.68376636505127
499,42,development,4,direct,11.775297421715827,11.790994953937448,11.802250862121582,11.802250862121582
500,42,development,4,direct,11.695255355062795,11.759156091456974,11.778998374938965,11.778998374938965
501,42,development,4,direct,11.635151947212842,11.626814363275956,11.599080085754395,11.599080085754395
506,42,development,4,direct,11.732069026983156,11.726697770185234,11.791858673095703,11.791858673095703
512,42,development,4,direct,12.2193145828011,12.140410910536502,12.146453857421875,12.146453857421875
513,42,development,4,direct,11.774527900858468,11.715249144313646,11.74393367767334,11.74393367767334
516,42,development,4,direct,12.90634935052389,12.866988903942742,12.90615177154541,12.90615177154541
517,42,development,4,direct,11.970356641102999,12.034067656784075,12.002010345458984,12.002010345458984
518,42,development,4,direct,12.487488878546145,12.561887140119682,12.5242280960083,12.5242280960083
519,42,development,4,direct,12.259618151783465,12.15379869245873,12.159162521362305,12.159162521362305
522,42,development,4,direct,11.918397239722838,11.947123945288343,11.892526626586914,11.892526626586914
538,42,development,4,direct,11.619544188752133,11.701659106045573,11.726313591003418,11.726313591003418
548,42,development,4,direct,11.771443882099637,11.751447792795023,11.734587669372559,11.734587669372559
560,42,development,4,direct,12.36308066783498,12.149732446867219,12.132376670837402,12.132376670837402
569,42,development,4,direct,12.665397584983758,12.591833907886684,12.596949577331543,12.596949577331543
570,42,development,4,direct,11.820123358887447,11.876204864100897,11.865917205810547,11.865917205810547
575,42,development,4,direct,11.842236406331555,11.703006345963745,11.719256401062012,11.719256401062012
581,42,development,4,direct,12.111217862017215,12.117545854419692,12.131636619567871,12.131636619567871
588,42,development,4,direct,11.827743504053695,11.813503437297884,11.825152397155762,11.825152397155762
596,42,development,4,direct,12.672949516558306,12.67454470984899,12.588016510009766,12.588016510009766
602,42,development,4,direct,11.856522261533737,11.769399552888324,11.75213623046875,11.75213623046875
605,42,development,4,direct,12.30592250537653,12.294712411533277,12.299270629882812,12.299270629882812
607,42,development,4,direct,11.931642378754141,11.986818784014151,11.942872047424316,11.942872047424316
612,42,development,4,direct,11.904974309480181,11.979304818931721,11.988879203796387,11.988879203796387
617,42,development,4,direct,12.118339189722553,12.108327523621002,12.11810302734375,12.11810302734375
626,42,development,4,direct,11.982935344196433,11.871288900200346,11.880084991455078,11.880084991455078
634,42,development,4,direct,11.845109950883979,11.838674350439614,11.871842384338379,11.871842384338379
636,42,development,4,direct,12.206077645517674,12.07314408724359,12.2028226852417,12.2028226852417
653,42,development,4,direct,12.160033942617156,12.186343494410586,12.17857551574707,12.17857551574707
654,42,development,4,direct,11.813037464800539,11.800957147862125,11.84307861328125,11.84307861328125
656,42,development,4,direct,11.385103457032141,11.342531469707522,11.432999610900879,11.432999610900879
657,42,development,4,direct,11.8879382384223,11.86409799437964,11.866039276123047,11.866039276123047
658,42,development,4,direct,11.91170829631447,11.989361990191206,12.043676376342773,12.043676376342773
663,42,development,4,direct,11.608244735642321,11.83478570991325,11.946783065795898,11.946783065795898
676,42,development,4,direct,11.908346971208951,11.880862152967989,11.904224395751953,11.904224395751953
685,42,development,4,direct,12.30592250537653,12.265433562313989,12.259917259216309,12.259917259216309
686,42,development,4,direct,12.242891437918386,12.31436409834067,12.27876091003418,12.27876091003418
689,42,development,4,direct,12.879019669789754,12.316173651452035,12.326215744018555,12.326215744018555
690,42,development,4,direct,12.179220327453933,12.146079166556481,12.14601993560791,12.14601993560791
691,42,development,4,direct,11.856522261533737,11.901382488053077,11.89500617980957,11.89500617980957
693,42,development,4,direct,12.721888795877375,12.635430725046463,12.586989402770996,12.586989402770996
695,42,development,4,direct,11.860062063178267,11.72312806549547,11.74997329711914,11.74997329711914
697,42,development,4,direct,11.39640288460621,11.435350599406714,11.41239070892334,11.41239070892334
704,42,development,4,direct,11.849404844423074,11.831148719441845,11.824943542480469,11.824943542480469
718,42,development,4,direct,11.964007453736912,11.98663617046875,12.00063705444336,12.00063705444336
727,42,development,4,direct,12.310437165348775,12.290777807645188,12.32226276397705,12.32226276397705
729,42,development,4,direct,11.608244735642321,11.802598437110566,11.750840187072754,11.750840187072754
733,42,development,4,direct,12.312686874960354,12.376538630889463,12.377842903137207,12.377842903137207
735,42,development,4,direct,11.58989576532275,11.610276242195981,11.6111421585083,11.6111421585083
736,42,development,4,direct,12.001511614739405,12.03125213997364,12.060213088989258,12.060213088989258
739,42,development,4,direct,12.095146671399466,11.828190100950838,11.762788772583008,11.762788772583008
741,42,development,4,direct,11.790564777297387,11.676996839487467,11.630692481994629,11.630692481994629
751,42,development,4,direct,11.477308649967686,11.437824693194136,11.435089111328125,11.435089111328125
754,42,development,4,direct,12.526346537332584,12.526698165574192,12.497907638549805,12.497907638549805
759,42,development,4,direct,12.097378802727306,12.02792391350908,12.023359298706055,12.023359298706055
761,42,development,4,direct,11.755879486687116,11.651089632949263,11.698773384094238,11.698773384094238
762,42,development,4,direct,11.51293546492023,11.595144947314955,11.629278182983398,11.629278182983398
769,42,development,4,direct,12.28690580994122,12.348811500758453,12.336570739746094,12.336570739746094
774,42,development,4,direct,11.648338835562747,11.698045708957089,11.719074249267578,11.719074249267578
785,42,development,4,direct,11.759793355371237,11.807333527763596,11.828518867492676,11.828518867492676
787,42,development,4,direct,11.842236406331555,11.7311241734816,11.759187698364258,11.759187698364258
790,42,development,4,direct,12.141539457711714,12.208384429819743,12.260820388793945,12.260820388793945
791,42,development,4,direct,11.984184555794167,11.998098301516187,12.008740425109863,12.008740425109863
802,42,development,4,direct,11.60733523953139,11.70285052456834,11.682640075683594,11.682640075683594
804,42,development,4,direct,13.275829251377,12.966138459179659,13.05057144165039,13.05057144165039
823,42,development,4,direct,12.323860125621126,12.137132932383446,12.146589279174805,12.146589279174805
826,42,development,4,direct,12.861001210669146,12.956950660138041,12.921201705932617,12.921201705932617
828,42,development,4,direct,12.149507585033072,12.17867086610312,12.160516738891602,12.160516738891602
831,42,development,4,direct,12.019749091416921,12.086823340106635,12.004069328308105,12.004069328308105
833,42,development,4,direct,12.37581963951765,12.315463587942174,12.323898315429688,12.323898315429688
834,42,development,4,direct,12.025755079404917,11.953176257737494,11.931754112243652,11.931754112243652
838,42,development,4,direct,11.51293546492023,11.461465397264233,11.490413665771484,11.490413665771484
843,42,development,4,direct,12.071975378543236,11.96085029305326,11.965532302856445,11.965532302856445
849,42,development,4,direct,12.388398368982115,12.381697144004015,12.296648025512695,12.296648025512695
851,42,development,4,direct,11.78676973513378,11.855703392727321,11.863473892211914,11.863473892211914
852,42,development,4,direct,12.278397958261774,12.130786585488556,12.174295425415039,12.174295425415039
854,42,development,4,direct,11.970356641102999,12.04353000925597,12.025092124938965,12.025092124938965
867,42,development,4,direct,12.424810506025395,12.430675328928508,12.398691177368164,12.398691177368164
869,42,development,4,direct,12.037659911047468,12.008417436159096,11.995072364807129,11.995072364807129
873,42,development,4,direct,11.661354090741,11.669806479315703,11.67928409576416,11.67928409576416
876,42,development,4,direct,12.623064399210183,12.679879210607604,12.61211109161377,12.61211109161377
877,42,development,4,direct,11.792456911128632,11.809425341735542,11.787076950073242,11.787076950073242
880,42,development,4,direct,11.824087219587643,11.805795789296456,11.810295104980469,11.810295104980469
885,42,development,4,direct,11.51293546492023,11.705760750106343,11.719107627868652,11.719107627868652
891,42,development,4,direct,11.719134432217524,11.694064192947417,11.662550926208496,11.662550926208496
896,42,development,4,direct,11.849404844423074,12.02013801800387,12.02287483215332,12.02287483215332
903,42,development,4,direct,12.100717685412471,12.09720633462794,12.116065979003906,12.116065979003906
912,42,development,4,direct,11.874097282798648,11.936416743384965,11.92956256866455,11.92956256866455
913,42,development,4,direct,11.385103457032141,11.452703832108234,11.494882583618164,11.494882583618164
915,42,development,4,direct,12.065280672855897,12.025277056458837,11.981261253356934,11.981261253356934
920,42,development,4,direct,12.081081821061819,12.048260440416273,12.050827980041504,12.050827980041504
921,42,development,4,direct,12.211065162153215,12.224641094017677,12.172921180725098,12.172921180725098
922,42,development,4,direct,11.890683588496984,11.985954261106945,12.031759262084961,12.031759262084961
928,42,development,4,direct,12.07824495582233,12.09108110940347,12.09302806854248,12.09302806854248
936,42,development,4,direct,11.288543647320601,11.472591700154343,11.40359115600586,11.40359115600586
948,42,development,4,direct,12.506180941677357,12.557390116830794,12.584502220153809,12.584502220153809
962,42,development,4,direct,12.513561021741964,12.437318709568707,12.478190422058105,12.478190422058105
963,42,development,4,direct,11.951186847493476,11.938862186290466,11.965033531188965,11.965033531188965
969,42,development,4,direct,10.542732775946709,11.104467370750221,11.021135330200195,11.021135330200195
970,42,development,4,direct,11.849404844423074,11.695723004456854,11.723592758178711,11.723592758178711
972,42,development,4,direct,12.06105265381003,11.991083914424385,12.047811508178711,12.047811508178711
978,42,development,4,direct,12.20557752297723,12.18973193511377,12.202467918395996,12.202467918395996
979,42,development,4,direct,11.608244735642321,11.565287156647006,11.531550407409668,11.531550407409668
981,42,development,4,direct,12.091789104493502,11.988036239719657,12.047243118286133,12.047243118286133
992,42,development,4,direct,12.031725210748633,12.036480107235734,12.169845581054688,12.169845581054688
993,42,development,4,direct,12.138869243416009,12.192523822135731,12.161187171936035,12.161187171936035
997,42,development,4,direct,11.824087219587643,11.781020067259815,11.836527824401855,11.836527824401855
1003,42,development,4,direct,12.354496960983985,12.393216812104157,12.417244911193848,12.417244911193848
1004,42,development,4,direct,11.827049837927534,11.910039758356554,11.955167770385742,11.955167770385742
1009,42,development,4,direct,12.388398368982115,12.413170193983312,12.453937530517578,12.453937530517578
1012,42,development,4,direct,11.51293546492023,11.532224847574048,11.554448127746582,11.554448127746582
1016,42,development,4,direct,12.33270970174018,12.261458780818822,12.287454605102539,12.287454605102539
1030,42,development,4,direct,11.678448377988165,11.673066113528575,11.647420883178711,11.647420883178711
1040,42,development,4,direct,11.289794413577894,11.348270035866957,11.390843391418457,11.390843391418457
1063,42,development,4,direct,11.407576060361786,11.729011211851091,11.742314338684082,11.742314338684082
1070,42,development,4,direct,11.813037464800539,11.765419219858881,11.739974975585938,11.739974975585938
1073,42,development,4,direct,11.424105180165641,11.639016818344967,11.663352966308594,11.663352966308594
1075,42,development,4,direct,12.175618592671356,12.10403981842587,12.143135070800781,12.143135070800781
1078,42,development,4,direct,11.840796531639839,11.77579250987632,11.784455299377441,11.784455299377441
1084,42,development,4,direct,11.982935344196433,11.969804650151112,11.93763542175293,11.93763542175293
1091,42,development,4,direct,11.439289689006644,11.3945859509211,11.407508850097656,11.407508850097656
1098,42,development,4,direct,12.04355959836804,11.93602904453038,11.923479080200195,11.923479080200195
1099,42,development,4,direct,11.759793355371237,11.58747292916579,11.580760955810547,11.580760955810547
1101,42,development,4,direct,11.002116507732017,11.003522874010724,11.107866287231445,11.107866287231445
1115,42,development,4,direct,11.669937760751914,11.658436897392706,11.73581600189209,11.73581600189209
1116,42,development,4,direct,12.669809806411457,12.587811216179388,12.527532577514648,12.527532577514648
1128,42,development,4,direct,12.464587201678082,12.407355582162996,12.381270408630371,12.381270408630371
1129,42,development,4,direct,12.278397958261774,12.23525938544841,12.264034271240234,12.264034271240234
1140,42,development,4,direct,11.87757552297847,11.717426730086771,11.664151191711426,11.664151191711426
1141,42,development,4,direct,11.842236406331555,11.75117165678003,11.748116493225098,11.748116493225098
1142,42,development,4,direct,12.193498926601634,12.159317429325888,12.147955894470215,12.147955894470215
1150,42,development,4,direct,11.870606902224587,11.823935694474308,11.849004745483398,11.849004745483398
1152,42,development,4,direct,11.917730355182513,11.989997223200191,12.013336181640625,12.013336181640625
1162,42,development,4,direct,12.319405795112926,12.217733796273182,12.241437911987305,12.241437911987305
1173,42,development,4,direct,12.05467400868968,11.990944844533528,11.989355087280273,11.989355087280273
1177,42,development,4,direct,11.691080018519527,11.791265470703442,11.778146743774414,11.778146743774414
1182,42,development,4,direct,12.880294363972055,12.557604941170295,12.655149459838867,12.655149459838867
1193,42,development,4,direct,11.736077016252437,11.726930418871197,11.704257011413574,11.704257011413574
1198,42,development,4,direct,11.87757552297847,11.961839837299465,11.907858848571777,11.907858848571777
1205,42,development,4,direct,11.941462360646149,11.9268666509562,11.921056747436523,11.921056747436523
1212,42,development,4,direct,12.00762780434872,12.235883341260756,12.233698844909668,12.233698844909668
1219,42,development,4,direct,11.296024885689746,11.139489659643791,11.1306791305542,11.1306791305542
1220,42,development,4,direct,11.424105180165641,11.460140732817397,11.499387741088867,11.499387741088867
1223,42,development,4,direct,11.870606902224587,11.955186316039402,11.91441535949707,11.91441535949707
1226,42,development,4,direct,11.884495917930655,11.83620005331214,11.807388305664062,11.807388305664062
1228,42,development,4,direct,11.898194668458823,11.8339605559475,11.883987426757812,11.883987426757812
1232,42,development,4,direct,11.794345471549745,11.871177055428161,11.898308753967285,11.898308753967285
1234,42,development,4,direct,11.863589378812122,11.820127056457265,11.83138656616211,11.83138656616211
1251,42,development,4,direct,12.404927602627597,12.409408607449324,12.370123863220215,12.370123863220215
1259,42,development,4,direct,12.154784614286667,12.083086342365856,12.082294464111328,12.082294464111328
1269,42,development,4,direct,12.850557278777309,12.706440623009062,12.921669960021973,12.921669960021973
1278,42,development,4,direct,12.19552218463499,12.171969925035125,12.127571105957031,12.127571105957031
1282,42,development,4,direct,12.100717685412471,12.117553960055734,12.1364164352417,12.1364164352417
1286,42,development,4,direct,11.794345471549745,11.711939084367954,11.699992179870605,11.699992179870605
1288,42,development,4,direct,12.154784614286667,12.028163381343246,12.058302879333496,12.058302879333496
1293,42,development,4,direct,11.58525542883217,11.683755531325465,11.680378913879395,11.680378913879395
1301,42,development,4,direct,12.323860125621126,12.322568075258372,12.305100440979004,12.305100440979004
1303,42,development,4,direct,12.577639650232573,12.661918808178285,12.657115936279297,12.657115936279297
1305,42,development,4,direct,11.775297421715827,11.904489075920521,11.861063003540039,11.861063003540039
1308,42,development,4,direct,11.835016210489899,11.877106352518602,11.833321571350098,11.833321571350098
1310,42,development,4,direct,12.09626335986454,12.087469814869772,12.06787109375,12.06787109375
1313,42,development,4,direct,12.618185607609803,12.532406694218635,12.629693984985352,12.629693984985352
1317,42,development,4,direct,12.596403811053621,12.50379966471563,12.516117095947266,12.516117095947266
1326,42,development,4,direct,10.915106645867503,11.156471829793727,11.1334867477417,11.1334867477417
1327,42,development,4,direct,11.277215789596893,11.41069916986713,11.324112892150879,11.324112892150879
1335,42,development,4,direct,11.736077016252437,11.644693787101438,11.655275344848633,11.655275344848633
1346,42,development,4,direct,11.59451466851004,11.444792713291939,11.433187484741211,11.433187484741211
1360,42,development,4,direct,12.660331092405906,12.846607567787556,12.835351943969727,12.835351943969727
1361,42,development,4,direct,12.149507585033072,12.147608816619778,12.134254455566406,12.134254455566406
1367,42,development,4,direct,12.170450649220749,12.228673933954349,12.206817626953125,12.206817626953125
1368,42,development,4,direct,11.751950239425476,11.774637535630735,11.822502136230469,11.822502136230469
1371,42,development,4,direct,11.561725152903833,11.602717780867836,11.591917991638184,11.591917991638184
1372,42,development,4,direct,12.016732516077072,12.069760170368069,12.10717487335205,12.10717487335205
1396,42,development,4,direct,12.546871224308068,12.515884928671216,12.556570053100586,12.556570053100586
1400,42,development,4,direct,11.831022768939789,11.967688912923673,12.002135276794434,12.002135276794434
1404,42,development,4,direct,12.552930054797935,12.272465070130005,12.420706748962402,12.420706748962402
1412,42,development,4,direct,11.849404844423074,11.897571876972162,11.919376373291016,11.919376373291016
1413,42,development,4,direct,11.407576060361786,11.460716406633393,11.415942192077637,11.415942192077637
1421,42,development,4,direct,12.100161978566867,12.039541195278476,12.035462379455566,12.035462379455566
1426,42,development,4,direct,11.863589378812122,11.871485169812843,11.848898887634277,11.848898887634277
1427,42,development,4,direct,12.509877789891931,12.466584167037812,12.389906883239746,12.389906883239746
1432,42,development,4,direct,11.87583791515714,11.796686231698652,11.832473754882812,11.832473754882812
1437,42,development,4,direct,11.699413330633599,11.67092156589258,11.668316841125488,11.668316841125488
1449,42,development,4,direct,11.626263078808801,11.636668026851947,11.59601879119873,11.59601879119873
1452,42,development,4,direct,12.567554517655415,12.427583961692731,12.424931526184082,12.424931526184082
1459,42,development,4,direct,11.864469267087891,11.79447334695175,11.794578552246094,11.794578552246094
1460,42,development,4,direct,11.901590234400047,11.921717742791015,11.875056266784668,11.875056266784668
2,42,development,5,direct,12.109016442313738,12.068940104926428,12.057159423828125,12.057159423828125
9,42,development,5,direct,11.774527900858468,11.815302847063805,11.784749984741211,11.784749984741211
14,42,development,5,direct,12.540761149388421,12.317297242500432,12.235518455505371,12.235518455505371
15,42,development,5,direct,11.964007453736912,11.954934202024141,11.938109397888184,11.938109397888184
21,42,development,5,direct,12.692506186542177,12.741777133628315,12.682665824890137,12.682665824890137
22,42,development,5,direct,11.845109950883979,11.765178684870053,11.741999626159668,11.741999626159668
27,42,development,5,direct,11.811554895830454,11.826737606463855,11.845261573791504,11.845261573791504
35,42,development,5,direct,12.533579815765737,12.591821471813379,12.558998107910156,12.558998107910156
38,42,development,5,direct,11.938199736300925,11.959325490130897,11.913076400756836,11.913076400756836
41,42,development,5,direct,11.982935344196433,11.857031259491585,11.870868682861328,11.870868682861328
54,42,development,5,direct,12.861001210669146,12.776856683162501,12.78744125366211,12.78744125366211
65,42,development,5,direct,12.299112067295642,12.290242627892408,12.390682220458984,12.390682220458984
88,42,development,5,direct,12.010671928196443,12.029969579947197,11.983592987060547,11.983592987060547
92,42,development,5,direct,11.498836682527127,11.69543335110005,11.595793724060059,11.595793724060059
96,42,development,5,direct,12.128116509451258,12.11767158071468,12.045427322387695,12.045427322387695
99,42,development,5,direct,11.326607934898927,11.371466605237305,11.255170822143555,11.255170822143555
104,42,development,5,direct,12.200562492481511,12.136123974959862,12.080546379089355,12.080546379089355
113,42,development,5,direct,12.85832230788469,12.764193159206108,12.728096008300781,12.728096008300781
122,42,development,5,direct,11.51293546492023,11.493787261261845,11.53380298614502,11.53380298614502
123,42,development,5,direct,11.820417517632333,11.839693108438064,11.837238311767578,11.837238311767578
131,42,development,5,direct,12.328294703023396,12.257453786572416,12.290010452270508,12.290010452270508
135,42,development,5,direct,12.100717685412471,12.054522149492895,11.984151840209961,11.984151840209961
144,42,development,5,direct,12.225880174775122,12.31313914105985,12.256638526916504,12.256638526916504
147,42,development,5,direct,11.561725152903833,11.535175146903267,11.612326622009277,11.612326622009277
151,42,development,5,direct,11.711784520403112,11.819950425874298,11.809415817260742,11.809415817260742
152,42,development,5,direct,12.827731880206521,12.703837043973895,12.65463638305664,12.65463638305664
153,42,development,5,direct,12.154784614286667,12.138955691083137,12.101399421691895,12.101399421691895
161,42,development,5,direct,11.998439434579149,11.960411673996427,11.997328758239746,11.997328758239746
162,42,development,5,direct,12.929993908996359,12.952296873952951,12.943282127380371,12.943282127380371
167,42,development,5,direct,12.154784614286667,12.248026808685427,12.076382637023926,12.076382637023926
187,42,development,5,direct,12.06105265381003,12.079098965420474,12.062047958374023,12.062047958374023
188,42,development,5,direct,11.813037464800539,11.805484146850986,11.777013778686523,11.777013778686523
190,42,development,5,direct,12.563750586299374,12.471561618278095,12.501703262329102,12.501703262329102
198,42,development,5,direct,12.367345048436391,12.49231101113106,12.608654975891113,12.608654975891113
201,42,development,5,direct,11.849404844423074,11.873029239780879,11.7570219039917,11.7570219039917
202,42,development,5,direct,12.052344376474922,12.017442659119338,12.0497465133667,12.0497465133667
203,42,development,5,direct,11.626263078808801,11.61804091438206,11.780559539794922,11.780559539794922
206,42,development,5,direct,12.103491596905931,12.102573605084155,12.111870765686035,12.111870765686035
207,42,development,5,direct,11.87688084212164,11.820234255144836,11.799725532531738,11.799725532531738
208,42,development,5,direct,11.856522261533737,11.857656798669272,11.812300682067871,11.812300682067871
217,42,development,5,direct,12.25486757159303,12.228181329799774,12.258307456970215,12.258307456970215
220,42,development,5,direct,12.027191164883384,12.042170199097846,12.045217514038086,12.045217514038086
226,42,development,5,direct,11.626263078808801,11.536566426640947,11.461416244506836,11.461416244506836
230,42,development,5,direct,12.167856627501678,12.190455350261661,12.153915405273438,12.153915405273438
231,42,development,5,direct,11.904974309480181,11.847936290821352,11.857032775878906,11.857032775878906
242,42,development,5,direct,11.612779849672751,11.412529037534412,11.431302070617676,11.431302070617676
247,42,development,5,direct,11.827743504053695,11.799510897483321,11.73312759399414,11.73312759399414
253,42,development,5,direct,12.06105265381003,12.06940877181583,12.096665382385254,12.096665382385254
254,42,development,5,direct,11.970356641102999,11.96257867117926,12.011397361755371,12.011397361755371
263,42,development,5,direct,11.92504173829169,11.885642987920477,11.952400207519531,11.952400207519531
270,42,development,5,direct,11.904974309480181,11.923102298628393,11.951993942260742,11.951993942260742
277,42,development,5,direct,12.211065162153215,12.188399590119325,12.232887268066406,12.232887268066406
280,42,development,5,direct,12.165255859329688,12.183717261185482,12.24167537689209,12.24167537689209
284,42,development,5,direct,12.407383590534293,12.407631621697954,12.409430503845215,12.409430503845215
289,42,development,5,direct,11.711784520403112,11.649803755026468,11.668656349182129,11.668656349182129
294,42,development,5,direct,12.367345048436391,12.353866230477797,12.438578605651855,12.438578605651855
296,42,development,5,direct,11.86710429621008,11.885595270872024,11.943727493286133,11.943727493286133
316,42,development,5,direct,12.146858590895919,12.134141481387593,12.13636589050293,12.13636589050293
318,42,development,5,direct,12.506180941677357,12.472219865434061,12.49837589263916,12.49837589263916
331,42,development,5,direct,11.686887175419702,11.844591439814382,11.855904579162598,11.855904579162598
338,42,development,5,direct,12.273735966890268,12.303081244965,12.323282241821289,12.323282241821289
344,42,development,5,direct,12.491255347155265,12.542904155304077,12.546210289001465,12.546210289001465
346,42,development,5,direct,11.850832386224807,11.820967796755271,11.82097339630127,11.82097339630127
379,42,development,5,direct,12.885204569609956,12.853990579673933,12.840612411499023,12.840612411499023
380,42,development,5,direct,12.095146671399466,12.076236791191738,12.02524471282959,12.02524471282959
385,42,development,5,direct,12.388398368982115,12.515193232232754,12.44301986694336,12.44301986694336
386,42,development,5,direct,12.165255859329688,12.084268180742908,12.14003849029541,12.14003849029541
388,42,development,5,direct,11.736077016252437,11.770328687017525,11.813541412353516,11.813541412353516
392,42,development,5,direct,12.278397958261774,12.31942401154884,12.268790245056152,12.268790245056152
393,42,development,5,direct,11.575909653758895,11.601314959824215,11.539054870605469,11.539054870605469
398,42,development,5,direct,12.040614105490253,11.933549253727218,11.933345794677734,11.933345794677734
401,42,development,5,direct,12.411056299528171,12.33042644952887,12.350423812866211,12.350423812866211
402,42,development,5,direct,12.013646205940514,12.11378377367443,12.137272834777832,12.137272834777832
403,42,development,5,direct,11.58989576532275,11.514742669507777,11.4188232421875,11.4188232421875
404,42,development,5,direct,12.460718739865236,12.415362305653318,12.417282104492188,12.417282104492188
407,42,development,5,direct,11.652696102959753,11.65840543617035,11.679606437683105,11.679606437683105
419,42,development,5,direct,11.744045122410057,11.587979398524004,11.525554656982422,11.525554656982422
438,42,development,5,direct,11.686887175419702,11.645107306715731,11.693829536437988,11.693829536437988
442,42,development,5,direct,11.678448377988165,11.693611275923477,11.65010929107666,11.65010929107666
453,42,development,5,direct,12.225880174775122,12.246263478264273,12.17182731628418,12.17182731628418
456,42,development,5,direct,12.075400019877522,11.998921689228828,12.007360458374023,12.007360458374023
460,42,development,5,direct,11.608244735642321,11.673039418812468,11.692299842834473,11.692299842834473
464,42,development,5,direct,12.147919030759663,12.134709874900723,12.157634735107422,12.157634735107422
467,42,development,5,direct,12.025755079404917,11.99971517091794,12.03018856048584,12.03018856048584
470,42,development,5,direct,12.138869243416009,12.127954707219185,12.103676795959473,12.103676795959473
473,42,development,5,direct,11.904974309480181,11.840742229119794,11.80042839050293,11.80042839050293
475,42,development,5,direct,12.433212202169729,12.419264826925044,12.411091804504395,12.411091804504395
485,42,development,5,direct,11.794345471549745,11.780812679561892,11.83818244934082,11.83818244934082
489,42,development,5,direct,11.982935344196433,11.754429710708845,11.753511428833008,11.753511428833008
493,42,development,5,direct,12.059809113551397,12.04952667708277,12.026470184326172,12.026470184326172
503,42,development,5,direct,11.849404844423074,11.781762194088568,11.861675262451172,11.861675262451172
509,42,development,5,direct,11.989165855127435,11.903853286465125,11.937594413757324,11.937594413757324
510,42,development,5,direct,11.732069026983156,11.861007535616713,11.865180015563965,11.865180015563965
511,42,development,5,direct,12.013100572810686,12.01354391887317,11.983625411987305,11.983625411987305
521,42,development,5,direct,11.573559498507079,11.382748569044852,11.349298477172852,11.349298477172852
525,42,development,5,direct,12.662709207270272,12.63430952819296,12.546558380126953,12.546558380126953
541,42,development,5,direct,12.660331092405906,12.831890153035696,12.788468360900879,12.788468360900879
547,42,development,5,direct,12.25486757159303,12.044146609863603,12.055756568908691,12.055756568908691
551,42,development,5,direct,11.849404844423074,11.721199218248302,11.758676528930664,11.758676528930664
557,42,development,5,direct,11.856522261533737,11.902769661282994,11.927024841308594,11.927024841308594
563,42,development,5,direct,11.58989576532275,11.67529255789515,11.679458618164062,11.679458618164062
564,42,development,5,direct,12.128116509451258,12.098923516735017,12.070268630981445,12.070268630981445
565,42,development,5,direct,12.498745990829315,12.447849277601364,12.462851524353027,12.462851524353027
566,42,development,5,direct,11.759793355371237,11.769076049342777,11.82951831817627,11.82951831817627
578,42,development,5,direct,12.010671928196443,11.934923932613742,11.978589057922363,11.978589057922363
587,42,development,5,direct,11.775297421715827,11.658521629329796,11.677891731262207,11.677891731262207
593,42,development,5,direct,11.835016210489899,11.894467885290032,11.835851669311523,11.835851669311523
601,42,development,5,direct,12.524530013005734,12.47131703932876,12.513066291809082,12.513066291809082
609,42,development,5,direct,12.791358964949923,12.532027599145726,12.702285766601562,12.702285766601562
613,42,development,5,direct,12.474193386571581,12.467493401567188,12.459906578063965,12.459906578063965
624,42,development,5,direct,12.034696963475044,12.104565407217716,12.114028930664062,12.114028930664062
628,42,development,5,direct,11.938199736300925,12.00314363030232,11.952376365661621,11.952376365661621
633,42,development,5,direct,11.320565693461432,12.035235501553139,12.098145484924316,12.098145484924316
640,42,development,5,direct,12.485830907348902,12.460394220958603,12.5568265914917,12.5568265914917
641,42,development,5,direct,12.520887034998584,12.527007491884403,12.526350975036621,12.526350975036621
642,42,development,5,direct,12.328294703023396,12.406595886147777,12.378730773925781,12.378730773925781
643,42,development,5,direct,12.75130259456002,12.728163651879632,12.83875560760498,12.83875560760498
646,42,development,5,direct,11.872353615355413,11.83292620685844,11.845391273498535,11.845391273498535
647,42,development,5,direct,11.495789479023493,11.519359550313126,11.496682167053223,11.496682167053223
648,42,development,5,direct,11.951186847493476,11.878805819188827,11.83171558380127,11.83171558380127
649,42,development,5,direct,11.951186847493476,11.963310206678884,11.943877220153809,11.943877220153809
659,42,development,5,direct,11.487617913343598,11.77059444884235,11.828056335449219,11.828056335449219
660,42,development,5,direct,12.025755079404917,11.985932736144632,11.938526153564453,11.938526153564453
664,42,development,5,direct,11.83138646878959,11.867489045484765,11.786811828613281,11.786811828613281
682,42,development,5,direct,11.979391594635791,11.587296286553192,11.590910911560059,11.590910911560059
684,42,development,5,direct,12.560247968016562,12.562590002935684,12.58961296081543,12.58961296081543
687,42,development,5,direct,12.336556900342153,12.375102595141668,12.31590461730957,12.31590461730957
688,42,development,5,direct,11.910365121788654,11.935231021032948,11.987373352050781,11.987373352050781
699,42,development,5,direct,11.83863282480007,11.797620772711722,11.806066513061523,11.806066513061523
700,42,development,5,direct,12.185875040240456,12.12216483405867,12.122003555297852,12.122003555297852
703,42,development,5,direct,12.799178471909892,12.796370653271005,12.738249778747559,12.738249778747559
710,42,development,5,direct,11.60733523953139,11.562189228191059,11.58156967163086,11.58156967163086
720,42,development,5,direct,11.763691965388299,11.839934550134426,11.795332908630371,11.795332908630371
726,42,development,5,direct,11.699413330633599,11.642990602086618,11.680272102355957,11.680272102355957
730,42,development,5,direct,11.542493975902508,11.410156687393224,11.42696762084961,11.42696762084961
743,42,development,5,direct,12.095146671399466,12.019779818966287,12.123690605163574,12.123690605163574
748,42,development,5,direct,12.491176396967154,12.413904696858317,12.382805824279785,12.382805824279785
749,42,development,5,direct,12.469978029554953,12.426889494842172,12.418392181396484,12.418392181396484
750,42,development,5,direct,11.49273296168228,11.292038358529066,11.182234764099121,11.182234764099121
752,42,development,5,direct,11.995357787034976,11.985459354152551,11.987935066223145,11.987935066223145
764,42,development,5,direct,12.727841176689147,12.698664314061709,12.682107925415039,12.682107925415039
767,42,development,5,direct,12.188422799337028,12.139357040307106,12.176008224487305,12.176008224487305
770,42,development,5,direct,13.195615697878253,13.052465307056302,13.015589714050293,13.015589714050293
776,42,development,5,direct,11.995357787034976,11.986311605738308,11.988943099975586,11.988943099975586
777,42,development,5,direct,12.308182383129823,12.319505220459748,12.27376937866211,12.27376937866211
780,42,development,5,direct,11.813037464800539,11.899727243215958,11.953636169433594,11.953636169433594
792,42,development,5,direct,11.896833207128452,11.911370673976267,11.956552505493164,11.956552505493164
795,42,development,5,direct,12.178192583415596,12.202009986850959,12.194673538208008,12.194673538208008
796,42,development,5,direct,12.049424683420915,12.011923165669025,12.008905410766602,12.008905410766602
798,42,development,5,direct,11.608244735642321,11.510145656924879,11.537307739257812,11.537307739257812
801,42,development,5,direct,12.206077645517674,12.207396290187713,12.254401206970215,12.254401206970215
805,42,development,5,direct,11.678448377988165,11.63275472074133,11.655394554138184,11.655394554138184
806,42,development,5,direct,12.335700805443338,12.246423428095403,12.238018035888672,12.238018035888672
816,42,development,5,direct,12.323415584358154,12.205246926723765,12.220029830932617,12.220029830932617
822,42,development,5,direct,11.440365524765756,11.385580015573362,11.406797409057617,11.406797409057617
832,42,development,5,direct,11.92504173829169,11.93251293608464,11.947507858276367,11.947507858276367
836,42,development,5,direct,11.759793355371237,11.781289074431202,11.772517204284668,11.772517204284668
841,42,development,5,direct,11.849404844423074,11.690890587545232,11.716146469116211,11.716146469116211
855,42,development,5,direct,12.04355959836804,12.035705460787053,12.022238731384277,12.022238731384277
857,42,development,5,direct,11.898194668458823,11.896717609074365,11.973322868347168,11.973322868347168
861,42,development,5,direct,12.154521423145216,12.070873309700442,12.027097702026367,12.027097702026367
864,42,development,5,direct,11.794345471549745,11.850467971634307,11.878031730651855,11.878031730651855
871,42,development,5,direct,11.603688960617083,11.52415859691256,11.478778839111328,11.478778839111328
872,42,development,5,direct,12.208574513247495,12.132191591900714,12.13382339477539,12.13382339477539
878,42,development,5,direct,12.765691290604371,12.772232216423223,12.77918529510498,12.77918529510498
879,42,development,5,direct,11.904974309480181,11.918268985459248,11.904817581176758,11.904817581176758
881,42,development,5,direct,11.964007453736912,11.991603921762986,11.934659004211426,11.934659004211426
884,42,development,5,direct,11.682676678340282,11.728631882559364,11.59044075012207,11.59044075012207
892,42,development,5,direct,12.058158312538197,12.06635931790025,12.068453788757324,12.068453788757324
897,42,development,5,direct,11.575909653758895,11.334164467021154,11.335938453674316,11.335938453674316
898,42,development,5,direct,11.870278179170796,11.814192611444275,11.816143989562988,11.816143989562988
914,42,development,5,direct,11.884495917930655,11.854040583144693,11.854159355163574,11.854159355163574
929,42,development,5,direct,12.373707715234994,12.4000167621001,12.393107414245605,12.393107414245605
930,42,development,5,direct,12.310437165348775,12.293612508094544,12.36745834350586,12.36745834350586
952,42,development,5,direct,11.694421681264394,11.647258773227811,11.651601791381836,11.651601791381836
955,42,development,5,direct,11.755879486687116,11.753602042133805,11.81682300567627,11.81682300567627
956,42,development,5,direct,11.884495917930655,11.87353439816596,11.961094856262207,11.961094856262207
957,42,development,5,direct,11.728044909070785,11.708147607405714,11.793058395385742,11.793058395385742
958,42,development,5,direct,11.790564777297387,11.756414952862599,11.771522521972656,11.771522521972656
960,42,development,5,direct,11.951186847493476,12.07898471809475,12.067412376403809,12.067412376403809
961,42,development,5,direct,11.665655135642039,11.65892942272883,11.742436408996582,11.742436408996582
973,42,development,5,direct,11.507922973347437,11.739584112488838,11.750652313232422,11.750652313232422
976,42,development,5,direct,12.013706813470414,12.106481129838363,12.103544235229492,12.103544235229492
982,42,development,5,direct,12.724869415131389,12.687837294966828,12.709205627441406,12.709205627441406
996,42,development,5,direct,11.7085004721646,11.591344471506487,11.657960891723633,11.657960891723633
1013,42,development,5,direct,12.013706813470414,12.018539883459292,11.978882789611816,11.978882789611816
1015,42,development,5,direct,11.688566422839942,11.728216034263227,11.761932373046875,11.761932373046875
1017,42,development,5,direct,12.220966184120165,12.361910353592865,12.323249816894531,12.323249816894531
1018,42,development,5,direct,12.141539457711714,12.131047778722529,12.07490348815918,12.07490348815918
1020,42,development,5,direct,12.271349956195543,12.219812119103649,12.188817977905273,12.188817977905273
1021,42,development,5,direct,12.07824495582233,12.041696596284405,11.881153106689453,11.881153106689453
1022,42,development,5,direct,12.175618592671356,12.228979271254943,12.229427337646484,12.229427337646484
1026,42,development,5,direct,11.630717389475995,11.728582051669473,11.703347206115723,11.703347206115723
1029,42,development,5,direct,11.561725152903833,11.767468957467063,11.777759552001953,11.777759552001953
1039,42,development,5,direct,11.48247656671073,11.543960866283603,11.584468841552734,11.584468841552734
1045,42,development,5,direct,12.535379989788607,12.574187629397727,12.54787826538086,12.54787826538086
1046,42,development,5,direct,11.846543632608535,11.74891056770487,11.696483612060547,11.696483612060547
1052,42,development,5,direct,12.206782393599413,12.147474175645927,12.169459342956543,12.169459342956543
1057,42,development,5,direct,12.13270055639427,12.297869977317132,12.307783126831055,12.307783126831055
1060,42,development,5,direct,12.301387370778713,12.137589787080916,12.119044303894043,12.119044303894043
1061,42,development,5,direct,12.271396795480596,12.226657160064368,12.2706937789917,12.2706937789917
1065,42,development,5,direct,11.944714374881176,11.946185694199846,11.920828819274902,11.920828819274902
1072,42,development,5,direct,11.944714374881176,11.952128070088595,11.991114616394043,11.991114616394043
1077,42,development,5,direct,12.04355959836804,11.945613702585653,11.918652534484863,11.918652534484863
1083,42,development,5,direct,12.165255859329688,12.18379898025836,12.175325393676758,12.175325393676758
1087,42,development,5,direct,11.332613886815139,11.501989639547732,11.446948051452637,11.446948051452637
1096,42,development,5,direct,12.080696479888445,12.113671282629275,12.06756591796875,12.06756591796875
1105,42,development,5,direct,11.571203807011969,11.67946611007048,11.577138900756836,11.577138900756836
1110,42,development,5,direct,12.54254845357358,12.66268649552062,12.614212989807129,12.614212989807129
1123,42,development,5,direct,11.626263078808801,11.365775007556774,11.232601165771484,11.232601165771484
1124,42,development,5,direct,11.678448377988165,11.48087690407523,11.513181686401367,11.513181686401367
1127,42,development,5,direct,12.066816325306588,12.168479972171006,12.156855583190918,12.156855583190918
1130,42,development,5,direct,11.849404844423074,11.822736891510434,11.781661987304688,11.781661987304688
1131,42,development,5,direct,11.813037464800539,11.99685113620689,11.776949882507324,11.776949882507324
1136,42,development,5,direct,11.532737896139919,11.56459578708033,11.607937812805176,11.607937812805176
1137,42,development,5,direct,11.686887175419702,11.704956493470643,11.757079124450684,11.757079124450684
1144,42,development,5,direct,11.289794413577894,11.521785278784183,11.505378723144531,11.505378723144531
1148,42,development,5,direct,12.069685751267224,12.15054983958545,12.127613067626953,12.127613067626953
1153,42,development,5,direct,12.345838935721968,12.18248272557279,12.166576385498047,12.166576385498047
1154,42,development,5,direct,11.699413330633599,11.648242480688,11.667518615722656,11.667518615722656
1155,42,development,5,direct,12.215037342290755,12.246066830325583,12.28735065460205,12.28735065460205
1159,42,development,5,direct,12.367889578686164,12.357843584382383,12.334468841552734,12.334468841552734
1163,42,development,5,direct,11.767575435251748,11.746660184255932,11.691211700439453,11.691211700439453
1172,42,development,5,direct,12.001511614739405,11.990661349954182,11.996072769165039,11.996072769165039
1181,42,development,5,direct,12.429220196836383,12.345032371273785,12.398029327392578,12.398029327392578
1184,42,development,5,direct,11.695255355062795,11.874539608629384,11.8495454788208,11.8495454788208
1185,42,development,5,direct,12.137263685701864,12.233544924894018,12.12893009185791,12.12893009185791
1187,42,development,5,direct,11.461642696843066,11.745530179854745,11.5964994430542,11.5964994430542
1194,42,development,5,direct,12.013706813470414,12.01148781499978,11.954572677612305,11.954572677612305
1195,42,development,5,direct,11.970356641102999,11.878675995041597,11.923844337463379,11.923844337463379
1208,42,development,5,direct,12.206077645517674,12.3114263403183,12.253678321838379,12.253678321838379
1216,42,development,5,direct,11.736077016252437,11.593707457791995,11.608905792236328,11.608905792236328
1218,42,development,5,direct,12.343470927093518,12.427665655267509,12.387707710266113,12.387707710266113
1224,42,development,5,direct,11.834291315386718,11.845720608031044,11.915443420410156,11.915443420410156
1225,42,development,5,direct,12.122696471358964,12.185832602311194,12.180947303771973,12.180947303771973
1238,42,development,5,direct,12.180759965737863,12.268182446383074,12.262642860412598,12.262642860412598
1239,42,development,5,direct,11.86710429621008,11.793815936087407,11.85169792175293,11.85169792175293
1242,42,development,5,direct,12.42250975887691,12.413857913202945,12.36602783203125,12.36602783203125
1246,42,development,5,direct,12.08954444723597,12.189858330462872,12.172309875488281,12.172309875488281
1249,42,development,5,direct,11.771443882099637,11.838683968153866,11.82139778137207,11.82139778137207
1252,42,development,5,direct,12.053801032483948,12.19589753779528,12.164613723754883,12.164613723754883
1254,42,development,5,direct,12.591338447675579,12.57284825819039,12.563044548034668,12.563044548034668
1255,42,development,5,direct,12.016128107502665,12.15640540085276,12.082184791564941,12.082184791564941
1257,42,development,5,direct,12.616528611893463,12.684176205363858,12.71929931640625,12.71929931640625
1258,42,development,5,direct,11.511934974596555,11.362904931251041,11.363876342773438,11.363876342773438
1262,42,development,5,direct,11.766799946849087,11.752031268514768,11.738770484924316,11.738770484924316
1265,42,development,5,direct,12.10625783509458,12.029397909578742,11.995511054992676,11.995511054992676
1267,42,development,5,direct,11.711784520403112,11.78273686924829,11.828018188476562,11.828018188476562
1268,42,development,5,direct,12.843973993864076,12.783566699171624,12.72063159942627,12.72063159942627
1276,42,development,5,direct,11.827743504053695,11.881665507749792,11.882089614868164,11.882089614868164
1283,42,development,5,direct,11.921725007667265,11.910757985047617,11.90617561340332,11.90617561340332
1284,42,development,5,direct,11.842236406331555,11.846200333622487,11.864591598510742,11.864591598510742
1289,42,development,5,direct,12.535379989788607,12.479009207747563,12.4497652053833,12.4497652053833
1295,42,development,5,direct,11.652696102959753,11.72412429197561,11.701205253601074,11.701205253601074
1297,42,development,5,direct,11.951186847493476,11.931216129620172,11.926044464111328,11.926044464111328
1298,42,development,5,direct,11.849404844423074,11.953525005971708,11.898445129394531,11.898445129394531
1309,42,development,5,direct,11.898194668458823,11.879539906156072,11.869938850402832,11.869938850402832
1319,42,development,5,direct,12.524530013005734,12.506830014775908,12.455683708190918,12.455683708190918
1322,42,development,5,direct,11.19135563385109,11.221110008378387,11.236425399780273,11.236425399780273
1329,42,development,5,direct,12.45293662970407,12.174286031430489,12.23320484161377,12.23320484161377
1330,42,development,5,direct,12.081081821061819,12.10104187816781,12.103610038757324,12.103610038757324
1333,42,development,5,direct,11.51293546492023,11.640031312080078,11.532727241516113,11.532727241516113
1338,42,development,5,direct,10.868587496017359,11.030309634539096,10.995474815368652,10.995474815368652
1339,42,development,5,direct,12.206077645517674,12.297053020507931,12.304134368896484,12.304134368896484
1342,42,development,5,direct,11.951186847493476,11.936468983227698,12.015877723693848,12.015877723693848
1344,42,development,5,direct,12.083910661257521,12.018032435547655,11.978333473205566,11.978333473205566
1349,42,development,5,direct,12.278397958261774,12.423795803526238,12.371371269226074,12.371371269226074
1352,42,development,5,direct,12.049424683420915,11.988479351068136,12.0575590133667,12.0575590133667
1364,42,development,5,direct,11.963574241653713,12.038236076574014,12.02717113494873,12.02717113494873
1370,42,development,5,direct,12.354496960983985,12.444526195687034,12.459953308105469,12.459953308105469
1373,42,development,5,direct,12.521981322562505,12.403287970099527,12.455076217651367,12.455076217651367
1374,42,development,5,direct,13.05301544288996,13.014821813071213,12.963692665100098,12.963692665100098
1375,42,development,5,direct,12.429220196836383,12.455380376561855,12.370194435119629,12.370194435119629
1378,42,development,5,direct,11.669937760751914,11.829980561661628,11.83727741241455,11.83727741241455
1379,42,development,5,direct,11.326607934898927,11.525256484760945,11.528743743896484,11.528743743896484
1381,42,development,5,direct,10.97679912709094,11.24643378556533,11.107714653015137,11.107714653015137
1382,42,development,5,direct,12.377927112974284,12.221686923804624,12.225544929504395,12.225544929504395
1387,42,development,5,direct,12.429220196836383,12.638576887884065,12.572225570678711,12.572225570678711
1391,42,development,5,direct,12.367345048436391,12.336329858757384,12.344701766967773,12.344701766967773
1394,42,development,5,direct,12.001511614739405,11.828218722401216,11.895748138427734,11.895748138427734
1397,42,development,5,direct,11.982935344196433,12.017221371444952,12.008194923400879,12.008194923400879
1405,42,development,5,direct,11.561725152903833,11.549154019513887,11.473977088928223,11.473977088928223
1417,42,development,5,direct,11.715874472198905,11.779724828406216,11.689615249633789,11.689615249633789
1420,42,development,5,direct,12.314931534737134,12.39828049358283,12.361154556274414,12.361154556274414
1423,42,development,5,direct,11.824087219587643,11.880817921444553,11.82882022857666,11.82882022857666
1424,42,development,5,direct,12.524420916542532,12.124015985425638,12.138251304626465,12.138251304626465
1434,42,development,5,direct,12.136191879981927,12.13406154932403,12.115653038024902,12.115653038024902
1435,42,development,5,direct,11.982935344196433,12.029662024495053,12.028040885925293,12.028040885925293
1438,42,development,5,direct,12.885673487343764,12.808221190894296,12.759856224060059,12.759856224060059
1442,42,development,5,direct,11.913719681428494,11.90050211847284,11.885465621948242,11.885465621948242
1447,42,development,5,direct,11.969723533345908,11.862468652978706,11.900362968444824,11.900362968444824
1458,42,development,5,direct,12.493133274926212,12.449596406776429,12.44129467010498,12.44129467010498
21,117,development,1,direct,12.692506186542177,12.741777133628315,12.67113971710205,12.67113971710205
27,117,development,1,direct,11.811554895830454,11.826737606463855,11.822159767150879,11.822159767150879
29,117,development,1,direct,12.242891437918386,12.212168139818328,12.201940536499023,12.201940536499023
37,117,development,1,direct,11.884495917930655,11.921214364490503,11.922066688537598,11.922066688537598
38,117,development,1,direct,11.938199736300925,11.959325490130897,11.906937599182129,11.906937599182129
42,117,development,1,direct,12.04355959836804,12.048269784505711,11.991515159606934,11.991515159606934
45,117,development,1,direct,11.856522261533737,11.890992635777474,11.85544204711914,11.85544204711914
48,117,development,1,direct,12.428019481065613,12.378733274391555,12.364903450012207,12.364903450012207
50,117,development,1,direct,11.751950239425476,11.743879057827181,11.74550724029541,11.74550724029541
55,117,development,1,direct,11.775297421715827,11.725182513357236,11.669483184814453,11.669483184814453
57,117,development,1,direct,12.058158312538197,12.207171017390907,12.282374382019043,12.282374382019043
63,117,development,1,direct,12.218500103788143,12.24327079583174,12.242749214172363,12.242749214172363
82,117,development,1,direct,11.941462360646149,12.05505026105805,12.063458442687988,12.063458442687988
87,117,development,1,direct,12.066816325306588,12.070233861664056,12.126532554626465,12.126532554626465
91,117,development,1,direct,11.60733523953139,11.51418724916653,11.535163879394531,11.535163879394531
93,117,development,1,direct,12.004574385508691,11.833562772639509,11.734996795654297,11.734996795654297
96,117,development,1,direct,12.128116509451258,12.11767158071468,12.06773567199707,12.06773567199707
104,117,development,1,direct,12.200562492481511,12.136123974959862,12.107460975646973,12.107460975646973
106,117,development,1,direct,12.429220196836383,12.42385899372476,12.46192741394043,12.46192741394043
107,117,development,1,direct,11.51293546492023,11.368036540064747,11.388187408447266,11.388187408447266
110,117,development,1,direct,12.154784614286667,12.243591213341523,12.203771591186523,12.203771591186523
113,117,development,1,direct,12.85832230788469,12.764193159206108,12.710973739624023,12.710973739624023
123,117,development,1,direct,11.820417517632333,11.839693108438064,11.842610359191895,11.842610359191895
125,117,development,1,direct,12.10625783509458,12.053725431852516,12.093510627746582,12.093510627746582
131,117,development,1,direct,12.328294703023396,12.257453786572416,12.302698135375977,12.302698135375977
134,117,development,1,direct,12.301387370778713,12.229521998542634,12.267983436584473,12.267983436584473
136,117,development,1,direct,12.066816325306588,12.066890232634991,12.08371639251709,12.08371639251709
139,117,development,1,direct,12.345838935721968,12.431069579696024,12.431962013244629,12.431962013244629
142,117,development,1,direct,12.468440756144114,12.38973421114625,12.45715618133545,12.45715618133545
144,117,development,1,direct,12.225880174775122,12.31313914105985,12.277749061584473,12.277749061584473
145,117,development,1,direct,11.736077016252437,11.812618167774684,11.80825424194336,11.80825424194336
149,117,development,1,direct,11.856522261533737,11.923357790783058,11.958234786987305,11.958234786987305
153,117,development,1,direct,12.154784614286667,12.138955691083137,12.09485912322998,12.09485912322998
154,117,development,1,direct,12.367345048436391,12.151061393574624,12.155112266540527,12.155112266540527
172,117,development,1,direct,12.278397958261774,12.11054310765836,12.155706405639648,12.155706405639648
174,117,development,1,direct,12.001511614739405,11.93873447279414,11.950590133666992,11.950590133666992
181,117,development,1,direct,12.083910661257521,12.0544970299575,12.072286605834961,12.072286605834961
190,117,development,1,direct,12.563750586299374,12.471561618278095,12.497359275817871,12.497359275817871
191,117,development,1,direct,12.660331092405906,12.553889905521727,12.486503601074219,12.486503601074219
195,117,development,1,direct,11.751950239425476,11.720120303188297,11.691377639770508,11.691377639770508
204,117,development,1,direct,11.91170829631447,11.844235505106465,11.893655776977539,11.893655776977539
206,117,development,1,direct,12.103491596905931,12.102573605084155,12.115429878234863,12.115429878234863
211,117,development,1,direct,11.49273296168228,11.451848056797276,11.39123821258545,11.39123821258545
212,117,development,1,direct,12.133507329024972,12.071199137711904,12.028702735900879,12.028702735900879
216,117,development,1,direct,11.808955099378537,11.84367625233684,11.818660736083984,11.818660736083984
217,117,development,1,direct,12.25486757159303,12.228181329799774,12.260031700134277,12.260031700134277
220,117,development,1,direct,12.027191164883384,12.042170199097846,12.05496597290039,12.05496597290039
221,117,development,1,direct,12.230282214644559,12.29634191857594,12.278349876403809,12.278349876403809
223,117,development,1,direct,12.100161978566867,12.067652467787216,12.079582214355469,12.079582214355469
229,117,development,1,direct,11.736077016252437,11.717267041545746,11.697359085083008,11.697359085083008
231,117,development,1,direct,11.904974309480181,11.847936290821352,11.831501960754395,11.831501960754395
232,117,development,1,direct,12.90669432231532,12.820944457618749,12.793747901916504,12.793747901916504
233,117,development,1,direct,11.456365695436427,11.479573869117672,11.408631324768066,11.408631324768066
234,117,development,1,direct,11.761354623750297,11.786786721474757,11.696172714233398,11.696172714233398
239,117,development,1,direct,12.669809806411457,12.455222842514932,12.463668823242188,12.463668823242188
241,117,development,1,direct,12.47801017053037,12.543195072804352,12.497542381286621,12.497542381286621
242,117,development,1,direct,11.612779849672751,11.412529037534412,11.4812593460083,11.4812593460083
249,117,development,1,direct,12.100717685412471,12.124704783668905,12.148493766784668,12.148493766784668
256,117,development,1,direct,12.345838935721968,12.306204901877873,12.328100204467773,12.328100204467773
260,117,development,1,direct,11.48247656671073,11.550710684973843,11.467377662658691,11.467377662658691
266,117,development,1,direct,12.075400019877522,12.10046924133101,12.113781929016113,12.113781929016113
273,117,development,1,direct,12.577639650232573,12.614005589336644,12.578267097473145,12.578267097473145
286,117,development,1,direct,12.011886987792716,12.007661388023706,11.989614486694336,11.989614486694336
288,117,development,1,direct,11.385103457032141,11.51948828250999,11.544158935546875,11.544158935546875
290,117,development,1,direct,11.941950837487406,11.840137924424548,11.776495933532715,11.776495933532715
304,117,development,1,direct,11.917730355182513,11.744731784751576,11.750271797180176,11.750271797180176
306,117,development,1,direct,12.631016799175821,12.608931274124572,12.67044448852539,12.67044448852539
307,117,development,1,direct,12.323860125621126,12.321768010115385,12.33973217010498,12.33973217010498
313,117,development,1,direct,11.694421681264394,11.780500067671518,11.749082565307617,11.749082565307617
324,117,development,1,direct,11.745433036677353,11.658827870071446,11.688048362731934,11.688048362731934
329,117,development,1,direct,12.276069679344003,12.058994891318356,12.0977783203125,12.0977783203125
336,117,development,1,direct,12.34126328584159,12.221129585036747,12.258910179138184,12.258910179138184
342,117,development,1,direct,11.314486721293981,11.21682036453789,11.397014617919922,11.397014617919922
344,117,development,1,direct,12.491255347155265,12.542904155304077,12.490607261657715,12.490607261657715
346,117,development,1,direct,11.850832386224807,11.820967796755271,11.814765930175781,11.814765930175781
350,117,development,1,direct,12.988043102265232,13.083831644733884,13.044167518615723,13.044167518615723
373,117,development,1,direct,11.736077016252437,11.633279022175977,11.702676773071289,11.702676773071289
374,117,development,1,direct,11.719947764402807,11.693658200081469,11.72262954711914,11.72262954711914
379,117,development,1,direct,12.885204569609956,12.853990579673933,12.859810829162598,12.859810829162598
381,117,development,1,direct,11.751950239425476,11.962077631589015,11.916807174682617,11.916807174682617
389,117,development,1,direct,12.160033942617156,12.191601050423992,12.193015098571777,12.193015098571777
398,117,development,1,direct,12.040614105490253,11.933549253727218,11.913036346435547,11.913036346435547
400,117,development,1,direct,12.392556361841777,12.267348281443349,12.245944023132324,12.245944023132324
402,117,development,1,direct,12.013646205940514,12.11378377367443,12.13743782043457,12.13743782043457
405,117,development,1,direct,12.031725210748633,12.054950029525124,12.065627098083496,12.065627098083496
413,117,development,1,direct,12.310437165348775,12.414991885776141,12.389745712280273,12.389745712280273
414,117,development,1,direct,11.652696102959753,11.59450202516156,11.607269287109375,11.607269287109375
417,117,development,1,direct,11.915058360753719,11.945676028991837,11.926946640014648,11.926946640014648
422,117,development,1,direct,12.278397958261774,12.304322295853025,12.284167289733887,12.284167289733887
424,117,development,1,direct,12.660331092405906,12.725539447496347,12.69506549835205,12.69506549835205
425,117,development,1,direct,11.842236406331555,11.877034872995614,11.870723724365234,11.870723724365234
442,117,development,1,direct,11.678448377988165,11.693611275923477,11.673040390014648,11.673040390014648
456,117,development,1,direct,12.075400019877522,11.998921689228828,12.022546768188477,12.022546768188477
457,117,development,1,direct,11.49273296168228,11.283716195752408,11.178466796875,11.178466796875
462,117,development,1,direct,11.951186847493476,11.915793429082802,11.87566089630127,11.87566089630127
464,117,development,1,direct,12.147919030759663,12.134709874900723,12.125312805175781,12.125312805175781
465,117,development,1,direct,11.728044909070785,11.631655186706894,11.712284088134766,11.712284088134766
468,117,development,1,direct,11.89478753335453,11.961459003917307,11.944314002990723,11.944314002990723
470,117,development,1,direct,12.138869243416009,12.127954707219185,12.130301475524902,12.130301475524902
476,117,development,1,direct,11.794345471549745,11.833306346434028,11.835165023803711,11.835165023803711
478,117,development,1,direct,12.847929163278053,12.923531018228477,12.944877624511719,12.944877624511719
479,117,development,1,direct,12.601490784782536,12.620572916251138,12.59581470489502,12.59581470489502
481,117,development,1,direct,12.694655727828803,12.76817936437285,12.823033332824707,12.823033332824707
485,117,development,1,direct,11.794345471549745,11.780812679561892,11.817378044128418,11.817378044128418
504,117,development,1,direct,12.574185427296195,12.374679458082689,12.562865257263184,12.562865257263184
505,117,development,1,direct,11.898194668458823,11.863366658660167,11.826570510864258,11.826570510864258
508,117,development,1,direct,12.246739428005663,12.070101694917428,12.12075138092041,12.12075138092041
509,117,development,1,direct,11.989165855127435,11.903853286465125,11.920538902282715,11.920538902282715
512,117,development,1,direct,12.2193145828011,12.140410910536502,12.148599624633789,12.148599624633789
515,117,development,1,direct,11.477308649967686,11.405091901104065,11.468751907348633,11.468751907348633
529,117,development,1,direct,11.362114203075018,11.357956796024872,11.319655418395996,11.319655418395996
530,117,development,1,direct,12.209192772866418,12.360641101411996,12.39902114868164,12.39902114868164
533,117,development,1,direct,11.58525542883217,11.526862911819796,11.524162292480469,11.524162292480469
540,117,development,1,direct,12.513561021741964,12.434546558090009,12.463532447814941,12.463532447814941
552,117,development,1,direct,11.630717389475995,11.625030593475115,11.630949020385742,11.630949020385742
557,117,development,1,direct,11.856522261533737,11.902769661282994,11.891949653625488,11.891949653625488
558,117,development,1,direct,11.58989576532275,11.572077070542328,11.489521026611328,11.489521026611328
563,117,development,1,direct,11.58989576532275,11.67529255789515,11.66361141204834,11.66361141204834
565,117,development,1,direct,12.498745990829315,12.447849277601364,12.429025650024414,12.429025650024414
569,117,development,1,direct,12.665397584983758,12.591833907886684,12.577047348022461,12.577047348022461
570,117,development,1,direct,11.820123358887447,11.876204864100897,11.872632026672363,11.872632026672363
575,117,development,1,direct,11.842236406331555,11.703006345963745,11.704139709472656,11.704139709472656
576,117,development,1,direct,11.682676678340282,11.632476536382745,11.667061805725098,11.667061805725098
582,117,development,1,direct,12.442306148381938,12.843614349370917,12.777164459228516,12.777164459228516
583,117,development,1,direct,11.682676678340282,11.65511780403356,11.722722053527832,11.722722053527832
587,117,development,1,direct,11.775297421715827,11.658521629329796,11.605178833007812,11.605178833007812
592,117,development,1,direct,13.02132904585825,12.965290487194425,12.91416072845459,12.91416072845459
598,117,development,1,direct,12.176654133447505,12.135648043778875,12.124317169189453,12.124317169189453
601,117,development,1,direct,12.524530013005734,12.47131703932876,12.484249114990234,12.484249114990234
603,117,development,1,direct,12.301387370778713,12.299839767527352,12.355576515197754,12.355576515197754
613,117,development,1,direct,12.474193386571581,12.467493401567188,12.462821960449219,12.462821960449219
633,117,development,1,direct,11.320565693461432,12.035235501553139,12.077016830444336,12.077016830444336
636,117,development,1,direct,12.206077645517674,12.07314408724359,12.072074890136719,12.072074890136719
639,117,development,1,direct,11.350418300109132,11.385756847878085,11.446170806884766,11.446170806884766
641,117,development,1,direct,12.520887034998584,12.527007491884403,12.536402702331543,12.536402702331543
642,117,development,1,direct,12.328294703023396,12.406595886147777,12.343711853027344,12.343711853027344
644,117,development,1,direct,11.931642378754141,11.931371742258117,11.898150444030762,11.898150444030762
646,117,development,1,direct,11.872353615355413,11.83292620685844,11.833462715148926,11.833462715148926
651,117,development,1,direct,12.235393555399902,12.227828720220712,12.220836639404297,12.220836639404297
665,117,development,1,direct,12.955129822091815,12.736613440446723,12.633929252624512,12.633929252624512
669,117,development,1,direct,12.031725210748633,11.99386991870918,12.008804321289062,12.008804321289062
674,117,development,1,direct,12.458778882573533,12.393624608461728,12.497136116027832,12.497136116027832
688,117,development,1,direct,11.910365121788654,11.935231021032948,12.000527381896973,12.000527381896973
696,117,development,1,direct,12.07824495582233,12.061330343459078,12.0741548538208,12.0741548538208
699,117,development,1,direct,11.83863282480007,11.797620772711722,11.828317642211914,11.828317642211914
703,117,development,1,direct,12.799178471909892,12.796370653271005,12.687657356262207,12.687657356262207
712,117,development,1,direct,11.54031687156214,11.476682410827319,11.33976936340332,11.33976936340332
722,117,development,1,direct,11.870606902224587,11.877872226527508,11.876165390014648,11.876165390014648
723,117,development,1,direct,11.732069026983156,11.661840651975586,11.714646339416504,11.714646339416504
725,117,development,1,direct,12.676079399771027,12.674050682005364,12.632018089294434,12.632018089294434
731,117,development,1,direct,12.373707715234994,12.442965523664144,12.43479061126709,12.43479061126709
733,117,development,1,direct,12.312686874960354,12.376538630889463,12.343408584594727,12.343408584594727
740,117,development,1,direct,12.154784614286667,12.187572024192024,12.182513236999512,12.182513236999512
746,117,development,1,direct,12.61087420020211,12.720377133755296,12.70703125,12.70703125
748,117,development,1,direct,12.491176396967154,12.413904696858317,12.435604095458984,12.435604095458984
756,117,development,1,direct,12.058158312538197,12.022427060431953,11.987823486328125,11.987823486328125
765,117,development,1,direct,12.506180941677357,12.442121200419923,12.443947792053223,12.443947792053223
773,117,development,1,direct,11.580593459194764,11.839173162812497,11.867890357971191,11.867890357971191
778,117,development,1,direct,11.86710429621008,11.816748861366072,11.832071304321289,11.832071304321289
781,117,development,1,direct,12.07824495582233,12.039625379156426,12.070648193359375,12.070648193359375
783,117,development,1,direct,12.139403856983334,12.154170661948298,12.131159782409668,12.131159782409668
788,117,development,1,direct,12.358798024384122,12.349543306963854,12.358224868774414,12.358224868774414
790,117,development,1,direct,12.141539457711714,12.208384429819743,12.280462265014648,12.280462265014648
799,117,development,1,direct,13.091906231773164,13.160354821857302,13.163019180297852,13.163019180297852
801,117,development,1,direct,12.206077645517674,12.207396290187713,12.21561050415039,12.21561050415039
803,117,development,1,direct,12.149507585033072,12.137585416794295,12.159634590148926,12.159634590148926
813,117,development,1,direct,10.932999821119937,11.472049845599036,11.324548721313477,11.324548721313477
817,117,development,1,direct,11.827743504053695,11.836216327985694,11.813970565795898,11.813970565795898
818,117,development,1,direct,12.509877789891931,12.580236733675731,12.604790687561035,12.604790687561035
819,117,development,1,direct,11.951186847493476,11.899619629102661,11.907672882080078,11.907672882080078
827,117,development,1,direct,11.603688960617083,11.46740326434766,11.508612632751465,11.508612632751465
828,117,development,1,direct,12.149507585033072,12.17867086610312,12.154221534729004,12.154221534729004
832,117,development,1,direct,11.92504173829169,11.93251293608464,11.941483497619629,11.941483497619629
833,117,development,1,direct,12.37581963951765,12.315463587942174,12.349892616271973,12.349892616271973
838,117,development,1,direct,11.51293546492023,11.461465397264233,11.483640670776367,11.483640670776367
843,117,development,1,direct,12.071975378543236,11.96085029305326,11.970556259155273,11.970556259155273
851,117,development,1,direct,11.78676973513378,11.855703392727321,11.855539321899414,11.855539321899414
852,117,development,1,direct,12.278397958261774,12.130786585488556,12.261313438415527,12.261313438415527
865,117,development,1,direct,12.43153750053306,12.184106733295716,12.201355934143066,12.201355934143066
868,117,development,1,direct,11.767575435251748,11.842222082031295,11.767600059509277,11.767600059509277
874,117,development,1,direct,11.798111925972618,11.775357357757658,11.736689567565918,11.736689567565918
888,117,development,1,direct,11.816734299348461,11.806137200290708,11.809155464172363,11.809155464172363
912,117,development,1,direct,11.874097282798648,11.936416743384965,11.905219078063965,11.905219078063965
913,117,development,1,direct,11.385103457032141,11.452703832108234,11.439440727233887,11.439440727233887
918,117,development,1,direct,11.813037464800539,11.801175471535263,11.76237678527832,11.76237678527832
920,117,development,1,direct,12.081081821061819,12.048260440416273,12.082240104675293,12.082240104675293
921,117,development,1,direct,12.211065162153215,12.224641094017677,12.184842109680176,12.184842109680176
923,117,development,1,direct,12.043500773454495,12.054212410495289,12.019865989685059,12.019865989685059
933,117,development,1,direct,12.676079399771027,12.594140067936658,12.567771911621094,12.567771911621094
939,117,development,1,direct,12.387560521575551,12.39361631148455,12.412949562072754,12.412949562072754
940,117,development,1,direct,12.406565597924235,12.328141299508166,12.435028076171875,12.435028076171875
946,117,development,1,direct,11.735276702486741,11.8485091625325,11.938943862915039,11.938943862915039
951,117,development,1,direct,11.767575435251748,11.843110729318497,11.845239639282227,11.845239639282227
957,117,development,1,direct,11.728044909070785,11.708147607405714,11.76436996459961,11.76436996459961
960,117,development,1,direct,11.951186847493476,12.07898471809475,12.059074401855469,12.059074401855469
970,117,development,1,direct,11.849404844423074,11.695723004456854,11.793298721313477,11.793298721313477
977,117,development,1,direct,11.356283350762888,11.285463162715558,11.272638320922852,11.272638320922852
987,117,development,1,direct,11.669937760751914,11.73262950423802,11.642921447753906,11.642921447753906
991,117,development,1,direct,12.759960632315702,12.675755237788762,12.612415313720703,12.612415313720703
1001,117,development,1,direct,11.314486721293981,11.227555708876551,11.114066123962402,11.114066123962402
1007,117,development,1,direct,12.004574385508691,12.009099402920002,11.93472957611084,11.93472957611084
1022,117,development,1,direct,12.175618592671356,12.228979271254943,12.238450050354004,12.238450050354004
1028,117,development,1,direct,12.588194064175278,12.714457208639587,12.600608825683594,12.600608825683594
1030,117,development,1,direct,11.678448377988165,11.673066113528575,11.680964469909668,11.680964469909668
1037,117,development,1,direct,12.66191713053049,12.774915220347633,12.694089889526367,12.694089889526367
1052,117,development,1,direct,12.206782393599413,12.147474175645927,12.176530838012695,12.176530838012695
1059,117,development,1,direct,12.721888795877375,12.809831873924319,12.765759468078613,12.765759468078613
1067,117,development,1,direct,12.08954444723597,12.068383999460362,12.076618194580078,12.076618194580078
1068,117,development,1,direct,12.031129798974042,12.08427913260952,12.08642864227295,12.08642864227295
1070,117,development,1,direct,11.813037464800539,11.765419219858881,11.744534492492676,11.744534492492676
1072,117,development,1,direct,11.944714374881176,11.952128070088595,11.957806587219238,11.957806587219238
1077,117,development,1,direct,12.04355959836804,11.945613702585653,11.942818641662598,11.942818641662598
1082,117,development,1,direct,11.798111925972618,11.784592720322676,11.808149337768555,11.808149337768555
1086,117,development,1,direct,11.898194668458823,11.97939406495278,12.005498886108398,12.005498886108398
1090,117,development,1,direct,12.190964083849375,12.23748746381957,12.257006645202637,12.257006645202637
1092,117,development,1,direct,11.982935344196433,11.962931841792365,11.992301940917969,11.992301940917969
1094,117,development,1,direct,11.891368749982085,11.979853075527418,12.010597229003906,12.010597229003906
1097,117,development,1,direct,11.751950239425476,11.639175027510825,11.683697700500488,11.683697700500488
1102,117,development,1,direct,11.691080018519527,11.666296971539522,11.662640571594238,11.662640571594238
1111,117,development,1,direct,12.144202560946876,12.108996227076638,12.124286651611328,12.124286651611328
1118,117,development,1,direct,11.775297421715827,11.833265302811734,11.73549747467041,11.73549747467041
1124,117,development,1,direct,11.678448377988165,11.48087690407523,11.523700714111328,11.523700714111328
1132,117,development,1,direct,11.44572741040675,11.547180326021104,11.612699508666992,11.612699508666992
1134,117,development,1,direct,12.386312871189734,12.39502813445011,12.410019874572754,12.410019874572754
1136,117,development,1,direct,11.532737896139919,11.56459578708033,11.60108757019043,11.60108757019043
1142,117,development,1,direct,12.193498926601634,12.159317429325888,12.09523868560791,12.09523868560791
1145,117,development,1,direct,11.289794413577894,11.34157692233879,11.4210844039917,11.4210844039917
1149,117,development,1,direct,11.669082701743504,11.603733876766976,11.62317180633545,11.62317180633545
1159,117,development,1,direct,12.367889578686164,12.357843584382383,12.348869323730469,12.348869323730469
1163,117,development,1,direct,11.767575435251748,11.746660184255932,11.73068618774414,11.73068618774414
1171,117,development,1,direct,12.049424683420915,11.9668855936819,11.914077758789062,11.914077758789062
1177,117,development,1,direct,11.691080018519527,11.791265470703442,11.751984596252441,11.751984596252441
1179,117,development,1,direct,11.950541482162043,11.780992400218564,11.784994125366211,11.784994125366211
1181,117,development,1,direct,12.429220196836383,12.345032371273785,12.475379943847656,12.475379943847656
1190,117,development,1,direct,12.149507585033072,12.171649245792416,12.227862358093262,12.227862358093262
1191,117,development,1,direct,12.031725210748633,12.089868186035737,12.07923412322998,12.07923412322998
1198,117,development,1,direct,11.87757552297847,11.961839837299465,11.948760032653809,11.948760032653809
1199,117,development,1,direct,12.08954444723597,12.041000896288466,12.062631607055664,12.062631607055664
1208,117,development,1,direct,12.206077645517674,12.3114263403183,12.25167179107666,12.25167179107666
1212,117,development,1,direct,12.00762780434872,12.235883341260756,12.22719669342041,12.22719669342041
1222,117,development,1,direct,11.80560254159177,11.709747991796776,11.674707412719727,11.674707412719727
1224,117,development,1,direct,11.834291315386718,11.845720608031044,11.785589218139648,11.785589218139648
1225,117,development,1,direct,12.122696471358964,12.185832602311194,12.165664672851562,12.165664672851562
1233,117,development,1,direct,11.530775206233024,11.51195336187832,11.524144172668457,11.524144172668457
1234,117,development,1,direct,11.863589378812122,11.820127056457265,11.793611526489258,11.793611526489258
1242,117,development,1,direct,12.42250975887691,12.413857913202945,12.341591835021973,12.341591835021973
1243,117,development,1,direct,12.04355959836804,12.008044036276706,12.060559272766113,12.060559272766113
1247,117,development,1,direct,12.136191879981927,12.159652109362755,12.169492721557617,12.169492721557617
1253,117,development,1,direct,11.775297421715827,11.682073046342847,11.620691299438477,11.620691299438477
1254,117,development,1,direct,12.591338447675579,12.57284825819039,12.530770301818848,12.530770301818848
1265,117,development,1,direct,12.10625783509458,12.029397909578742,12.03227424621582,12.03227424621582
1269,117,development,1,direct,12.850557278777309,12.706440623009062,12.847016334533691,12.847016334533691
1271,117,development,1,direct,12.468440756144114,12.349404524191955,12.324612617492676,12.324612617492676
1273,117,development,1,direct,11.827743504053695,11.806101507954734,11.792798042297363,11.792798042297363
1278,117,development,1,direct,12.19552218463499,12.171969925035125,12.17055606842041,12.17055606842041
1289,117,development,1,direct,12.535379989788607,12.479009207747563,12.445218086242676,12.445218086242676
1292,117,development,1,direct,11.691080018519527,11.638005029683534,11.644518852233887,11.644518852233887
1296,117,development,1,direct,11.83863282480007,11.82937137045492,11.825175285339355,11.825175285339355
1300,117,development,1,direct,11.944714374881176,11.96354395555871,12.017573356628418,12.017573356628418
1304,117,development,1,direct,12.354496960983985,12.299852084285092,12.284833908081055,12.284833908081055
1306,117,development,1,direct,12.691583538230217,12.661151331676999,12.720852851867676,12.720852851867676
1313,117,development,1,direct,12.618185607609803,12.532406694218635,12.610116958618164,12.610116958618164
1316,117,development,1,direct,12.239995696974733,12.12807036292561,12.0737943649292,12.0737943649292
1318,117,development,1,direct,12.249615734512616,12.164963915710517,12.0958251953125,12.0958251953125
1322,117,development,1,direct,11.19135563385109,11.221110008378387,11.284667015075684,11.284667015075684
1323,117,development,1,direct,12.154784614286667,12.313434089543692,12.270833969116211,12.270833969116211
1338,117,development,1,direct,10.868587496017359,11.030309634539096,11.043925285339355,11.043925285339355
1340,117,development,1,direct,11.763691965388299,11.743092488657023,11.739608764648438,11.739608764648438
1342,117,development,1,direct,11.951186847493476,11.936468983227698,11.998143196105957,11.998143196105957
1347,117,development,1,direct,12.47801017053037,12.409260202332137,12.486872673034668,12.486872673034668
1348,117,development,1,direct,12.554840409959793,12.60593812070984,12.512226104736328,12.512226104736328
1356,117,development,1,direct,12.04355959836804,12.142710229513082,12.186851501464844,12.186851501464844
1360,117,development,1,direct,12.660331092405906,12.846607567787556,12.816235542297363,12.816235542297363
1362,117,development,1,direct,12.468440756144114,12.453850647379971,12.468265533447266,12.468265533447266
1364,117,development,1,direct,11.963574241653713,12.038236076574014,12.03734016418457,12.03734016418457
1373,117,development,1,direct,12.521981322562505,12.403287970099527,12.46534538269043,12.46534538269043
1380,117,development,1,direct,12.02874460037869,11.987509082050265,11.865763664245605,11.865763664245605
1382,117,development,1,direct,12.377927112974284,12.221686923804624,12.21879768371582,12.21879768371582
1392,117,development,1,direct,11.728044909070785,11.717707517809258,11.654012680053711,11.654012680053711
1399,117,development,1,direct,11.835016210489899,11.831556361969472,11.795016288757324,11.795016288757324
1400,117,development,1,direct,11.831022768939789,11.967688912923673,12.020483016967773,12.020483016967773
1401,117,development,1,direct,11.695255355062795,11.660415634196108,11.668338775634766,11.668338775634766
1403,117,development,1,direct,12.174994689959313,12.14170381127865,12.205322265625,12.205322265625
1409,117,development,1,direct,11.74006900564972,11.540746192828493,11.618022918701172,11.618022918701172
1412,117,development,1,direct,11.849404844423074,11.897571876972162,11.881710052490234,11.881710052490234
1414,117,development,1,direct,12.456835254920371,12.499155765123168,12.46273422241211,12.46273422241211
1416,117,development,1,direct,12.077676615757813,12.308280845216398,12.309927940368652,12.309927940368652
1418,117,development,1,direct,12.73670383776449,12.738610535915852,12.661105155944824,12.661105155944824
1448,117,development,1,direct,12.388398368982115,12.47604567224172,12.499567031860352,12.499567031860352
1449,117,development,1,direct,11.626263078808801,11.636668026851947,11.591772079467773,11.591772079467773
1454,117,development,1,direct,11.344518647594766,11.798042517180338,11.792967796325684,11.792967796325684
1456,117,development,1,direct,12.07254696717504,12.09232874366646,12.073417663574219,12.073417663574219
1,117,development,2,direct,12.24769911637256,12.172961036658052,12.236865997314453,12.236865997314453
2,117,development,2,direct,12.109016442313738,12.068940104926428,12.054612159729004,12.054612159729004
12,117,development,2,direct,12.75130259456002,12.877284558707563,12.900583267211914,12.900583267211914
20,117,development,2,direct,11.842236406331555,11.667270933574905,11.602945327758789,11.602945327758789
26,117,development,2,direct,12.454107814022272,12.46086938604504,12.404507637023926,12.404507637023926
35,117,development,2,direct,12.533579815765737,12.591821471813379,12.559889793395996,12.559889793395996
39,117,development,2,direct,11.599112335481124,11.7454713710768,11.75464916229248,11.75464916229248
43,117,development,2,direct,11.87757552297847,11.901114858498987,11.82203197479248,11.82203197479248
46,117,development,2,direct,12.675766851909591,12.578086415653539,12.629006385803223,12.629006385803223
51,117,development,2,direct,12.083910661257521,12.094716874428912,12.125225067138672,12.125225067138672
54,117,development,2,direct,12.861001210669146,12.776856683162501,12.791153907775879,12.791153907775879
56,117,development,2,direct,12.103491596905931,12.016545520839834,12.01639461517334,12.01639461517334
58,117,development,2,direct,12.188422799337028,12.186180275377652,12.166797637939453,12.166797637939453
62,117,development,2,direct,11.522885696764481,11.444557087083096,11.477764129638672,11.477764129638672
73,117,development,2,direct,12.128116509451258,12.166255821746562,12.17309856414795,12.17309856414795
75,117,development,2,direct,11.58432477200052,11.611354715760854,11.450613021850586,11.450613021850586
76,117,development,2,direct,11.418625774449598,11.422789697484138,11.39507007598877,11.39507007598877
95,117,development,2,direct,12.229549885708273,12.232960231975362,12.232461929321289,12.232461929321289
100,117,development,2,direct,11.767187766223199,11.70605810691796,11.769946098327637,11.769946098327637
103,117,development,2,direct,11.68658461118553,11.665127322582393,11.669146537780762,11.669146537780762
108,117,development,2,direct,11.652696102959753,11.522710842455277,11.454642295837402,11.454642295837402
117,117,development,2,direct,11.842236406331555,11.75151074194781,11.778471946716309,11.778471946716309
118,117,development,2,direct,11.951186847493476,11.92267174461948,11.904516220092773,11.904516220092773
119,117,development,2,direct,12.676079399771027,12.73449273820725,12.92355728149414,12.92355728149414
120,117,development,2,direct,12.0075668272517,12.05225216228473,12.052346229553223,12.052346229553223
122,117,development,2,direct,11.51293546492023,11.493787261261845,11.509283065795898,11.509283065795898
132,117,development,2,direct,12.404927602627597,12.315316409068817,12.31489372253418,12.31489372253418
137,117,development,2,direct,11.870606902224587,11.87390756822505,11.842823028564453,11.842823028564453
146,117,development,2,direct,11.775297421715827,11.8090664140512,11.809409141540527,11.809409141540527
147,117,development,2,direct,11.561725152903833,11.535175146903267,11.542510032653809,11.542510032653809
148,117,development,2,direct,12.312686874960354,12.31870311656057,12.27135944366455,12.27135944366455
155,117,development,2,direct,11.736077016252437,11.543280426420212,11.669774055480957,11.669774055480957
157,117,development,2,direct,11.603688960617083,11.625325182043998,11.599442481994629,11.599442481994629
161,117,development,2,direct,11.998439434579149,11.960411673996427,11.984087944030762,11.984087944030762
163,117,development,2,direct,12.301387370778713,12.367480216109318,12.375293731689453,12.375293731689453
168,117,development,2,direct,12.693501691489768,12.812688638248689,12.721083641052246,12.721083641052246
170,117,development,2,direct,12.337105293891872,12.385845514019815,12.397095680236816,12.397095680236816
171,117,development,2,direct,11.763691965388299,11.69675480193152,11.704374313354492,11.704374313354492
175,117,development,2,direct,12.122696471358964,12.191805980796438,12.065069198608398,12.065069198608398
177,117,development,2,direct,12.259618151783465,12.272288506401818,12.204264640808105,12.204264640808105
179,117,development,2,direct,13.126032637428713,12.94486797157908,12.945245742797852,12.945245742797852
180,117,development,2,direct,11.51293546492023,11.651606191185044,11.664347648620605,11.664347648620605
188,117,development,2,direct,11.813037464800539,11.805484146850986,11.75718879699707,11.75718879699707
192,117,development,2,direct,12.122696471358964,12.028377618930357,12.123359680175781,12.123359680175781
196,117,development,2,direct,11.908346971208951,11.893260289285143,11.920759201049805,11.920759201049805
199,117,development,2,direct,11.552155793461898,11.626644000576494,11.708319664001465,11.708319664001465
201,117,development,2,direct,11.849404844423074,11.873029239780879,11.783832550048828,11.783832550048828
202,117,development,2,direct,12.052344376474922,12.017442659119338,12.043770790100098,12.043770790100098
209,117,development,2,direct,12.531776395271262,12.429141203779613,12.41970157623291,12.41970157623291
210,117,development,2,direct,11.884495917930655,11.89426638429517,11.93286418914795,11.93286418914795
215,117,development,2,direct,11.993813394724253,11.895336946113414,11.925649642944336,11.925649642944336
237,117,development,2,direct,12.130815551850676,12.130738867727239,12.138412475585938,12.138412475585938
238,117,development,2,direct,12.178192583415596,12.299799766442543,12.291336059570312,12.291336059570312
240,117,development,2,direct,11.635151947212842,11.741795152526517,11.841198921203613,11.841198921203613
245,117,development,2,direct,12.230770136157428,12.362752641299947,12.394259452819824,12.394259452819824
248,117,development,2,direct,11.849404844423074,11.856096609167048,11.924408912658691,11.924408912658691
251,117,development,2,direct,11.245059091624615,11.40901724215379,11.385622024536133,11.385622024536133
253,117,development,2,direct,12.06105265381003,12.06940877181583,12.09225082397461,12.09225082397461
254,117,development,2,direct,11.970356641102999,11.96257867117926,12.032768249511719,12.032768249511719
255,117,development,2,direct,11.884495917930655,11.86030643246813,11.881698608398438,11.881698608398438
259,117,development,2,direct,12.352339472153524,12.279509086290142,12.311714172363281,12.311714172363281
285,117,development,2,direct,12.09626335986454,12.172941160506232,12.174381256103516,12.174381256103516
287,117,development,2,direct,11.976665770490767,12.140009757373727,12.095446586608887,12.095446586608887
294,117,development,2,direct,12.367345048436391,12.353866230477797,12.3943452835083,12.3943452835083
300,117,development,2,direct,11.973516181427835,11.864464222468337,11.958016395568848,11.958016395568848
310,117,development,2,direct,12.793862088206213,12.832934111971651,12.78980827331543,12.78980827331543
311,117,development,2,direct,12.017336559562407,12.07240888452256,12.12512493133545,12.12512493133545
326,117,development,2,direct,11.373674891823535,11.364629339831305,11.255163192749023,11.255163192749023
327,117,development,2,direct,12.688501881189456,12.51451952818596,12.632918357849121,12.632918357849121
334,117,development,2,direct,12.240478903153711,12.141524382821784,12.096677780151367,12.096677780151367
339,117,development,2,direct,12.218500103788143,12.228632785940365,12.291796684265137,12.291796684265137
345,117,development,2,direct,11.350418300109132,11.422660841310691,11.49775218963623,11.49775218963623
349,117,development,2,direct,11.944714374881176,12.151901749507347,12.125580787658691,12.125580787658691
351,117,development,2,direct,12.670001611311875,12.621568171549605,12.655740737915039,12.655740737915039
352,117,development,2,direct,12.154784614286667,12.234212121526209,12.205038070678711,12.205038070678711
355,117,development,2,direct,11.849404844423074,11.979566139775866,11.99959945678711,11.99959945678711
365,117,development,2,direct,12.154784614286667,12.121124694485195,12.176889419555664,12.176889419555664
366,117,development,2,direct,11.898194668458823,11.705781131071433,11.672557830810547,11.672557830810547
370,117,development,2,direct,11.995357787034976,12.008219061530035,12.020045280456543,12.020045280456543
401,117,development,2,direct,12.411056299528171,12.33042644952887,12.318950653076172,12.318950653076172
409,117,development,2,direct,12.54254845357358,12.533754689228111,12.470666885375977,12.470666885375977
420,117,development,2,direct,11.863589378812122,11.783441615783056,11.831270217895508,11.831270217895508
421,117,development,2,direct,12.237091546357338,12.151892899355023,12.158048629760742,12.158048629760742
428,117,development,2,direct,11.599185726610004,11.621246563461249,11.692683219909668,11.692683219909668
431,117,development,2,direct,11.355113089309977,11.47615543506458,11.48200798034668,11.48200798034668
435,117,development,2,direct,11.302216779257382,11.328781806042395,11.357237815856934,11.357237815856934
437,117,development,2,direct,11.661354090741,11.542773720433816,11.513823509216309,11.513823509216309
438,117,development,2,direct,11.686887175419702,11.645107306715731,11.72144603729248,11.72144603729248
439,117,development,2,direct,11.411457364027745,11.587349394073021,11.373779296875,11.373779296875
441,117,development,2,direct,13.22672519452875,13.091341023095042,13.03328800201416,13.03328800201416
443,117,development,2,direct,12.000897933306716,11.926760690958876,11.945178031921387,11.945178031921387
444,117,development,2,direct,12.058158312538197,12.137083981226471,12.121491432189941,12.121491432189941
446,117,development,2,direct,11.755879486687116,11.928740771607883,11.949461936950684,11.949461936950684
449,117,development,2,direct,11.691080018519527,11.755029085683528,11.743258476257324,11.743258476257324
452,117,development,2,direct,12.54254845357358,12.314510590147039,12.294251441955566,12.294251441955566
453,117,development,2,direct,12.225880174775122,12.246263478264273,12.197545051574707,12.197545051574707
458,117,development,2,direct,12.45293662970407,12.35716708610231,12.158072471618652,12.158072471618652
469,117,development,2,direct,12.429220196836383,12.418015739102865,12.443254470825195,12.443254470825195
477,117,development,2,direct,12.249615734512616,12.29018368345406,12.215362548828125,12.215362548828125
489,117,development,2,direct,11.982935344196433,11.754429710708845,11.74260139465332,11.74260139465332
490,117,development,2,direct,11.362114203075018,11.511482747939056,11.475587844848633,11.475587844848633
491,117,development,2,direct,11.652696102959753,11.611156519888892,11.61949348449707,11.61949348449707
492,117,development,2,direct,11.798111925972618,11.888585298645905,11.958612442016602,11.958612442016602
493,117,development,2,direct,12.059809113551397,12.04952667708277,12.059329986572266,12.059329986572266
495,117,development,2,direct,11.421917019425596,11.51319983066612,11.440800666809082,11.440800666809082
501,117,development,2,direct,11.635151947212842,11.626814363275956,11.641861915588379,11.641861915588379
507,117,development,2,direct,12.278397958261774,12.282262889726212,12.316078186035156,12.316078186035156
521,117,development,2,direct,11.573559498507079,11.382748569044852,11.362103462219238,11.362103462219238
534,117,development,2,direct,10.579005242826247,10.979683998060189,11.084126472473145,11.084126472473145
545,117,development,2,direct,12.098854850641,12.18256211174152,12.193137168884277,12.193137168884277
546,117,development,2,direct,12.34148164933907,12.347965223102747,12.411898612976074,12.411898612976074
551,117,development,2,direct,11.849404844423074,11.721199218248302,11.827903747558594,11.827903747558594
553,117,development,2,direct,12.450981602512561,12.497895715036512,12.467681884765625,12.467681884765625
554,117,development,2,direct,11.58989576532275,11.661331299444903,11.651166915893555,11.651166915893555
562,117,development,2,direct,12.04355959836804,12.045024820138595,12.000994682312012,12.000994682312012
572,117,development,2,direct,11.695255355062795,11.709648784521095,11.737839698791504,11.737839698791504
589,117,development,2,direct,11.870606902224587,12.345887460637055,12.246882438659668,12.246882438659668
591,117,development,2,direct,12.132969552931216,12.156823826821753,12.167389869689941,12.167389869689941
602,117,development,2,direct,11.856522261533737,11.769399552888324,11.75650405883789,11.75650405883789
607,117,development,2,direct,11.931642378754141,11.986818784014151,11.89480209350586,11.89480209350586
609,117,development,2,direct,12.791358964949923,12.532027599145726,12.79906940460205,12.79906940460205
610,117,development,2,direct,11.682676678340282,11.655591680264507,11.704682350158691,11.704682350158691
615,117,development,2,direct,11.231901180182515,11.264378376221726,11.295222282409668,11.295222282409668
619,117,development,2,direct,12.659737267217572,12.657676479423948,12.644403457641602,12.644403457641602
620,117,development,2,direct,12.628070334272698,12.71250961359003,12.652629852294922,12.652629852294922
627,117,development,2,direct,11.848690308590857,11.741014171498867,11.70279312133789,11.70279312133789
629,117,development,2,direct,11.813037464800539,12.126779348538273,12.087447166442871,12.087447166442871
634,117,development,2,direct,11.845109950883979,11.838674350439614,11.902817726135254,11.902817726135254
635,117,development,2,direct,11.87757552297847,11.816183062529396,11.874040603637695,11.874040603637695
643,117,development,2,direct,12.75130259456002,12.728163651879632,12.866568565368652,12.866568565368652
649,117,development,2,direct,11.951186847493476,11.963310206678884,11.96957778930664,11.96957778930664
650,117,development,2,direct,11.344518647594766,11.215159932234513,11.281304359436035,11.281304359436035
660,117,development,2,direct,12.025755079404917,11.985932736144632,11.966734886169434,11.966734886169434
666,117,development,2,direct,12.348010479804223,12.385166462661967,12.441651344299316,12.441651344299316
668,117,development,2,direct,12.173037959397275,12.254155878671263,12.247638702392578,12.247638702392578
670,117,development,2,direct,11.83138646878959,11.663146620983062,11.693633079528809,11.693633079528809
671,117,development,2,direct,12.063938642041201,12.068321987228328,12.091800689697266,12.091800689697266
672,117,development,2,direct,11.548302261270587,11.582648390107957,11.708003997802734,11.708003997802734
675,117,development,2,direct,11.849404844423074,11.897662129912028,11.894268989562988,11.894268989562988
678,117,development,2,direct,11.603688960617083,11.582023413926647,11.58378791809082,11.58378791809082
683,117,development,2,direct,12.06105265381003,12.190982997822832,12.10866928100586,12.10866928100586
694,117,development,2,direct,11.59433032142082,11.576893464133564,11.565043449401855,11.565043449401855
697,117,development,2,direct,11.39640288460621,11.435350599406714,11.41531753540039,11.41531753540039
698,117,development,2,direct,11.724004532183379,11.789804621252914,11.826314926147461,11.826314926147461
700,117,development,2,direct,12.185875040240456,12.12216483405867,12.15284538269043,12.15284538269043
708,117,development,2,direct,12.445093483000798,12.287661536680327,12.219162940979004,12.219162940979004
715,117,development,2,direct,11.779136168550774,12.086759477591263,12.12508487701416,12.12508487701416
721,117,development,2,direct,12.524530013005734,12.502774109176704,12.409552574157715,12.409552574157715
738,117,development,2,direct,12.3879816172226,12.34913484826913,12.341431617736816,12.341431617736816
742,117,development,2,direct,11.863589378812122,11.812022391735638,11.885797500610352,11.885797500610352
743,117,development,2,direct,12.095146671399466,12.019779818966287,12.077500343322754,12.077500343322754
750,117,development,2,direct,11.49273296168228,11.292038358529066,11.261082649230957,11.261082649230957
752,117,development,2,direct,11.995357787034976,11.985459354152551,12.029767990112305,12.029767990112305
757,117,development,2,direct,12.264346270624157,12.253431184527322,12.274846076965332,12.274846076965332
763,117,development,2,direct,12.279327754099118,12.205118776816416,12.21489429473877,12.21489429473877
764,117,development,2,direct,12.727841176689147,12.698664314061709,12.65285587310791,12.65285587310791
766,117,development,2,direct,12.484208043148733,12.547573269940528,12.543611526489258,12.543611526489258
767,117,development,2,direct,12.188422799337028,12.139357040307106,12.12283706665039,12.12283706665039
772,117,development,2,direct,11.532737896139919,11.692685333348189,11.702256202697754,11.702256202697754
780,117,development,2,direct,11.813037464800539,11.899727243215958,11.899544715881348,11.899544715881348
782,117,development,2,direct,12.077676615757813,12.102179594055876,12.091724395751953,12.091724395751953
787,117,development,2,direct,11.842236406331555,11.7311241734816,11.74658489227295,11.74658489227295
789,117,development,2,direct,11.588969419043874,11.564023365168367,11.682894706726074,11.682894706726074
804,117,development,2,direct,13.275829251377,12.966138459179659,12.999135971069336,12.999135971069336
805,117,development,2,direct,11.678448377988165,11.63275472074133,11.614200592041016,11.614200592041016
810,117,development,2,direct,11.571203807011969,11.709275113640716,11.730435371398926,11.730435371398926
814,117,development,2,direct,11.969723533345908,11.94588955636334,11.951128005981445,11.951128005981445
815,117,development,2,direct,11.661354090741,11.681979224376747,11.65849781036377,11.65849781036377
822,117,development,2,direct,11.440365524765756,11.385580015573362,11.358643531799316,11.358643531799316
823,117,development,2,direct,12.323860125621126,12.137132932383446,12.193782806396484,12.193782806396484
825,117,development,2,direct,12.357079818283598,12.32622180916826,12.360772132873535,12.360772132873535
830,117,development,2,direct,11.900912042974875,11.945841101488975,11.946678161621094,11.946678161621094
834,117,development,2,direct,12.025755079404917,11.953176257737494,11.991280555725098,11.991280555725098
837,117,development,2,direct,11.941462360646149,11.775769120630544,11.85734748840332,11.85734748840332
839,117,development,2,direct,11.87757552297847,11.933664558538164,11.897966384887695,11.897966384887695
845,117,development,2,direct,11.944064817531656,11.840572222752346,11.863428115844727,11.863428115844727
850,117,development,2,direct,12.138869243416009,12.061660080784279,12.059164047241211,12.059164047241211
856,117,development,2,direct,11.751950239425476,11.848438588863006,11.907456398010254,11.907456398010254
876,117,development,2,direct,12.623064399210183,12.679879210607604,12.654025077819824,12.654025077819824
879,117,development,2,direct,11.904974309480181,11.918268985459248,11.88985824584961,11.88985824584961
883,117,development,2,direct,12.08954444723597,12.056706772936726,12.060338020324707,12.060338020324707
887,117,development,2,direct,11.884495917930655,11.966460306243004,11.998774528503418,11.998774528503418
889,117,development,2,direct,12.498745990829315,12.617404216815055,12.650439262390137,12.650439262390137
890,117,development,2,direct,11.915058360753719,11.920487454950555,11.983814239501953,11.983814239501953
892,117,development,2,direct,12.058158312538197,12.06635931790025,12.069002151489258,12.069002151489258
895,117,development,2,direct,11.685693195625964,11.710834512751683,11.688901901245117,11.688901901245117
902,117,development,2,direct,11.938199736300925,11.85818233228173,11.870779037475586,11.870779037475586
903,117,development,2,direct,12.100717685412471,12.09720633462794,12.133607864379883,12.133607864379883
909,117,development,2,direct,11.782960235741939,11.794296870824686,11.790178298950195,11.790178298950195
916,117,development,2,direct,11.225256725762893,11.349695478979086,11.39135456085205,11.39135456085205
924,117,development,2,direct,12.170450649220749,12.191867928942226,12.194626808166504,12.194626808166504
925,117,development,2,direct,12.242891437918386,12.223094433473978,12.142536163330078,12.142536163330078
935,117,development,2,direct,12.396697137361691,12.31066462456345,12.342628479003906,12.342628479003906
938,117,development,2,direct,12.441148720271016,12.355915182248918,12.323141098022461,12.323141098022461
943,117,development,2,direct,11.918397239722838,11.801542560337378,11.800187110900879,11.800187110900879
947,117,development,2,direct,11.870606902224587,11.901367744491916,11.884092330932617,11.884092330932617
949,117,development,2,direct,12.167856627501678,12.197413084658464,12.244702339172363,12.244702339172363
950,117,development,2,direct,12.193498926601634,12.067904697681614,12.090375900268555,12.090375900268555
963,117,development,2,direct,11.951186847493476,11.938862186290466,12.023902893066406,12.023902893066406
968,117,development,2,direct,11.813037464800539,11.824236149778441,11.826847076416016,11.826847076416016
972,117,development,2,direct,12.06105265381003,11.991083914424385,12.08033275604248,12.08033275604248
978,117,development,2,direct,12.20557752297723,12.18973193511377,12.207921028137207,12.207921028137207
983,117,development,2,direct,11.982278882874377,12.079682329870682,12.076507568359375,12.076507568359375
984,117,development,2,direct,12.45254592991672,12.422812718597001,12.478222846984863,12.478222846984863
985,117,development,2,direct,11.744045122410057,11.74217498895275,11.753439903259277,11.753439903259277
992,117,development,2,direct,12.031725210748633,12.036480107235734,12.040035247802734,12.040035247802734
1004,117,development,2,direct,11.827049837927534,11.910039758356554,11.906001091003418,11.906001091003418
1005,117,development,2,direct,12.10625783509458,12.143966291796128,12.140064239501953,12.140064239501953
1010,117,development,2,direct,11.532737896139919,11.604599545452418,11.628974914550781,11.628974914550781
1015,117,development,2,direct,11.688566422839942,11.728216034263227,11.7507963180542,11.7507963180542
1016,117,development,2,direct,12.33270970174018,12.261458780818822,12.31092357635498,12.31092357635498
1017,117,development,2,direct,12.220966184120165,12.361910353592865,12.266282081604004,12.266282081604004
1020,117,development,2,direct,12.271349956195543,12.219812119103649,12.198674201965332,12.198674201965332
1023,117,development,2,direct,11.373674891823535,11.578861522031202,11.608763694763184,11.608763694763184
1025,117,development,2,direct,12.567240979056246,12.619579180707179,12.658452987670898,12.658452987670898
1033,117,development,2,direct,12.644330802262578,12.756147850974507,12.72607135772705,12.72607135772705
1035,117,development,2,direct,11.693169865968983,11.713614575872333,11.735432624816895,11.735432624816895
1039,117,development,2,direct,11.48247656671073,11.543960866283603,11.641295433044434,11.641295433044434
1042,117,development,2,direct,12.06105265381003,11.978863834739123,12.035616874694824,12.035616874694824
1044,117,development,2,direct,12.47717172708952,12.432726460595658,12.466212272644043,12.466212272644043
1053,117,development,2,direct,12.013706813470414,11.995858910518994,12.014216423034668,12.014216423034668
1055,117,development,2,direct,12.449022745701502,12.475698298828693,12.52463150024414,12.52463150024414
1064,117,development,2,direct,11.612779849672751,11.774773107387102,11.822569847106934,11.822569847106934
1073,117,development,2,direct,11.424105180165641,11.639016818344967,11.643075942993164,11.643075942993164
1076,117,development,2,direct,12.299112067295642,12.14398610767972,12.191852569580078,12.191852569580078
1085,117,development,2,direct,12.141539457711714,12.116181793271679,12.132187843322754,12.132187843322754
1095,117,development,2,direct,11.767575435251748,11.797634059938074,11.774495124816895,11.774495124816895
1096,117,development,2,direct,12.080696479888445,12.113671282629275,12.108731269836426,12.108731269836426
1107,117,development,2,direct,12.100161978566867,12.144202593979077,12.147997856140137,12.147997856140137
1122,117,development,2,direct,12.268582547911404,12.275034537086862,12.320244789123535,12.320244789123535
1123,117,development,2,direct,11.626263078808801,11.365775007556774,11.331669807434082,11.331669807434082
1125,117,development,2,direct,12.007017865994577,12.021500199459554,12.003329277038574,12.003329277038574
1151,117,development,2,direct,11.728044909070785,11.747688240615554,11.730114936828613,11.730114936828613
1152,117,development,2,direct,11.917730355182513,11.989997223200191,11.982094764709473,11.982094764709473
1156,117,development,2,direct,12.292254928916668,12.241009233835001,12.15835189819336,12.15835189819336
1161,117,development,2,direct,11.891368749982085,11.860899381467569,11.906998634338379,11.906998634338379
1167,117,development,2,direct,12.41044511731981,12.40928155507066,12.444838523864746,12.444838523864746
1168,117,development,2,direct,12.06105265381003,12.16845971795475,12.12435245513916,12.12435245513916
1169,117,development,2,direct,12.367345048436391,12.213082266286277,12.213574409484863,12.213574409484863
1172,117,development,2,direct,12.001511614739405,11.990661349954182,11.992856979370117,11.992856979370117
1176,117,development,2,direct,12.560247968016562,12.586731650895565,12.66567611694336,12.66567611694336
1189,117,development,2,direct,12.180759965737863,12.130028530781885,12.12436580657959,12.12436580657959
1197,117,development,2,direct,12.29779001527865,12.307282805732989,12.295854568481445,12.295854568481445
1200,117,development,2,direct,11.904974309480181,11.850383020443044,11.792459487915039,11.792459487915039
1227,117,development,2,direct,12.273735966890268,12.286954041551024,12.216275215148926,12.216275215148926
1232,117,development,2,direct,11.794345471549745,11.871177055428161,11.894282341003418,11.894282341003418
1239,117,development,2,direct,11.86710429621008,11.793815936087407,11.842911720275879,11.842911720275879
1246,117,development,2,direct,12.08954444723597,12.189858330462872,12.160196304321289,12.160196304321289
1248,117,development,2,direct,12.042971193457888,11.854075858248084,11.868858337402344,11.868858337402344
1252,117,development,2,direct,12.053801032483948,12.19589753779528,12.155338287353516,12.155338287353516
1256,117,development,2,direct,11.755879486687116,11.737365865433814,11.862462043762207,11.862462043762207
1260,117,development,2,direct,11.92504173829169,11.884812661758328,11.897586822509766,11.897586822509766
1263,117,development,2,direct,11.992266613576142,11.87252004834298,11.822855949401855,11.822855949401855
1266,117,development,2,direct,12.12215284831553,12.030303590225577,12.058192253112793,12.058192253112793
1268,117,development,2,direct,12.843973993864076,12.783566699171624,12.752279281616211,12.752279281616211
1277,117,development,2,direct,11.995357787034976,12.018941524476585,11.982156753540039,11.982156753540039
1282,117,development,2,direct,12.100717685412471,12.117553960055734,12.131165504455566,12.131165504455566
1287,117,development,2,direct,11.870606902224587,11.989105501404644,11.967060089111328,11.967060089111328
1290,117,development,2,direct,12.546113507028412,12.531468806782328,12.538888931274414,12.538888931274414
1294,117,development,2,direct,12.000897933306716,12.107111459573666,12.067365646362305,12.067365646362305
1299,117,development,2,direct,11.982935344196433,13.131370378816861,12.894327163696289,12.894327163696289
1303,117,development,2,direct,12.577639650232573,12.661918808178285,12.618119239807129,12.618119239807129
1308,117,development,2,direct,11.835016210489899,11.877106352518602,11.827704429626465,11.827704429626465
1310,117,development,2,direct,12.09626335986454,12.087469814869772,12.0909423828125,12.0909423828125
1314,117,development,2,direct,12.716405147731708,12.712362411519326,12.743782043457031,12.743782043457031
1327,117,development,2,direct,11.277215789596893,11.41069916986713,11.342812538146973,11.342812538146973
1332,117,development,2,direct,11.794345471549745,11.78367092753848,11.765775680541992,11.765775680541992
1336,117,development,2,direct,12.031129798974042,11.980531527255462,12.012617111206055,12.012617111206055
1354,117,development,2,direct,12.923914877701906,12.894976323876126,12.954249382019043,12.954249382019043
1363,117,development,2,direct,11.560772327227417,11.8305576221904,11.776835441589355,11.776835441589355
1367,117,development,2,direct,12.170450649220749,12.228673933954349,12.23127269744873,12.23127269744873
1374,117,development,2,direct,13.05301544288996,13.014821813071213,13.031126022338867,13.031126022338867
1378,117,development,2,direct,11.669937760751914,11.829980561661628,11.802301406860352,11.802301406860352
1379,117,development,2,direct,11.326607934898927,11.525256484760945,11.531220436096191,11.531220436096191
1383,117,development,2,direct,11.964007453736912,11.90310913204309,11.93736457824707,11.93736457824707
1384,117,development,2,direct,11.626263078808801,11.931242789216137,11.957871437072754,11.957871437072754
1386,117,development,2,direct,11.74006900564972,11.641315475426769,11.68080997467041,11.68080997467041
1387,117,development,2,direct,12.429220196836383,12.638576887884065,12.528610229492188,12.528610229492188
1388,117,development,2,direct,11.820417517632333,11.92089126165456,11.82812786102295,11.82812786102295
1389,117,development,2,direct,12.84132849667433,12.785623386002332,12.778848648071289,12.778848648071289
1391,117,development,2,direct,12.367345048436391,12.336329858757384,12.313282012939453,12.313282012939453
1398,117,development,2,direct,11.83138646878959,11.826023444037501,11.748600006103516,11.748600006103516
1404,117,development,2,direct,12.552930054797935,12.272465070130005,12.482253074645996,12.482253074645996
1421,117,development,2,direct,12.100161978566867,12.039541195278476,12.05898380279541,12.05898380279541
1422,117,development,2,direct,11.755879486687116,11.837802642514452,11.869864463806152,11.869864463806152
1424,117,development,2,direct,12.524420916542532,12.124015985425638,12.135750770568848,12.135750770568848
1425,117,development,2,direct,11.87757552297847,11.830843061603149,11.861617088317871,11.861617088317871
1429,117,development,2,direct,11.686887175419702,11.619920590246727,11.622444152832031,11.622444152832031
1431,117,development,2,direct,12.165984756488543,12.13999792111753,12.070223808288574,12.070223808288574
1433,117,development,2,direct,11.07443600653965,11.519803153382258,11.518558502197266,11.518558502197266
1447,117,development,2,direct,11.969723533345908,11.862468652978706,11.88748550415039,11.88748550415039
1459,117,development,2,direct,11.864469267087891,11.79447334695175,11.863447189331055,11.863447189331055
7,117,development,3,direct,12.634606283893019,12.501863674612006,12.520448684692383,12.520448684692383
10,117,development,3,direct,11.678448377988165,11.70145888351071,11.713109970092773,11.713109970092773
18,117,development,3,direct,11.407576060361786,11.5855774964346,11.540542602539062,11.540542602539062
19,117,development,3,direct,11.976665770490767,11.995214999851713,11.901863098144531,11.901863098144531
22,117,development,3,direct,11.845109950883979,11.765178684870053,11.716973304748535,11.716973304748535
24,117,development,3,direct,11.774527900858468,11.831706831699053,11.803789138793945,11.803789138793945
30,117,development,3,direct,11.134603622683905,11.139689277542704,11.258207321166992,11.258207321166992
31,117,development,3,direct,10.596659732783579,11.487548618683181,11.495307922363281,11.495307922363281
34,117,development,3,direct,12.016732516077072,12.071369857605575,12.025167465209961,12.025167465209961
59,117,development,3,direct,12.991755706536901,12.910002352048757,12.9136323928833,12.9136323928833
66,117,development,3,direct,12.666660207428574,12.654590977036412,12.647579193115234,12.647579193115234
67,117,development,3,direct,12.100717685412471,12.417452595768202,12.560236930847168,12.560236930847168
68,117,development,3,direct,12.328294703023396,12.298071322238801,12.271062850952148,12.271062850952148
72,117,development,3,direct,11.771443882099637,11.77861439040848,11.691025733947754,11.691025733947754
74,117,development,3,direct,11.88380602959621,11.886267131726543,11.877957344055176,11.877957344055176
77,117,development,3,direct,11.818577604251555,11.644002034627347,11.718887329101562,11.718887329101562
78,117,development,3,direct,11.751950239425476,11.680051570866903,11.66980266571045,11.66980266571045
83,117,development,3,direct,12.409017571151187,12.310638169222612,12.407099723815918,12.407099723815918
84,117,development,3,direct,11.748005492256807,11.783907544755001,11.76832103729248,11.76832103729248
85,117,development,3,direct,12.034696963475044,12.041042691282602,12.036823272705078,12.036823272705078
89,117,development,3,direct,11.350418300109132,11.220129405125546,11.178566932678223,11.178566932678223
92,117,development,3,direct,11.498836682527127,11.69543335110005,11.58651351928711,11.58651351928711
94,117,development,3,direct,11.804855999911272,12.07177254326509,12.276515007019043,12.276515007019043
97,117,development,3,direct,12.273735966890268,12.276203653962567,12.247821807861328,12.247821807861328
112,117,development,3,direct,12.100717685412471,12.048577948535781,12.058070182800293,12.058070182800293
114,117,development,3,direct,12.28765724080691,12.305789023883278,12.438288688659668,12.438288688659668
116,117,development,3,direct,12.07824495582233,12.015868422714773,11.9910306930542,11.9910306930542
121,117,development,3,direct,12.100717685412471,11.989449009472636,12.063836097717285,12.063836097717285
128,117,development,3,direct,11.373674891823535,11.452964876213056,11.323236465454102,11.323236465454102
130,117,development,3,direct,11.918397239722838,11.863432463698853,11.871376037597656,11.871376037597656
135,117,development,3,direct,12.100717685412471,12.054522149492895,12.049907684326172,12.049907684326172
138,117,development,3,direct,12.049424683420915,12.209781238329594,12.247376441955566,12.247376441955566
141,117,development,3,direct,11.652696102959753,11.555243041590696,11.598733901977539,11.598733901977539
143,117,development,3,direct,12.019749091416921,11.764383344274252,11.822214126586914,11.822214126586914
156,117,development,3,direct,11.277215789596893,11.294366839901645,11.325857162475586,11.325857162475586
165,117,development,3,direct,11.931642378754141,11.882453647683702,11.909019470214844,11.909019470214844
167,117,development,3,direct,12.154784614286667,12.248026808685427,12.118782043457031,12.118782043457031
173,117,development,3,direct,12.384223015005313,12.226265909089523,12.252144813537598,12.252144813537598
176,117,development,3,direct,12.400820837540556,12.313105044205932,12.311920166015625,12.311920166015625
184,117,development,3,direct,12.206077645517674,12.121338088752125,12.42772388458252,12.42772388458252
187,117,development,3,direct,12.06105265381003,12.079098965420474,12.037581443786621,12.037581443786621
193,117,development,3,direct,12.165255859329688,12.198811530308024,12.210128784179688,12.210128784179688
194,117,development,3,direct,11.775297421715827,11.870885293198514,11.853507041931152,11.853507041931152
200,117,development,3,direct,12.524166311833152,12.634908542278305,12.597326278686523,12.597326278686523
218,117,development,3,direct,11.580593459194764,11.363120213724159,11.48369312286377,11.48369312286377
219,117,development,3,direct,12.649157827477366,12.325578850651032,12.407713890075684,12.407713890075684
222,117,development,3,direct,12.206077645517674,12.317721147881102,12.233078002929688,12.233078002929688
225,117,development,3,direct,12.864242696187505,12.896689067300455,12.728045463562012,12.728045463562012
235,117,development,3,direct,12.285350445351659,12.283854154397522,12.23033618927002,12.23033618927002
236,117,development,3,direct,11.402005077384885,11.384101349011218,11.348570823669434,11.348570823669434
247,117,development,3,direct,11.827743504053695,11.799510897483321,11.789178848266602,11.789178848266602
252,117,development,3,direct,12.367345048436391,12.406626349414095,12.625024795532227,12.625024795532227
264,117,development,3,direct,11.775297421715827,11.72591087564073,11.731993675231934,11.731993675231934
271,117,development,3,direct,12.491255347155265,12.478114860513603,12.513470649719238,12.513470649719238
275,117,development,3,direct,11.732069026983156,11.775871879527628,11.785107612609863,11.785107612609863
280,117,development,3,direct,12.165255859329688,12.183717261185482,12.247464179992676,12.247464179992676
289,117,development,3,direct,11.711784520403112,11.649803755026468,11.69272232055664,11.69272232055664
292,117,development,3,direct,11.819681958463892,11.786719734033495,11.827696800231934,11.827696800231934
308,117,development,3,direct,11.402005077384885,11.4568956602775,11.571393966674805,11.571393966674805
315,117,development,3,direct,12.08954444723597,12.008435853069257,11.958215713500977,11.958215713500977
316,117,development,3,direct,12.146858590895919,12.134141481387593,12.127869606018066,12.127869606018066
323,117,development,3,direct,12.614868865984631,12.56917344687802,12.612346649169922,12.612346649169922
335,117,development,3,direct,12.165255859329688,12.191931765965657,12.173171997070312,12.173171997070312
337,117,development,3,direct,12.841132451487937,12.806040782604958,12.756033897399902,12.756033897399902
340,117,development,3,direct,11.951186847493476,11.84482861767058,11.908507347106934,11.908507347106934
341,117,development,3,direct,12.220473454337986,12.259298014005907,12.336925506591797,12.336925506591797
348,117,development,3,direct,11.967187086434018,12.085091641469917,12.087479591369629,12.087479591369629
356,117,development,3,direct,12.086731521684555,12.0534638742362,12.118188858032227,12.118188858032227
359,117,development,3,direct,11.775297421715827,11.800921053898522,11.71639633178711,11.71639633178711
360,117,development,3,direct,12.54254845357358,12.532407827367019,12.552577018737793,12.552577018737793
361,117,development,3,direct,11.957617696467539,11.918749759007955,11.942831993103027,11.942831993103027
362,117,development,3,direct,11.884495917930655,11.848825766608941,11.848896026611328,11.848896026611328
380,117,development,3,direct,12.095146671399466,12.076236791191738,12.055349349975586,12.055349349975586
382,117,development,3,direct,12.142871895843887,12.266931049298273,12.256431579589844,12.256431579589844
384,117,development,3,direct,11.23850177707664,11.296633897312475,11.283133506774902,11.283133506774902
387,117,development,3,direct,11.302216779257382,11.474287013009555,11.406286239624023,11.406286239624023
390,117,development,3,direct,12.962196972666593,12.957952511272843,12.92713737487793,12.92713737487793
396,117,development,3,direct,11.767575435251748,11.761346574274059,11.719740867614746,11.719740867614746
397,117,development,3,direct,11.719947764402807,11.740118301681699,11.728311538696289,11.728311538696289
404,117,development,3,direct,12.460718739865236,12.415362305653318,12.409049987792969,12.409049987792969
406,117,development,3,direct,11.918397239722838,11.98638017430593,11.95671272277832,11.95671272277832
429,117,development,3,direct,12.182809136284991,12.190623529481313,12.185197830200195,12.185197830200195
432,117,development,3,direct,11.288543647320601,11.54574410052681,11.581877708435059,11.581877708435059
447,117,development,3,direct,12.154784614286667,12.299780919499735,12.280073165893555,12.280073165893555
450,117,development,3,direct,11.695255355062795,11.662616167981223,11.624757766723633,11.624757766723633
451,117,development,3,direct,11.608244735642321,11.52191129867679,11.567389488220215,11.567389488220215
455,117,development,3,direct,12.144202560946876,11.902173561055289,12.014496803283691,12.014496803283691
461,117,development,3,direct,12.481565733211923,12.358285855885983,12.424192428588867,12.424192428588867
466,117,development,3,direct,12.093693109638318,12.146468379628052,12.03969669342041,12.03969669342041
467,117,development,3,direct,12.025755079404917,11.99971517091794,12.0162353515625,12.0162353515625
473,117,development,3,direct,11.904974309480181,11.840742229119794,11.841784477233887,11.841784477233887
474,117,development,3,direct,12.994532278619134,12.796009794372608,12.741559982299805,12.741559982299805
475,117,development,3,direct,12.433212202169729,12.419264826925044,12.41834831237793,12.41834831237793
480,117,development,3,direct,11.401681006153428,11.631665798101775,11.702211380004883,11.702211380004883
496,117,development,3,direct,10.460270761075149,11.173743680626313,11.27707576751709,11.27707576751709
500,117,development,3,direct,11.695255355062795,11.759156091456974,11.796003341674805,11.796003341674805
516,117,development,3,direct,12.90634935052389,12.866988903942742,12.875373840332031,12.875373840332031
519,117,development,3,direct,12.259618151783465,12.15379869245873,12.161519050598145,12.161519050598145
522,117,development,3,direct,11.918397239722838,11.947123945288343,11.9434232711792,11.9434232711792
539,117,development,3,direct,11.970356641102999,11.84825892235488,11.837374687194824,11.837374687194824
548,117,development,3,direct,11.771443882099637,11.751447792795023,11.785100936889648,11.785100936889648
555,117,development,3,direct,12.556733038263905,12.50168782607001,12.406000137329102,12.406000137329102
559,117,development,3,direct,12.07254696717504,12.18601068493961,12.214178085327148,12.214178085327148
561,117,development,3,direct,11.707677772181546,12.001001910907648,12.070747375488281,12.070747375488281
564,117,development,3,direct,12.128116509451258,12.098923516735017,12.124629974365234,12.124629974365234
568,117,development,3,direct,12.273735966890268,12.20426972155552,12.131362915039062,12.131362915039062
573,117,development,3,direct,12.32163544049751,12.252879865484793,12.28567123413086,12.28567123413086
577,117,development,3,direct,11.884495917930655,11.927812085563074,11.879451751708984,11.879451751708984
578,117,development,3,direct,12.010671928196443,11.934923932613742,11.949722290039062,11.949722290039062
590,117,development,3,direct,11.283524879179666,11.505652584823475,11.54705810546875,11.54705810546875
595,117,development,3,direct,11.608244735642321,11.665388787557273,11.683725357055664,11.683725357055664
604,117,development,3,direct,11.92504173829169,11.956776685203387,11.957453727722168,11.957453727722168
606,117,development,3,direct,12.230770136157428,12.166538334924065,12.238017082214355,12.238017082214355
611,117,development,3,direct,12.653961664405365,12.664543511276925,12.668478965759277,12.668478965759277
614,117,development,3,direct,11.898194668458823,11.63938575271588,11.68115520477295,11.68115520477295
616,117,development,3,direct,11.83138646878959,11.81278598588007,11.847538948059082,11.847538948059082
622,117,development,3,direct,12.388398368982115,12.353083250427332,12.494412422180176,12.494412422180176
625,117,development,3,direct,12.014615485902027,11.938374923083524,11.986263275146484,11.986263275146484
632,117,development,3,direct,12.252483791602627,12.344805716149853,12.384724617004395,12.384724617004395
638,117,development,3,direct,11.440365524765756,11.58589511480805,11.609779357910156,11.609779357910156
645,117,development,3,direct,12.823631142839984,12.74549826869532,12.755463600158691,12.755463600158691
648,117,development,3,direct,11.951186847493476,11.878805819188827,11.866519927978516,11.866519927978516
655,117,development,3,direct,12.765691290604371,12.829545656904987,12.84674072265625,12.84674072265625
656,117,development,3,direct,11.385103457032141,11.342531469707522,11.48609733581543,11.48609733581543
657,117,development,3,direct,11.8879382384223,11.86409799437964,11.898565292358398,11.898565292358398
659,117,development,3,direct,11.487617913343598,11.77059444884235,11.809541702270508,11.809541702270508
667,117,development,3,direct,11.767575435251748,12.06151521726143,12.232280731201172,12.232280731201172
673,117,development,3,direct,12.013706813470414,12.049689320167113,12.045882225036621,12.045882225036621
676,117,development,3,direct,11.908346971208951,11.880862152967989,11.936075210571289,11.936075210571289
677,117,development,3,direct,11.373674891823535,11.6755820318007,11.661026000976562,11.661026000976562
681,117,development,3,direct,11.870606902224587,11.688361093476187,11.805058479309082,11.805058479309082
685,117,development,3,direct,12.30592250537653,12.265433562313989,12.262455940246582,12.262455940246582
692,117,development,3,direct,13.534474352733596,13.189564376950994,13.087248802185059,13.087248802185059
713,117,development,3,direct,12.149507585033072,12.149100955528514,12.148740768432617,12.148740768432617
717,117,development,3,direct,11.979805470779858,12.146659141710803,12.2352294921875,12.2352294921875
719,117,development,3,direct,12.739640688812674,12.653399023091016,12.650334358215332,12.650334358215332
724,117,development,3,direct,11.813037464800539,11.801692011624246,11.74197769165039,11.74197769165039
734,117,development,3,direct,11.786008995353765,11.811787157683215,11.82273006439209,11.82273006439209
735,117,development,3,direct,11.58989576532275,11.610276242195981,11.671512603759766,11.671512603759766
749,117,development,3,direct,12.469978029554953,12.426889494842172,12.42805004119873,12.42805004119873
753,117,development,3,direct,12.28765724080691,12.2380635172171,12.267594337463379,12.267594337463379
758,117,development,3,direct,11.97603664577121,11.860249430985252,11.94046688079834,11.94046688079834
760,117,development,3,direct,12.577639650232573,12.626029185494291,12.650654792785645,12.650654792785645
768,117,development,3,direct,11.982935344196433,12.06137080826035,12.065652847290039,12.065652847290039
770,117,development,3,direct,13.195615697878253,13.052465307056302,13.030223846435547,13.030223846435547
771,117,development,3,direct,11.812296455066814,11.808971597739225,11.779951095581055,11.779951095581055
775,117,development,3,direct,12.886643575525625,12.580405877818162,12.571260452270508,12.571260452270508
776,117,development,3,direct,11.995357787034976,11.986311605738308,12.001258850097656,12.001258850097656
779,117,development,3,direct,11.87757552297847,11.785480076918198,11.795077323913574,11.795077323913574
792,117,development,3,direct,11.896833207128452,11.911370673976267,11.95714282989502,11.95714282989502
793,117,development,3,direct,12.505402864156405,12.36625722632106,12.372077941894531,12.372077941894531
797,117,development,3,direct,11.874097282798648,11.83202892663783,11.857046127319336,11.857046127319336
806,117,development,3,direct,12.335700805443338,12.246423428095403,12.201008796691895,12.201008796691895
811,117,development,3,direct,12.10625783509458,12.128532617493446,12.108365058898926,12.108365058898926
821,117,development,3,direct,12.117246896289503,12.133569615968101,12.127603530883789,12.127603530883789
835,117,development,3,direct,11.849047640327147,11.829357606889854,11.849797248840332,11.849797248840332
836,117,development,3,direct,11.759793355371237,11.781289074431202,11.762857437133789,11.762857437133789
840,117,development,3,direct,11.779136168550774,11.804875420528814,11.746015548706055,11.746015548706055
841,117,development,3,direct,11.849404844423074,11.690890587545232,11.689860343933105,11.689860343933105
842,117,development,3,direct,11.967187086434018,11.926428491770979,11.867232322692871,11.867232322692871
848,117,development,3,direct,11.80186424743109,11.796163128267636,11.786208152770996,11.786208152770996
857,117,development,3,direct,11.898194668458823,11.896717609074365,11.917574882507324,11.917574882507324
858,117,development,3,direct,12.066816325306588,11.984521334740174,11.983631134033203,11.983631134033203
859,117,development,3,direct,11.931642378754141,11.847532681019414,11.879858016967773,11.879858016967773
860,117,development,3,direct,12.429220196836383,12.44450406266281,12.436661720275879,12.436661720275879
864,117,development,3,direct,11.794345471549745,11.850467971634307,11.844953536987305,11.844953536987305
866,117,development,3,direct,11.908346971208951,11.825501666049293,11.79981517791748,11.79981517791748
870,117,development,3,direct,12.371591321286905,12.33555175792785,12.308039665222168,12.308039665222168
873,117,development,3,direct,11.661354090741,11.669806479315703,11.619759559631348,11.619759559631348
880,117,development,3,direct,11.824087219587643,11.805795789296456,11.767848014831543,11.767848014831543
881,117,development,3,direct,11.964007453736912,11.991603921762986,11.975157737731934,11.975157737731934
882,117,development,3,direct,12.141539457711714,12.254784811385042,12.306601524353027,12.306601524353027
885,117,development,3,direct,11.51293546492023,11.705760750106343,11.70418930053711,11.70418930053711
898,117,development,3,direct,11.870278179170796,11.814192611444275,11.810798645019531,11.810798645019531
899,117,development,3,direct,13.323928581764989,13.07101065622137,13.126556396484375,13.126556396484375
900,117,development,3,direct,11.813037464800539,11.811796823408972,11.802534103393555,11.802534103393555
904,117,development,3,direct,12.388398368982115,12.407939004302131,12.41301155090332,12.41301155090332
911,117,development,3,direct,11.946660519211651,11.862995332408348,11.882868766784668,11.882868766784668
917,117,development,3,direct,10.471978128496518,11.190867730387033,11.168971061706543,11.168971061706543
922,117,development,3,direct,11.890683588496984,11.985954261106945,12.087140083312988,12.087140083312988
926,117,development,3,direct,12.07254696717504,11.974097075584641,11.91381549835205,11.91381549835205
928,117,development,3,direct,12.07824495582233,12.09108110940347,12.076375961303711,12.076375961303711
929,117,development,3,direct,12.373707715234994,12.4000167621001,12.395488739013672,12.395488739013672
934,117,development,3,direct,12.154784614286667,12.20629110614251,12.143481254577637,12.143481254577637
941,117,development,3,direct,11.924379271639218,12.054361340765888,12.118124961853027,12.118124961853027
942,117,development,3,direct,12.273735966890268,12.344378843688963,12.28048038482666,12.28048038482666
948,117,development,3,direct,12.506180941677357,12.557390116830794,12.563713073730469,12.563713073730469
953,117,development,3,direct,11.804855999911272,11.75448859812286,11.754791259765625,11.754791259765625
954,117,development,3,direct,12.055255569732177,11.993925006440366,12.074972152709961,12.074972152709961
956,117,development,3,direct,11.884495917930655,11.87353439816596,12.064972877502441,12.064972877502441
961,117,development,3,direct,11.665655135642039,11.65892942272883,11.697439193725586,11.697439193725586
969,117,development,3,direct,10.542732775946709,11.104467370750221,11.148100852966309,11.148100852966309
973,117,development,3,direct,11.507922973347437,11.739584112488838,11.748238563537598,11.748238563537598
976,117,development,3,direct,12.013706813470414,12.106481129838363,12.01596450805664,12.01596450805664
986,117,development,3,direct,11.736077016252437,11.642535564504069,11.705204010009766,11.705204010009766
990,117,development,3,direct,12.190964083849375,12.161136003938214,12.130023002624512,12.130023002624512
994,117,development,3,direct,12.066241450757124,12.044915552654034,12.05279541015625,12.05279541015625
997,117,development,3,direct,11.824087219587643,11.781020067259815,11.8453369140625,11.8453369140625
1002,117,development,3,direct,11.362114203075018,11.356840891875633,11.302961349487305,11.302961349487305
1008,117,development,3,direct,11.385103457032141,11.372004186360613,11.344894409179688,11.344894409179688
1009,117,development,3,direct,12.388398368982115,12.413170193983312,12.427164077758789,12.427164077758789
1029,117,development,3,direct,11.561725152903833,11.767468957467063,11.778984069824219,11.778984069824219
1031,117,development,3,direct,11.982935344196433,11.750628878794958,11.834383964538574,11.834383964538574
1038,117,development,3,direct,12.567240979056246,12.432276306665354,12.490477561950684,12.490477561950684
1046,117,development,3,direct,11.846543632608535,11.74891056770487,11.699169158935547,11.699169158935547
1047,117,development,3,direct,13.229569788348705,12.976097223381583,12.986200332641602,12.986200332641602
1054,117,development,3,direct,11.881041706925902,11.902403719970868,11.877740859985352,11.877740859985352
1056,117,development,3,direct,12.100717685412471,11.97689424028478,11.959220886230469,11.959220886230469
1057,117,development,3,direct,12.13270055639427,12.297869977317132,12.3045654296875,12.3045654296875
1062,117,development,3,direct,11.302216779257382,11.570767328883134,11.44730281829834,11.44730281829834
1075,117,development,3,direct,12.175618592671356,12.10403981842587,12.192270278930664,12.192270278930664
1078,117,development,3,direct,11.840796531639839,11.77579250987632,11.798150062561035,11.798150062561035
1080,117,development,3,direct,11.744045122410057,11.798333220777122,11.774226188659668,11.774226188659668
1087,117,development,3,direct,11.332613886815139,11.501989639547732,11.454439163208008,11.454439163208008
1088,117,development,3,direct,12.437188334739655,12.45874061782038,12.499429702758789,12.499429702758789
1098,117,development,3,direct,12.04355959836804,11.93602904453038,11.942483901977539,11.942483901977539
1099,117,development,3,direct,11.759793355371237,11.58747292916579,11.618635177612305,11.618635177612305
1100,117,development,3,direct,11.964007453736912,11.928467729818568,11.922788619995117,11.922788619995117
1105,117,development,3,direct,11.571203807011969,11.67946611007048,11.622222900390625,11.622222900390625
1112,117,development,3,direct,12.230770136157428,12.13739827597333,12.150247573852539,12.150247573852539
1113,117,development,3,direct,11.774527900858468,11.691459164271388,11.715982437133789,11.715982437133789
1117,117,development,3,direct,12.123239799036943,12.109600151825928,12.133684158325195,12.133684158325195
1121,117,development,3,direct,11.681832447342321,11.66694859097822,11.675993919372559,11.675993919372559
1127,117,development,3,direct,12.066816325306588,12.168479972171006,12.152099609375,12.152099609375
1129,117,development,3,direct,12.278397958261774,12.23525938544841,12.256805419921875,12.256805419921875
1130,117,development,3,direct,11.849404844423074,11.822736891510434,11.803302764892578,11.803302764892578
1131,117,development,3,direct,11.813037464800539,11.99685113620689,11.876898765563965,11.876898765563965
1154,117,development,3,direct,11.699413330633599,11.648242480688,11.67674446105957,11.67674446105957
1155,117,development,3,direct,12.215037342290755,12.246066830325583,12.345634460449219,12.345634460449219
1160,117,development,3,direct,12.128116509451258,12.17390615655091,12.09014892578125,12.09014892578125
1162,117,development,3,direct,12.319405795112926,12.217733796273182,12.256207466125488,12.256207466125488
1166,117,development,3,direct,12.359527368950229,12.38137395237294,12.287109375,12.287109375
1173,117,development,3,direct,12.05467400868968,11.990944844533528,11.983572006225586,11.983572006225586
1178,117,development,3,direct,11.652696102959753,11.616846356495254,11.639823913574219,11.639823913574219
1188,117,development,3,direct,12.476103599529843,12.551152248813676,12.585227966308594,12.585227966308594
1193,117,development,3,direct,11.736077016252437,11.726930418871197,11.71828556060791,11.71828556060791
1195,117,development,3,direct,11.970356641102999,11.878675995041597,11.916497230529785,11.916497230529785
1206,117,development,3,direct,12.513193308436527,12.512385029568277,12.586100578308105,12.586100578308105
1214,117,development,3,direct,11.884495917930655,11.665665982831692,11.612677574157715,11.612677574157715
1217,117,development,3,direct,11.626263078808801,11.719837132175531,11.764204978942871,11.764204978942871
1218,117,development,3,direct,12.343470927093518,12.427665655267509,12.376420974731445,12.376420974731445
1221,117,development,3,direct,11.652696102959753,11.634165296324019,11.654369354248047,11.654369354248047
1223,117,development,3,direct,11.870606902224587,11.955186316039402,11.971845626831055,11.971845626831055
1244,117,development,3,direct,13.049794835104816,12.95139272112108,13.04375171661377,13.04375171661377
1257,117,development,3,direct,12.616528611893463,12.684176205363858,12.642035484313965,12.642035484313965
1258,117,development,3,direct,11.511934974596555,11.362904931251041,11.343012809753418,11.343012809753418
1264,117,development,3,direct,12.103491596905931,12.001367756845701,11.96885871887207,11.96885871887207
1267,117,development,3,direct,11.711784520403112,11.78273686924829,11.8362398147583,11.8362398147583
1274,117,development,3,direct,12.083910661257521,12.017443229729071,12.046072006225586,12.046072006225586
1276,117,development,3,direct,11.827743504053695,11.881665507749792,11.851492881774902,11.851492881774902
1279,117,development,3,direct,12.37581963951765,12.467625506191714,12.525923728942871,12.525923728942871
1280,117,development,3,direct,11.133142723386813,11.556243295262087,11.56997013092041,11.56997013092041
1285,117,development,3,direct,12.037659911047468,12.104299051260629,12.07773208618164,12.07773208618164
1291,117,development,3,direct,12.103491596905931,11.985188940308973,12.037005424499512,12.037005424499512
1297,117,development,3,direct,11.951186847493476,11.931216129620172,11.91335391998291,11.91335391998291
1311,117,development,3,direct,12.721888795877375,12.597992873872265,12.573285102844238,12.573285102844238
1317,117,development,3,direct,12.596403811053621,12.50379966471563,12.572668075561523,12.572668075561523
1324,117,development,3,direct,11.320565693461432,11.280367199624036,11.187472343444824,11.187472343444824
1331,117,development,3,direct,12.33270970174018,12.360004435505006,12.43323802947998,12.43323802947998
1333,117,development,3,direct,11.51293546492023,11.640031312080078,11.517041206359863,11.517041206359863
1334,117,development,3,direct,11.74006900564972,11.779349954148664,11.789018630981445,11.789018630981445
1343,117,development,3,direct,12.339295865674435,12.429093081680636,12.502652168273926,12.502652168273926
1350,117,development,3,direct,11.711784520403112,11.754336457057072,12.058306694030762,12.058306694030762
1353,117,development,3,direct,11.812296455066814,11.71731292299486,11.728056907653809,11.728056907653809
1357,117,development,3,direct,11.608244735642321,11.65265072832201,11.691319465637207,11.691319465637207
1359,117,development,3,direct,12.086731521684555,12.042089039714146,12.066014289855957,12.066014289855957
1361,117,development,3,direct,12.149507585033072,12.147608816619778,12.095136642456055,12.095136642456055
1366,117,development,3,direct,12.283038316285214,12.253083651031137,12.235474586486816,12.235474586486816
1368,117,development,3,direct,11.751950239425476,11.774637535630735,11.763810157775879,11.763810157775879
1369,117,development,3,direct,11.87757552297847,11.845406569369926,11.840850830078125,11.840850830078125
1370,117,development,3,direct,12.354496960983985,12.444526195687034,12.4959077835083,12.4959077835083
1371,117,development,3,direct,11.561725152903833,11.602717780867836,11.566052436828613,11.566052436828613
1372,117,development,3,direct,12.016732516077072,12.069760170368069,12.060847282409668,12.060847282409668
1375,117,development,3,direct,12.429220196836383,12.455380376561855,12.385101318359375,12.385101318359375
1377,117,development,3,direct,11.418625774449598,11.440439214070956,11.455351829528809,11.455351829528809
1397,117,development,3,direct,11.982935344196433,12.017221371444952,11.987434387207031,11.987434387207031
1405,117,development,3,direct,11.561725152903833,11.549154019513887,11.42293643951416,11.42293643951416
1406,117,development,3,direct,12.524530013005734,12.548085058888692,12.675819396972656,12.675819396972656
1408,117,development,3,direct,11.626263078808801,11.666534494366907,11.64840030670166,11.64840030670166
1410,117,development,3,direct,12.278397958261774,12.25642623099351,12.376797676086426,12.376797676086426
1411,117,development,3,direct,12.345838935721968,12.254317948720292,12.295572280883789,12.295572280883789
1423,117,development,3,direct,11.824087219587643,11.880817921444553,11.834497451782227,11.834497451782227
1435,117,development,3,direct,11.982935344196433,12.029662024495053,12.007124900817871,12.007124900817871
1437,117,development,3,direct,11.699413330633599,11.67092156589258,11.663260459899902,11.663260459899902
1438,117,development,3,direct,12.885673487343764,12.808221190894296,12.833386421203613,12.833386421203613
1441,117,development,3,direct,12.160033942617156,12.132695702332656,12.1432523727417,12.1432523727417
1444,117,development,3,direct,11.703554089007538,11.566945922631524,11.61448860168457,11.61448860168457
1445,117,development,3,direct,12.098493002763465,12.18259660554948,12.16125202178955,12.16125202178955
1446,117,development,3,direct,11.767575435251748,11.751731944361106,11.752151489257812,11.752151489257812
1452,117,development,3,direct,12.567554517655415,12.427583961692731,12.4169921875,12.4169921875
1455,117,development,3,direct,12.128116509451258,12.1437262225498,12.131101608276367,12.131101608276367
1457,117,development,3,direct,12.25486757159303,12.177670585374443,12.239660263061523,12.239660263061523
3,117,development,4,direct,12.317171167298682,12.23417385707729,12.27391242980957,12.27391242980957
6,117,development,4,direct,11.870606902224587,11.990160239543762,11.956255912780762,11.956255912780762
16,117,development,4,direct,11.790564777297387,11.760313349363257,11.82256031036377,11.82256031036377
17,117,development,4,direct,11.91170829631447,11.910462350781616,11.968446731567383,11.968446731567383
28,117,development,4,direct,12.631343648903034,12.595328050877752,12.562091827392578,12.562091827392578
36,117,development,4,direct,12.6410997921206,12.64459999434209,12.647589683532715,12.647589683532715
41,117,development,4,direct,11.982935344196433,11.857031259491585,11.852476119995117,11.852476119995117
44,117,development,4,direct,11.777218637129327,11.805718136132562,11.793583869934082,11.793583869934082
49,117,development,4,direct,11.635151947212842,11.485517875702554,11.549758911132812,11.549758911132812
52,117,development,4,direct,11.648338835562747,11.691928820068137,11.658590316772461,11.658590316772461
53,117,development,4,direct,11.608244735642321,11.501100829080974,11.498210906982422,11.498210906982422
61,117,development,4,direct,11.970356641102999,12.04595040434691,12.028162956237793,12.028162956237793
70,117,development,4,direct,12.323860125621126,12.282174338169584,12.356541633605957,12.356541633605957
71,117,development,4,direct,12.404927602627597,12.420443243200483,12.661296844482422,12.661296844482422
79,117,development,4,direct,11.824087219587643,11.796219038520174,11.691354751586914,11.691354751586914
80,117,development,4,direct,11.608244735642321,11.65946835828985,11.72707462310791,11.72707462310791
86,117,development,4,direct,12.468440756144114,12.485664911668705,12.537755012512207,12.537755012512207
90,117,development,4,direct,11.724813914587886,11.67582939584779,11.640865325927734,11.640865325927734
98,117,development,4,direct,11.459007676978688,11.721468234688551,11.719627380371094,11.719627380371094
101,117,development,4,direct,12.230770136157428,12.284989938498407,12.300610542297363,12.300610542297363
105,117,development,4,direct,12.040614105490253,11.996590526651424,11.974348068237305,11.974348068237305
115,117,development,4,direct,12.466515835145202,12.356588128448843,12.306938171386719,12.306938171386719
126,117,development,4,direct,11.344518647594766,11.330985947813947,11.203594207763672,11.203594207763672
129,117,development,4,direct,11.951186847493476,11.889409087335688,11.897547721862793,11.897547721862793
158,117,development,4,direct,12.504327379899443,12.519616982158638,12.521495819091797,12.521495819091797
182,117,development,4,direct,12.206577518060588,12.084642622051625,12.071643829345703,12.071643829345703
185,117,development,4,direct,11.751950239425476,11.691450623214633,11.665318489074707,11.665318489074707
186,117,development,4,direct,13.07107218827772,12.613573685718661,12.762375831604004,12.762375831604004
198,117,development,4,direct,12.367345048436391,12.49231101113106,12.490923881530762,12.490923881530762
203,117,development,4,direct,11.626263078808801,11.61804091438206,11.808479309082031,11.808479309082031
205,117,development,4,direct,11.608244735642321,11.612796527685951,11.630000114440918,11.630000114440918
213,117,development,4,direct,12.439875187430008,12.392799312702138,12.409440040588379,12.409440040588379
214,117,development,4,direct,11.957617696467539,11.952763367120792,11.887487411499023,11.887487411499023
224,117,development,4,direct,11.48247656671073,11.677873457998077,11.706449508666992,11.706449508666992
230,117,development,4,direct,12.167856627501678,12.190455350261661,12.16630744934082,12.16630744934082
258,117,development,4,direct,12.301387370778713,12.364645493243994,12.351984977722168,12.351984977722168
262,117,development,4,direct,12.52815976788113,12.773137123310553,12.73086929321289,12.73086929321289
265,117,development,4,direct,11.19822841866684,11.344468822736898,11.366044998168945,11.366044998168945
267,117,development,4,direct,12.128116509451258,12.093463779005281,12.131718635559082,12.131718635559082
268,117,development,4,direct,12.097936057925594,12.09567884745105,12.009596824645996,12.009596824645996
270,117,development,4,direct,11.904974309480181,11.923102298628393,11.998616218566895,11.998616218566895
272,117,development,4,direct,12.394628892852941,12.289117940019,12.310215950012207,12.310215950012207
279,117,development,4,direct,12.936754021718041,12.862126185311523,12.858799934387207,12.858799934387207
282,117,development,4,direct,12.128116509451258,12.135381298796002,12.131547927856445,12.131547927856445
284,117,development,4,direct,12.407383590534293,12.407631621697954,12.450931549072266,12.450931549072266
291,117,development,4,direct,12.359784657728284,12.407110703157644,12.473426818847656,12.473426818847656
293,117,development,4,direct,11.782960235741939,11.914564694274713,11.884611129760742,11.884611129760742
295,117,development,4,direct,12.025755079404917,11.947112094643295,11.971466064453125,11.971466064453125
296,117,development,4,direct,11.86710429621008,11.885595270872024,11.908147811889648,11.908147811889648
297,117,development,4,direct,11.931642378754141,11.774069725570325,11.731966018676758,11.731966018676758
298,117,development,4,direct,12.384223015005313,12.310520408224447,12.327301025390625,12.327301025390625
299,117,development,4,direct,12.07254696717504,12.1025340605732,12.066500663757324,12.066500663757324
301,117,development,4,direct,11.964007453736912,11.9784980258679,11.965876579284668,11.965876579284668
317,117,development,4,direct,12.468440756144114,12.397105733888454,12.426782608032227,12.426782608032227
318,117,development,4,direct,12.506180941677357,12.472219865434061,12.494500160217285,12.494500160217285
319,117,development,4,direct,12.468440756144114,12.739268817497935,12.636468887329102,12.636468887329102
321,117,development,4,direct,12.74444728628135,12.67288345635492,12.777570724487305,12.777570724487305
322,117,development,4,direct,12.777055016970678,12.739786336777554,12.680123329162598,12.680123329162598
330,117,development,4,direct,11.264476926102367,11.27379425527992,11.2991304397583,11.2991304397583
343,117,development,4,direct,11.37940550085183,11.46857202303626,11.426263809204102,11.426263809204102
353,117,development,4,direct,11.461642696843066,11.424720462629239,11.37590217590332,11.37590217590332
358,117,development,4,direct,11.80560254159177,11.855872966647167,11.879117965698242,11.879117965698242
364,117,development,4,direct,11.678448377988165,11.543634985034007,11.577712059020996,11.577712059020996
367,117,development,4,direct,11.976665770490767,12.022320336938423,11.984939575195312,11.984939575195312
368,117,development,4,direct,12.013706813470414,11.961270968753427,11.927626609802246,11.927626609802246
372,117,development,4,direct,11.808821212646512,11.691509028570227,11.658448219299316,11.658448219299316
377,117,development,4,direct,11.904974309480181,11.834095360212526,11.781091690063477,11.781091690063477
378,117,development,4,direct,12.73670383776449,12.592117288685923,12.580397605895996,12.580397605895996
383,117,development,4,direct,12.271396795480596,12.235190629217396,12.253443717956543,12.253443717956543
386,117,development,4,direct,12.165255859329688,12.084268180742908,12.138636589050293,12.138636589050293
388,117,development,4,direct,11.736077016252437,11.770328687017525,11.810264587402344,11.810264587402344
393,117,development,4,direct,11.575909653758895,11.601314959824215,11.570795059204102,11.570795059204102
395,117,development,4,direct,11.599112335481124,11.607541057690678,11.597535133361816,11.597535133361816
403,117,development,4,direct,11.58989576532275,11.514742669507777,11.47761344909668,11.47761344909668
408,117,development,4,direct,12.083910661257521,11.952098137043755,12.035630226135254,12.035630226135254
418,117,development,4,direct,12.384223015005313,12.216108982456737,12.37880802154541,12.37880802154541
419,117,development,4,direct,11.744045122410057,11.587979398524004,11.596935272216797,11.596935272216797
426,117,development,4,direct,11.813037464800539,11.779431095246236,11.825617790222168,11.825617790222168
427,117,development,4,direct,12.524530013005734,12.395529830380745,12.449698448181152,12.449698448181152
430,117,development,4,direct,12.07254696717504,12.070239876655213,12.073373794555664,12.073373794555664
434,117,development,4,direct,12.10625783509458,12.083700757281168,12.078814506530762,12.078814506530762
436,117,development,4,direct,12.264346270624157,12.256726752131861,12.200703620910645,12.200703620910645
440,117,development,4,direct,11.608244735642321,11.831416643512974,11.735631942749023,11.735631942749023
448,117,development,4,direct,12.20557752297723,12.236185755655063,12.221809387207031,12.221809387207031
454,117,development,4,direct,12.25486757159303,12.326139133999268,12.273427963256836,12.273427963256836
459,117,development,4,direct,11.989165855127435,11.938725416211351,12.034980773925781,12.034980773925781
460,117,development,4,direct,11.608244735642321,11.673039418812468,11.741432189941406,11.741432189941406
463,117,development,4,direct,11.04106411122238,11.726547310750089,11.742776870727539,11.742776870727539
472,117,development,4,direct,12.154784614286667,12.189569637758392,12.113494873046875,12.113494873046875
483,117,development,4,direct,11.951186847493476,12.051236372762906,11.966368675231934,11.966368675231934
484,117,development,4,direct,12.00762780434872,11.937351352211996,11.973942756652832,11.973942756652832
486,117,development,4,direct,11.898194668458823,11.924275487016468,11.870976448059082,11.870976448059082
487,117,development,4,direct,11.957617696467539,11.911368393186356,11.921392440795898,11.921392440795898
488,117,development,4,direct,12.07254696717504,12.082269290656212,12.09505558013916,12.09505558013916
494,117,development,4,direct,11.951186847493476,11.902646794184053,11.903258323669434,11.903258323669434
497,117,development,4,direct,12.971542813248437,12.677947804155961,12.742151260375977,12.742151260375977
498,117,development,4,direct,12.122696471358964,11.976176599437487,12.020369529724121,12.020369529724121
506,117,development,4,direct,11.732069026983156,11.726697770185234,11.736741065979004,11.736741065979004
511,117,development,4,direct,12.013100572810686,12.01354391887317,11.992785453796387,11.992785453796387
513,117,development,4,direct,11.774527900858468,11.715249144313646,11.790444374084473,11.790444374084473
514,117,development,4,direct,11.80560254159177,11.867848040798568,11.921927452087402,11.921927452087402
517,117,development,4,direct,11.970356641102999,12.034067656784075,11.99171257019043,11.99171257019043
520,117,development,4,direct,12.36308066783498,12.424413472420836,12.33138370513916,12.33138370513916
525,117,development,4,direct,12.662709207270272,12.63430952819296,12.574945449829102,12.574945449829102
535,117,development,4,direct,12.08954444723597,12.09929151547967,12.104013442993164,12.104013442993164
536,117,development,4,direct,11.58525542883217,11.759549921537984,11.780418395996094,11.780418395996094
538,117,development,4,direct,11.619544188752133,11.701659106045573,11.765792846679688,11.765792846679688
541,117,development,4,direct,12.660331092405906,12.831890153035696,12.788338661193848,12.788338661193848
542,117,development,4,direct,12.421188057397055,12.477642790226222,12.492786407470703,12.492786407470703
543,117,development,4,direct,12.270225154674701,12.26766566097473,12.297260284423828,12.297260284423828
544,117,development,4,direct,11.798111925972618,11.792400834285305,11.8057861328125,11.8057861328125
550,117,development,4,direct,12.479913113434042,12.36121622784349,12.374682426452637,12.374682426452637
556,117,development,4,direct,11.635151947212842,11.636891970234986,11.619098663330078,11.619098663330078
566,117,development,4,direct,11.759793355371237,11.769076049342777,11.785572052001953,11.785572052001953
580,117,development,4,direct,11.78676973513378,11.776824688279829,11.691483497619629,11.691483497619629
584,117,development,4,direct,12.691583538230217,12.586808329712717,12.608180046081543,12.608180046081543
585,117,development,4,direct,11.798111925972618,11.84094988095476,11.810449600219727,11.810449600219727
588,117,development,4,direct,11.827743504053695,11.813503437297884,11.832468032836914,11.832468032836914
593,117,development,4,direct,11.835016210489899,11.894467885290032,11.8336181640625,11.8336181640625
594,117,development,4,direct,11.849404844423074,11.847808546955108,11.864051818847656,11.864051818847656
597,117,development,4,direct,11.648373769145277,11.576564337441923,11.671120643615723,11.671120643615723
600,117,development,4,direct,11.92504173829169,11.942611856366588,11.918657302856445,11.918657302856445
608,117,development,4,direct,12.323860125621126,12.114311347481939,11.962106704711914,11.962106704711914
617,117,development,4,direct,12.118339189722553,12.108327523621002,12.126604080200195,12.126604080200195
618,117,development,4,direct,11.566475710526321,11.683803405794684,11.633434295654297,11.633434295654297
621,117,development,4,direct,11.112462823634855,11.053016920371078,10.975665092468262,10.975665092468262
623,117,development,4,direct,11.813037464800539,11.743995542127054,11.740022659301758,11.740022659301758
626,117,development,4,direct,11.982935344196433,11.871288900200346,11.87763786315918,11.87763786315918
628,117,development,4,direct,11.938199736300925,12.00314363030232,12.031469345092773,12.031469345092773
637,117,development,4,direct,11.002116507732017,10.901811615570606,10.94275188446045,10.94275188446045
640,117,development,4,direct,12.485830907348902,12.460394220958603,12.493206977844238,12.493206977844238
647,117,development,4,direct,11.495789479023493,11.519359550313126,11.499073028564453,11.499073028564453
653,117,development,4,direct,12.160033942617156,12.186343494410586,12.191211700439453,12.191211700439453
654,117,development,4,direct,11.813037464800539,11.800957147862125,11.871807098388672,11.871807098388672
662,117,development,4,direct,12.904209855160254,12.834907076858983,12.862329483032227,12.862329483032227
664,117,development,4,direct,11.83138646878959,11.867489045484765,11.82985782623291,11.82985782623291
684,117,development,4,direct,12.560247968016562,12.562590002935684,12.597113609313965,12.597113609313965
687,117,development,4,direct,12.336556900342153,12.375102595141668,12.288456916809082,12.288456916809082
689,117,development,4,direct,12.879019669789754,12.316173651452035,12.309544563293457,12.309544563293457
693,117,development,4,direct,12.721888795877375,12.635430725046463,12.65636157989502,12.65636157989502
701,117,development,4,direct,12.652362948153474,12.638326588208344,12.608750343322754,12.608750343322754
702,117,development,4,direct,11.849404844423074,11.910723199801936,11.876997947692871,11.876997947692871
705,117,development,4,direct,12.269052139516223,12.281831058206187,12.283729553222656,12.283729553222656
707,117,development,4,direct,12.618185607609803,12.47057075549839,12.627026557922363,12.627026557922363
710,117,development,4,direct,11.60733523953139,11.562189228191059,11.599571228027344,11.599571228027344
711,117,development,4,direct,10.859018228147887,11.310452930064255,11.292454719543457,11.292454719543457
714,117,development,4,direct,11.767575435251748,11.658490010362854,11.61855697631836,11.61855697631836
716,117,development,4,direct,12.013706813470414,11.916772175206129,11.880829811096191,11.880829811096191
720,117,development,4,direct,11.763691965388299,11.839934550134426,11.801948547363281,11.801948547363281
726,117,development,4,direct,11.699413330633599,11.642990602086618,11.703874588012695,11.703874588012695
727,117,development,4,direct,12.310437165348775,12.290777807645188,12.368127822875977,12.368127822875977
732,117,development,4,direct,12.141539457711714,12.137253838864469,12.104405403137207,12.104405403137207
741,117,development,4,direct,11.790564777297387,11.676996839487467,11.74920654296875,11.74920654296875
745,117,development,4,direct,12.100717685412471,12.272372453534096,12.252435684204102,12.252435684204102
755,117,development,4,direct,11.957617696467539,11.864519991007738,11.922149658203125,11.922149658203125
769,117,development,4,direct,12.28690580994122,12.348811500758453,12.36782455444336,12.36782455444336
777,117,development,4,direct,12.308182383129823,12.319505220459748,12.332685470581055,12.332685470581055
795,117,development,4,direct,12.178192583415596,12.202009986850959,12.238042831420898,12.238042831420898
798,117,development,4,direct,11.608244735642321,11.510145656924879,11.540194511413574,11.540194511413574
807,117,development,4,direct,11.816734299348461,11.78640002858694,11.78973388671875,11.78973388671875
809,117,development,4,direct,11.982622797311857,11.88895430180034,11.917601585388184,11.917601585388184
812,117,development,4,direct,11.881041706925902,11.883028853199123,11.910477638244629,11.910477638244629
826,117,development,4,direct,12.861001210669146,12.956950660138041,12.909388542175293,12.909388542175293
831,117,development,4,direct,12.019749091416921,12.086823340106635,11.990266799926758,11.990266799926758
855,117,development,4,direct,12.04355959836804,12.035705460787053,11.951802253723145,11.951802253723145
861,117,development,4,direct,12.154521423145216,12.070873309700442,12.0184907913208,12.0184907913208
862,117,development,4,direct,11.78676973513378,11.827144172890891,11.828207969665527,11.828207969665527
867,117,development,4,direct,12.424810506025395,12.430675328928508,12.415596961975098,12.415596961975098
869,117,development,4,direct,12.037659911047468,12.008417436159096,11.961572647094727,11.961572647094727
872,117,development,4,direct,12.208574513247495,12.132191591900714,12.121195793151855,12.121195793151855
875,117,development,4,direct,11.104972264124868,11.462052073028497,11.413101196289062,11.413101196289062
886,117,development,4,direct,12.70351207261035,12.464772200310788,12.587730407714844,12.587730407714844
891,117,development,4,direct,11.719134432217524,11.694064192947417,11.632184982299805,11.632184982299805
893,117,development,4,direct,11.947955847790901,11.85667851987257,11.850071907043457,11.850071907043457
894,117,development,4,direct,12.013706813470414,11.966854921685728,11.915752410888672,11.915752410888672
896,117,development,4,direct,11.849404844423074,12.02013801800387,12.015726089477539,12.015726089477539
901,117,development,4,direct,11.608244735642321,11.645371189940487,11.638766288757324,11.638766288757324
905,117,development,4,direct,11.74006900564972,11.707336549864356,11.695294380187988,11.695294380187988
907,117,development,4,direct,12.449022745701502,12.462058037507758,12.5252685546875,12.5252685546875
915,117,development,4,direct,12.065280672855897,12.025277056458837,11.981149673461914,11.981149673461914
919,117,development,4,direct,12.380030154325457,12.473463819914532,12.479351997375488,12.479351997375488
931,117,development,4,direct,12.211065162153215,12.316122153452584,12.308927536010742,12.308927536010742
932,117,development,4,direct,11.674202123168433,11.754500907472636,11.785837173461914,11.785837173461914
944,117,development,4,direct,11.870606902224587,11.834891594368745,11.887218475341797,11.887218475341797
952,117,development,4,direct,11.694421681264394,11.647258773227811,11.663850784301758,11.663850784301758
958,117,development,4,direct,11.790564777297387,11.756414952862599,11.768054962158203,11.768054962158203
966,117,development,4,direct,12.094587859196112,12.023533555958089,12.05166244506836,12.05166244506836
971,117,development,4,direct,11.813037464800539,11.287890977906656,11.23841381072998,11.23841381072998
974,117,development,4,direct,12.111767460549332,12.29538376361521,12.256875038146973,12.256875038146973
979,117,development,4,direct,11.608244735642321,11.565287156647006,11.570992469787598,11.570992469787598
980,117,development,4,direct,11.842236406331555,11.787986821573556,11.832687377929688,11.832687377929688
993,117,development,4,direct,12.138869243416009,12.192523822135731,12.202069282531738,12.202069282531738
995,117,development,4,direct,12.729323752253295,12.727169494316993,12.800418853759766,12.800418853759766
998,117,development,4,direct,12.128116509451258,11.981854968483786,11.908581733703613,11.908581733703613
999,117,development,4,direct,11.418625774449598,11.484504614589405,11.264433860778809,11.264433860778809
1000,117,development,4,direct,12.235636302128867,12.157535232855786,12.135834693908691,12.135834693908691
1003,117,development,4,direct,12.354496960983985,12.393216812104157,12.379042625427246,12.379042625427246
1006,117,development,4,direct,11.917730355182513,11.829969680846572,11.781647682189941,11.781647682189941
1011,117,development,4,direct,11.813037464800539,11.772130896915447,11.747145652770996,11.747145652770996
1012,117,development,4,direct,11.51293546492023,11.532224847574048,11.524860382080078,11.524860382080078
1014,117,development,4,direct,11.350418300109132,11.532775565895255,11.563597679138184,11.563597679138184
1018,117,development,4,direct,12.141539457711714,12.131047778722529,12.096952438354492,12.096952438354492
1024,117,development,4,direct,12.160033942617156,12.163979437863343,12.148762702941895,12.148762702941895
1026,117,development,4,direct,11.630717389475995,11.728582051669473,11.758037567138672,11.758037567138672
1027,117,development,4,direct,12.02874460037869,11.887499783761516,11.865071296691895,11.865071296691895
1034,117,development,4,direct,12.345838935721968,12.390446472568822,12.370601654052734,12.370601654052734
1041,117,development,4,direct,11.951186847493476,11.991674320583995,12.01956844329834,12.01956844329834
1043,117,development,4,direct,12.185875040240456,12.180874728195386,12.132292747497559,12.132292747497559
1045,117,development,4,direct,12.535379989788607,12.574187629397727,12.577248573303223,12.577248573303223
1049,117,development,4,direct,11.652696102959753,11.819907922193062,11.827157020568848,11.827157020568848
1050,117,development,4,direct,11.349241150793087,11.602168747274376,11.503555297851562,11.503555297851562
1051,117,development,4,direct,12.080996832096167,12.105533429256853,12.17219352722168,12.17219352722168
1058,117,development,4,direct,12.421188057397055,12.322068069302922,12.369223594665527,12.369223594665527
1060,117,development,4,direct,12.301387370778713,12.137589787080916,12.16966724395752,12.16966724395752
1061,117,development,4,direct,12.271396795480596,12.226657160064368,12.265503883361816,12.265503883361816
1066,117,development,4,direct,12.700771936142122,12.492699482188057,12.523035049438477,12.523035049438477
1069,117,development,4,direct,11.927687224983487,12.06238542811118,12.094234466552734,12.094234466552734
1071,117,development,4,direct,11.813037464800539,11.790168929075737,11.79882526397705,11.79882526397705
1079,117,development,4,direct,11.956976469393481,11.847033304079222,11.85853099822998,11.85853099822998
1081,117,development,4,direct,11.884495917930655,12.008676223778105,12.05001163482666,12.05001163482666
1083,117,development,4,direct,12.165255859329688,12.18379898025836,12.154386520385742,12.154386520385742
1084,117,development,4,direct,11.982935344196433,11.969804650151112,11.889949798583984,11.889949798583984
1089,117,development,4,direct,11.83138646878959,11.79626893356924,11.869766235351562,11.869766235351562
1101,117,development,4,direct,11.002116507732017,11.003522874010724,11.08051586151123,11.08051586151123
1104,117,development,4,direct,11.979805470779858,11.886757710267517,11.982465744018555,11.982465744018555
1116,117,development,4,direct,12.669809806411457,12.587811216179388,12.536685943603516,12.536685943603516
1119,117,development,4,direct,11.849404844423074,11.794918682395236,11.81394100189209,11.81394100189209
1135,117,development,4,direct,12.037659911047468,12.10018812322228,12.049727439880371,12.049727439880371
1138,117,development,4,direct,11.451060699493427,11.407511272269833,11.442425727844238,11.442425727844238
1139,117,development,4,direct,12.185875040240456,12.241049451862184,12.240442276000977,12.240442276000977
1140,117,development,4,direct,11.87757552297847,11.717426730086771,11.72964096069336,11.72964096069336
1141,117,development,4,direct,11.842236406331555,11.75117165678003,11.72907543182373,11.72907543182373
1146,117,development,4,direct,11.91170829631447,11.805526885622898,11.720727920532227,11.720727920532227
1147,117,development,4,direct,12.100717685412471,12.100264989293366,12.067879676818848,12.067879676818848
1150,117,development,4,direct,11.870606902224587,11.823935694474308,11.88332748413086,11.88332748413086
1158,117,development,4,direct,12.345838935721968,12.280121416050093,12.250995635986328,12.250995635986328
1165,117,development,4,direct,12.175618592671356,12.17954274317872,12.12961483001709,12.12961483001709
1170,117,development,4,direct,13.345508528717259,13.262390977805689,13.044179916381836,13.044179916381836
1180,117,development,4,direct,11.440365524765756,11.49363085314421,11.443552017211914,11.443552017211914
1183,117,development,4,direct,13.521140839642674,13.086066696427448,12.961480140686035,12.961480140686035
1184,117,development,4,direct,11.695255355062795,11.874539608629384,11.822298049926758,11.822298049926758
1185,117,development,4,direct,12.137263685701864,12.233544924894018,12.103842735290527,12.103842735290527
1194,117,development,4,direct,12.013706813470414,12.01148781499978,11.998825073242188,11.998825073242188
1202,117,development,4,direct,12.19552218463499,12.178275326779277,12.20258617401123,12.20258617401123
1209,117,development,4,direct,11.849404844423074,11.841628180142527,11.881138801574707,11.881138801574707
1211,117,development,4,direct,12.149507585033072,12.202042082070072,12.189275741577148,12.189275741577148
1213,117,development,4,direct,11.635151947212842,11.387622468421487,11.360559463500977,11.360559463500977
1215,117,development,4,direct,11.80932691294063,11.759710086829159,11.771790504455566,11.771790504455566
1219,117,development,4,direct,11.296024885689746,11.139489659643791,11.066183090209961,11.066183090209961
1229,117,development,4,direct,12.813920618864572,12.796382436745526,12.771484375,12.771484375
1230,117,development,4,direct,11.751950239425476,11.846206754396588,11.883842468261719,11.883842468261719
1231,117,development,4,direct,12.154784614286667,12.199407242817069,12.14904499053955,12.14904499053955
1238,117,development,4,direct,12.180759965737863,12.268182446383074,12.274481773376465,12.274481773376465
1240,117,development,4,direct,12.490879338036375,12.33174283785234,12.350225448608398,12.350225448608398
1245,117,development,4,direct,12.345838935721968,12.126583606883063,12.122462272644043,12.122462272644043
1249,117,development,4,direct,11.771443882099637,11.838683968153866,11.90268325805664,11.90268325805664
1250,117,development,4,direct,11.686887175419702,11.721610745877927,11.67292308807373,11.67292308807373
1251,117,development,4,direct,12.404927602627597,12.409408607449324,12.505090713500977,12.505090713500977
1259,117,development,4,direct,12.154784614286667,12.083086342365856,12.129579544067383,12.129579544067383
1261,117,development,4,direct,12.10625783509458,12.156217355968444,12.09300422668457,12.09300422668457
1272,117,development,4,direct,12.132162346145595,12.08402189752956,11.993608474731445,11.993608474731445
1288,117,development,4,direct,12.154784614286667,12.028163381343246,12.0991849899292,12.0991849899292
1301,117,development,4,direct,12.323860125621126,12.322568075258372,12.320323944091797,12.320323944091797
1302,117,development,4,direct,12.086731521684555,12.050042652509262,11.984621047973633,11.984621047973633
1305,117,development,4,direct,11.775297421715827,11.904489075920521,11.891205787658691,11.891205787658691
1312,117,development,4,direct,12.220966184120165,12.20602782294278,12.268624305725098,12.268624305725098
1319,117,development,4,direct,12.524530013005734,12.506830014775908,12.493291854858398,12.493291854858398
1320,117,development,4,direct,11.6172944892629,11.6438958748476,11.6712064743042,11.6712064743042
1321,117,development,4,direct,11.960817678718287,11.966910602094696,11.899564743041992,11.899564743041992
1326,117,development,4,direct,10.915106645867503,11.156471829793727,11.033689498901367,11.033689498901367
1337,117,development,4,direct,11.813037464800539,11.850354967167073,11.898773193359375,11.898773193359375
1341,117,development,4,direct,11.719947764402807,11.566073227586301,11.620476722717285,11.620476722717285
1344,117,development,4,direct,12.083910661257521,12.018032435547655,11.988039016723633,11.988039016723633
1345,117,development,4,direct,11.95655945119582,12.045286362377944,12.12137508392334,12.12137508392334
1346,117,development,4,direct,11.59451466851004,11.444792713291939,11.521354675292969,11.521354675292969
1349,117,development,4,direct,12.278397958261774,12.423795803526238,12.432795524597168,12.432795524597168
1352,117,development,4,direct,12.049424683420915,11.988479351068136,12.046582221984863,12.046582221984863
1365,117,development,4,direct,11.878630514504515,11.89743994088794,11.90256118774414,11.90256118774414
1376,117,development,4,direct,12.384223015005313,12.458147330976136,12.484392166137695,12.484392166137695
1394,117,development,4,direct,12.001511614739405,11.828218722401216,11.970974922180176,11.970974922180176
1407,117,development,4,direct,11.798111925972618,11.798788992324706,11.784852027893066,11.784852027893066
1413,117,development,4,direct,11.407576060361786,11.460716406633393,11.423125267028809,11.423125267028809
1415,117,development,4,direct,12.240478903153711,12.18759651179523,12.241562843322754,12.241562843322754
1420,117,development,4,direct,12.314931534737134,12.39828049358283,12.372493743896484,12.372493743896484
1427,117,development,4,direct,12.509877789891931,12.466584167037812,12.400979995727539,12.400979995727539
1430,117,development,4,direct,12.116700301832573,12.175604409178087,12.11281967163086,12.11281967163086
1439,117,development,4,direct,11.916395250412128,11.877424451164506,11.908095359802246,11.908095359802246
1440,117,development,4,direct,12.190964083849375,12.077053259499142,12.11802864074707,12.11802864074707
1442,117,development,4,direct,11.913719681428494,11.90050211847284,11.876019477844238,11.876019477844238
1443,117,development,4,direct,12.644330802262578,12.68605530665568,12.802992820739746,12.802992820739746
1451,117,development,4,direct,11.820417517632333,11.7894385271328,11.795888900756836,11.795888900756836
1458,117,development,4,direct,12.493133274926212,12.449596406776429,12.420495986938477,12.420495986938477
4,117,development,5,direct,11.849404844423074,12.067484341309822,12.095075607299805,12.095075607299805
5,117,development,5,direct,12.429220196836383,12.6522646099488,12.593822479248047,12.593822479248047
8,117,development,5,direct,12.206077645517674,12.276966861468948,12.283995628356934,12.283995628356934
9,117,development,5,direct,11.774527900858468,11.815302847063805,11.804330825805664,11.804330825805664
11,117,development,5,direct,11.771443882099637,11.758115962701037,11.739109992980957,11.739109992980957
13,117,development,5,direct,11.87757552297847,11.804128409941136,11.836161613464355,11.836161613464355
14,117,development,5,direct,12.540761149388421,12.317297242500432,12.268136978149414,12.268136978149414
15,117,development,5,direct,11.964007453736912,11.954934202024141,11.946928024291992,11.946928024291992
23,117,development,5,direct,12.345838935721968,12.371291793858866,12.38254165649414,12.38254165649414
25,117,development,5,direct,11.944714374881176,11.893000823834596,11.869096755981445,11.869096755981445
32,117,development,5,direct,11.914054519303125,11.874447142424115,11.841318130493164,11.841318130493164
33,117,development,5,direct,12.100161978566867,12.15732528360663,12.171798706054688,12.171798706054688
40,117,development,5,direct,11.314486721293981,11.349111554417384,11.294622421264648,11.294622421264648
47,117,development,5,direct,12.387089184491993,12.585421665426077,12.62850570678711,12.62850570678711
60,117,development,5,direct,11.735276702486741,11.697965622197541,11.699942588806152,11.699942588806152
64,117,development,5,direct,11.849404844423074,11.835330156182156,11.81200122833252,11.81200122833252
65,117,development,5,direct,12.299112067295642,12.290242627892408,12.391334533691406,12.391334533691406
69,117,development,5,direct,11.289794413577894,11.338771992131276,11.243379592895508,11.243379592895508
81,117,development,5,direct,12.173037959397275,12.282067428071192,12.243406295776367,12.243406295776367
88,117,development,5,direct,12.010671928196443,12.029969579947197,12.016775131225586,12.016775131225586
99,117,development,5,direct,11.326607934898927,11.371466605237305,11.332389831542969,11.332389831542969
102,117,development,5,direct,12.08954444723597,12.063442821995372,12.0228853225708,12.0228853225708
109,117,development,5,direct,11.652696102959753,11.69632582534347,11.700847625732422,11.700847625732422
111,117,development,5,direct,11.827013315851762,11.887734555114362,11.930144309997559,11.930144309997559
124,117,development,5,direct,11.944064817531656,11.99093834345069,11.98261547088623,11.98261547088623
127,117,development,5,direct,11.759793355371237,11.846008260696314,11.85056209564209,11.85056209564209
133,117,development,5,direct,11.923384748066601,11.9386499613763,11.944130897521973,11.944130897521973
140,117,development,5,direct,12.352339472153524,12.24545168362777,12.205414772033691,12.205414772033691
150,117,development,5,direct,11.652696102959753,11.588544857913243,11.701069831848145,11.701069831848145
151,117,development,5,direct,11.711784520403112,11.819950425874298,11.812919616699219,11.812919616699219
152,117,development,5,direct,12.827731880206521,12.703837043973895,12.656190872192383,12.656190872192383
159,117,development,5,direct,12.448630513463613,12.371219334468027,12.32271957397461,12.32271957397461
160,117,development,5,direct,12.676079399771027,12.628780562619855,12.609932899475098,12.609932899475098
162,117,development,5,direct,12.929993908996359,12.952296873952951,12.957852363586426,12.957852363586426
164,117,development,5,direct,11.544433821905134,11.38429192108901,11.42709732055664,11.42709732055664
166,117,development,5,direct,11.755879486687116,11.757548480492007,11.751462936401367,11.751462936401367
169,117,development,5,direct,12.119975396053194,12.15629869878048,12.20742416381836,12.20742416381836
178,117,development,5,direct,12.058158312538197,12.12185046129021,12.029539108276367,12.029539108276367
183,117,development,5,direct,11.695255355062795,11.693522362418525,11.636080741882324,11.636080741882324
189,117,development,5,direct,11.940399914116648,11.869236533848351,11.901100158691406,11.901100158691406
197,117,development,5,direct,12.650351332641707,12.623553057889286,12.62795639038086,12.62795639038086
207,117,development,5,direct,11.87688084212164,11.820234255144836,11.84565258026123,11.84565258026123
208,117,development,5,direct,11.856522261533737,11.857656798669272,11.819005966186523,11.819005966186523
226,117,development,5,direct,11.626263078808801,11.536566426640947,11.444046020507812,11.444046020507812
227,117,development,5,direct,12.577639650232573,12.513988267845534,12.476851463317871,12.476851463317871
228,117,development,5,direct,11.571203807011969,11.488658879877393,11.476853370666504,11.476853370666504
243,117,development,5,direct,11.277215789596893,11.482453083051226,11.370725631713867,11.370725631713867
244,117,development,5,direct,11.695255355062795,11.810933159367309,11.799246788024902,11.799246788024902
246,117,development,5,direct,12.394628892852941,12.294744251547979,12.34911823272705,12.34911823272705
250,117,development,5,direct,12.531776395271262,12.503832629527393,12.482029914855957,12.482029914855957
257,117,development,5,direct,12.242891437918386,12.221839934018561,12.17455768585205,12.17455768585205
261,117,development,5,direct,12.07824495582233,12.061716008949952,12.00620174407959,12.00620174407959
263,117,development,5,direct,11.92504173829169,11.885642987920477,11.967199325561523,11.967199325561523
269,117,development,5,direct,11.699413330633599,11.644264239838373,11.597615242004395,11.597615242004395
274,117,development,5,direct,11.842236406331555,12.010034345932464,11.997329711914062,11.997329711914062
276,117,development,5,direct,12.230770136157428,12.056085964764431,12.07618236541748,12.07618236541748
277,117,development,5,direct,12.211065162153215,12.188399590119325,12.272558212280273,12.272558212280273
278,117,development,5,direct,11.856522261533737,11.559202109604003,11.55953598022461,11.55953598022461
281,117,development,5,direct,12.339295865674435,12.310755616585297,12.314834594726562,12.314834594726562
283,117,development,5,direct,12.242891437918386,12.284051618664654,12.295820236206055,12.295820236206055
302,117,development,5,direct,12.495007682693725,12.515352769233864,12.549128532409668,12.549128532409668
303,117,development,5,direct,12.230770136157428,12.330570624638321,12.330897331237793,12.330897331237793
305,117,development,5,direct,12.59473402514672,12.532930458406858,12.765863418579102,12.765863418579102
309,117,development,5,direct,11.320565693461432,11.626475935569168,11.5413179397583,11.5413179397583
312,117,development,5,direct,11.790564777297387,11.823597342956893,11.842267036437988,11.842267036437988
314,117,development,5,direct,12.834683971615659,12.433397669591555,12.413541793823242,12.413541793823242
320,117,development,5,direct,12.141539457711714,12.17349895509311,12.216943740844727,12.216943740844727
325,117,development,5,direct,12.396697137361691,12.473696953578974,12.39529037475586,12.39529037475586
328,117,development,5,direct,11.886218559372042,11.880074147184226,11.883244514465332,11.883244514465332
331,117,development,5,direct,11.686887175419702,11.844591439814382,11.926441192626953,11.926441192626953
332,117,development,5,direct,11.842236406331555,11.794312026570294,11.822087287902832,11.822087287902832
333,117,development,5,direct,12.556733038263905,12.663734136313874,12.761962890625,12.761962890625
338,117,development,5,direct,12.273735966890268,12.303081244965,12.32912826538086,12.32912826538086
347,117,development,5,direct,11.928347504569842,11.825532631004645,11.872618675231934,11.872618675231934
354,117,development,5,direct,11.570259974415547,11.470024806264979,11.543428421020508,11.543428421020508
357,117,development,5,direct,12.06105265381003,12.018057992142753,12.054651260375977,12.054651260375977
363,117,development,5,direct,12.198549416880068,12.085829273480725,12.123668670654297,12.123668670654297
369,117,development,5,direct,11.790564777297387,11.892892269148344,11.834090232849121,11.834090232849121
371,117,development,5,direct,12.057578437658945,12.116739039545049,12.066061973571777,12.066061973571777
375,117,development,5,direct,12.299112067295642,12.227140970137986,12.249229431152344,12.249229431152344
376,117,development,5,direct,11.0186455364637,11.288445298013727,11.310892105102539,11.310892105102539
385,117,development,5,direct,12.388398368982115,12.515193232232754,12.371649742126465,12.371649742126465
391,117,development,5,direct,11.686887175419702,11.76682364040133,11.712804794311523,11.712804794311523
392,117,development,5,direct,12.278397958261774,12.31942401154884,12.263668060302734,12.263668060302734
394,117,development,5,direct,11.51293546492023,11.432840618779581,11.294402122497559,11.294402122497559
399,117,development,5,direct,11.112462823634855,11.311476051335111,11.512813568115234,11.512813568115234
407,117,development,5,direct,11.652696102959753,11.65840543617035,11.750229835510254,11.750229835510254
410,117,development,5,direct,12.73596827534975,12.625322138641224,12.61184310913086,12.61184310913086
411,117,development,5,direct,11.002116507732017,11.531485451906498,11.572450637817383,11.572450637817383
412,117,development,5,direct,11.884495917930655,11.838771516726363,11.8590669631958,11.8590669631958
415,117,development,5,direct,12.337105293891872,12.379015312293596,12.38198184967041,12.38198184967041
416,117,development,5,direct,12.106997888588934,12.136351471353056,12.203204154968262,12.203204154968262
423,117,development,5,direct,11.635151947212842,11.671758032712768,11.633901596069336,11.633901596069336
433,117,development,5,direct,11.715874472198905,11.728899473632982,11.748804092407227,11.748804092407227
445,117,development,5,direct,12.25486757159303,12.29730505753197,12.282525062561035,12.282525062561035
471,117,development,5,direct,12.264346270624157,12.213909773577937,12.405198097229004,12.405198097229004
482,117,development,5,direct,12.832013750189885,12.786766180680381,12.798476219177246,12.798476219177246
499,117,development,5,direct,11.775297421715827,11.790994953937448,11.744037628173828,11.744037628173828
502,117,development,5,direct,12.331387247601905,12.286139660833292,12.284906387329102,12.284906387329102
503,117,development,5,direct,11.849404844423074,11.781762194088568,11.90798282623291,11.90798282623291
510,117,development,5,direct,11.732069026983156,11.861007535616713,11.853377342224121,11.853377342224121
518,117,development,5,direct,12.487488878546145,12.561887140119682,12.49758243560791,12.49758243560791
523,117,development,5,direct,11.976665770490767,11.92248195178497,11.850629806518555,11.850629806518555
524,117,development,5,direct,12.126764251515691,13.338535273044494,12.921027183532715,12.921027183532715
526,117,development,5,direct,12.07824495582233,12.092437539162129,12.131385803222656,12.131385803222656
527,117,development,5,direct,11.790564777297387,11.815971195175177,11.75499439239502,11.75499439239502
528,117,development,5,direct,13.008661502470739,12.95111652495476,12.971267700195312,12.971267700195312
531,117,development,5,direct,12.07254696717504,12.13035147611215,12.150211334228516,12.150211334228516
532,117,development,5,direct,11.759793355371237,11.76675805704558,11.823222160339355,11.823222160339355
537,117,development,5,direct,12.144202560946876,12.185298725413572,12.186419486999512,12.186419486999512
547,117,development,5,direct,12.25486757159303,12.044146609863603,12.062355041503906,12.062355041503906
549,117,development,5,direct,11.736077016252437,11.697609887537237,11.72408390045166,11.72408390045166
560,117,development,5,direct,12.36308066783498,12.149732446867219,12.143770217895508,12.143770217895508
567,117,development,5,direct,12.691583538230217,12.664180861125857,12.71690845489502,12.71690845489502
571,117,development,5,direct,11.867805799560465,11.81360022589256,11.946638107299805,11.946638107299805
574,117,development,5,direct,12.04355959836804,12.02940476892813,12.037071228027344,12.037071228027344
579,117,development,5,direct,11.891368749982085,11.993928223977736,11.973230361938477,11.973230361938477
581,117,development,5,direct,12.111217862017215,12.117545854419692,12.19693374633789,12.19693374633789
586,117,development,5,direct,12.820990681250251,12.867438775148242,12.829466819763184,12.829466819763184
596,117,development,5,direct,12.672949516558306,12.67454470984899,12.631813049316406,12.631813049316406
599,117,development,5,direct,12.289958727201455,12.216901114842397,12.186946868896484,12.186946868896484
605,117,development,5,direct,12.30592250537653,12.294712411533277,12.275410652160645,12.275410652160645
612,117,development,5,direct,11.904974309480181,11.979304818931721,11.977798461914062,11.977798461914062
624,117,development,5,direct,12.034696963475044,12.104565407217716,12.094890594482422,12.094890594482422
630,117,development,5,direct,12.034696963475044,11.978989646791224,11.988876342773438,11.988876342773438
631,117,development,5,direct,11.728044909070785,11.586185584778997,11.587294578552246,11.587294578552246
652,117,development,5,direct,11.58989576532275,11.621651640260646,11.543514251708984,11.543514251708984
658,117,development,5,direct,11.91170829631447,11.989361990191206,11.997178077697754,11.997178077697754
661,117,development,5,direct,12.19552218463499,12.188270131873814,12.237109184265137,12.237109184265137
663,117,development,5,direct,11.608244735642321,11.83478570991325,11.967246055603027,11.967246055603027
679,117,development,5,direct,12.827995001361906,12.762793687075016,12.690154075622559,12.690154075622559
680,117,development,5,direct,11.763691965388299,11.761822130415053,11.769780158996582,11.769780158996582
682,117,development,5,direct,11.979391594635791,11.587296286553192,11.561083793640137,11.561083793640137
686,117,development,5,direct,12.242891437918386,12.31436409834067,12.322032928466797,12.322032928466797
690,117,development,5,direct,12.179220327453933,12.146079166556481,12.102154731750488,12.102154731750488
691,117,development,5,direct,11.856522261533737,11.901382488053077,11.901176452636719,11.901176452636719
695,117,development,5,direct,11.860062063178267,11.72312806549547,11.704686164855957,11.704686164855957
704,117,development,5,direct,11.849404844423074,11.831148719441845,11.82405948638916,11.82405948638916
706,117,development,5,direct,10.915106645867503,11.075633569446858,11.034693717956543,11.034693717956543
709,117,development,5,direct,12.09815887308463,12.077387901581886,12.139557838439941,12.139557838439941
718,117,development,5,direct,11.964007453736912,11.98663617046875,11.988225936889648,11.988225936889648
728,117,development,5,direct,12.178192583415596,12.19894239357374,12.226310729980469,12.226310729980469
729,117,development,5,direct,11.608244735642321,11.802598437110566,11.860111236572266,11.860111236572266
730,117,development,5,direct,11.542493975902508,11.410156687393224,11.489602088928223,11.489602088928223
736,117,development,5,direct,12.001511614739405,12.03125213997364,12.013803482055664,12.013803482055664
737,117,development,5,direct,11.44572741040675,11.36596428853635,11.358617782592773,11.358617782592773
739,117,development,5,direct,12.095146671399466,11.828190100950838,11.865180015563965,11.865180015563965
744,117,development,5,direct,12.07254696717504,11.941554428991425,11.951831817626953,11.951831817626953
747,117,development,5,direct,12.371591321286905,12.361858274141756,12.408747673034668,12.408747673034668
751,117,development,5,direct,11.477308649967686,11.437824693194136,11.43114948272705,11.43114948272705
754,117,development,5,direct,12.526346537332584,12.526698165574192,12.511666297912598,12.511666297912598
759,117,development,5,direct,12.097378802727306,12.02792391350908,11.998122215270996,11.998122215270996
761,117,development,5,direct,11.755879486687116,11.651089632949263,11.723220825195312,11.723220825195312
762,117,development,5,direct,11.51293546492023,11.595144947314955,11.637439727783203,11.637439727783203
774,117,development,5,direct,11.648338835562747,11.698045708957089,11.649036407470703,11.649036407470703
784,117,development,5,direct,12.016732516077072,12.011374679791867,11.979969024658203,11.979969024658203
785,117,development,5,direct,11.759793355371237,11.807333527763596,11.801178932189941,11.801178932189941
786,117,development,5,direct,11.992266613576142,12.011714477561544,11.986481666564941,11.986481666564941
791,117,development,5,direct,11.984184555794167,11.998098301516187,11.970086097717285,11.970086097717285
794,117,development,5,direct,12.323860125621126,12.386127924080824,12.391536712646484,12.391536712646484
796,117,development,5,direct,12.049424683420915,12.011923165669025,12.000812530517578,12.000812530517578
800,117,development,5,direct,12.07254696717504,12.020529498319334,11.84943675994873,11.84943675994873
802,117,development,5,direct,11.60733523953139,11.70285052456834,11.673637390136719,11.673637390136719
808,117,development,5,direct,12.317171167298682,12.239642059121925,12.144378662109375,12.144378662109375
816,117,development,5,direct,12.323415584358154,12.205246926723765,12.253435134887695,12.253435134887695
820,117,development,5,direct,12.319405795112926,12.295127701386217,12.301886558532715,12.301886558532715
824,117,development,5,direct,11.845827048676645,11.844407152495215,11.886767387390137,11.886767387390137
829,117,development,5,direct,12.128116509451258,12.092009446411643,12.109538078308105,12.109538078308105
844,117,development,5,direct,11.856522261533737,11.744995439153122,11.853158950805664,11.853158950805664
846,117,development,5,direct,12.049424683420915,12.114101747149451,12.10692310333252,12.10692310333252
847,117,development,5,direct,12.269052139516223,12.187314870611319,12.237197875976562,12.237197875976562
849,117,development,5,direct,12.388398368982115,12.381697144004015,12.306276321411133,12.306276321411133
853,117,development,5,direct,12.00762780434872,12.015043649116665,12.091818809509277,12.091818809509277
854,117,development,5,direct,11.970356641102999,12.04353000925597,12.009589195251465,12.009589195251465
863,117,development,5,direct,11.931642378754141,11.872077384317373,11.864856719970703,11.864856719970703
871,117,development,5,direct,11.603688960617083,11.52415859691256,11.455852508544922,11.455852508544922
877,117,development,5,direct,11.792456911128632,11.809425341735542,11.803994178771973,11.803994178771973
878,117,development,5,direct,12.765691290604371,12.772232216423223,12.762011528015137,12.762011528015137
884,117,development,5,direct,11.682676678340282,11.728631882559364,11.654138565063477,11.654138565063477
897,117,development,5,direct,11.575909653758895,11.334164467021154,11.300191879272461,11.300191879272461
906,117,development,5,direct,11.759793355371237,11.75454565465218,11.773550987243652,11.773550987243652
908,117,development,5,direct,12.429220196836383,12.345739456725429,12.468633651733398,12.468633651733398
910,117,development,5,direct,12.066816325306588,12.052088364717902,12.048592567443848,12.048592567443848
914,117,development,5,direct,11.884495917930655,11.854040583144693,11.895329475402832,11.895329475402832
927,117,development,5,direct,12.560247968016562,12.596260060690257,12.598488807678223,12.598488807678223
930,117,development,5,direct,12.310437165348775,12.293612508094544,12.343311309814453,12.343311309814453
936,117,development,5,direct,11.288543647320601,11.472591700154343,11.404051780700684,11.404051780700684
937,117,development,5,direct,12.127575825689417,12.135743665235841,12.12861156463623,12.12861156463623
945,117,development,5,direct,11.83138646878959,12.018394950963035,12.017181396484375,12.017181396484375
955,117,development,5,direct,11.755879486687116,11.753602042133805,11.817831993103027,11.817831993103027
959,117,development,5,direct,12.128116509451258,12.176767441501376,12.207505226135254,12.207505226135254
962,117,development,5,direct,12.513561021741964,12.437318709568707,12.480161666870117,12.480161666870117
964,117,development,5,direct,12.384223015005313,12.476033357393046,12.595592498779297,12.595592498779297
965,117,development,5,direct,12.277932735946903,12.305840394751138,12.313968658447266,12.313968658447266
967,117,development,5,direct,11.982935344196433,11.8309757818981,11.900897979736328,11.900897979736328
975,117,development,5,direct,12.02874460037869,12.014544710959317,12.109874725341797,12.109874725341797
981,117,development,5,direct,12.091789104493502,11.988036239719657,12.058783531188965,12.058783531188965
982,117,development,5,direct,12.724869415131389,12.687837294966828,12.747379302978516,12.747379302978516
988,117,development,5,direct,12.887129532148373,12.967346181352864,12.838031768798828,12.838031768798828
989,117,development,5,direct,12.180759965737863,12.181448442599562,12.164298057556152,12.164298057556152
996,117,development,5,direct,11.7085004721646,11.591344471506487,11.629098892211914,11.629098892211914
1013,117,development,5,direct,12.013706813470414,12.018539883459292,12.0039644241333,12.0039644241333
1019,117,development,5,direct,11.982935344196433,12.043492971290608,12.008308410644531,12.008308410644531
1021,117,development,5,direct,12.07824495582233,12.041696596284405,11.888504981994629,11.888504981994629
1032,117,development,5,direct,12.190964083849375,12.214649823340332,12.386260032653809,12.386260032653809
1036,117,development,5,direct,11.338583982516495,11.362081768293933,11.376042366027832,11.376042366027832
1040,117,development,5,direct,11.289794413577894,11.348270035866957,11.288939476013184,11.288939476013184
1048,117,development,5,direct,11.884495917930655,11.889754391668298,11.855010986328125,11.855010986328125
1063,117,development,5,direct,11.407576060361786,11.729011211851091,11.76375961303711,11.76375961303711
1065,117,development,5,direct,11.944714374881176,11.946185694199846,11.950128555297852,11.950128555297852
1074,117,development,5,direct,11.979805470779858,11.946737576960883,11.892308235168457,11.892308235168457
1091,117,development,5,direct,11.439289689006644,11.3945859509211,11.407370567321777,11.407370567321777
1093,117,development,5,direct,11.824087219587643,12.010526034578522,11.992986679077148,11.992986679077148
1103,117,development,5,direct,11.813037464800539,11.818220306178244,11.75633716583252,11.75633716583252
1106,117,development,5,direct,12.691583538230217,12.734663877341722,12.674439430236816,12.674439430236816
1108,117,development,5,direct,12.52352951631214,12.327872033090962,12.202431678771973,12.202431678771973
1109,117,development,5,direct,12.10625783509458,12.033050886559579,12.016684532165527,12.016684532165527
1110,117,development,5,direct,12.54254845357358,12.66268649552062,12.620631217956543,12.620631217956543
1114,117,development,5,direct,11.80932691294063,11.808993002409967,11.802270889282227,11.802270889282227
1115,117,development,5,direct,11.669937760751914,11.658436897392706,11.644600868225098,11.644600868225098
1120,117,development,5,direct,11.803361242493628,11.697696464323736,11.724265098571777,11.724265098571777
1126,117,development,5,direct,11.652696102959753,11.605018436634241,11.61284351348877,11.61284351348877
1128,117,development,5,direct,12.464587201678082,12.407355582162996,12.35617733001709,12.35617733001709
1133,117,development,5,direct,11.674202123168433,11.764691531665262,11.790632247924805,11.790632247924805
1137,117,development,5,direct,11.686887175419702,11.704956493470643,11.744538307189941,11.744538307189941
1143,117,development,5,direct,12.959540872420414,12.86338787745109,12.825214385986328,12.825214385986328
1144,117,development,5,direct,11.289794413577894,11.521785278784183,11.513760566711426,11.513760566711426
1148,117,development,5,direct,12.069685751267224,12.15054983958545,12.154250144958496,12.154250144958496
1153,117,development,5,direct,12.345838935721968,12.18248272557279,12.166529655456543,12.166529655456543
1157,117,development,5,direct,12.100161978566867,12.105023683834515,12.067349433898926,12.067349433898926
1164,117,development,5,direct,11.59873612138334,11.86218184289055,11.843720436096191,11.843720436096191
1174,117,development,5,direct,12.208574513247495,12.239311443001084,12.193721771240234,12.193721771240234
1175,117,development,5,direct,12.384223015005313,12.331239022392733,12.269392013549805,12.269392013549805
1182,117,development,5,direct,12.880294363972055,12.557604941170295,12.564913749694824,12.564913749694824
1186,117,development,5,direct,11.560772327227417,11.744016618016532,11.752991676330566,11.752991676330566
1187,117,development,5,direct,11.461642696843066,11.745530179854745,11.59847640991211,11.59847640991211
1192,117,development,5,direct,12.066816325306588,12.025985472426177,12.036766052246094,12.036766052246094
1196,117,development,5,direct,12.07824495582233,11.982306484060217,12.021608352661133,12.021608352661133
1201,117,development,5,direct,11.6617850286409,11.539045554572976,11.521730422973633,11.521730422973633
1203,117,development,5,direct,11.669937760751914,11.782090126245338,11.752961158752441,11.752961158752441
1204,117,development,5,direct,12.269052139516223,12.276497640324308,12.277847290039062,12.277847290039062
1205,117,development,5,direct,11.941462360646149,11.9268666509562,11.933655738830566,11.933655738830566
1207,117,development,5,direct,11.580593459194764,11.631184525168667,11.671422004699707,11.671422004699707
1210,117,development,5,direct,12.577639650232573,12.503597041276386,12.504853248596191,12.504853248596191
1216,117,development,5,direct,11.736077016252437,11.593707457791995,11.636029243469238,11.636029243469238
1220,117,development,5,direct,11.424105180165641,11.460140732817397,11.486949920654297,11.486949920654297
1226,117,development,5,direct,11.884495917930655,11.83620005331214,11.868170738220215,11.868170738220215
1228,117,development,5,direct,11.898194668458823,11.8339605559475,11.866080284118652,11.866080284118652
1235,117,development,5,direct,11.775297421715827,11.618558856380004,11.719451904296875,11.719451904296875
1236,117,development,5,direct,11.841423131921784,11.878051075787205,11.970888137817383,11.970888137817383
1237,117,development,5,direct,12.075400019877522,11.996295390908392,11.986655235290527,11.986655235290527
1241,117,development,5,direct,12.323415584358154,12.249842648045638,12.26519775390625,12.26519775390625
1255,117,development,5,direct,12.016128107502665,12.15640540085276,12.112187385559082,12.112187385559082
1262,117,development,5,direct,11.766799946849087,11.752031268514768,11.732062339782715,11.732062339782715
1270,117,development,5,direct,11.87757552297847,11.815785545406495,11.803814888000488,11.803814888000488
1275,117,development,5,direct,11.842236406331555,11.83980647501539,11.793267250061035,11.793267250061035
1281,117,development,5,direct,12.33270970174018,12.238928108557511,12.29037857055664,12.29037857055664
1283,117,development,5,direct,11.921725007667265,11.910757985047617,11.86983585357666,11.86983585357666
1284,117,development,5,direct,11.842236406331555,11.846200333622487,11.890427589416504,11.890427589416504
1286,117,development,5,direct,11.794345471549745,11.711939084367954,11.753716468811035,11.753716468811035
1293,117,development,5,direct,11.58525542883217,11.683755531325465,11.652055740356445,11.652055740356445
1295,117,development,5,direct,11.652696102959753,11.72412429197561,11.71524429321289,11.71524429321289
1298,117,development,5,direct,11.849404844423074,11.953525005971708,11.891170501708984,11.891170501708984
1307,117,development,5,direct,12.218500103788143,12.136181565517012,12.157633781433105,12.157633781433105
1309,117,development,5,direct,11.898194668458823,11.879539906156072,11.890178680419922,11.890178680419922
1315,117,development,5,direct,11.686887175419702,11.674941556238666,11.64653205871582,11.64653205871582
1325,117,development,5,direct,11.898194668458823,12.588568111107799,12.588652610778809,12.588652610778809
1328,117,development,5,direct,11.779136168550774,11.774100934090896,11.760052680969238,11.760052680969238
1329,117,development,5,direct,12.45293662970407,12.174286031430489,12.249076843261719,12.249076843261719
1330,117,development,5,direct,12.081081821061819,12.10104187816781,12.1154203414917,12.1154203414917
1335,117,development,5,direct,11.736077016252437,11.644693787101438,11.698274612426758,11.698274612426758
1339,117,development,5,direct,12.206077645517674,12.297053020507931,12.280668258666992,12.280668258666992
1351,117,development,5,direct,12.206077645517674,12.05224994909871,12.026979446411133,12.026979446411133
1355,117,development,5,direct,12.367345048436391,12.368666215542703,12.36544418334961,12.36544418334961
1358,117,development,5,direct,11.917730355182513,11.981071017058186,11.97061824798584,11.97061824798584
1381,117,development,5,direct,10.97679912709094,11.24643378556533,11.175529479980469,11.175529479980469
1385,117,development,5,direct,11.561725152903833,11.588404068173896,11.640273094177246,11.640273094177246
1390,117,development,5,direct,11.782960235741939,11.806308305869127,11.808632850646973,11.808632850646973
1393,117,development,5,direct,11.719947764402807,11.748255442858467,11.795663833618164,11.795663833618164
1395,117,development,5,direct,12.415437707935368,12.30244868767189,12.28437614440918,12.28437614440918
1396,117,development,5,direct,12.546871224308068,12.515884928671216,12.615220069885254,12.615220069885254
1402,117,development,5,direct,12.170450649220749,12.115993813442397,12.139328002929688,12.139328002929688
1417,117,development,5,direct,11.715874472198905,11.779724828406216,11.7471284866333,11.7471284866333
1419,117,development,5,direct,11.728044909070785,11.809037237187631,11.787396430969238,11.787396430969238
1426,117,development,5,direct,11.863589378812122,11.871485169812843,11.924677848815918,11.924677848815918
1428,117,development,5,direct,11.849404844423074,11.863642522034594,11.755152702331543,11.755152702331543
1432,117,development,5,direct,11.87583791515714,11.796686231698652,11.855855941772461,11.855855941772461
1434,117,development,5,direct,12.136191879981927,12.13406154932403,12.098258972167969,12.098258972167969
1436,117,development,5,direct,12.066816325306588,12.054629256466777,11.989728927612305,11.989728927612305
1450,117,development,5,direct,11.429554725537322,11.425655303372842,11.271001815795898,11.271001815795898
1453,117,development,5,direct,11.884495917930655,11.812868720066868,11.805033683776855,11.805033683776855
1460,117,development,5,direct,11.901590234400047,11.921717742791015,11.917068481445312,11.917068481445312
12,314,development,1,direct,12.75130259456002,12.877284558707563,12.874584197998047,12.874584197998047
13,314,development,1,direct,11.87757552297847,11.804128409941136,11.8192777633667,11.8192777633667
17,314,development,1,direct,11.91170829631447,11.910462350781616,11.95837116241455,11.95837116241455
25,314,development,1,direct,11.944714374881176,11.893000823834596,11.889335632324219,11.889335632324219
34,314,development,1,direct,12.016732516077072,12.071369857605575,12.018758773803711,12.018758773803711
45,314,development,1,direct,11.856522261533737,11.890992635777474,11.86954402923584,11.86954402923584
47,314,development,1,direct,12.387089184491993,12.585421665426077,12.5925874710083,12.5925874710083
52,314,development,1,direct,11.648338835562747,11.691928820068137,11.639642715454102,11.639642715454102
65,314,development,1,direct,12.299112067295642,12.290242627892408,12.367836952209473,12.367836952209473
68,314,development,1,direct,12.328294703023396,12.298071322238801,12.255544662475586,12.255544662475586
69,314,development,1,direct,11.289794413577894,11.338771992131276,11.248607635498047,11.248607635498047
80,314,development,1,direct,11.608244735642321,11.65946835828985,11.649420738220215,11.649420738220215
84,314,development,1,direct,11.748005492256807,11.783907544755001,11.793655395507812,11.793655395507812
95,314,development,1,direct,12.229549885708273,12.232960231975362,12.203527450561523,12.203527450561523
96,314,development,1,direct,12.128116509451258,12.11767158071468,12.055523872375488,12.055523872375488
100,314,development,1,direct,11.767187766223199,11.70605810691796,11.773531913757324,11.773531913757324
103,314,development,1,direct,11.68658461118553,11.665127322582393,11.686044692993164,11.686044692993164
117,314,development,1,direct,11.842236406331555,11.75151074194781,11.793511390686035,11.793511390686035
119,314,development,1,direct,12.676079399771027,12.73449273820725,12.944064140319824,12.944064140319824
121,314,development,1,direct,12.100717685412471,11.989449009472636,12.086065292358398,12.086065292358398
123,314,development,1,direct,11.820417517632333,11.839693108438064,11.823028564453125,11.823028564453125
140,314,development,1,direct,12.352339472153524,12.24545168362777,12.19121265411377,12.19121265411377
145,314,development,1,direct,11.736077016252437,11.812618167774684,11.820202827453613,11.820202827453613
152,314,development,1,direct,12.827731880206521,12.703837043973895,12.644824981689453,12.644824981689453
153,314,development,1,direct,12.154784614286667,12.138955691083137,12.120314598083496,12.120314598083496
157,314,development,1,direct,11.603688960617083,11.625325182043998,11.553703308105469,11.553703308105469
165,314,development,1,direct,11.931642378754141,11.882453647683702,11.90510368347168,11.90510368347168
171,314,development,1,direct,11.763691965388299,11.69675480193152,11.703682899475098,11.703682899475098
184,314,development,1,direct,12.206077645517674,12.121338088752125,12.38237476348877,12.38237476348877
194,314,development,1,direct,11.775297421715827,11.870885293198514,11.835694313049316,11.835694313049316
199,314,development,1,direct,11.552155793461898,11.626644000576494,11.660921096801758,11.660921096801758
216,314,development,1,direct,11.808955099378537,11.84367625233684,11.837729454040527,11.837729454040527
225,314,development,1,direct,12.864242696187505,12.896689067300455,12.768767356872559,12.768767356872559
234,314,development,1,direct,11.761354623750297,11.786786721474757,11.738350868225098,11.738350868225098
242,314,development,1,direct,11.612779849672751,11.412529037534412,11.428936958312988,11.428936958312988
245,314,development,1,direct,12.230770136157428,12.362752641299947,12.424254417419434,12.424254417419434
247,314,development,1,direct,11.827743504053695,11.799510897483321,11.810544967651367,11.810544967651367
249,314,development,1,direct,12.100717685412471,12.124704783668905,12.1273832321167,12.1273832321167
256,314,development,1,direct,12.345838935721968,12.306204901877873,12.362066268920898,12.362066268920898
259,314,development,1,direct,12.352339472153524,12.279509086290142,12.299359321594238,12.299359321594238
262,314,development,1,direct,12.52815976788113,12.773137123310553,12.687877655029297,12.687877655029297
265,314,development,1,direct,11.19822841866684,11.344468822736898,11.380560874938965,11.380560874938965
269,314,development,1,direct,11.699413330633599,11.644264239838373,11.679973602294922,11.679973602294922
270,314,development,1,direct,11.904974309480181,11.923102298628393,11.981122016906738,11.981122016906738
277,314,development,1,direct,12.211065162153215,12.188399590119325,12.215276718139648,12.215276718139648
278,314,development,1,direct,11.856522261533737,11.559202109604003,11.599884986877441,11.599884986877441
285,314,development,1,direct,12.09626335986454,12.172941160506232,12.175427436828613,12.175427436828613
286,314,development,1,direct,12.011886987792716,12.007661388023706,11.999692916870117,11.999692916870117
290,314,development,1,direct,11.941950837487406,11.840137924424548,11.794867515563965,11.794867515563965
292,314,development,1,direct,11.819681958463892,11.786719734033495,11.781128883361816,11.781128883361816
297,314,development,1,direct,11.931642378754141,11.774069725570325,11.765077590942383,11.765077590942383
305,314,development,1,direct,12.59473402514672,12.532930458406858,12.750404357910156,12.750404357910156
308,314,development,1,direct,11.402005077384885,11.4568956602775,11.612939834594727,11.612939834594727
311,314,development,1,direct,12.017336559562407,12.07240888452256,12.110855102539062,12.110855102539062
313,314,development,1,direct,11.694421681264394,11.780500067671518,11.736370086669922,11.736370086669922
315,314,development,1,direct,12.08954444723597,12.008435853069257,12.034709930419922,12.034709930419922
317,314,development,1,direct,12.468440756144114,12.397105733888454,12.384035110473633,12.384035110473633
318,314,development,1,direct,12.506180941677357,12.472219865434061,12.463200569152832,12.463200569152832
320,314,development,1,direct,12.141539457711714,12.17349895509311,12.186942100524902,12.186942100524902
321,314,development,1,direct,12.74444728628135,12.67288345635492,12.865121841430664,12.865121841430664
322,314,development,1,direct,12.777055016970678,12.739786336777554,12.67936897277832,12.67936897277832
326,314,development,1,direct,11.373674891823535,11.364629339831305,11.350400924682617,11.350400924682617
339,314,development,1,direct,12.218500103788143,12.228632785940365,12.261117935180664,12.261117935180664
342,314,development,1,direct,11.314486721293981,11.21682036453789,11.339807510375977,11.339807510375977
350,314,development,1,direct,12.988043102265232,13.083831644733884,13.054064750671387,13.054064750671387
353,314,development,1,direct,11.461642696843066,11.424720462629239,11.348529815673828,11.348529815673828
363,314,development,1,direct,12.198549416880068,12.085829273480725,12.148876190185547,12.148876190185547
365,314,development,1,direct,12.154784614286667,12.121124694485195,12.17935562133789,12.17935562133789
368,314,development,1,direct,12.013706813470414,11.961270968753427,11.952157020568848,11.952157020568848
374,314,development,1,direct,11.719947764402807,11.693658200081469,11.709840774536133,11.709840774536133
378,314,development,1,direct,12.73670383776449,12.592117288685923,12.57334041595459,12.57334041595459
384,314,development,1,direct,11.23850177707664,11.296633897312475,11.236068725585938,11.236068725585938
386,314,development,1,direct,12.165255859329688,12.084268180742908,12.115378379821777,12.115378379821777
387,314,development,1,direct,11.302216779257382,11.474287013009555,11.341826438903809,11.341826438903809
388,314,development,1,direct,11.736077016252437,11.770328687017525,11.803833961486816,11.803833961486816
389,314,development,1,direct,12.160033942617156,12.191601050423992,12.198881149291992,12.198881149291992
390,314,development,1,direct,12.962196972666593,12.957952511272843,12.99041748046875,12.99041748046875
400,314,development,1,direct,12.392556361841777,12.267348281443349,12.23453140258789,12.23453140258789
404,314,development,1,direct,12.460718739865236,12.415362305653318,12.468118667602539,12.468118667602539
405,314,development,1,direct,12.031725210748633,12.054950029525124,12.080634117126465,12.080634117126465
408,314,development,1,direct,12.083910661257521,11.952098137043755,11.974038124084473,11.974038124084473
416,314,development,1,direct,12.106997888588934,12.136351471353056,12.222251892089844,12.222251892089844
424,314,development,1,direct,12.660331092405906,12.725539447496347,12.676414489746094,12.676414489746094
426,314,development,1,direct,11.813037464800539,11.779431095246236,11.793352127075195,11.793352127075195
428,314,development,1,direct,11.599185726610004,11.621246563461249,11.710947036743164,11.710947036743164
431,314,development,1,direct,11.355113089309977,11.47615543506458,11.486884117126465,11.486884117126465
433,314,development,1,direct,11.715874472198905,11.728899473632982,11.769560813903809,11.769560813903809
439,314,development,1,direct,11.411457364027745,11.587349394073021,11.324601173400879,11.324601173400879
462,314,development,1,direct,11.951186847493476,11.915793429082802,11.870861053466797,11.870861053466797
463,314,development,1,direct,11.04106411122238,11.726547310750089,11.734697341918945,11.734697341918945
469,314,development,1,direct,12.429220196836383,12.418015739102865,12.429368019104004,12.429368019104004
470,314,development,1,direct,12.138869243416009,12.127954707219185,12.10883903503418,12.10883903503418
473,314,development,1,direct,11.904974309480181,11.840742229119794,11.82734203338623,11.82734203338623
474,314,development,1,direct,12.994532278619134,12.796009794372608,12.703974723815918,12.703974723815918
483,314,development,1,direct,11.951186847493476,12.051236372762906,11.99301528930664,11.99301528930664
485,314,development,1,direct,11.794345471549745,11.780812679561892,11.823358535766602,11.823358535766602
486,314,development,1,direct,11.898194668458823,11.924275487016468,11.859829902648926,11.859829902648926
490,314,development,1,direct,11.362114203075018,11.511482747939056,11.48743724822998,11.48743724822998
492,314,development,1,direct,11.798111925972618,11.888585298645905,11.92182731628418,11.92182731628418
509,314,development,1,direct,11.989165855127435,11.903853286465125,11.903255462646484,11.903255462646484
513,314,development,1,direct,11.774527900858468,11.715249144313646,11.750866889953613,11.750866889953613
515,314,development,1,direct,11.477308649967686,11.405091901104065,11.445624351501465,11.445624351501465
516,314,development,1,direct,12.90634935052389,12.866988903942742,12.972135543823242,12.972135543823242
517,314,development,1,direct,11.970356641102999,12.034067656784075,12.005240440368652,12.005240440368652
532,314,development,1,direct,11.759793355371237,11.76675805704558,11.824581146240234,11.824581146240234
533,314,development,1,direct,11.58525542883217,11.526862911819796,11.572358131408691,11.572358131408691
535,314,development,1,direct,12.08954444723597,12.09929151547967,12.122653007507324,12.122653007507324
544,314,development,1,direct,11.798111925972618,11.792400834285305,11.810063362121582,11.810063362121582
547,314,development,1,direct,12.25486757159303,12.044146609863603,12.069681167602539,12.069681167602539
553,314,development,1,direct,12.450981602512561,12.497895715036512,12.460077285766602,12.460077285766602
559,314,development,1,direct,12.07254696717504,12.18601068493961,12.177433013916016,12.177433013916016
564,314,development,1,direct,12.128116509451258,12.098923516735017,12.024412155151367,12.024412155151367
567,314,development,1,direct,12.691583538230217,12.664180861125857,12.673812866210938,12.673812866210938
572,314,development,1,direct,11.695255355062795,11.709648784521095,11.74245834350586,11.74245834350586
580,314,development,1,direct,11.78676973513378,11.776824688279829,11.770869255065918,11.770869255065918
584,314,development,1,direct,12.691583538230217,12.586808329712717,12.708511352539062,12.708511352539062
585,314,development,1,direct,11.798111925972618,11.84094988095476,11.830683708190918,11.830683708190918
600,314,development,1,direct,11.92504173829169,11.942611856366588,11.9773530960083,11.9773530960083
605,314,development,1,direct,12.30592250537653,12.294712411533277,12.247981071472168,12.247981071472168
621,314,development,1,direct,11.112462823634855,11.053016920371078,10.96764850616455,10.96764850616455
629,314,development,1,direct,11.813037464800539,12.126779348538273,12.11518669128418,12.11518669128418
640,314,development,1,direct,12.485830907348902,12.460394220958603,12.51762866973877,12.51762866973877
644,314,development,1,direct,11.931642378754141,11.931371742258117,11.908775329589844,11.908775329589844
650,314,development,1,direct,11.344518647594766,11.215159932234513,11.175241470336914,11.175241470336914
652,314,development,1,direct,11.58989576532275,11.621651640260646,11.624920845031738,11.624920845031738
676,314,development,1,direct,11.908346971208951,11.880862152967989,11.912796974182129,11.912796974182129
677,314,development,1,direct,11.373674891823535,11.6755820318007,11.730539321899414,11.730539321899414
681,314,development,1,direct,11.870606902224587,11.688361093476187,11.758286476135254,11.758286476135254
686,314,development,1,direct,12.242891437918386,12.31436409834067,12.301955223083496,12.301955223083496
687,314,development,1,direct,12.336556900342153,12.375102595141668,12.316664695739746,12.316664695739746
691,314,development,1,direct,11.856522261533737,11.901382488053077,11.901883125305176,11.901883125305176
695,314,development,1,direct,11.860062063178267,11.72312806549547,11.719792366027832,11.719792366027832
701,314,development,1,direct,12.652362948153474,12.638326588208344,12.552969932556152,12.552969932556152
704,314,development,1,direct,11.849404844423074,11.831148719441845,11.828246116638184,11.828246116638184
715,314,development,1,direct,11.779136168550774,12.086759477591263,12.107012748718262,12.107012748718262
718,314,development,1,direct,11.964007453736912,11.98663617046875,11.987448692321777,11.987448692321777
724,314,development,1,direct,11.813037464800539,11.801692011624246,11.787235260009766,11.787235260009766
729,314,development,1,direct,11.608244735642321,11.802598437110566,11.836188316345215,11.836188316345215
737,314,development,1,direct,11.44572741040675,11.36596428853635,11.378718376159668,11.378718376159668
743,314,development,1,direct,12.095146671399466,12.019779818966287,12.107185363769531,12.107185363769531
744,314,development,1,direct,12.07254696717504,11.941554428991425,11.927672386169434,11.927672386169434
752,314,development,1,direct,11.995357787034976,11.985459354152551,11.996783256530762,11.996783256530762
756,314,development,1,direct,12.058158312538197,12.022427060431953,12.010578155517578,12.010578155517578
760,314,development,1,direct,12.577639650232573,12.626029185494291,12.657142639160156,12.657142639160156
775,314,development,1,direct,12.886643575525625,12.580405877818162,12.524510383605957,12.524510383605957
778,314,development,1,direct,11.86710429621008,11.816748861366072,11.84420108795166,11.84420108795166
780,314,development,1,direct,11.813037464800539,11.899727243215958,11.901103973388672,11.901103973388672
784,314,development,1,direct,12.016732516077072,12.011374679791867,11.983468055725098,11.983468055725098
789,314,development,1,direct,11.588969419043874,11.564023365168367,11.688770294189453,11.688770294189453
790,314,development,1,direct,12.141539457711714,12.208384429819743,12.2727632522583,12.2727632522583
791,314,development,1,direct,11.984184555794167,11.998098301516187,11.950371742248535,11.950371742248535
795,314,development,1,direct,12.178192583415596,12.202009986850959,12.215104103088379,12.215104103088379
797,314,development,1,direct,11.874097282798648,11.83202892663783,11.861984252929688,11.861984252929688
798,314,development,1,direct,11.608244735642321,11.510145656924879,11.585261344909668,11.585261344909668
799,314,development,1,direct,13.091906231773164,13.160354821857302,13.182672500610352,13.182672500610352
808,314,development,1,direct,12.317171167298682,12.239642059121925,12.112764358520508,12.112764358520508
809,314,development,1,direct,11.982622797311857,11.88895430180034,11.887833595275879,11.887833595275879
813,314,development,1,direct,10.932999821119937,11.472049845599036,11.308820724487305,11.308820724487305
815,314,development,1,direct,11.661354090741,11.681979224376747,11.625142097473145,11.625142097473145
818,314,development,1,direct,12.509877789891931,12.580236733675731,12.615900993347168,12.615900993347168
819,314,development,1,direct,11.951186847493476,11.899619629102661,11.903118133544922,11.903118133544922
821,314,development,1,direct,12.117246896289503,12.133569615968101,12.140764236450195,12.140764236450195
824,314,development,1,direct,11.845827048676645,11.844407152495215,11.887186050415039,11.887186050415039
829,314,development,1,direct,12.128116509451258,12.092009446411643,12.081583976745605,12.081583976745605
835,314,development,1,direct,11.849047640327147,11.829357606889854,11.859050750732422,11.859050750732422
842,314,development,1,direct,11.967187086434018,11.926428491770979,11.907088279724121,11.907088279724121
847,314,development,1,direct,12.269052139516223,12.187314870611319,12.216038703918457,12.216038703918457
850,314,development,1,direct,12.138869243416009,12.061660080784279,12.07262134552002,12.07262134552002
860,314,development,1,direct,12.429220196836383,12.44450406266281,12.352673530578613,12.352673530578613
870,314,development,1,direct,12.371591321286905,12.33555175792785,12.309774398803711,12.309774398803711
872,314,development,1,direct,12.208574513247495,12.132191591900714,12.112407684326172,12.112407684326172
874,314,development,1,direct,11.798111925972618,11.775357357757658,11.767767906188965,11.767767906188965
888,314,development,1,direct,11.816734299348461,11.806137200290708,11.80516529083252,11.80516529083252
889,314,development,1,direct,12.498745990829315,12.617404216815055,12.645373344421387,12.645373344421387
890,314,development,1,direct,11.915058360753719,11.920487454950555,11.995964050292969,11.995964050292969
895,314,development,1,direct,11.685693195625964,11.710834512751683,11.714764595031738,11.714764595031738
904,314,development,1,direct,12.388398368982115,12.407939004302131,12.392518997192383,12.392518997192383
908,314,development,1,direct,12.429220196836383,12.345739456725429,12.486483573913574,12.486483573913574
914,314,development,1,direct,11.884495917930655,11.854040583144693,11.854263305664062,11.854263305664062
920,314,development,1,direct,12.081081821061819,12.048260440416273,12.077016830444336,12.077016830444336
925,314,development,1,direct,12.242891437918386,12.223094433473978,12.153282165527344,12.153282165527344
931,314,development,1,direct,12.211065162153215,12.316122153452584,12.32517147064209,12.32517147064209
933,314,development,1,direct,12.676079399771027,12.594140067936658,12.589177131652832,12.589177131652832
935,314,development,1,direct,12.396697137361691,12.31066462456345,12.277000427246094,12.277000427246094
938,314,development,1,direct,12.441148720271016,12.355915182248918,12.338292121887207,12.338292121887207
940,314,development,1,direct,12.406565597924235,12.328141299508166,12.412342071533203,12.412342071533203
942,314,development,1,direct,12.273735966890268,12.344378843688963,12.363748550415039,12.363748550415039
956,314,development,1,direct,11.884495917930655,11.87353439816596,11.990699768066406,11.990699768066406
957,314,development,1,direct,11.728044909070785,11.708147607405714,11.75891399383545,11.75891399383545
958,314,development,1,direct,11.790564777297387,11.756414952862599,11.76779556274414,11.76779556274414
966,314,development,1,direct,12.094587859196112,12.023533555958089,12.046252250671387,12.046252250671387
968,314,development,1,direct,11.813037464800539,11.824236149778441,11.79345989227295,11.79345989227295
974,314,development,1,direct,12.111767460549332,12.29538376361521,12.25536060333252,12.25536060333252
976,314,development,1,direct,12.013706813470414,12.106481129838363,12.074627876281738,12.074627876281738
978,314,development,1,direct,12.20557752297723,12.18973193511377,12.1964693069458,12.1964693069458
993,314,development,1,direct,12.138869243416009,12.192523822135731,12.205498695373535,12.205498695373535
996,314,development,1,direct,11.7085004721646,11.591344471506487,11.647435188293457,11.647435188293457
1002,314,development,1,direct,11.362114203075018,11.356840891875633,11.295309066772461,11.295309066772461
1003,314,development,1,direct,12.354496960983985,12.393216812104157,12.371708869934082,12.371708869934082
1006,314,development,1,direct,11.917730355182513,11.829969680846572,11.779592514038086,11.779592514038086
1009,314,development,1,direct,12.388398368982115,12.413170193983312,12.440217018127441,12.440217018127441
1011,314,development,1,direct,11.813037464800539,11.772130896915447,11.704296112060547,11.704296112060547
1019,314,development,1,direct,11.982935344196433,12.043492971290608,12.011968612670898,12.011968612670898
1026,314,development,1,direct,11.630717389475995,11.728582051669473,11.709843635559082,11.709843635559082
1027,314,development,1,direct,12.02874460037869,11.887499783761516,11.867956161499023,11.867956161499023
1030,314,development,1,direct,11.678448377988165,11.673066113528575,11.662131309509277,11.662131309509277
1031,314,development,1,direct,11.982935344196433,11.750628878794958,11.85370922088623,11.85370922088623
1035,314,development,1,direct,11.693169865968983,11.713614575872333,11.716575622558594,11.716575622558594
1038,314,development,1,direct,12.567240979056246,12.432276306665354,12.503392219543457,12.503392219543457
1040,314,development,1,direct,11.289794413577894,11.348270035866957,11.31436538696289,11.31436538696289
1043,314,development,1,direct,12.185875040240456,12.180874728195386,12.133728981018066,12.133728981018066
1053,314,development,1,direct,12.013706813470414,11.995858910518994,11.997452735900879,11.997452735900879
1059,314,development,1,direct,12.721888795877375,12.809831873924319,12.756369590759277,12.756369590759277
1060,314,development,1,direct,12.301387370778713,12.137589787080916,12.13515567779541,12.13515567779541
1066,314,development,1,direct,12.700771936142122,12.492699482188057,12.554417610168457,12.554417610168457
1082,314,development,1,direct,11.798111925972618,11.784592720322676,11.815346717834473,11.815346717834473
1086,314,development,1,direct,11.898194668458823,11.97939406495278,11.959722518920898,11.959722518920898
1094,314,development,1,direct,11.891368749982085,11.979853075527418,11.991278648376465,11.991278648376465
1098,314,development,1,direct,12.04355959836804,11.93602904453038,11.925125122070312,11.925125122070312
1099,314,development,1,direct,11.759793355371237,11.58747292916579,11.615931510925293,11.615931510925293
1103,314,development,1,direct,11.813037464800539,11.818220306178244,11.785356521606445,11.785356521606445
1112,314,development,1,direct,12.230770136157428,12.13739827597333,12.127989768981934,12.127989768981934
1113,314,development,1,direct,11.774527900858468,11.691459164271388,11.749717712402344,11.749717712402344
1128,314,development,1,direct,12.464587201678082,12.407355582162996,12.333455085754395,12.333455085754395
1133,314,development,1,direct,11.674202123168433,11.764691531665262,11.786833763122559,11.786833763122559
1135,314,development,1,direct,12.037659911047468,12.10018812322228,12.037240982055664,12.037240982055664
1139,314,development,1,direct,12.185875040240456,12.241049451862184,12.244406700134277,12.244406700134277
1143,314,development,1,direct,12.959540872420414,12.86338787745109,12.910616874694824,12.910616874694824
1149,314,development,1,direct,11.669082701743504,11.603733876766976,11.5950927734375,11.5950927734375
1156,314,development,1,direct,12.292254928916668,12.241009233835001,12.132625579833984,12.132625579833984
1161,314,development,1,direct,11.891368749982085,11.860899381467569,11.892086029052734,11.892086029052734
1173,314,development,1,direct,12.05467400868968,11.990944844533528,11.978877067565918,11.978877067565918
1175,314,development,1,direct,12.384223015005313,12.331239022392733,12.226958274841309,12.226958274841309
1181,314,development,1,direct,12.429220196836383,12.345032371273785,12.435091018676758,12.435091018676758
1187,314,development,1,direct,11.461642696843066,11.745530179854745,11.616922378540039,11.616922378540039
1190,314,development,1,direct,12.149507585033072,12.171649245792416,12.236554145812988,12.236554145812988
1192,314,development,1,direct,12.066816325306588,12.025985472426177,12.066937446594238,12.066937446594238
1193,314,development,1,direct,11.736077016252437,11.726930418871197,11.729667663574219,11.729667663574219
1196,314,development,1,direct,12.07824495582233,11.982306484060217,12.038208961486816,12.038208961486816
1203,314,development,1,direct,11.669937760751914,11.782090126245338,11.78110122680664,11.78110122680664
1222,314,development,1,direct,11.80560254159177,11.709747991796776,11.695395469665527,11.695395469665527
1224,314,development,1,direct,11.834291315386718,11.845720608031044,11.776647567749023,11.776647567749023
1241,314,development,1,direct,12.323415584358154,12.249842648045638,12.244033813476562,12.244033813476562
1252,314,development,1,direct,12.053801032483948,12.19589753779528,12.158307075500488,12.158307075500488
1264,314,development,1,direct,12.103491596905931,12.001367756845701,11.95257568359375,11.95257568359375
1265,314,development,1,direct,12.10625783509458,12.029397909578742,12.040600776672363,12.040600776672363
1270,314,development,1,direct,11.87757552297847,11.815785545406495,11.800944328308105,11.800944328308105
1278,314,development,1,direct,12.19552218463499,12.171969925035125,12.123492240905762,12.123492240905762
1282,314,development,1,direct,12.100717685412471,12.117553960055734,12.11484146118164,12.11484146118164
1288,314,development,1,direct,12.154784614286667,12.028163381343246,12.069973945617676,12.069973945617676
1289,314,development,1,direct,12.535379989788607,12.479009207747563,12.461725234985352,12.461725234985352
1298,314,development,1,direct,11.849404844423074,11.953525005971708,11.87649917602539,11.87649917602539
1311,314,development,1,direct,12.721888795877375,12.597992873872265,12.60311508178711,12.60311508178711
1315,314,development,1,direct,11.686887175419702,11.674941556238666,11.707287788391113,11.707287788391113
1318,314,development,1,direct,12.249615734512616,12.164963915710517,12.134652137756348,12.134652137756348
1321,314,development,1,direct,11.960817678718287,11.966910602094696,11.93871021270752,11.93871021270752
1322,314,development,1,direct,11.19135563385109,11.221110008378387,11.253057479858398,11.253057479858398
1323,314,development,1,direct,12.154784614286667,12.313434089543692,12.246308326721191,12.246308326721191
1357,314,development,1,direct,11.608244735642321,11.65265072832201,11.659648895263672,11.659648895263672
1361,314,development,1,direct,12.149507585033072,12.147608816619778,12.104307174682617,12.104307174682617
1363,314,development,1,direct,11.560772327227417,11.8305576221904,11.794878959655762,11.794878959655762
1366,314,development,1,direct,12.283038316285214,12.253083651031137,12.247217178344727,12.247217178344727
1367,314,development,1,direct,12.170450649220749,12.228673933954349,12.189371109008789,12.189371109008789
1372,314,development,1,direct,12.016732516077072,12.069760170368069,12.063732147216797,12.063732147216797
1373,314,development,1,direct,12.521981322562505,12.403287970099527,12.430249214172363,12.430249214172363
1375,314,development,1,direct,12.429220196836383,12.455380376561855,12.36923885345459,12.36923885345459
1378,314,development,1,direct,11.669937760751914,11.829980561661628,11.790980339050293,11.790980339050293
1386,314,development,1,direct,11.74006900564972,11.641315475426769,11.605406761169434,11.605406761169434
1389,314,development,1,direct,12.84132849667433,12.785623386002332,12.791799545288086,12.791799545288086
1400,314,development,1,direct,11.831022768939789,11.967688912923673,12.004992485046387,12.004992485046387
1403,314,development,1,direct,12.174994689959313,12.14170381127865,12.193489074707031,12.193489074707031
1404,314,development,1,direct,12.552930054797935,12.272465070130005,12.436705589294434,12.436705589294434
1405,314,development,1,direct,11.561725152903833,11.549154019513887,11.36050033569336,11.36050033569336
1407,314,development,1,direct,11.798111925972618,11.798788992324706,11.79736328125,11.79736328125
1408,314,development,1,direct,11.626263078808801,11.666534494366907,11.691177368164062,11.691177368164062
1412,314,development,1,direct,11.849404844423074,11.897571876972162,11.89291000366211,11.89291000366211
1417,314,development,1,direct,11.715874472198905,11.779724828406216,11.71180248260498,11.71180248260498
1420,314,development,1,direct,12.314931534737134,12.39828049358283,12.27515697479248,12.27515697479248
1425,314,development,1,direct,11.87757552297847,11.830843061603149,11.863161087036133,11.863161087036133
1430,314,development,1,direct,12.116700301832573,12.175604409178087,12.100709915161133,12.100709915161133
1431,314,development,1,direct,12.165984756488543,12.13999792111753,12.04737663269043,12.04737663269043
1432,314,development,1,direct,11.87583791515714,11.796686231698652,11.83036994934082,11.83036994934082
1442,314,development,1,direct,11.913719681428494,11.90050211847284,11.886953353881836,11.886953353881836
1445,314,development,1,direct,12.098493002763465,12.18259660554948,12.176547050476074,12.176547050476074
1448,314,development,1,direct,12.388398368982115,12.47604567224172,12.495847702026367,12.495847702026367
1450,314,development,1,direct,11.429554725537322,11.425655303372842,11.364986419677734,11.364986419677734
1452,314,development,1,direct,12.567554517655415,12.427583961692731,12.43667221069336,12.43667221069336
1454,314,development,1,direct,11.344518647594766,11.798042517180338,11.760397911071777,11.760397911071777
1456,314,development,1,direct,12.07254696717504,12.09232874366646,12.061111450195312,12.061111450195312
1457,314,development,1,direct,12.25486757159303,12.177670585374443,12.175538063049316,12.175538063049316
1458,314,development,1,direct,12.493133274926212,12.449596406776429,12.48574447631836,12.48574447631836
1460,314,development,1,direct,11.901590234400047,11.921717742791015,11.87689208984375,11.87689208984375
1,314,development,2,direct,12.24769911637256,12.172961036658052,12.234197616577148,12.234197616577148
9,314,development,2,direct,11.774527900858468,11.815302847063805,11.81399917602539,11.81399917602539
18,314,development,2,direct,11.407576060361786,11.5855774964346,11.552799224853516,11.552799224853516
26,314,development,2,direct,12.454107814022272,12.46086938604504,12.425167083740234,12.425167083740234
36,314,development,2,direct,12.6410997921206,12.64459999434209,12.653099060058594,12.653099060058594
44,314,development,2,direct,11.777218637129327,11.805718136132562,11.758810997009277,11.758810997009277
46,314,development,2,direct,12.675766851909591,12.578086415653539,12.620818138122559,12.620818138122559
49,314,development,2,direct,11.635151947212842,11.485517875702554,11.480171203613281,11.480171203613281
50,314,development,2,direct,11.751950239425476,11.743879057827181,11.76247787475586,11.76247787475586
51,314,development,2,direct,12.083910661257521,12.094716874428912,12.138712882995605,12.138712882995605
56,314,development,2,direct,12.103491596905931,12.016545520839834,11.996203422546387,11.996203422546387
59,314,development,2,direct,12.991755706536901,12.910002352048757,13.039767265319824,13.039767265319824
60,314,development,2,direct,11.735276702486741,11.697965622197541,11.655298233032227,11.655298233032227
61,314,development,2,direct,11.970356641102999,12.04595040434691,12.037586212158203,12.037586212158203
62,314,development,2,direct,11.522885696764481,11.444557087083096,11.494355201721191,11.494355201721191
67,314,development,2,direct,12.100717685412471,12.417452595768202,12.424681663513184,12.424681663513184
70,314,development,2,direct,12.323860125621126,12.282174338169584,12.354459762573242,12.354459762573242
71,314,development,2,direct,12.404927602627597,12.420443243200483,12.579760551452637,12.579760551452637
78,314,development,2,direct,11.751950239425476,11.680051570866903,11.661768913269043,11.661768913269043
82,314,development,2,direct,11.941462360646149,12.05505026105805,12.078654289245605,12.078654289245605
86,314,development,2,direct,12.468440756144114,12.485664911668705,12.47389030456543,12.47389030456543
89,314,development,2,direct,11.350418300109132,11.220129405125546,10.862326622009277,10.862326622009277
94,314,development,2,direct,11.804855999911272,12.07177254326509,11.975835800170898,11.975835800170898
101,314,development,2,direct,12.230770136157428,12.284989938498407,12.307901382446289,12.307901382446289
105,314,development,2,direct,12.040614105490253,11.996590526651424,12.002432823181152,12.002432823181152
108,314,development,2,direct,11.652696102959753,11.522710842455277,11.541154861450195,11.541154861450195
109,314,development,2,direct,11.652696102959753,11.69632582534347,11.735976219177246,11.735976219177246
124,314,development,2,direct,11.944064817531656,11.99093834345069,12.00674057006836,12.00674057006836
126,314,development,2,direct,11.344518647594766,11.330985947813947,11.204133987426758,11.204133987426758
130,314,development,2,direct,11.918397239722838,11.863432463698853,11.844161987304688,11.844161987304688
134,314,development,2,direct,12.301387370778713,12.229521998542634,12.264066696166992,12.264066696166992
137,314,development,2,direct,11.870606902224587,11.87390756822505,11.898332595825195,11.898332595825195
148,314,development,2,direct,12.312686874960354,12.31870311656057,12.2598876953125,12.2598876953125
149,314,development,2,direct,11.856522261533737,11.923357790783058,11.930737495422363,11.930737495422363
164,314,development,2,direct,11.544433821905134,11.38429192108901,11.489603042602539,11.489603042602539
170,314,development,2,direct,12.337105293891872,12.385845514019815,12.405936241149902,12.405936241149902
174,314,development,2,direct,12.001511614739405,11.93873447279414,11.924905776977539,11.924905776977539
177,314,development,2,direct,12.259618151783465,12.272288506401818,12.188273429870605,12.188273429870605
178,314,development,2,direct,12.058158312538197,12.12185046129021,12.023262977600098,12.023262977600098
181,314,development,2,direct,12.083910661257521,12.0544970299575,12.054427146911621,12.054427146911621
182,314,development,2,direct,12.206577518060588,12.084642622051625,12.032764434814453,12.032764434814453
190,314,development,2,direct,12.563750586299374,12.471561618278095,12.516349792480469,12.516349792480469
195,314,development,2,direct,11.751950239425476,11.720120303188297,11.678061485290527,11.678061485290527
201,314,development,2,direct,11.849404844423074,11.873029239780879,11.796483039855957,11.796483039855957
211,314,development,2,direct,11.49273296168228,11.451848056797276,11.387118339538574,11.387118339538574
217,314,development,2,direct,12.25486757159303,12.228181329799774,12.249176979064941,12.249176979064941
218,314,development,2,direct,11.580593459194764,11.363120213724159,11.393623352050781,11.393623352050781
230,314,development,2,direct,12.167856627501678,12.190455350261661,12.118905067443848,12.118905067443848
239,314,development,2,direct,12.669809806411457,12.455222842514932,12.482904434204102,12.482904434204102
240,314,development,2,direct,11.635151947212842,11.741795152526517,11.759340286254883,11.759340286254883
241,314,development,2,direct,12.47801017053037,12.543195072804352,12.487958908081055,12.487958908081055
261,314,development,2,direct,12.07824495582233,12.061716008949952,12.06519889831543,12.06519889831543
263,314,development,2,direct,11.92504173829169,11.885642987920477,11.950297355651855,11.950297355651855
275,314,development,2,direct,11.732069026983156,11.775871879527628,11.78065299987793,11.78065299987793
279,314,development,2,direct,12.936754021718041,12.862126185311523,12.903840065002441,12.903840065002441
284,314,development,2,direct,12.407383590534293,12.407631621697954,12.399602890014648,12.399602890014648
289,314,development,2,direct,11.711784520403112,11.649803755026468,11.690620422363281,11.690620422363281
294,314,development,2,direct,12.367345048436391,12.353866230477797,12.398483276367188,12.398483276367188
295,314,development,2,direct,12.025755079404917,11.947112094643295,12.00358772277832,12.00358772277832
306,314,development,2,direct,12.631016799175821,12.608931274124572,12.630881309509277,12.630881309509277
307,314,development,2,direct,12.323860125621126,12.321768010115385,12.340434074401855,12.340434074401855
309,314,development,2,direct,11.320565693461432,11.626475935569168,11.63390064239502,11.63390064239502
314,314,development,2,direct,12.834683971615659,12.433397669591555,12.464722633361816,12.464722633361816
316,314,development,2,direct,12.146858590895919,12.134141481387593,12.139349937438965,12.139349937438965
345,314,development,2,direct,11.350418300109132,11.422660841310691,11.539909362792969,11.539909362792969
346,314,development,2,direct,11.850832386224807,11.820967796755271,11.825713157653809,11.825713157653809
355,314,development,2,direct,11.849404844423074,11.979566139775866,11.959877967834473,11.959877967834473
372,314,development,2,direct,11.808821212646512,11.691509028570227,11.60999584197998,11.60999584197998
382,314,development,2,direct,12.142871895843887,12.266931049298273,12.216304779052734,12.216304779052734
392,314,development,2,direct,12.278397958261774,12.31942401154884,12.259483337402344,12.259483337402344
393,314,development,2,direct,11.575909653758895,11.601314959824215,11.56396770477295,11.56396770477295
395,314,development,2,direct,11.599112335481124,11.607541057690678,11.608386993408203,11.608386993408203
396,314,development,2,direct,11.767575435251748,11.761346574274059,11.718528747558594,11.718528747558594
403,314,development,2,direct,11.58989576532275,11.514742669507777,11.562889099121094,11.562889099121094
407,314,development,2,direct,11.652696102959753,11.65840543617035,11.66369342803955,11.66369342803955
414,314,development,2,direct,11.652696102959753,11.59450202516156,11.61290168762207,11.61290168762207
415,314,development,2,direct,12.337105293891872,12.379015312293596,12.341276168823242,12.341276168823242
417,314,development,2,direct,11.915058360753719,11.945676028991837,11.949990272521973,11.949990272521973
420,314,development,2,direct,11.863589378812122,11.783441615783056,11.816556930541992,11.816556930541992
425,314,development,2,direct,11.842236406331555,11.877034872995614,11.864984512329102,11.864984512329102
430,314,development,2,direct,12.07254696717504,12.070239876655213,12.069632530212402,12.069632530212402
434,314,development,2,direct,12.10625783509458,12.083700757281168,12.092838287353516,12.092838287353516
437,314,development,2,direct,11.661354090741,11.542773720433816,11.623418807983398,11.623418807983398
455,314,development,2,direct,12.144202560946876,11.902173561055289,11.870810508728027,11.870810508728027
457,314,development,2,direct,11.49273296168228,11.283716195752408,11.303147315979004,11.303147315979004
458,314,development,2,direct,12.45293662970407,12.35716708610231,12.191752433776855,12.191752433776855
460,314,development,2,direct,11.608244735642321,11.673039418812468,11.702407836914062,11.702407836914062
464,314,development,2,direct,12.147919030759663,12.134709874900723,12.125033378601074,12.125033378601074
476,314,development,2,direct,11.794345471549745,11.833306346434028,11.819903373718262,11.819903373718262
478,314,development,2,direct,12.847929163278053,12.923531018228477,12.941590309143066,12.941590309143066
480,314,development,2,direct,11.401681006153428,11.631665798101775,11.688756942749023,11.688756942749023
482,314,development,2,direct,12.832013750189885,12.786766180680381,12.773427963256836,12.773427963256836
489,314,development,2,direct,11.982935344196433,11.754429710708845,11.74328327178955,11.74328327178955
491,314,development,2,direct,11.652696102959753,11.611156519888892,11.647909164428711,11.647909164428711
493,314,development,2,direct,12.059809113551397,12.04952667708277,11.98476791381836,11.98476791381836
494,314,development,2,direct,11.951186847493476,11.902646794184053,11.89772891998291,11.89772891998291
506,314,development,2,direct,11.732069026983156,11.726697770185234,11.770069122314453,11.770069122314453
507,314,development,2,direct,12.278397958261774,12.282262889726212,12.356510162353516,12.356510162353516
510,314,development,2,direct,11.732069026983156,11.861007535616713,11.848483085632324,11.848483085632324
512,314,development,2,direct,12.2193145828011,12.140410910536502,12.134077072143555,12.134077072143555
519,314,development,2,direct,12.259618151783465,12.15379869245873,12.178720474243164,12.178720474243164
524,314,development,2,direct,12.126764251515691,13.338535273044494,12.862200736999512,12.862200736999512
528,314,development,2,direct,13.008661502470739,12.95111652495476,12.88502311706543,12.88502311706543
536,314,development,2,direct,11.58525542883217,11.759549921537984,11.813626289367676,11.813626289367676
537,314,development,2,direct,12.144202560946876,12.185298725413572,12.223947525024414,12.223947525024414
539,314,development,2,direct,11.970356641102999,11.84825892235488,11.875333786010742,11.875333786010742
540,314,development,2,direct,12.513561021741964,12.434546558090009,12.464582443237305,12.464582443237305
541,314,development,2,direct,12.660331092405906,12.831890153035696,12.795016288757324,12.795016288757324
543,314,development,2,direct,12.270225154674701,12.26766566097473,12.295902252197266,12.295902252197266
548,314,development,2,direct,11.771443882099637,11.751447792795023,11.71472454071045,11.71472454071045
550,314,development,2,direct,12.479913113434042,12.36121622784349,12.33711051940918,12.33711051940918
551,314,development,2,direct,11.849404844423074,11.721199218248302,11.784554481506348,11.784554481506348
552,314,development,2,direct,11.630717389475995,11.625030593475115,11.63599967956543,11.63599967956543
556,314,development,2,direct,11.635151947212842,11.636891970234986,11.61196231842041,11.61196231842041
560,314,development,2,direct,12.36308066783498,12.149732446867219,12.148651123046875,12.148651123046875
563,314,development,2,direct,11.58989576532275,11.67529255789515,11.649026870727539,11.649026870727539
571,314,development,2,direct,11.867805799560465,11.81360022589256,11.849381446838379,11.849381446838379
576,314,development,2,direct,11.682676678340282,11.632476536382745,11.652375221252441,11.652375221252441
582,314,development,2,direct,12.442306148381938,12.843614349370917,12.785161018371582,12.785161018371582
587,314,development,2,direct,11.775297421715827,11.658521629329796,11.705873489379883,11.705873489379883
589,314,development,2,direct,11.870606902224587,12.345887460637055,12.266688346862793,12.266688346862793
592,314,development,2,direct,13.02132904585825,12.965290487194425,12.964794158935547,12.964794158935547
597,314,development,2,direct,11.648373769145277,11.576564337441923,11.578954696655273,11.578954696655273
599,314,development,2,direct,12.289958727201455,12.216901114842397,12.168811798095703,12.168811798095703
603,314,development,2,direct,12.301387370778713,12.299839767527352,12.337056159973145,12.337056159973145
609,314,development,2,direct,12.791358964949923,12.532027599145726,12.701587677001953,12.701587677001953
612,314,development,2,direct,11.904974309480181,11.979304818931721,11.984310150146484,11.984310150146484
617,314,development,2,direct,12.118339189722553,12.108327523621002,12.131338119506836,12.131338119506836
620,314,development,2,direct,12.628070334272698,12.71250961359003,12.651326179504395,12.651326179504395
625,314,development,2,direct,12.014615485902027,11.938374923083524,11.964313507080078,11.964313507080078
628,314,development,2,direct,11.938199736300925,12.00314363030232,12.010100364685059,12.010100364685059
631,314,development,2,direct,11.728044909070785,11.586185584778997,11.556550025939941,11.556550025939941
632,314,development,2,direct,12.252483791602627,12.344805716149853,12.346156120300293,12.346156120300293
636,314,development,2,direct,12.206077645517674,12.07314408724359,12.167730331420898,12.167730331420898
638,314,development,2,direct,11.440365524765756,11.58589511480805,11.646519660949707,11.646519660949707
641,314,development,2,direct,12.520887034998584,12.527007491884403,12.526147842407227,12.526147842407227
655,314,development,2,direct,12.765691290604371,12.829545656904987,12.84643840789795,12.84643840789795
664,314,development,2,direct,11.83138646878959,11.867489045484765,11.7977876663208,11.7977876663208
685,314,development,2,direct,12.30592250537653,12.265433562313989,12.210269927978516,12.210269927978516
692,314,development,2,direct,13.534474352733596,13.189564376950994,13.188538551330566,13.188538551330566
693,314,development,2,direct,12.721888795877375,12.635430725046463,12.606912612915039,12.606912612915039
708,314,development,2,direct,12.445093483000798,12.287661536680327,12.295872688293457,12.295872688293457
709,314,development,2,direct,12.09815887308463,12.077387901581886,12.09147834777832,12.09147834777832
710,314,development,2,direct,11.60733523953139,11.562189228191059,11.65573787689209,11.65573787689209
712,314,development,2,direct,11.54031687156214,11.476682410827319,11.288653373718262,11.288653373718262
717,314,development,2,direct,11.979805470779858,12.146659141710803,12.201579093933105,12.201579093933105
719,314,development,2,direct,12.739640688812674,12.653399023091016,12.635802268981934,12.635802268981934
723,314,development,2,direct,11.732069026983156,11.661840651975586,11.735835075378418,11.735835075378418
726,314,development,2,direct,11.699413330633599,11.642990602086618,11.650604248046875,11.650604248046875
731,314,development,2,direct,12.373707715234994,12.442965523664144,12.438807487487793,12.438807487487793
733,314,development,2,direct,12.312686874960354,12.376538630889463,12.355228424072266,12.355228424072266
740,314,development,2,direct,12.154784614286667,12.187572024192024,12.168428421020508,12.168428421020508
742,314,development,2,direct,11.863589378812122,11.812022391735638,11.841222763061523,11.841222763061523
747,314,development,2,direct,12.371591321286905,12.361858274141756,12.40027141571045,12.40027141571045
749,314,development,2,direct,12.469978029554953,12.426889494842172,12.445940017700195,12.445940017700195
750,314,development,2,direct,11.49273296168228,11.292038358529066,11.19481086730957,11.19481086730957
751,314,development,2,direct,11.477308649967686,11.437824693194136,11.349898338317871,11.349898338317871
755,314,development,2,direct,11.957617696467539,11.864519991007738,11.903970718383789,11.903970718383789
762,314,development,2,direct,11.51293546492023,11.595144947314955,11.611187934875488,11.611187934875488
764,314,development,2,direct,12.727841176689147,12.698664314061709,12.64110279083252,12.64110279083252
767,314,development,2,direct,12.188422799337028,12.139357040307106,12.1590576171875,12.1590576171875
777,314,development,2,direct,12.308182383129823,12.319505220459748,12.329549789428711,12.329549789428711
788,314,development,2,direct,12.358798024384122,12.349543306963854,12.30282211303711,12.30282211303711
793,314,development,2,direct,12.505402864156405,12.36625722632106,12.363102912902832,12.363102912902832
794,314,development,2,direct,12.323860125621126,12.386127924080824,12.369518280029297,12.369518280029297
796,314,development,2,direct,12.049424683420915,12.011923165669025,11.99736213684082,11.99736213684082
802,314,development,2,direct,11.60733523953139,11.70285052456834,11.692562103271484,11.692562103271484
803,314,development,2,direct,12.149507585033072,12.137585416794295,12.152599334716797,12.152599334716797
814,314,development,2,direct,11.969723533345908,11.94588955636334,11.955696105957031,11.955696105957031
817,314,development,2,direct,11.827743504053695,11.836216327985694,11.803702354431152,11.803702354431152
823,314,development,2,direct,12.323860125621126,12.137132932383446,12.154762268066406,12.154762268066406
828,314,development,2,direct,12.149507585033072,12.17867086610312,12.137675285339355,12.137675285339355
839,314,development,2,direct,11.87757552297847,11.933664558538164,11.87549877166748,11.87549877166748
844,314,development,2,direct,11.856522261533737,11.744995439153122,11.790080070495605,11.790080070495605
849,314,development,2,direct,12.388398368982115,12.381697144004015,12.285563468933105,12.285563468933105
858,314,development,2,direct,12.066816325306588,11.984521334740174,11.982028007507324,11.982028007507324
861,314,development,2,direct,12.154521423145216,12.070873309700442,12.011759757995605,12.011759757995605
875,314,development,2,direct,11.104972264124868,11.462052073028497,11.603979110717773,11.603979110717773
879,314,development,2,direct,11.904974309480181,11.918268985459248,11.913783073425293,11.913783073425293
882,314,development,2,direct,12.141539457711714,12.254784811385042,12.304669380187988,12.304669380187988
883,314,development,2,direct,12.08954444723597,12.056706772936726,12.060688972473145,12.060688972473145
884,314,development,2,direct,11.682676678340282,11.728631882559364,11.559612274169922,11.559612274169922
885,314,development,2,direct,11.51293546492023,11.705760750106343,11.681814193725586,11.681814193725586
894,314,development,2,direct,12.013706813470414,11.966854921685728,11.979543685913086,11.979543685913086
902,314,development,2,direct,11.938199736300925,11.85818233228173,11.896442413330078,11.896442413330078
903,314,development,2,direct,12.100717685412471,12.09720633462794,12.106368064880371,12.106368064880371
905,314,development,2,direct,11.74006900564972,11.707336549864356,11.707615852355957,11.707615852355957
907,314,development,2,direct,12.449022745701502,12.462058037507758,12.535637855529785,12.535637855529785
911,314,development,2,direct,11.946660519211651,11.862995332408348,11.902396202087402,11.902396202087402
912,314,development,2,direct,11.874097282798648,11.936416743384965,11.931825637817383,11.931825637817383
913,314,development,2,direct,11.385103457032141,11.452703832108234,11.499223709106445,11.499223709106445
916,314,development,2,direct,11.225256725762893,11.349695478979086,11.346426963806152,11.346426963806152
917,314,development,2,direct,10.471978128496518,11.190867730387033,11.033818244934082,11.033818244934082
921,314,development,2,direct,12.211065162153215,12.224641094017677,12.181404113769531,12.181404113769531
934,314,development,2,direct,12.154784614286667,12.20629110614251,12.163606643676758,12.163606643676758
946,314,development,2,direct,11.735276702486741,11.8485091625325,11.892921447753906,11.892921447753906
947,314,development,2,direct,11.870606902224587,11.901367744491916,11.886896133422852,11.886896133422852
959,314,development,2,direct,12.128116509451258,12.176767441501376,12.214559555053711,12.214559555053711
962,314,development,2,direct,12.513561021741964,12.437318709568707,12.476493835449219,12.476493835449219
967,314,development,2,direct,11.982935344196433,11.8309757818981,11.875727653503418,11.875727653503418
969,314,development,2,direct,10.542732775946709,11.104467370750221,11.038300514221191,11.038300514221191
973,314,development,2,direct,11.507922973347437,11.739584112488838,11.744674682617188,11.744674682617188
980,314,development,2,direct,11.842236406331555,11.787986821573556,11.837761878967285,11.837761878967285
984,314,development,2,direct,12.45254592991672,12.422812718597001,12.452643394470215,12.452643394470215
985,314,development,2,direct,11.744045122410057,11.74217498895275,11.768101692199707,11.768101692199707
991,314,development,2,direct,12.759960632315702,12.675755237788762,12.638849258422852,12.638849258422852
992,314,development,2,direct,12.031725210748633,12.036480107235734,12.18927001953125,12.18927001953125
994,314,development,2,direct,12.066241450757124,12.044915552654034,12.061739921569824,12.061739921569824
999,314,development,2,direct,11.418625774449598,11.484504614589405,11.268594741821289,11.268594741821289
1017,314,development,2,direct,12.220966184120165,12.361910353592865,12.288370132446289,12.288370132446289
1020,314,development,2,direct,12.271349956195543,12.219812119103649,12.139978408813477,12.139978408813477
1021,314,development,2,direct,12.07824495582233,12.041696596284405,11.896256446838379,11.896256446838379
1024,314,development,2,direct,12.160033942617156,12.163979437863343,12.112741470336914,12.112741470336914
1029,314,development,2,direct,11.561725152903833,11.767468957467063,11.78607177734375,11.78607177734375
1032,314,development,2,direct,12.190964083849375,12.214649823340332,12.33209228515625,12.33209228515625
1034,314,development,2,direct,12.345838935721968,12.390446472568822,12.375500679016113,12.375500679016113
1037,314,development,2,direct,12.66191713053049,12.774915220347633,12.60661506652832,12.60661506652832
1048,314,development,2,direct,11.884495917930655,11.889754391668298,11.827524185180664,11.827524185180664
1062,314,development,2,direct,11.302216779257382,11.570767328883134,11.367749214172363,11.367749214172363
1071,314,development,2,direct,11.813037464800539,11.790168929075737,11.780278205871582,11.780278205871582
1077,314,development,2,direct,12.04355959836804,11.945613702585653,11.941865921020508,11.941865921020508
1083,314,development,2,direct,12.165255859329688,12.18379898025836,12.15157699584961,12.15157699584961
1090,314,development,2,direct,12.190964083849375,12.23748746381957,12.258049964904785,12.258049964904785
1092,314,development,2,direct,11.982935344196433,11.962931841792365,11.935375213623047,11.935375213623047
1107,314,development,2,direct,12.100161978566867,12.144202593979077,12.1605806350708,12.1605806350708
1108,314,development,2,direct,12.52352951631214,12.327872033090962,12.289552688598633,12.289552688598633
1122,314,development,2,direct,12.268582547911404,12.275034537086862,12.283790588378906,12.283790588378906
1123,314,development,2,direct,11.626263078808801,11.365775007556774,11.439663887023926,11.439663887023926
1131,314,development,2,direct,11.813037464800539,11.99685113620689,11.799691200256348,11.799691200256348
1141,314,development,2,direct,11.842236406331555,11.75117165678003,11.739843368530273,11.739843368530273
1142,314,development,2,direct,12.193498926601634,12.159317429325888,12.09561824798584,12.09561824798584
1147,314,development,2,direct,12.100717685412471,12.100264989293366,12.084434509277344,12.084434509277344
1148,314,development,2,direct,12.069685751267224,12.15054983958545,12.112750053405762,12.112750053405762
1153,314,development,2,direct,12.345838935721968,12.18248272557279,12.170291900634766,12.170291900634766
1157,314,development,2,direct,12.100161978566867,12.105023683834515,12.121047019958496,12.121047019958496
1165,314,development,2,direct,12.175618592671356,12.17954274317872,12.181239128112793,12.181239128112793
1176,314,development,2,direct,12.560247968016562,12.586731650895565,12.630427360534668,12.630427360534668
1179,314,development,2,direct,11.950541482162043,11.780992400218564,11.807775497436523,11.807775497436523
1180,314,development,2,direct,11.440365524765756,11.49363085314421,11.323229789733887,11.323229789733887
1188,314,development,2,direct,12.476103599529843,12.551152248813676,12.533103942871094,12.533103942871094
1194,314,development,2,direct,12.013706813470414,12.01148781499978,11.99302864074707,11.99302864074707
1195,314,development,2,direct,11.970356641102999,11.878675995041597,11.898117065429688,11.898117065429688
1202,314,development,2,direct,12.19552218463499,12.178275326779277,12.217060089111328,12.217060089111328
1204,314,development,2,direct,12.269052139516223,12.276497640324308,12.282766342163086,12.282766342163086
1206,314,development,2,direct,12.513193308436527,12.512385029568277,12.60330867767334,12.60330867767334
1207,314,development,2,direct,11.580593459194764,11.631184525168667,11.687110900878906,11.687110900878906
1208,314,development,2,direct,12.206077645517674,12.3114263403183,12.245293617248535,12.245293617248535
1209,314,development,2,direct,11.849404844423074,11.841628180142527,11.914444923400879,11.914444923400879
1219,314,development,2,direct,11.296024885689746,11.139489659643791,11.147263526916504,11.147263526916504
1227,314,development,2,direct,12.273735966890268,12.286954041551024,12.20060920715332,12.20060920715332
1230,314,development,2,direct,11.751950239425476,11.846206754396588,11.874945640563965,11.874945640563965
1232,314,development,2,direct,11.794345471549745,11.871177055428161,11.894220352172852,11.894220352172852
1251,314,development,2,direct,12.404927602627597,12.409408607449324,12.486522674560547,12.486522674560547
1253,314,development,2,direct,11.775297421715827,11.682073046342847,11.705842971801758,11.705842971801758
1254,314,development,2,direct,12.591338447675579,12.57284825819039,12.557169914245605,12.557169914245605
1259,314,development,2,direct,12.154784614286667,12.083086342365856,12.149590492248535,12.149590492248535
1260,314,development,2,direct,11.92504173829169,11.884812661758328,11.892843246459961,11.892843246459961
1268,314,development,2,direct,12.843973993864076,12.783566699171624,12.743865013122559,12.743865013122559
1279,314,development,2,direct,12.37581963951765,12.467625506191714,12.49675464630127,12.49675464630127
1280,314,development,2,direct,11.133142723386813,11.556243295262087,11.397555351257324,11.397555351257324
1285,314,development,2,direct,12.037659911047468,12.104299051260629,12.071824073791504,12.071824073791504
1286,314,development,2,direct,11.794345471549745,11.711939084367954,11.716815948486328,11.716815948486328
1293,314,development,2,direct,11.58525542883217,11.683755531325465,11.601043701171875,11.601043701171875
1296,314,development,2,direct,11.83863282480007,11.82937137045492,11.841714859008789,11.841714859008789
1300,314,development,2,direct,11.944714374881176,11.96354395555871,12.002655982971191,12.002655982971191
1301,314,development,2,direct,12.323860125621126,12.322568075258372,12.297233581542969,12.297233581542969
1305,314,development,2,direct,11.775297421715827,11.904489075920521,11.814416885375977,11.814416885375977
1309,314,development,2,direct,11.898194668458823,11.879539906156072,11.858674049377441,11.858674049377441
1312,314,development,2,direct,12.220966184120165,12.20602782294278,12.22645092010498,12.22645092010498
1316,314,development,2,direct,12.239995696974733,12.12807036292561,12.079283714294434,12.079283714294434
1330,314,development,2,direct,12.081081821061819,12.10104187816781,12.087565422058105,12.087565422058105
1333,314,development,2,direct,11.51293546492023,11.640031312080078,11.538871765136719,11.538871765136719
1335,314,development,2,direct,11.736077016252437,11.644693787101438,11.708719253540039,11.708719253540039
1338,314,development,2,direct,10.868587496017359,11.030309634539096,10.954018592834473,10.954018592834473
1352,314,development,2,direct,12.049424683420915,11.988479351068136,12.04351806640625,12.04351806640625
1358,314,development,2,direct,11.917730355182513,11.981071017058186,11.97596263885498,11.97596263885498
1370,314,development,2,direct,12.354496960983985,12.444526195687034,12.47604751586914,12.47604751586914
1374,314,development,2,direct,13.05301544288996,13.014821813071213,13.038196563720703,13.038196563720703
1377,314,development,2,direct,11.418625774449598,11.440439214070956,11.410000801086426,11.410000801086426
1383,314,development,2,direct,11.964007453736912,11.90310913204309,11.958690643310547,11.958690643310547
1384,314,development,2,direct,11.626263078808801,11.931242789216137,11.966119766235352,11.966119766235352
1390,314,development,2,direct,11.782960235741939,11.806308305869127,11.853471755981445,11.853471755981445
1393,314,development,2,direct,11.719947764402807,11.748255442858467,11.791522026062012,11.791522026062012
1394,314,development,2,direct,12.001511614739405,11.828218722401216,12.047197341918945,12.047197341918945
1402,314,development,2,direct,12.170450649220749,12.115993813442397,12.158500671386719,12.158500671386719
1423,314,development,2,direct,11.824087219587643,11.880817921444553,11.84360408782959,11.84360408782959
1426,314,development,2,direct,11.863589378812122,11.871485169812843,11.87771987915039,11.87771987915039
1429,314,development,2,direct,11.686887175419702,11.619920590246727,11.684623718261719,11.684623718261719
1434,314,development,2,direct,12.136191879981927,12.13406154932403,12.102487564086914,12.102487564086914
1441,314,development,2,direct,12.160033942617156,12.132695702332656,12.081217765808105,12.081217765808105
1453,314,development,2,direct,11.884495917930655,11.812868720066868,11.826807022094727,11.826807022094727
1459,314,development,2,direct,11.864469267087891,11.79447334695175,11.816936492919922,11.816936492919922
8,314,development,3,direct,12.206077645517674,12.276966861468948,12.334680557250977,12.334680557250977
10,314,development,3,direct,11.678448377988165,11.70145888351071,11.704827308654785,11.704827308654785
11,314,development,3,direct,11.771443882099637,11.758115962701037,11.751517295837402,11.751517295837402
19,314,development,3,direct,11.976665770490767,11.995214999851713,11.923931121826172,11.923931121826172
21,314,development,3,direct,12.692506186542177,12.741777133628315,12.684335708618164,12.684335708618164
31,314,development,3,direct,10.596659732783579,11.487548618683181,11.384708404541016,11.384708404541016
33,314,development,3,direct,12.100161978566867,12.15732528360663,12.154189109802246,12.154189109802246
38,314,development,3,direct,11.938199736300925,11.959325490130897,11.940635681152344,11.940635681152344
39,314,development,3,direct,11.599112335481124,11.7454713710768,11.799732208251953,11.799732208251953
53,314,development,3,direct,11.608244735642321,11.501100829080974,11.464365005493164,11.464365005493164
54,314,development,3,direct,12.861001210669146,12.776856683162501,12.792160987854004,12.792160987854004
57,314,development,3,direct,12.058158312538197,12.207171017390907,12.269095420837402,12.269095420837402
64,314,development,3,direct,11.849404844423074,11.835330156182156,11.770456314086914,11.770456314086914
76,314,development,3,direct,11.418625774449598,11.422789697484138,11.376202583312988,11.376202583312988
77,314,development,3,direct,11.818577604251555,11.644002034627347,11.681063652038574,11.681063652038574
92,314,development,3,direct,11.498836682527127,11.69543335110005,11.552105903625488,11.552105903625488
106,314,development,3,direct,12.429220196836383,12.42385899372476,12.442185401916504,12.442185401916504
114,314,development,3,direct,12.28765724080691,12.305789023883278,12.30871868133545,12.30871868133545
115,314,development,3,direct,12.466515835145202,12.356588128448843,12.324729919433594,12.324729919433594
116,314,development,3,direct,12.07824495582233,12.015868422714773,11.990147590637207,11.990147590637207
118,314,development,3,direct,11.951186847493476,11.92267174461948,11.891576766967773,11.891576766967773
120,314,development,3,direct,12.0075668272517,12.05225216228473,12.043447494506836,12.043447494506836
129,314,development,3,direct,11.951186847493476,11.889409087335688,11.905055046081543,11.905055046081543
132,314,development,3,direct,12.404927602627597,12.315316409068817,12.282944679260254,12.282944679260254
139,314,development,3,direct,12.345838935721968,12.431069579696024,12.462252616882324,12.462252616882324
147,314,development,3,direct,11.561725152903833,11.535175146903267,11.61333179473877,11.61333179473877
156,314,development,3,direct,11.277215789596893,11.294366839901645,11.265267372131348,11.265267372131348
160,314,development,3,direct,12.676079399771027,12.628780562619855,12.656627655029297,12.656627655029297
161,314,development,3,direct,11.998439434579149,11.960411673996427,11.985499382019043,11.985499382019043
163,314,development,3,direct,12.301387370778713,12.367480216109318,12.41081714630127,12.41081714630127
166,314,development,3,direct,11.755879486687116,11.757548480492007,11.773406028747559,11.773406028747559
167,314,development,3,direct,12.154784614286667,12.248026808685427,12.116650581359863,12.116650581359863
168,314,development,3,direct,12.693501691489768,12.812688638248689,12.756994247436523,12.756994247436523
173,314,development,3,direct,12.384223015005313,12.226265909089523,12.22439193725586,12.22439193725586
180,314,development,3,direct,11.51293546492023,11.651606191185044,11.665212631225586,11.665212631225586
183,314,development,3,direct,11.695255355062795,11.693522362418525,11.70314884185791,11.70314884185791
185,314,development,3,direct,11.751950239425476,11.691450623214633,11.664541244506836,11.664541244506836
187,314,development,3,direct,12.06105265381003,12.079098965420474,12.072697639465332,12.072697639465332
188,314,development,3,direct,11.813037464800539,11.805484146850986,11.743295669555664,11.743295669555664
193,314,development,3,direct,12.165255859329688,12.198811530308024,12.21191692352295,12.21191692352295
198,314,development,3,direct,12.367345048436391,12.49231101113106,12.552165985107422,12.552165985107422
202,314,development,3,direct,12.052344376474922,12.017442659119338,12.063972473144531,12.063972473144531
204,314,development,3,direct,11.91170829631447,11.844235505106465,11.868074417114258,11.868074417114258
205,314,development,3,direct,11.608244735642321,11.612796527685951,11.614997863769531,11.614997863769531
206,314,development,3,direct,12.103491596905931,12.102573605084155,12.130290985107422,12.130290985107422
207,314,development,3,direct,11.87688084212164,11.820234255144836,11.824021339416504,11.824021339416504
214,314,development,3,direct,11.957617696467539,11.952763367120792,11.91364860534668,11.91364860534668
221,314,development,3,direct,12.230282214644559,12.29634191857594,12.278359413146973,12.278359413146973
224,314,development,3,direct,11.48247656671073,11.677873457998077,11.655112266540527,11.655112266540527
231,314,development,3,direct,11.904974309480181,11.847936290821352,11.86625862121582,11.86625862121582
236,314,development,3,direct,11.402005077384885,11.384101349011218,11.315738677978516,11.315738677978516
243,314,development,3,direct,11.277215789596893,11.482453083051226,11.406844139099121,11.406844139099121
244,314,development,3,direct,11.695255355062795,11.810933159367309,11.816301345825195,11.816301345825195
246,314,development,3,direct,12.394628892852941,12.294744251547979,12.36747932434082,12.36747932434082
250,314,development,3,direct,12.531776395271262,12.503832629527393,12.526456832885742,12.526456832885742
253,314,development,3,direct,12.06105265381003,12.06940877181583,12.084965705871582,12.084965705871582
255,314,development,3,direct,11.884495917930655,11.86030643246813,11.847618103027344,11.847618103027344
257,314,development,3,direct,12.242891437918386,12.221839934018561,12.1871337890625,12.1871337890625
260,314,development,3,direct,11.48247656671073,11.550710684973843,11.52027702331543,11.52027702331543
271,314,development,3,direct,12.491255347155265,12.478114860513603,12.482892990112305,12.482892990112305
272,314,development,3,direct,12.394628892852941,12.289117940019,12.335434913635254,12.335434913635254
276,314,development,3,direct,12.230770136157428,12.056085964764431,12.087553024291992,12.087553024291992
282,314,development,3,direct,12.128116509451258,12.135381298796002,12.115899085998535,12.115899085998535
283,314,development,3,direct,12.242891437918386,12.284051618664654,12.251855850219727,12.251855850219727
300,314,development,3,direct,11.973516181427835,11.864464222468337,12.015286445617676,12.015286445617676
302,314,development,3,direct,12.495007682693725,12.515352769233864,12.536639213562012,12.536639213562012
312,314,development,3,direct,11.790564777297387,11.823597342956893,11.858258247375488,11.858258247375488
325,314,development,3,direct,12.396697137361691,12.473696953578974,12.393257141113281,12.393257141113281
327,314,development,3,direct,12.688501881189456,12.51451952818596,12.617171287536621,12.617171287536621
329,314,development,3,direct,12.276069679344003,12.058994891318356,12.098042488098145,12.098042488098145
330,314,development,3,direct,11.264476926102367,11.27379425527992,11.40334415435791,11.40334415435791
334,314,development,3,direct,12.240478903153711,12.141524382821784,12.119872093200684,12.119872093200684
335,314,development,3,direct,12.165255859329688,12.191931765965657,12.180742263793945,12.180742263793945
336,314,development,3,direct,12.34126328584159,12.221129585036747,12.284721374511719,12.284721374511719
341,314,development,3,direct,12.220473454337986,12.259298014005907,12.34604549407959,12.34604549407959
347,314,development,3,direct,11.928347504569842,11.825532631004645,11.856569290161133,11.856569290161133
348,314,development,3,direct,11.967187086434018,12.085091641469917,12.067973136901855,12.067973136901855
352,314,development,3,direct,12.154784614286667,12.234212121526209,12.228145599365234,12.228145599365234
354,314,development,3,direct,11.570259974415547,11.470024806264979,11.53831958770752,11.53831958770752
358,314,development,3,direct,11.80560254159177,11.855872966647167,11.862881660461426,11.862881660461426
359,314,development,3,direct,11.775297421715827,11.800921053898522,11.698678970336914,11.698678970336914
362,314,development,3,direct,11.884495917930655,11.848825766608941,11.864072799682617,11.864072799682617
370,314,development,3,direct,11.995357787034976,12.008219061530035,12.01494312286377,12.01494312286377
371,314,development,3,direct,12.057578437658945,12.116739039545049,12.085227966308594,12.085227966308594
379,314,development,3,direct,12.885204569609956,12.853990579673933,12.870491981506348,12.870491981506348
381,314,development,3,direct,11.751950239425476,11.962077631589015,11.9469633102417,11.9469633102417
383,314,development,3,direct,12.271396795480596,12.235190629217396,12.257448196411133,12.257448196411133
391,314,development,3,direct,11.686887175419702,11.76682364040133,11.681182861328125,11.681182861328125
394,314,development,3,direct,11.51293546492023,11.432840618779581,11.22105598449707,11.22105598449707
397,314,development,3,direct,11.719947764402807,11.740118301681699,11.767565727233887,11.767565727233887
398,314,development,3,direct,12.040614105490253,11.933549253727218,11.93846321105957,11.93846321105957
401,314,development,3,direct,12.411056299528171,12.33042644952887,12.301079750061035,12.301079750061035
409,314,development,3,direct,12.54254845357358,12.533754689228111,12.517106056213379,12.517106056213379
410,314,development,3,direct,12.73596827534975,12.625322138641224,12.610761642456055,12.610761642456055
422,314,development,3,direct,12.278397958261774,12.304322295853025,12.290131568908691,12.290131568908691
436,314,development,3,direct,12.264346270624157,12.256726752131861,12.21603775024414,12.21603775024414
438,314,development,3,direct,11.686887175419702,11.645107306715731,11.633241653442383,11.633241653442383
440,314,development,3,direct,11.608244735642321,11.831416643512974,11.702570915222168,11.702570915222168
442,314,development,3,direct,11.678448377988165,11.693611275923477,11.625936508178711,11.625936508178711
446,314,development,3,direct,11.755879486687116,11.928740771607883,11.894290924072266,11.894290924072266
447,314,development,3,direct,12.154784614286667,12.299780919499735,12.244831085205078,12.244831085205078
448,314,development,3,direct,12.20557752297723,12.236185755655063,12.2319974899292,12.2319974899292
453,314,development,3,direct,12.225880174775122,12.246263478264273,12.204434394836426,12.204434394836426
456,314,development,3,direct,12.075400019877522,11.998921689228828,12.016936302185059,12.016936302185059
459,314,development,3,direct,11.989165855127435,11.938725416211351,11.963418960571289,11.963418960571289
467,314,development,3,direct,12.025755079404917,11.99971517091794,12.029273986816406,12.029273986816406
477,314,development,3,direct,12.249615734512616,12.29018368345406,12.242164611816406,12.242164611816406
481,314,development,3,direct,12.694655727828803,12.76817936437285,12.803483963012695,12.803483963012695
487,314,development,3,direct,11.957617696467539,11.911368393186356,11.883316040039062,11.883316040039062
495,314,development,3,direct,11.421917019425596,11.51319983066612,11.519938468933105,11.519938468933105
503,314,development,3,direct,11.849404844423074,11.781762194088568,11.908207893371582,11.908207893371582
508,314,development,3,direct,12.246739428005663,12.070101694917428,12.088085174560547,12.088085174560547
525,314,development,3,direct,12.662709207270272,12.63430952819296,12.527118682861328,12.527118682861328
526,314,development,3,direct,12.07824495582233,12.092437539162129,12.093241691589355,12.093241691589355
527,314,development,3,direct,11.790564777297387,11.815971195175177,11.825536727905273,11.825536727905273
529,314,development,3,direct,11.362114203075018,11.357956796024872,11.495285034179688,11.495285034179688
530,314,development,3,direct,12.209192772866418,12.360641101411996,12.36634349822998,12.36634349822998
531,314,development,3,direct,12.07254696717504,12.13035147611215,12.12086296081543,12.12086296081543
549,314,development,3,direct,11.736077016252437,11.697609887537237,11.748719215393066,11.748719215393066
554,314,development,3,direct,11.58989576532275,11.661331299444903,11.68629264831543,11.68629264831543
561,314,development,3,direct,11.707677772181546,12.001001910907648,12.078139305114746,12.078139305114746
566,314,development,3,direct,11.759793355371237,11.769076049342777,11.822046279907227,11.822046279907227
570,314,development,3,direct,11.820123358887447,11.876204864100897,11.875412940979004,11.875412940979004
575,314,development,3,direct,11.842236406331555,11.703006345963745,11.768082618713379,11.768082618713379
586,314,development,3,direct,12.820990681250251,12.867438775148242,12.841911315917969,12.841911315917969
593,314,development,3,direct,11.835016210489899,11.894467885290032,11.86940860748291,11.86940860748291
602,314,development,3,direct,11.856522261533737,11.769399552888324,11.745941162109375,11.745941162109375
607,314,development,3,direct,11.931642378754141,11.986818784014151,11.906622886657715,11.906622886657715
608,314,development,3,direct,12.323860125621126,12.114311347481939,12.021410942077637,12.021410942077637
610,314,development,3,direct,11.682676678340282,11.655591680264507,11.665118217468262,11.665118217468262
613,314,development,3,direct,12.474193386571581,12.467493401567188,12.45195198059082,12.45195198059082
615,314,development,3,direct,11.231901180182515,11.264378376221726,11.309100151062012,11.309100151062012
622,314,development,3,direct,12.388398368982115,12.353083250427332,12.432564735412598,12.432564735412598
624,314,development,3,direct,12.034696963475044,12.104565407217716,12.065805435180664,12.065805435180664
637,314,development,3,direct,11.002116507732017,10.901811615570606,10.916836738586426,10.916836738586426
645,314,development,3,direct,12.823631142839984,12.74549826869532,12.787376403808594,12.787376403808594
651,314,development,3,direct,12.235393555399902,12.227828720220712,12.190540313720703,12.190540313720703
653,314,development,3,direct,12.160033942617156,12.186343494410586,12.201509475708008,12.201509475708008
654,314,development,3,direct,11.813037464800539,11.800957147862125,11.826743125915527,11.826743125915527
657,314,development,3,direct,11.8879382384223,11.86409799437964,11.91655445098877,11.91655445098877
658,314,development,3,direct,11.91170829631447,11.989361990191206,12.067248344421387,12.067248344421387
662,314,development,3,direct,12.904209855160254,12.834907076858983,12.850435256958008,12.850435256958008
663,314,development,3,direct,11.608244735642321,11.83478570991325,11.909902572631836,11.909902572631836
665,314,development,3,direct,12.955129822091815,12.736613440446723,12.639358520507812,12.639358520507812
668,314,development,3,direct,12.173037959397275,12.254155878671263,12.23388671875,12.23388671875
671,314,development,3,direct,12.063938642041201,12.068321987228328,12.074989318847656,12.074989318847656
672,314,development,3,direct,11.548302261270587,11.582648390107957,11.746611595153809,11.746611595153809
683,314,development,3,direct,12.06105265381003,12.190982997822832,12.089227676391602,12.089227676391602
688,314,development,3,direct,11.910365121788654,11.935231021032948,11.951567649841309,11.951567649841309
698,314,development,3,direct,11.724004532183379,11.789804621252914,11.736797332763672,11.736797332763672
700,314,development,3,direct,12.185875040240456,12.12216483405867,12.140040397644043,12.140040397644043
706,314,development,3,direct,10.915106645867503,11.075633569446858,11.18517780303955,11.18517780303955
711,314,development,3,direct,10.859018228147887,11.310452930064255,11.331701278686523,11.331701278686523
714,314,development,3,direct,11.767575435251748,11.658490010362854,11.536791801452637,11.536791801452637
725,314,development,3,direct,12.676079399771027,12.674050682005364,12.699385643005371,12.699385643005371
730,314,development,3,direct,11.542493975902508,11.410156687393224,11.42586898803711,11.42586898803711
739,314,development,3,direct,12.095146671399466,11.828190100950838,11.725228309631348,11.725228309631348
745,314,development,3,direct,12.100717685412471,12.272372453534096,12.239614486694336,12.239614486694336
746,314,development,3,direct,12.61087420020211,12.720377133755296,12.640117645263672,12.640117645263672
758,314,development,3,direct,11.97603664577121,11.860249430985252,11.914299964904785,11.914299964904785
759,314,development,3,direct,12.097378802727306,12.02792391350908,12.053645133972168,12.053645133972168
765,314,development,3,direct,12.506180941677357,12.442121200419923,12.396222114562988,12.396222114562988
770,314,development,3,direct,13.195615697878253,13.052465307056302,12.824713706970215,12.824713706970215
792,314,development,3,direct,11.896833207128452,11.911370673976267,11.947524070739746,11.947524070739746
804,314,development,3,direct,13.275829251377,12.966138459179659,13.014037132263184,13.014037132263184
805,314,development,3,direct,11.678448377988165,11.63275472074133,11.682768821716309,11.682768821716309
826,314,development,3,direct,12.861001210669146,12.956950660138041,12.925167083740234,12.925167083740234
831,314,development,3,direct,12.019749091416921,12.086823340106635,12.041980743408203,12.041980743408203
834,314,development,3,direct,12.025755079404917,11.953176257737494,11.96017074584961,11.96017074584961
846,314,development,3,direct,12.049424683420915,12.114101747149451,12.165745735168457,12.165745735168457
848,314,development,3,direct,11.80186424743109,11.796163128267636,11.797383308410645,11.797383308410645
852,314,development,3,direct,12.278397958261774,12.130786585488556,12.242410659790039,12.242410659790039
853,314,development,3,direct,12.00762780434872,12.015043649116665,12.068347930908203,12.068347930908203
863,314,development,3,direct,11.931642378754141,11.872077384317373,11.877777099609375,11.877777099609375
865,314,development,3,direct,12.43153750053306,12.184106733295716,12.161617279052734,12.161617279052734
866,314,development,3,direct,11.908346971208951,11.825501666049293,11.767300605773926,11.767300605773926
869,314,development,3,direct,12.037659911047468,12.008417436159096,11.974370956420898,11.974370956420898
886,314,development,3,direct,12.70351207261035,12.464772200310788,12.601062774658203,12.601062774658203
896,314,development,3,direct,11.849404844423074,12.02013801800387,12.021178245544434,12.021178245544434
900,314,development,3,direct,11.813037464800539,11.811796823408972,11.788796424865723,11.788796424865723
901,314,development,3,direct,11.608244735642321,11.645371189940487,11.561907768249512,11.561907768249512
909,314,development,3,direct,11.782960235741939,11.794296870824686,11.771404266357422,11.771404266357422
924,314,development,3,direct,12.170450649220749,12.191867928942226,12.178807258605957,12.178807258605957
926,314,development,3,direct,12.07254696717504,11.974097075584641,11.946341514587402,11.946341514587402
928,314,development,3,direct,12.07824495582233,12.09108110940347,12.07943344116211,12.07943344116211
936,314,development,3,direct,11.288543647320601,11.472591700154343,11.40273380279541,11.40273380279541
939,314,development,3,direct,12.387560521575551,12.39361631148455,12.429519653320312,12.429519653320312
943,314,development,3,direct,11.918397239722838,11.801542560337378,11.773321151733398,11.773321151733398
945,314,development,3,direct,11.83138646878959,12.018394950963035,11.890815734863281,11.890815734863281
950,314,development,3,direct,12.193498926601634,12.067904697681614,12.10777759552002,12.10777759552002
954,314,development,3,direct,12.055255569732177,11.993925006440366,12.056920051574707,12.056920051574707
971,314,development,3,direct,11.813037464800539,11.287890977906656,11.248274803161621,11.248274803161621
982,314,development,3,direct,12.724869415131389,12.687837294966828,12.697554588317871,12.697554588317871
983,314,development,3,direct,11.982278882874377,12.079682329870682,12.09402847290039,12.09402847290039
986,314,development,3,direct,11.736077016252437,11.642535564504069,11.737565040588379,11.737565040588379
987,314,development,3,direct,11.669937760751914,11.73262950423802,11.636178970336914,11.636178970336914
989,314,development,3,direct,12.180759965737863,12.181448442599562,12.13823127746582,12.13823127746582
1000,314,development,3,direct,12.235636302128867,12.157535232855786,12.13965892791748,12.13965892791748
1001,314,development,3,direct,11.314486721293981,11.227555708876551,11.100305557250977,11.100305557250977
1004,314,development,3,direct,11.827049837927534,11.910039758356554,11.893760681152344,11.893760681152344
1005,314,development,3,direct,12.10625783509458,12.143966291796128,12.133291244506836,12.133291244506836
1008,314,development,3,direct,11.385103457032141,11.372004186360613,11.370490074157715,11.370490074157715
1016,314,development,3,direct,12.33270970174018,12.261458780818822,12.30636978149414,12.30636978149414
1042,314,development,3,direct,12.06105265381003,11.978863834739123,12.006620407104492,12.006620407104492
1050,314,development,3,direct,11.349241150793087,11.602168747274376,11.550264358520508,11.550264358520508
1055,314,development,3,direct,12.449022745701502,12.475698298828693,12.516013145446777,12.516013145446777
1056,314,development,3,direct,12.100717685412471,11.97689424028478,12.004563331604004,12.004563331604004
1068,314,development,3,direct,12.031129798974042,12.08427913260952,12.100829124450684,12.100829124450684
1072,314,development,3,direct,11.944714374881176,11.952128070088595,11.96157169342041,11.96157169342041
1075,314,development,3,direct,12.175618592671356,12.10403981842587,12.071311950683594,12.071311950683594
1078,314,development,3,direct,11.840796531639839,11.77579250987632,11.745185852050781,11.745185852050781
1079,314,development,3,direct,11.956976469393481,11.847033304079222,11.86068058013916,11.86068058013916
1081,314,development,3,direct,11.884495917930655,12.008676223778105,12.055757522583008,12.055757522583008
1085,314,development,3,direct,12.141539457711714,12.116181793271679,12.1182279586792,12.1182279586792
1100,314,development,3,direct,11.964007453736912,11.928467729818568,11.955587387084961,11.955587387084961
1101,314,development,3,direct,11.002116507732017,11.003522874010724,11.092790603637695,11.092790603637695
1105,314,development,3,direct,11.571203807011969,11.67946611007048,11.626137733459473,11.626137733459473
1106,314,development,3,direct,12.691583538230217,12.734663877341722,12.737308502197266,12.737308502197266
1110,314,development,3,direct,12.54254845357358,12.66268649552062,12.63114070892334,12.63114070892334
1111,314,development,3,direct,12.144202560946876,12.108996227076638,12.118780136108398,12.118780136108398
1117,314,development,3,direct,12.123239799036943,12.109600151825928,12.128429412841797,12.128429412841797
1118,314,development,3,direct,11.775297421715827,11.833265302811734,11.83724308013916,11.83724308013916
1119,314,development,3,direct,11.849404844423074,11.794918682395236,11.793305397033691,11.793305397033691
1120,314,development,3,direct,11.803361242493628,11.697696464323736,11.738554000854492,11.738554000854492
1126,314,development,3,direct,11.652696102959753,11.605018436634241,11.581622123718262,11.581622123718262
1127,314,development,3,direct,12.066816325306588,12.168479972171006,12.184134483337402,12.184134483337402
1129,314,development,3,direct,12.278397958261774,12.23525938544841,12.25445556640625,12.25445556640625
1134,314,development,3,direct,12.386312871189734,12.39502813445011,12.390913963317871,12.390913963317871
1137,314,development,3,direct,11.686887175419702,11.704956493470643,11.742003440856934,11.742003440856934
1138,314,development,3,direct,11.451060699493427,11.407511272269833,11.365636825561523,11.365636825561523
1154,314,development,3,direct,11.699413330633599,11.648242480688,11.713669776916504,11.713669776916504
1155,314,development,3,direct,12.215037342290755,12.246066830325583,12.339544296264648,12.339544296264648
1158,314,development,3,direct,12.345838935721968,12.280121416050093,12.252752304077148,12.252752304077148
1162,314,development,3,direct,12.319405795112926,12.217733796273182,12.255646705627441,12.255646705627441
1170,314,development,3,direct,13.345508528717259,13.262390977805689,12.929595947265625,12.929595947265625
1177,314,development,3,direct,11.691080018519527,11.791265470703442,11.793018341064453,11.793018341064453
1183,314,development,3,direct,13.521140839642674,13.086066696427448,12.910969734191895,12.910969734191895
1191,314,development,3,direct,12.031725210748633,12.089868186035737,11.997408866882324,11.997408866882324
1197,314,development,3,direct,12.29779001527865,12.307282805732989,12.314640998840332,12.314640998840332
1211,314,development,3,direct,12.149507585033072,12.202042082070072,12.137480735778809,12.137480735778809
1216,314,development,3,direct,11.736077016252437,11.593707457791995,11.670919418334961,11.670919418334961
1220,314,development,3,direct,11.424105180165641,11.460140732817397,11.476543426513672,11.476543426513672
1226,314,development,3,direct,11.884495917930655,11.83620005331214,11.797545433044434,11.797545433044434
1234,314,development,3,direct,11.863589378812122,11.820127056457265,11.826614379882812,11.826614379882812
1244,314,development,3,direct,13.049794835104816,12.95139272112108,13.065303802490234,13.065303802490234
1245,314,development,3,direct,12.345838935721968,12.126583606883063,12.213143348693848,12.213143348693848
1248,314,development,3,direct,12.042971193457888,11.854075858248084,11.837667465209961,11.837667465209961
1249,314,development,3,direct,11.771443882099637,11.838683968153866,11.935127258300781,11.935127258300781
1250,314,development,3,direct,11.686887175419702,11.721610745877927,11.741989135742188,11.741989135742188
1256,314,development,3,direct,11.755879486687116,11.737365865433814,11.766666412353516,11.766666412353516
1262,314,development,3,direct,11.766799946849087,11.752031268514768,11.718981742858887,11.718981742858887
1266,314,development,3,direct,12.12215284831553,12.030303590225577,12.015641212463379,12.015641212463379
1274,314,development,3,direct,12.083910661257521,12.017443229729071,12.025374412536621,12.025374412536621
1283,314,development,3,direct,11.921725007667265,11.910757985047617,11.894761085510254,11.894761085510254
1284,314,development,3,direct,11.842236406331555,11.846200333622487,11.852116584777832,11.852116584777832
1294,314,development,3,direct,12.000897933306716,12.107111459573666,12.095121383666992,12.095121383666992
1304,314,development,3,direct,12.354496960983985,12.299852084285092,12.288223266601562,12.288223266601562
1306,314,development,3,direct,12.691583538230217,12.661151331676999,12.768665313720703,12.768665313720703
1307,314,development,3,direct,12.218500103788143,12.136181565517012,12.14736557006836,12.14736557006836
1310,314,development,3,direct,12.09626335986454,12.087469814869772,12.086971282958984,12.086971282958984
1317,314,development,3,direct,12.596403811053621,12.50379966471563,12.56277847290039,12.56277847290039
1319,314,development,3,direct,12.524530013005734,12.506830014775908,12.483717918395996,12.483717918395996
1327,314,development,3,direct,11.277215789596893,11.41069916986713,11.386290550231934,11.386290550231934
1328,314,development,3,direct,11.779136168550774,11.774100934090896,11.783041000366211,11.783041000366211
1334,314,development,3,direct,11.74006900564972,11.779349954148664,11.797701835632324,11.797701835632324
1339,314,development,3,direct,12.206077645517674,12.297053020507931,12.299735069274902,12.299735069274902
1348,314,development,3,direct,12.554840409959793,12.60593812070984,12.557215690612793,12.557215690612793
1349,314,development,3,direct,12.278397958261774,12.423795803526238,12.426824569702148,12.426824569702148
1351,314,development,3,direct,12.206077645517674,12.05224994909871,11.94834041595459,11.94834041595459
1353,314,development,3,direct,11.812296455066814,11.71731292299486,11.722891807556152,11.722891807556152
1359,314,development,3,direct,12.086731521684555,12.042089039714146,12.049251556396484,12.049251556396484
1380,314,development,3,direct,12.02874460037869,11.987509082050265,11.872709274291992,11.872709274291992
1382,314,development,3,direct,12.377927112974284,12.221686923804624,12.262674331665039,12.262674331665039
1387,314,development,3,direct,12.429220196836383,12.638576887884065,12.457442283630371,12.457442283630371
1392,314,development,3,direct,11.728044909070785,11.717707517809258,11.706965446472168,11.706965446472168
1395,314,development,3,direct,12.415437707935368,12.30244868767189,12.358867645263672,12.358867645263672
1401,314,development,3,direct,11.695255355062795,11.660415634196108,11.685920715332031,11.685920715332031
1406,314,development,3,direct,12.524530013005734,12.548085058888692,12.567767143249512,12.567767143249512
1409,314,development,3,direct,11.74006900564972,11.540746192828493,11.60412883758545,11.60412883758545
1410,314,development,3,direct,12.278397958261774,12.25642623099351,12.276915550231934,12.276915550231934
1414,314,development,3,direct,12.456835254920371,12.499155765123168,12.499564170837402,12.499564170837402
1418,314,development,3,direct,12.73670383776449,12.738610535915852,12.675264358520508,12.675264358520508
1419,314,development,3,direct,11.728044909070785,11.809037237187631,11.808174133300781,11.808174133300781
1422,314,development,3,direct,11.755879486687116,11.837802642514452,11.848494529724121,11.848494529724121
1424,314,development,3,direct,12.524420916542532,12.124015985425638,12.062880516052246,12.062880516052246
1433,314,development,3,direct,11.07443600653965,11.519803153382258,11.591906547546387,11.591906547546387
1437,314,development,3,direct,11.699413330633599,11.67092156589258,11.683728218078613,11.683728218078613
1444,314,development,3,direct,11.703554089007538,11.566945922631524,11.576333045959473,11.576333045959473
1446,314,development,3,direct,11.767575435251748,11.751731944361106,11.738202095031738,11.738202095031738
1449,314,development,3,direct,11.626263078808801,11.636668026851947,11.515680313110352,11.515680313110352
1451,314,development,3,direct,11.820417517632333,11.7894385271328,11.799602508544922,11.799602508544922
1455,314,development,3,direct,12.128116509451258,12.1437262225498,12.114996910095215,12.114996910095215
2,314,development,4,direct,12.109016442313738,12.068940104926428,12.079474449157715,12.079474449157715
3,314,development,4,direct,12.317171167298682,12.23417385707729,12.272368431091309,12.272368431091309
7,314,development,4,direct,12.634606283893019,12.501863674612006,12.496526718139648,12.496526718139648
14,314,development,4,direct,12.540761149388421,12.317297242500432,12.246774673461914,12.246774673461914
15,314,development,4,direct,11.964007453736912,11.954934202024141,11.970235824584961,11.970235824584961
20,314,development,4,direct,11.842236406331555,11.667270933574905,11.602237701416016,11.602237701416016
22,314,development,4,direct,11.845109950883979,11.765178684870053,11.693224906921387,11.693224906921387
23,314,development,4,direct,12.345838935721968,12.371291793858866,12.381943702697754,12.381943702697754
32,314,development,4,direct,11.914054519303125,11.874447142424115,11.842841148376465,11.842841148376465
35,314,development,4,direct,12.533579815765737,12.591821471813379,12.58212661743164,12.58212661743164
37,314,development,4,direct,11.884495917930655,11.921214364490503,11.944198608398438,11.944198608398438
41,314,development,4,direct,11.982935344196433,11.857031259491585,11.873852729797363,11.873852729797363
42,314,development,4,direct,12.04355959836804,12.048269784505711,12.04549789428711,12.04549789428711
48,314,development,4,direct,12.428019481065613,12.378733274391555,12.406461715698242,12.406461715698242
63,314,development,4,direct,12.218500103788143,12.24327079583174,12.26187801361084,12.26187801361084
66,314,development,4,direct,12.666660207428574,12.654590977036412,12.622257232666016,12.622257232666016
74,314,development,4,direct,11.88380602959621,11.886267131726543,11.8999662399292,11.8999662399292
75,314,development,4,direct,11.58432477200052,11.611354715760854,11.463682174682617,11.463682174682617
83,314,development,4,direct,12.409017571151187,12.310638169222612,12.355878829956055,12.355878829956055
85,314,development,4,direct,12.034696963475044,12.041042691282602,12.048013687133789,12.048013687133789
87,314,development,4,direct,12.066816325306588,12.070233861664056,12.101097106933594,12.101097106933594
88,314,development,4,direct,12.010671928196443,12.029969579947197,11.948935508728027,11.948935508728027
97,314,development,4,direct,12.273735966890268,12.276203653962567,12.298952102661133,12.298952102661133
104,314,development,4,direct,12.200562492481511,12.136123974959862,12.05179500579834,12.05179500579834
107,314,development,4,direct,11.51293546492023,11.368036540064747,11.422286987304688,11.422286987304688
110,314,development,4,direct,12.154784614286667,12.243591213341523,12.184138298034668,12.184138298034668
128,314,development,4,direct,11.373674891823535,11.452964876213056,11.407054901123047,11.407054901123047
131,314,development,4,direct,12.328294703023396,12.257453786572416,12.26400375366211,12.26400375366211
133,314,development,4,direct,11.923384748066601,11.9386499613763,11.9288969039917,11.9288969039917
144,314,development,4,direct,12.225880174775122,12.31313914105985,12.242645263671875,12.242645263671875
150,314,development,4,direct,11.652696102959753,11.588544857913243,11.634028434753418,11.634028434753418
151,314,development,4,direct,11.711784520403112,11.819950425874298,11.837924003601074,11.837924003601074
154,314,development,4,direct,12.367345048436391,12.151061393574624,12.161031723022461,12.161031723022461
158,314,development,4,direct,12.504327379899443,12.519616982158638,12.493419647216797,12.493419647216797
162,314,development,4,direct,12.929993908996359,12.952296873952951,12.918764114379883,12.918764114379883
169,314,development,4,direct,12.119975396053194,12.15629869878048,12.201216697692871,12.201216697692871
172,314,development,4,direct,12.278397958261774,12.11054310765836,12.115252494812012,12.115252494812012
175,314,development,4,direct,12.122696471358964,12.191805980796438,12.138335227966309,12.138335227966309
176,314,development,4,direct,12.400820837540556,12.313105044205932,12.189543724060059,12.189543724060059
179,314,development,4,direct,13.126032637428713,12.94486797157908,12.86561393737793,12.86561393737793
186,314,development,4,direct,13.07107218827772,12.613573685718661,12.733115196228027,12.733115196228027
191,314,development,4,direct,12.660331092405906,12.553889905521727,12.420583724975586,12.420583724975586
192,314,development,4,direct,12.122696471358964,12.028377618930357,12.071955680847168,12.071955680847168
196,314,development,4,direct,11.908346971208951,11.893260289285143,11.920112609863281,11.920112609863281
200,314,development,4,direct,12.524166311833152,12.634908542278305,12.658318519592285,12.658318519592285
203,314,development,4,direct,11.626263078808801,11.61804091438206,11.741199493408203,11.741199493408203
208,314,development,4,direct,11.856522261533737,11.857656798669272,11.811097145080566,11.811097145080566
209,314,development,4,direct,12.531776395271262,12.429141203779613,12.415535926818848,12.415535926818848
210,314,development,4,direct,11.884495917930655,11.89426638429517,11.923157691955566,11.923157691955566
212,314,development,4,direct,12.133507329024972,12.071199137711904,12.01319408416748,12.01319408416748
213,314,development,4,direct,12.439875187430008,12.392799312702138,12.373053550720215,12.373053550720215
219,314,development,4,direct,12.649157827477366,12.325578850651032,12.356819152832031,12.356819152832031
220,314,development,4,direct,12.027191164883384,12.042170199097846,12.092696189880371,12.092696189880371
235,314,development,4,direct,12.285350445351659,12.283854154397522,12.2739896774292,12.2739896774292
237,314,development,4,direct,12.130815551850676,12.130738867727239,12.140098571777344,12.140098571777344
252,314,development,4,direct,12.367345048436391,12.406626349414095,12.557977676391602,12.557977676391602
266,314,development,4,direct,12.075400019877522,12.10046924133101,12.036398887634277,12.036398887634277
267,314,development,4,direct,12.128116509451258,12.093463779005281,12.122831344604492,12.122831344604492
268,314,development,4,direct,12.097936057925594,12.09567884745105,12.015278816223145,12.015278816223145
274,314,development,4,direct,11.842236406331555,12.010034345932464,11.975424766540527,11.975424766540527
281,314,development,4,direct,12.339295865674435,12.310755616585297,12.249686241149902,12.249686241149902
288,314,development,4,direct,11.385103457032141,11.51948828250999,11.550209999084473,11.550209999084473
303,314,development,4,direct,12.230770136157428,12.330570624638321,12.334633827209473,12.334633827209473
304,314,development,4,direct,11.917730355182513,11.744731784751576,11.700416564941406,11.700416564941406
310,314,development,4,direct,12.793862088206213,12.832934111971651,12.839583396911621,12.839583396911621
319,314,development,4,direct,12.468440756144114,12.739268817497935,12.642215728759766,12.642215728759766
323,314,development,4,direct,12.614868865984631,12.56917344687802,12.571481704711914,12.571481704711914
332,314,development,4,direct,11.842236406331555,11.794312026570294,11.827549934387207,11.827549934387207
333,314,development,4,direct,12.556733038263905,12.663734136313874,12.777779579162598,12.777779579162598
338,314,development,4,direct,12.273735966890268,12.303081244965,12.296606063842773,12.296606063842773
349,314,development,4,direct,11.944714374881176,12.151901749507347,12.133758544921875,12.133758544921875
356,314,development,4,direct,12.086731521684555,12.0534638742362,12.090415954589844,12.090415954589844
360,314,development,4,direct,12.54254845357358,12.532407827367019,12.516213417053223,12.516213417053223
361,314,development,4,direct,11.957617696467539,11.918749759007955,11.930398941040039,11.930398941040039
364,314,development,4,direct,11.678448377988165,11.543634985034007,11.562294006347656,11.562294006347656
369,314,development,4,direct,11.790564777297387,11.892892269148344,11.813796997070312,11.813796997070312
373,314,development,4,direct,11.736077016252437,11.633279022175977,11.722962379455566,11.722962379455566
376,314,development,4,direct,11.0186455364637,11.288445298013727,11.184443473815918,11.184443473815918
402,314,development,4,direct,12.013646205940514,12.11378377367443,12.137919425964355,12.137919425964355
413,314,development,4,direct,12.310437165348775,12.414991885776141,12.341958999633789,12.341958999633789
419,314,development,4,direct,11.744045122410057,11.587979398524004,11.520194053649902,11.520194053649902
421,314,development,4,direct,12.237091546357338,12.151892899355023,12.233681678771973,12.233681678771973
423,314,development,4,direct,11.635151947212842,11.671758032712768,11.696844100952148,11.696844100952148
429,314,development,4,direct,12.182809136284991,12.190623529481313,12.145187377929688,12.145187377929688
432,314,development,4,direct,11.288543647320601,11.54574410052681,11.61359977722168,11.61359977722168
444,314,development,4,direct,12.058158312538197,12.137083981226471,12.122879028320312,12.122879028320312
445,314,development,4,direct,12.25486757159303,12.29730505753197,12.300167083740234,12.300167083740234
449,314,development,4,direct,11.691080018519527,11.755029085683528,11.717967987060547,11.717967987060547
451,314,development,4,direct,11.608244735642321,11.52191129867679,11.531185150146484,11.531185150146484
452,314,development,4,direct,12.54254845357358,12.314510590147039,12.263472557067871,12.263472557067871
461,314,development,4,direct,12.481565733211923,12.358285855885983,12.399827003479004,12.399827003479004
466,314,development,4,direct,12.093693109638318,12.146468379628052,12.043290138244629,12.043290138244629
471,314,development,4,direct,12.264346270624157,12.213909773577937,12.327410697937012,12.327410697937012
475,314,development,4,direct,12.433212202169729,12.419264826925044,12.455103874206543,12.455103874206543
498,314,development,4,direct,12.122696471358964,11.976176599437487,12.014616966247559,12.014616966247559
500,314,development,4,direct,11.695255355062795,11.759156091456974,11.802106857299805,11.802106857299805
505,314,development,4,direct,11.898194668458823,11.863366658660167,11.86036491394043,11.86036491394043
511,314,development,4,direct,12.013100572810686,12.01354391887317,11.985443115234375,11.985443115234375
518,314,development,4,direct,12.487488878546145,12.561887140119682,12.513602256774902,12.513602256774902
520,314,development,4,direct,12.36308066783498,12.424413472420836,12.362212181091309,12.362212181091309
534,314,development,4,direct,10.579005242826247,10.979683998060189,11.071603775024414,11.071603775024414
542,314,development,4,direct,12.421188057397055,12.477642790226222,12.453801155090332,12.453801155090332
557,314,development,4,direct,11.856522261533737,11.902769661282994,11.902469635009766,11.902469635009766
562,314,development,4,direct,12.04355959836804,12.045024820138595,11.987565040588379,11.987565040588379
569,314,development,4,direct,12.665397584983758,12.591833907886684,12.567060470581055,12.567060470581055
577,314,development,4,direct,11.884495917930655,11.927812085563074,11.914198875427246,11.914198875427246
578,314,development,4,direct,12.010671928196443,11.934923932613742,11.963027954101562,11.963027954101562
579,314,development,4,direct,11.891368749982085,11.993928223977736,12.02483081817627,12.02483081817627
583,314,development,4,direct,11.682676678340282,11.65511780403356,11.687629699707031,11.687629699707031
590,314,development,4,direct,11.283524879179666,11.505652584823475,11.533736228942871,11.533736228942871
594,314,development,4,direct,11.849404844423074,11.847808546955108,11.86831283569336,11.86831283569336
595,314,development,4,direct,11.608244735642321,11.665388787557273,11.648551940917969,11.648551940917969
606,314,development,4,direct,12.230770136157428,12.166538334924065,12.186968803405762,12.186968803405762
614,314,development,4,direct,11.898194668458823,11.63938575271588,11.661145210266113,11.661145210266113
616,314,development,4,direct,11.83138646878959,11.81278598588007,11.842879295349121,11.842879295349121
618,314,development,4,direct,11.566475710526321,11.683803405794684,11.670674324035645,11.670674324035645
626,314,development,4,direct,11.982935344196433,11.871288900200346,11.873135566711426,11.873135566711426
635,314,development,4,direct,11.87757552297847,11.816183062529396,11.906468391418457,11.906468391418457
643,314,development,4,direct,12.75130259456002,12.728163651879632,12.81542682647705,12.81542682647705
649,314,development,4,direct,11.951186847493476,11.963310206678884,11.980183601379395,11.980183601379395
660,314,development,4,direct,12.025755079404917,11.985932736144632,11.93324089050293,11.93324089050293
666,314,development,4,direct,12.348010479804223,12.385166462661967,12.426719665527344,12.426719665527344
667,314,development,4,direct,11.767575435251748,12.06151521726143,12.197574615478516,12.197574615478516
669,314,development,4,direct,12.031725210748633,11.99386991870918,12.033378601074219,12.033378601074219
670,314,development,4,direct,11.83138646878959,11.663146620983062,11.663596153259277,11.663596153259277
673,314,development,4,direct,12.013706813470414,12.049689320167113,12.05123233795166,12.05123233795166
675,314,development,4,direct,11.849404844423074,11.897662129912028,11.898536682128906,11.898536682128906
679,314,development,4,direct,12.827995001361906,12.762793687075016,12.632608413696289,12.632608413696289
682,314,development,4,direct,11.979391594635791,11.587296286553192,11.641562461853027,11.641562461853027
684,314,development,4,direct,12.560247968016562,12.562590002935684,12.553397178649902,12.553397178649902
689,314,development,4,direct,12.879019669789754,12.316173651452035,12.276494026184082,12.276494026184082
694,314,development,4,direct,11.59433032142082,11.576893464133564,11.519750595092773,11.519750595092773
696,314,development,4,direct,12.07824495582233,12.061330343459078,12.04251480102539,12.04251480102539
705,314,development,4,direct,12.269052139516223,12.281831058206187,12.27846908569336,12.27846908569336
713,314,development,4,direct,12.149507585033072,12.149100955528514,12.149151802062988,12.149151802062988
716,314,development,4,direct,12.013706813470414,11.916772175206129,11.872291564941406,11.872291564941406
722,314,development,4,direct,11.870606902224587,11.877872226527508,11.87716293334961,11.87716293334961
727,314,development,4,direct,12.310437165348775,12.290777807645188,12.26468276977539,12.26468276977539
728,314,development,4,direct,12.178192583415596,12.19894239357374,12.165101051330566,12.165101051330566
732,314,development,4,direct,12.141539457711714,12.137253838864469,12.08817195892334,12.08817195892334
754,314,development,4,direct,12.526346537332584,12.526698165574192,12.546019554138184,12.546019554138184
757,314,development,4,direct,12.264346270624157,12.253431184527322,12.25352668762207,12.25352668762207
761,314,development,4,direct,11.755879486687116,11.651089632949263,11.724675178527832,11.724675178527832
763,314,development,4,direct,12.279327754099118,12.205118776816416,12.189751625061035,12.189751625061035
769,314,development,4,direct,12.28690580994122,12.348811500758453,12.355718612670898,12.355718612670898
771,314,development,4,direct,11.812296455066814,11.808971597739225,11.78618049621582,11.78618049621582
776,314,development,4,direct,11.995357787034976,11.986311605738308,12.012702941894531,12.012702941894531
779,314,development,4,direct,11.87757552297847,11.785480076918198,11.818710327148438,11.818710327148438
781,314,development,4,direct,12.07824495582233,12.039625379156426,12.091463088989258,12.091463088989258
782,314,development,4,direct,12.077676615757813,12.102179594055876,12.083477020263672,12.083477020263672
783,314,development,4,direct,12.139403856983334,12.154170661948298,12.100506782531738,12.100506782531738
806,314,development,4,direct,12.335700805443338,12.246423428095403,12.1688232421875,12.1688232421875
807,314,development,4,direct,11.816734299348461,11.78640002858694,11.78895378112793,11.78895378112793
810,314,development,4,direct,11.571203807011969,11.709275113640716,11.741667747497559,11.741667747497559
811,314,development,4,direct,12.10625783509458,12.128532617493446,12.04627513885498,12.04627513885498
812,314,development,4,direct,11.881041706925902,11.883028853199123,11.91297435760498,11.91297435760498
816,314,development,4,direct,12.323415584358154,12.205246926723765,12.268569946289062,12.268569946289062
822,314,development,4,direct,11.440365524765756,11.385580015573362,11.37582015991211,11.37582015991211
825,314,development,4,direct,12.357079818283598,12.32622180916826,12.316234588623047,12.316234588623047
833,314,development,4,direct,12.37581963951765,12.315463587942174,12.296429634094238,12.296429634094238
836,314,development,4,direct,11.759793355371237,11.781289074431202,11.764110565185547,11.764110565185547
837,314,development,4,direct,11.941462360646149,11.775769120630544,11.790702819824219,11.790702819824219
841,314,development,4,direct,11.849404844423074,11.690890587545232,11.745747566223145,11.745747566223145
843,314,development,4,direct,12.071975378543236,11.96085029305326,12.00882339477539,12.00882339477539
845,314,development,4,direct,11.944064817531656,11.840572222752346,11.853254318237305,11.853254318237305
856,314,development,4,direct,11.751950239425476,11.848438588863006,11.874815940856934,11.874815940856934
859,314,development,4,direct,11.931642378754141,11.847532681019414,11.878717422485352,11.878717422485352
862,314,development,4,direct,11.78676973513378,11.827144172890891,11.843216896057129,11.843216896057129
864,314,development,4,direct,11.794345471549745,11.850467971634307,11.822809219360352,11.822809219360352
868,314,development,4,direct,11.767575435251748,11.842222082031295,11.784674644470215,11.784674644470215
878,314,development,4,direct,12.765691290604371,12.772232216423223,12.852323532104492,12.852323532104492
881,314,development,4,direct,11.964007453736912,11.991603921762986,11.968817710876465,11.968817710876465
887,314,development,4,direct,11.884495917930655,11.966460306243004,11.99485969543457,11.99485969543457
891,314,development,4,direct,11.719134432217524,11.694064192947417,11.655498504638672,11.655498504638672
897,314,development,4,direct,11.575909653758895,11.334164467021154,11.34683895111084,11.34683895111084
898,314,development,4,direct,11.870278179170796,11.814192611444275,11.868279457092285,11.868279457092285
899,314,development,4,direct,13.323928581764989,13.07101065622137,13.071366310119629,13.071366310119629
906,314,development,4,direct,11.759793355371237,11.75454565465218,11.789641380310059,11.789641380310059
910,314,development,4,direct,12.066816325306588,12.052088364717902,12.076292991638184,12.076292991638184
915,314,development,4,direct,12.065280672855897,12.025277056458837,11.939765930175781,11.939765930175781
919,314,development,4,direct,12.380030154325457,12.473463819914532,12.522890090942383,12.522890090942383
930,314,development,4,direct,12.310437165348775,12.293612508094544,12.35447883605957,12.35447883605957
937,314,development,4,direct,12.127575825689417,12.135743665235841,12.095874786376953,12.095874786376953
941,314,development,4,direct,11.924379271639218,12.054361340765888,12.063426971435547,12.063426971435547
953,314,development,4,direct,11.804855999911272,11.75448859812286,11.807168960571289,11.807168960571289
960,314,development,4,direct,11.951186847493476,12.07898471809475,12.075748443603516,12.075748443603516
961,314,development,4,direct,11.665655135642039,11.65892942272883,11.736442565917969,11.736442565917969
963,314,development,4,direct,11.951186847493476,11.938862186290466,11.976256370544434,11.976256370544434
964,314,development,4,direct,12.384223015005313,12.476033357393046,12.623517990112305,12.623517990112305
970,314,development,4,direct,11.849404844423074,11.695723004456854,11.799914360046387,11.799914360046387
972,314,development,4,direct,12.06105265381003,11.991083914424385,12.081693649291992,12.081693649291992
977,314,development,4,direct,11.356283350762888,11.285463162715558,11.295090675354004,11.295090675354004
990,314,development,4,direct,12.190964083849375,12.161136003938214,12.146468162536621,12.146468162536621
995,314,development,4,direct,12.729323752253295,12.727169494316993,12.855412483215332,12.855412483215332
997,314,development,4,direct,11.824087219587643,11.781020067259815,11.825411796569824,11.825411796569824
1010,314,development,4,direct,11.532737896139919,11.604599545452418,11.669147491455078,11.669147491455078
1012,314,development,4,direct,11.51293546492023,11.532224847574048,11.566322326660156,11.566322326660156
1014,314,development,4,direct,11.350418300109132,11.532775565895255,11.554938316345215,11.554938316345215
1039,314,development,4,direct,11.48247656671073,11.543960866283603,11.578007698059082,11.578007698059082
1041,314,development,4,direct,11.951186847493476,11.991674320583995,12.051865577697754,12.051865577697754
1046,314,development,4,direct,11.846543632608535,11.74891056770487,11.74303913116455,11.74303913116455
1047,314,development,4,direct,13.229569788348705,12.976097223381583,12.94101619720459,12.94101619720459
1049,314,development,4,direct,11.652696102959753,11.819907922193062,11.79615592956543,11.79615592956543
1051,314,development,4,direct,12.080996832096167,12.105533429256853,12.146873474121094,12.146873474121094
1052,314,development,4,direct,12.206782393599413,12.147474175645927,12.180476188659668,12.180476188659668
1058,314,development,4,direct,12.421188057397055,12.322068069302922,12.295174598693848,12.295174598693848
1065,314,development,4,direct,11.944714374881176,11.946185694199846,11.909130096435547,11.909130096435547
1070,314,development,4,direct,11.813037464800539,11.765419219858881,11.791364669799805,11.791364669799805
1080,314,development,4,direct,11.744045122410057,11.798333220777122,11.785390853881836,11.785390853881836
1084,314,development,4,direct,11.982935344196433,11.969804650151112,11.906307220458984,11.906307220458984
1088,314,development,4,direct,12.437188334739655,12.45874061782038,12.477874755859375,12.477874755859375
1089,314,development,4,direct,11.83138646878959,11.79626893356924,11.808799743652344,11.808799743652344
1091,314,development,4,direct,11.439289689006644,11.3945859509211,11.427773475646973,11.427773475646973
1095,314,development,4,direct,11.767575435251748,11.797634059938074,11.812849044799805,11.812849044799805
1096,314,development,4,direct,12.080696479888445,12.113671282629275,12.085247039794922,12.085247039794922
1097,314,development,4,direct,11.751950239425476,11.639175027510825,11.72715950012207,11.72715950012207
1102,314,development,4,direct,11.691080018519527,11.666296971539522,11.678057670593262,11.678057670593262
1114,314,development,4,direct,11.80932691294063,11.808993002409967,11.829102516174316,11.829102516174316
1115,314,development,4,direct,11.669937760751914,11.658436897392706,11.69605827331543,11.69605827331543
1121,314,development,4,direct,11.681832447342321,11.66694859097822,11.628130912780762,11.628130912780762
1124,314,development,4,direct,11.678448377988165,11.48087690407523,11.546974182128906,11.546974182128906
1130,314,development,4,direct,11.849404844423074,11.822736891510434,11.795716285705566,11.795716285705566
1144,314,development,4,direct,11.289794413577894,11.521785278784183,11.561017990112305,11.561017990112305
1146,314,development,4,direct,11.91170829631447,11.805526885622898,11.755032539367676,11.755032539367676
1150,314,development,4,direct,11.870606902224587,11.823935694474308,11.892022132873535,11.892022132873535
1163,314,development,4,direct,11.767575435251748,11.746660184255932,11.740084648132324,11.740084648132324
1164,314,development,4,direct,11.59873612138334,11.86218184289055,11.78233528137207,11.78233528137207
1166,314,development,4,direct,12.359527368950229,12.38137395237294,12.233250617980957,12.233250617980957
1167,314,development,4,direct,12.41044511731981,12.40928155507066,12.393783569335938,12.393783569335938
1169,314,development,4,direct,12.367345048436391,12.213082266286277,12.208526611328125,12.208526611328125
1172,314,development,4,direct,12.001511614739405,11.990661349954182,11.981949806213379,11.981949806213379
1174,314,development,4,direct,12.208574513247495,12.239311443001084,12.281951904296875,12.281951904296875
1178,314,development,4,direct,11.652696102959753,11.616846356495254,11.649306297302246,11.649306297302246
1182,314,development,4,direct,12.880294363972055,12.557604941170295,12.615852355957031,12.615852355957031
1184,314,development,4,direct,11.695255355062795,11.874539608629384,11.83853530883789,11.83853530883789
1185,314,development,4,direct,12.137263685701864,12.233544924894018,12.11133098602295,12.11133098602295
1186,314,development,4,direct,11.560772327227417,11.744016618016532,11.753619194030762,11.753619194030762
1189,314,development,4,direct,12.180759965737863,12.130028530781885,12.160346984863281,12.160346984863281
1200,314,development,4,direct,11.904974309480181,11.850383020443044,11.806896209716797,11.806896209716797
1210,314,development,4,direct,12.577639650232573,12.503597041276386,12.50672435760498,12.50672435760498
1212,314,development,4,direct,12.00762780434872,12.235883341260756,12.242058753967285,12.242058753967285
1213,314,development,4,direct,11.635151947212842,11.387622468421487,11.258959770202637,11.258959770202637
1217,314,development,4,direct,11.626263078808801,11.719837132175531,11.782822608947754,11.782822608947754
1218,314,development,4,direct,12.343470927093518,12.427665655267509,12.309853553771973,12.309853553771973
1221,314,development,4,direct,11.652696102959753,11.634165296324019,11.600032806396484,11.600032806396484
1223,314,development,4,direct,11.870606902224587,11.955186316039402,11.898059844970703,11.898059844970703
1229,314,development,4,direct,12.813920618864572,12.796382436745526,12.71677017211914,12.71677017211914
1231,314,development,4,direct,12.154784614286667,12.199407242817069,12.139840126037598,12.139840126037598
1235,314,development,4,direct,11.775297421715827,11.618558856380004,11.777216911315918,11.777216911315918
1237,314,development,4,direct,12.075400019877522,11.996295390908392,12.065730094909668,12.065730094909668
1239,314,development,4,direct,11.86710429621008,11.793815936087407,11.840731620788574,11.840731620788574
1240,314,development,4,direct,12.490879338036375,12.33174283785234,12.361477851867676,12.361477851867676
1243,314,development,4,direct,12.04355959836804,12.008044036276706,12.06702709197998,12.06702709197998
1246,314,development,4,direct,12.08954444723597,12.189858330462872,12.207072257995605,12.207072257995605
1255,314,development,4,direct,12.016128107502665,12.15640540085276,12.127776145935059,12.127776145935059
1261,314,development,4,direct,12.10625783509458,12.156217355968444,12.154440879821777,12.154440879821777
1263,314,development,4,direct,11.992266613576142,11.87252004834298,11.78067684173584,11.78067684173584
1267,314,development,4,direct,11.711784520403112,11.78273686924829,11.803872108459473,11.803872108459473
1271,314,development,4,direct,12.468440756144114,12.349404524191955,12.378910064697266,12.378910064697266
1272,314,development,4,direct,12.132162346145595,12.08402189752956,12.003305435180664,12.003305435180664
1273,314,development,4,direct,11.827743504053695,11.806101507954734,11.80042839050293,11.80042839050293
1276,314,development,4,direct,11.827743504053695,11.881665507749792,11.876632690429688,11.876632690429688
1277,314,development,4,direct,11.995357787034976,12.018941524476585,11.98263931274414,11.98263931274414
1291,314,development,4,direct,12.103491596905931,11.985188940308973,12.010147094726562,12.010147094726562
1292,314,development,4,direct,11.691080018519527,11.638005029683534,11.661112785339355,11.661112785339355
1295,314,development,4,direct,11.652696102959753,11.72412429197561,11.695467948913574,11.695467948913574
1297,314,development,4,direct,11.951186847493476,11.931216129620172,11.915828704833984,11.915828704833984
1302,314,development,4,direct,12.086731521684555,12.050042652509262,11.969989776611328,11.969989776611328
1320,314,development,4,direct,11.6172944892629,11.6438958748476,11.643038749694824,11.643038749694824
1324,314,development,4,direct,11.320565693461432,11.280367199624036,11.20176887512207,11.20176887512207
1332,314,development,4,direct,11.794345471549745,11.78367092753848,11.747940063476562,11.747940063476562
1336,314,development,4,direct,12.031129798974042,11.980531527255462,12.015348434448242,12.015348434448242
1340,314,development,4,direct,11.763691965388299,11.743092488657023,11.747779846191406,11.747779846191406
1342,314,development,4,direct,11.951186847493476,11.936468983227698,12.012226104736328,12.012226104736328
1350,314,development,4,direct,11.711784520403112,11.754336457057072,11.944252967834473,11.944252967834473
1354,314,development,4,direct,12.923914877701906,12.894976323876126,12.907245635986328,12.907245635986328
1355,314,development,4,direct,12.367345048436391,12.368666215542703,12.40699291229248,12.40699291229248
1356,314,development,4,direct,12.04355959836804,12.142710229513082,12.174041748046875,12.174041748046875
1360,314,development,4,direct,12.660331092405906,12.846607567787556,12.868681907653809,12.868681907653809
1364,314,development,4,direct,11.963574241653713,12.038236076574014,12.011898040771484,12.011898040771484
1365,314,development,4,direct,11.878630514504515,11.89743994088794,11.914545059204102,11.914545059204102
1368,314,development,4,direct,11.751950239425476,11.774637535630735,11.806042671203613,11.806042671203613
1371,314,development,4,direct,11.561725152903833,11.602717780867836,11.569488525390625,11.569488525390625
1379,314,development,4,direct,11.326607934898927,11.525256484760945,11.493770599365234,11.493770599365234
1381,314,development,4,direct,10.97679912709094,11.24643378556533,11.145256996154785,11.145256996154785
1385,314,development,4,direct,11.561725152903833,11.588404068173896,11.580479621887207,11.580479621887207
1388,314,development,4,direct,11.820417517632333,11.92089126165456,11.843040466308594,11.843040466308594
1396,314,development,4,direct,12.546871224308068,12.515884928671216,12.56553840637207,12.56553840637207
1397,314,development,4,direct,11.982935344196433,12.017221371444952,11.956579208374023,11.956579208374023
1411,314,development,4,direct,12.345838935721968,12.254317948720292,12.26756477355957,12.26756477355957
1438,314,development,4,direct,12.885673487343764,12.808221190894296,12.799293518066406,12.799293518066406
1440,314,development,4,direct,12.190964083849375,12.077053259499142,12.098726272583008,12.098726272583008
4,314,development,5,direct,11.849404844423074,12.067484341309822,12.084885597229004,12.084885597229004
5,314,development,5,direct,12.429220196836383,12.6522646099488,12.67034912109375,12.67034912109375
6,314,development,5,direct,11.870606902224587,11.990160239543762,11.95505142211914,11.95505142211914
16,314,development,5,direct,11.790564777297387,11.760313349363257,11.832818031311035,11.832818031311035
24,314,development,5,direct,11.774527900858468,11.831706831699053,11.816551208496094,11.816551208496094
27,314,development,5,direct,11.811554895830454,11.826737606463855,11.809664726257324,11.809664726257324
28,314,development,5,direct,12.631343648903034,12.595328050877752,12.5927734375,12.5927734375
29,314,development,5,direct,12.242891437918386,12.212168139818328,12.198674201965332,12.198674201965332
30,314,development,5,direct,11.134603622683905,11.139689277542704,11.086156845092773,11.086156845092773
40,314,development,5,direct,11.314486721293981,11.349111554417384,11.275914192199707,11.275914192199707
43,314,development,5,direct,11.87757552297847,11.901114858498987,11.840250015258789,11.840250015258789
55,314,development,5,direct,11.775297421715827,11.725182513357236,11.685821533203125,11.685821533203125
58,314,development,5,direct,12.188422799337028,12.186180275377652,12.173771858215332,12.173771858215332
72,314,development,5,direct,11.771443882099637,11.77861439040848,11.683408737182617,11.683408737182617
73,314,development,5,direct,12.128116509451258,12.166255821746562,12.201963424682617,12.201963424682617
79,314,development,5,direct,11.824087219587643,11.796219038520174,11.773938179016113,11.773938179016113
81,314,development,5,direct,12.173037959397275,12.282067428071192,12.20949649810791,12.20949649810791
90,314,development,5,direct,11.724813914587886,11.67582939584779,11.670185089111328,11.670185089111328
91,314,development,5,direct,11.60733523953139,11.51418724916653,11.529302597045898,11.529302597045898
93,314,development,5,direct,12.004574385508691,11.833562772639509,11.745716094970703,11.745716094970703
98,314,development,5,direct,11.459007676978688,11.721468234688551,11.769289016723633,11.769289016723633
99,314,development,5,direct,11.326607934898927,11.371466605237305,11.379563331604004,11.379563331604004
102,314,development,5,direct,12.08954444723597,12.063442821995372,12.031272888183594,12.031272888183594
111,314,development,5,direct,11.827013315851762,11.887734555114362,11.976785659790039,11.976785659790039
112,314,development,5,direct,12.100717685412471,12.048577948535781,12.047196388244629,12.047196388244629
113,314,development,5,direct,12.85832230788469,12.764193159206108,12.72309398651123,12.72309398651123
122,314,development,5,direct,11.51293546492023,11.493787261261845,11.53763484954834,11.53763484954834
125,314,development,5,direct,12.10625783509458,12.053725431852516,12.063150405883789,12.063150405883789
127,314,development,5,direct,11.759793355371237,11.846008260696314,11.853951454162598,11.853951454162598
135,314,development,5,direct,12.100717685412471,12.054522149492895,12.019132614135742,12.019132614135742
136,314,development,5,direct,12.066816325306588,12.066890232634991,12.08437442779541,12.08437442779541
138,314,development,5,direct,12.049424683420915,12.209781238329594,12.331096649169922,12.331096649169922
141,314,development,5,direct,11.652696102959753,11.555243041590696,11.598909378051758,11.598909378051758
142,314,development,5,direct,12.468440756144114,12.38973421114625,12.451139450073242,12.451139450073242
143,314,development,5,direct,12.019749091416921,11.764383344274252,11.829508781433105,11.829508781433105
146,314,development,5,direct,11.775297421715827,11.8090664140512,11.794502258300781,11.794502258300781
155,314,development,5,direct,11.736077016252437,11.543280426420212,11.710515975952148,11.710515975952148
159,314,development,5,direct,12.448630513463613,12.371219334468027,12.316754341125488,12.316754341125488
189,314,development,5,direct,11.940399914116648,11.869236533848351,11.919490814208984,11.919490814208984
197,314,development,5,direct,12.650351332641707,12.623553057889286,12.579773902893066,12.579773902893066
215,314,development,5,direct,11.993813394724253,11.895336946113414,11.904488563537598,11.904488563537598
222,314,development,5,direct,12.206077645517674,12.317721147881102,12.26848316192627,12.26848316192627
223,314,development,5,direct,12.100161978566867,12.067652467787216,12.104650497436523,12.104650497436523
226,314,development,5,direct,11.626263078808801,11.536566426640947,11.466268539428711,11.466268539428711
227,314,development,5,direct,12.577639650232573,12.513988267845534,12.455953598022461,12.455953598022461
228,314,development,5,direct,11.571203807011969,11.488658879877393,11.473461151123047,11.473461151123047
229,314,development,5,direct,11.736077016252437,11.717267041545746,11.68947696685791,11.68947696685791
232,314,development,5,direct,12.90669432231532,12.820944457618749,12.83936595916748,12.83936595916748
233,314,development,5,direct,11.456365695436427,11.479573869117672,11.465983390808105,11.465983390808105
238,314,development,5,direct,12.178192583415596,12.299799766442543,12.307186126708984,12.307186126708984
248,314,development,5,direct,11.849404844423074,11.856096609167048,11.899791717529297,11.899791717529297
251,314,development,5,direct,11.245059091624615,11.40901724215379,11.379143714904785,11.379143714904785
254,314,development,5,direct,11.970356641102999,11.96257867117926,12.033321380615234,12.033321380615234
258,314,development,5,direct,12.301387370778713,12.364645493243994,12.361771583557129,12.361771583557129
264,314,development,5,direct,11.775297421715827,11.72591087564073,11.654967308044434,11.654967308044434
273,314,development,5,direct,12.577639650232573,12.614005589336644,12.57916259765625,12.57916259765625
280,314,development,5,direct,12.165255859329688,12.183717261185482,12.221602439880371,12.221602439880371
287,314,development,5,direct,11.976665770490767,12.140009757373727,12.066514015197754,12.066514015197754
291,314,development,5,direct,12.359784657728284,12.407110703157644,12.45259952545166,12.45259952545166
293,314,development,5,direct,11.782960235741939,11.914564694274713,11.866666793823242,11.866666793823242
296,314,development,5,direct,11.86710429621008,11.885595270872024,11.939175605773926,11.939175605773926
298,314,development,5,direct,12.384223015005313,12.310520408224447,12.326631546020508,12.326631546020508
299,314,development,5,direct,12.07254696717504,12.1025340605732,12.056385040283203,12.056385040283203
301,314,development,5,direct,11.964007453736912,11.9784980258679,12.024402618408203,12.024402618408203
324,314,development,5,direct,11.745433036677353,11.658827870071446,11.651529312133789,11.651529312133789
328,314,development,5,direct,11.886218559372042,11.880074147184226,11.869490623474121,11.869490623474121
331,314,development,5,direct,11.686887175419702,11.844591439814382,11.911334991455078,11.911334991455078
337,314,development,5,direct,12.841132451487937,12.806040782604958,12.797857284545898,12.797857284545898
340,314,development,5,direct,11.951186847493476,11.84482861767058,11.901230812072754,11.901230812072754
343,314,development,5,direct,11.37940550085183,11.46857202303626,11.388952255249023,11.388952255249023
344,314,development,5,direct,12.491255347155265,12.542904155304077,12.523191452026367,12.523191452026367
351,314,development,5,direct,12.670001611311875,12.621568171549605,12.639427185058594,12.639427185058594
357,314,development,5,direct,12.06105265381003,12.018057992142753,12.020316123962402,12.020316123962402
366,314,development,5,direct,11.898194668458823,11.705781131071433,11.706402778625488,11.706402778625488
367,314,development,5,direct,11.976665770490767,12.022320336938423,12.009984016418457,12.009984016418457
375,314,development,5,direct,12.299112067295642,12.227140970137986,12.266219139099121,12.266219139099121
377,314,development,5,direct,11.904974309480181,11.834095360212526,11.786698341369629,11.786698341369629
380,314,development,5,direct,12.095146671399466,12.076236791191738,12.043063163757324,12.043063163757324
385,314,development,5,direct,12.388398368982115,12.515193232232754,12.421351432800293,12.421351432800293
399,314,development,5,direct,11.112462823634855,11.311476051335111,11.460582733154297,11.460582733154297
406,314,development,5,direct,11.918397239722838,11.98638017430593,11.909646034240723,11.909646034240723
411,314,development,5,direct,11.002116507732017,11.531485451906498,11.519655227661133,11.519655227661133
412,314,development,5,direct,11.884495917930655,11.838771516726363,11.892531394958496,11.892531394958496
418,314,development,5,direct,12.384223015005313,12.216108982456737,12.349699974060059,12.349699974060059
427,314,development,5,direct,12.524530013005734,12.395529830380745,12.370676040649414,12.370676040649414
435,314,development,5,direct,11.302216779257382,11.328781806042395,11.330269813537598,11.330269813537598
441,314,development,5,direct,13.22672519452875,13.091341023095042,13.02442455291748,13.02442455291748
443,314,development,5,direct,12.000897933306716,11.926760690958876,11.894014358520508,11.894014358520508
450,314,development,5,direct,11.695255355062795,11.662616167981223,11.553229331970215,11.553229331970215
454,314,development,5,direct,12.25486757159303,12.326139133999268,12.308465003967285,12.308465003967285
465,314,development,5,direct,11.728044909070785,11.631655186706894,11.666458129882812,11.666458129882812
468,314,development,5,direct,11.89478753335453,11.961459003917307,11.93150806427002,11.93150806427002
472,314,development,5,direct,12.154784614286667,12.189569637758392,12.192281723022461,12.192281723022461
479,314,development,5,direct,12.601490784782536,12.620572916251138,12.655467987060547,12.655467987060547
484,314,development,5,direct,12.00762780434872,11.937351352211996,11.977420806884766,11.977420806884766
488,314,development,5,direct,12.07254696717504,12.082269290656212,12.087839126586914,12.087839126586914
496,314,development,5,direct,10.460270761075149,11.173743680626313,11.007159233093262,11.007159233093262
497,314,development,5,direct,12.971542813248437,12.677947804155961,12.835366249084473,12.835366249084473
499,314,development,5,direct,11.775297421715827,11.790994953937448,11.756546020507812,11.756546020507812
501,314,development,5,direct,11.635151947212842,11.626814363275956,11.63896369934082,11.63896369934082
502,314,development,5,direct,12.331387247601905,12.286139660833292,12.282661437988281,12.282661437988281
504,314,development,5,direct,12.574185427296195,12.374679458082689,12.50737190246582,12.50737190246582
514,314,development,5,direct,11.80560254159177,11.867848040798568,11.947855949401855,11.947855949401855
521,314,development,5,direct,11.573559498507079,11.382748569044852,11.38171100616455,11.38171100616455
522,314,development,5,direct,11.918397239722838,11.947123945288343,11.956538200378418,11.956538200378418
523,314,development,5,direct,11.976665770490767,11.92248195178497,11.879225730895996,11.879225730895996
538,314,development,5,direct,11.619544188752133,11.701659106045573,11.682018280029297,11.682018280029297
545,314,development,5,direct,12.098854850641,12.18256211174152,12.20952033996582,12.20952033996582
546,314,development,5,direct,12.34148164933907,12.347965223102747,12.384543418884277,12.384543418884277
555,314,development,5,direct,12.556733038263905,12.50168782607001,12.404704093933105,12.404704093933105
558,314,development,5,direct,11.58989576532275,11.572077070542328,11.498191833496094,11.498191833496094
565,314,development,5,direct,12.498745990829315,12.447849277601364,12.470871925354004,12.470871925354004
568,314,development,5,direct,12.273735966890268,12.20426972155552,12.13111686706543,12.13111686706543
573,314,development,5,direct,12.32163544049751,12.252879865484793,12.264111518859863,12.264111518859863
574,314,development,5,direct,12.04355959836804,12.02940476892813,12.028623580932617,12.028623580932617
581,314,development,5,direct,12.111217862017215,12.117545854419692,12.143134117126465,12.143134117126465
588,314,development,5,direct,11.827743504053695,11.813503437297884,11.798444747924805,11.798444747924805
591,314,development,5,direct,12.132969552931216,12.156823826821753,12.142984390258789,12.142984390258789
596,314,development,5,direct,12.672949516558306,12.67454470984899,12.648143768310547,12.648143768310547
598,314,development,5,direct,12.176654133447505,12.135648043778875,12.150042533874512,12.150042533874512
601,314,development,5,direct,12.524530013005734,12.47131703932876,12.5162935256958,12.5162935256958
604,314,development,5,direct,11.92504173829169,11.956776685203387,11.966176986694336,11.966176986694336
611,314,development,5,direct,12.653961664405365,12.664543511276925,12.67278003692627,12.67278003692627
619,314,development,5,direct,12.659737267217572,12.657676479423948,12.712959289550781,12.712959289550781
623,314,development,5,direct,11.813037464800539,11.743995542127054,11.735468864440918,11.735468864440918
627,314,development,5,direct,11.848690308590857,11.741014171498867,11.738081932067871,11.738081932067871
630,314,development,5,direct,12.034696963475044,11.978989646791224,11.987080574035645,11.987080574035645
633,314,development,5,direct,11.320565693461432,12.035235501553139,12.10345458984375,12.10345458984375
634,314,development,5,direct,11.845109950883979,11.838674350439614,11.866539001464844,11.866539001464844
639,314,development,5,direct,11.350418300109132,11.385756847878085,11.521556854248047,11.521556854248047
642,314,development,5,direct,12.328294703023396,12.406595886147777,12.3731689453125,12.3731689453125
646,314,development,5,direct,11.872353615355413,11.83292620685844,11.88975715637207,11.88975715637207
647,314,development,5,direct,11.495789479023493,11.519359550313126,11.483400344848633,11.483400344848633
648,314,development,5,direct,11.951186847493476,11.878805819188827,11.889957427978516,11.889957427978516
656,314,development,5,direct,11.385103457032141,11.342531469707522,11.420060157775879,11.420060157775879
659,314,development,5,direct,11.487617913343598,11.77059444884235,11.786989212036133,11.786989212036133
661,314,development,5,direct,12.19552218463499,12.188270131873814,12.199629783630371,12.199629783630371
674,314,development,5,direct,12.458778882573533,12.393624608461728,12.452570915222168,12.452570915222168
678,314,development,5,direct,11.603688960617083,11.582023413926647,11.604082107543945,11.604082107543945
680,314,development,5,direct,11.763691965388299,11.761822130415053,11.741904258728027,11.741904258728027
690,314,development,5,direct,12.179220327453933,12.146079166556481,12.118481636047363,12.118481636047363
697,314,development,5,direct,11.39640288460621,11.435350599406714,11.336153030395508,11.336153030395508
699,314,development,5,direct,11.83863282480007,11.797620772711722,11.841497421264648,11.841497421264648
702,314,development,5,direct,11.849404844423074,11.910723199801936,11.883186340332031,11.883186340332031
703,314,development,5,direct,12.799178471909892,12.796370653271005,12.728921890258789,12.728921890258789
707,314,development,5,direct,12.618185607609803,12.47057075549839,12.582673072814941,12.582673072814941
720,314,development,5,direct,11.763691965388299,11.839934550134426,11.797492027282715,11.797492027282715
721,314,development,5,direct,12.524530013005734,12.502774109176704,12.429475784301758,12.429475784301758
734,314,development,5,direct,11.786008995353765,11.811787157683215,11.746694564819336,11.746694564819336
735,314,development,5,direct,11.58989576532275,11.610276242195981,11.660449981689453,11.660449981689453
736,314,development,5,direct,12.001511614739405,12.03125213997364,12.039164543151855,12.039164543151855
738,314,development,5,direct,12.3879816172226,12.34913484826913,12.349970817565918,12.349970817565918
741,314,development,5,direct,11.790564777297387,11.676996839487467,11.701717376708984,11.701717376708984
748,314,development,5,direct,12.491176396967154,12.413904696858317,12.43557071685791,12.43557071685791
753,314,development,5,direct,12.28765724080691,12.2380635172171,12.244833946228027,12.244833946228027
766,314,development,5,direct,12.484208043148733,12.547573269940528,12.5597505569458,12.5597505569458
768,314,development,5,direct,11.982935344196433,12.06137080826035,12.061811447143555,12.061811447143555
772,314,development,5,direct,11.532737896139919,11.692685333348189,11.685135841369629,11.685135841369629
773,314,development,5,direct,11.580593459194764,11.839173162812497,11.869484901428223,11.869484901428223
774,314,development,5,direct,11.648338835562747,11.698045708957089,11.676947593688965,11.676947593688965
785,314,development,5,direct,11.759793355371237,11.807333527763596,11.817682266235352,11.817682266235352
786,314,development,5,direct,11.992266613576142,12.011714477561544,12.019603729248047,12.019603729248047
787,314,development,5,direct,11.842236406331555,11.7311241734816,11.74357795715332,11.74357795715332
800,314,development,5,direct,12.07254696717504,12.020529498319334,11.850560188293457,11.850560188293457
801,314,development,5,direct,12.206077645517674,12.207396290187713,12.218363761901855,12.218363761901855
820,314,development,5,direct,12.319405795112926,12.295127701386217,12.326210021972656,12.326210021972656
827,314,development,5,direct,11.603688960617083,11.46740326434766,11.531543731689453,11.531543731689453
830,314,development,5,direct,11.900912042974875,11.945841101488975,11.971598625183105,11.971598625183105
832,314,development,5,direct,11.92504173829169,11.93251293608464,11.96961498260498,11.96961498260498
838,314,development,5,direct,11.51293546492023,11.461465397264233,11.501167297363281,11.501167297363281
840,314,development,5,direct,11.779136168550774,11.804875420528814,11.759605407714844,11.759605407714844
851,314,development,5,direct,11.78676973513378,11.855703392727321,11.854948997497559,11.854948997497559
854,314,development,5,direct,11.970356641102999,12.04353000925597,12.049898147583008,12.049898147583008
855,314,development,5,direct,12.04355959836804,12.035705460787053,12.073302268981934,12.073302268981934
857,314,development,5,direct,11.898194668458823,11.896717609074365,11.9390230178833,11.9390230178833
867,314,development,5,direct,12.424810506025395,12.430675328928508,12.4808349609375,12.4808349609375
871,314,development,5,direct,11.603688960617083,11.52415859691256,11.463865280151367,11.463865280151367
873,314,development,5,direct,11.661354090741,11.669806479315703,11.635421752929688,11.635421752929688
876,314,development,5,direct,12.623064399210183,12.679879210607604,12.699464797973633,12.699464797973633
877,314,development,5,direct,11.792456911128632,11.809425341735542,11.829856872558594,11.829856872558594
880,314,development,5,direct,11.824087219587643,11.805795789296456,11.776949882507324,11.776949882507324
892,314,development,5,direct,12.058158312538197,12.06635931790025,12.059342384338379,12.059342384338379
893,314,development,5,direct,11.947955847790901,11.85667851987257,11.885873794555664,11.885873794555664
918,314,development,5,direct,11.813037464800539,11.801175471535263,11.791375160217285,11.791375160217285
922,314,development,5,direct,11.890683588496984,11.985954261106945,12.024519920349121,12.024519920349121
923,314,development,5,direct,12.043500773454495,12.054212410495289,12.039406776428223,12.039406776428223
927,314,development,5,direct,12.560247968016562,12.596260060690257,12.548412322998047,12.548412322998047
929,314,development,5,direct,12.373707715234994,12.4000167621001,12.421950340270996,12.421950340270996
932,314,development,5,direct,11.674202123168433,11.754500907472636,11.756221771240234,11.756221771240234
944,314,development,5,direct,11.870606902224587,11.834891594368745,11.901572227478027,11.901572227478027
948,314,development,5,direct,12.506180941677357,12.557390116830794,12.530537605285645,12.530537605285645
949,314,development,5,direct,12.167856627501678,12.197413084658464,12.235392570495605,12.235392570495605
951,314,development,5,direct,11.767575435251748,11.843110729318497,11.819058418273926,11.819058418273926
952,314,development,5,direct,11.694421681264394,11.647258773227811,11.674138069152832,11.674138069152832
955,314,development,5,direct,11.755879486687116,11.753602042133805,11.803141593933105,11.803141593933105
965,314,development,5,direct,12.277932735946903,12.305840394751138,12.26369571685791,12.26369571685791
975,314,development,5,direct,12.02874460037869,12.014544710959317,12.119691848754883,12.119691848754883
979,314,development,5,direct,11.608244735642321,11.565287156647006,11.613886833190918,11.613886833190918
981,314,development,5,direct,12.091789104493502,11.988036239719657,12.044635772705078,12.044635772705078
988,314,development,5,direct,12.887129532148373,12.967346181352864,12.893487930297852,12.893487930297852
998,314,development,5,direct,12.128116509451258,11.981854968483786,12.009539604187012,12.009539604187012
1007,314,development,5,direct,12.004574385508691,12.009099402920002,11.964696884155273,11.964696884155273
1013,314,development,5,direct,12.013706813470414,12.018539883459292,12.00107479095459,12.00107479095459
1015,314,development,5,direct,11.688566422839942,11.728216034263227,11.742509841918945,11.742509841918945
1018,314,development,5,direct,12.141539457711714,12.131047778722529,12.123153686523438,12.123153686523438
1022,314,development,5,direct,12.175618592671356,12.228979271254943,12.237833976745605,12.237833976745605
1023,314,development,5,direct,11.373674891823535,11.578861522031202,11.612218856811523,11.612218856811523
1025,314,development,5,direct,12.567240979056246,12.619579180707179,12.600290298461914,12.600290298461914
1028,314,development,5,direct,12.588194064175278,12.714457208639587,12.667125701904297,12.667125701904297
1033,314,development,5,direct,12.644330802262578,12.756147850974507,12.730133056640625,12.730133056640625
1036,314,development,5,direct,11.338583982516495,11.362081768293933,11.369891166687012,11.369891166687012
1044,314,development,5,direct,12.47717172708952,12.432726460595658,12.491266250610352,12.491266250610352
1045,314,development,5,direct,12.535379989788607,12.574187629397727,12.592815399169922,12.592815399169922
1054,314,development,5,direct,11.881041706925902,11.902403719970868,11.913599967956543,11.913599967956543
1057,314,development,5,direct,12.13270055639427,12.297869977317132,12.248066902160645,12.248066902160645
1061,314,development,5,direct,12.271396795480596,12.226657160064368,12.276835441589355,12.276835441589355
1063,314,development,5,direct,11.407576060361786,11.729011211851091,11.716588020324707,11.716588020324707
1064,314,development,5,direct,11.612779849672751,11.774773107387102,11.79566478729248,11.79566478729248
1067,314,development,5,direct,12.08954444723597,12.068383999460362,12.064497947692871,12.064497947692871
1069,314,development,5,direct,11.927687224983487,12.06238542811118,12.015975952148438,12.015975952148438
1073,314,development,5,direct,11.424105180165641,11.639016818344967,11.622994422912598,11.622994422912598
1074,314,development,5,direct,11.979805470779858,11.946737576960883,11.883352279663086,11.883352279663086
1076,314,development,5,direct,12.299112067295642,12.14398610767972,12.22250747680664,12.22250747680664
1087,314,development,5,direct,11.332613886815139,11.501989639547732,11.457058906555176,11.457058906555176
1093,314,development,5,direct,11.824087219587643,12.010526034578522,11.98253059387207,11.98253059387207
1104,314,development,5,direct,11.979805470779858,11.886757710267517,11.948996543884277,11.948996543884277
1109,314,development,5,direct,12.10625783509458,12.033050886559579,12.037303924560547,12.037303924560547
1116,314,development,5,direct,12.669809806411457,12.587811216179388,12.59277057647705,12.59277057647705
1125,314,development,5,direct,12.007017865994577,12.021500199459554,11.999032974243164,11.999032974243164
1132,314,development,5,direct,11.44572741040675,11.547180326021104,11.538159370422363,11.538159370422363
1136,314,development,5,direct,11.532737896139919,11.56459578708033,11.634902000427246,11.634902000427246
1140,314,development,5,direct,11.87757552297847,11.717426730086771,11.684252738952637,11.684252738952637
1145,314,development,5,direct,11.289794413577894,11.34157692233879,11.372446060180664,11.372446060180664
1151,314,development,5,direct,11.728044909070785,11.747688240615554,11.727481842041016,11.727481842041016
1152,314,development,5,direct,11.917730355182513,11.989997223200191,11.994839668273926,11.994839668273926
1159,314,development,5,direct,12.367889578686164,12.357843584382383,12.403243064880371,12.403243064880371
1160,314,development,5,direct,12.128116509451258,12.17390615655091,12.106658935546875,12.106658935546875
1168,314,development,5,direct,12.06105265381003,12.16845971795475,12.115368843078613,12.115368843078613
1171,314,development,5,direct,12.049424683420915,11.9668855936819,11.946033477783203,11.946033477783203
1198,314,development,5,direct,11.87757552297847,11.961839837299465,11.930556297302246,11.930556297302246
1199,314,development,5,direct,12.08954444723597,12.041000896288466,12.08078384399414,12.08078384399414
1201,314,development,5,direct,11.6617850286409,11.539045554572976,11.545686721801758,11.545686721801758
1205,314,development,5,direct,11.941462360646149,11.9268666509562,11.906329154968262,11.906329154968262
1214,314,development,5,direct,11.884495917930655,11.665665982831692,11.686646461486816,11.686646461486816
1215,314,development,5,direct,11.80932691294063,11.759710086829159,11.767125129699707,11.767125129699707
1225,314,development,5,direct,12.122696471358964,12.185832602311194,12.192026138305664,12.192026138305664
1228,314,development,5,direct,11.898194668458823,11.8339605559475,11.85649299621582,11.85649299621582
1233,314,development,5,direct,11.530775206233024,11.51195336187832,11.55681037902832,11.55681037902832
1236,314,development,5,direct,11.841423131921784,11.878051075787205,11.922926902770996,11.922926902770996
1238,314,development,5,direct,12.180759965737863,12.268182446383074,12.268453598022461,12.268453598022461
1242,314,development,5,direct,12.42250975887691,12.413857913202945,12.413737297058105,12.413737297058105
1247,314,development,5,direct,12.136191879981927,12.159652109362755,12.155681610107422,12.155681610107422
1257,314,development,5,direct,12.616528611893463,12.684176205363858,12.67205810546875,12.67205810546875
1258,314,development,5,direct,11.511934974596555,11.362904931251041,11.404214859008789,11.404214859008789
1269,314,development,5,direct,12.850557278777309,12.706440623009062,12.903501510620117,12.903501510620117
1275,314,development,5,direct,11.842236406331555,11.83980647501539,11.763890266418457,11.763890266418457
1281,314,development,5,direct,12.33270970174018,12.238928108557511,12.241939544677734,12.241939544677734
1287,314,development,5,direct,11.870606902224587,11.989105501404644,11.946319580078125,11.946319580078125
1290,314,development,5,direct,12.546113507028412,12.531468806782328,12.49864673614502,12.49864673614502
1299,314,development,5,direct,11.982935344196433,13.131370378816861,12.842123985290527,12.842123985290527
1303,314,development,5,direct,12.577639650232573,12.661918808178285,12.659518241882324,12.659518241882324
1308,314,development,5,direct,11.835016210489899,11.877106352518602,11.812289237976074,11.812289237976074
1313,314,development,5,direct,12.618185607609803,12.532406694218635,12.633535385131836,12.633535385131836
1314,314,development,5,direct,12.716405147731708,12.712362411519326,12.695319175720215,12.695319175720215
1325,314,development,5,direct,11.898194668458823,12.588568111107799,12.573431015014648,12.573431015014648
1326,314,development,5,direct,10.915106645867503,11.156471829793727,11.143251419067383,11.143251419067383
1329,314,development,5,direct,12.45293662970407,12.174286031430489,12.148225784301758,12.148225784301758
1331,314,development,5,direct,12.33270970174018,12.360004435505006,12.446374893188477,12.446374893188477
1337,314,development,5,direct,11.813037464800539,11.850354967167073,11.908263206481934,11.908263206481934
1341,314,development,5,direct,11.719947764402807,11.566073227586301,11.564236640930176,11.564236640930176
1343,314,development,5,direct,12.339295865674435,12.429093081680636,12.467713356018066,12.467713356018066
1344,314,development,5,direct,12.083910661257521,12.018032435547655,12.038461685180664,12.038461685180664
1345,314,development,5,direct,11.95655945119582,12.045286362377944,12.12891674041748,12.12891674041748
1346,314,development,5,direct,11.59451466851004,11.444792713291939,11.544568061828613,11.544568061828613
1347,314,development,5,direct,12.47801017053037,12.409260202332137,12.463786125183105,12.463786125183105
1362,314,development,5,direct,12.468440756144114,12.453850647379971,12.4622163772583,12.4622163772583
1369,314,development,5,direct,11.87757552297847,11.845406569369926,11.859477996826172,11.859477996826172
1376,314,development,5,direct,12.384223015005313,12.458147330976136,12.44556713104248,12.44556713104248
1391,314,development,5,direct,12.367345048436391,12.336329858757384,12.288411140441895,12.288411140441895
1398,314,development,5,direct,11.83138646878959,11.826023444037501,11.788362503051758,11.788362503051758
1399,314,development,5,direct,11.835016210489899,11.831556361969472,11.800867080688477,11.800867080688477
1413,314,development,5,direct,11.407576060361786,11.460716406633393,11.364974975585938,11.364974975585938
1415,314,development,5,direct,12.240478903153711,12.18759651179523,12.186771392822266,12.186771392822266
1416,314,development,5,direct,12.077676615757813,12.308280845216398,12.30331802368164,12.30331802368164
1421,314,development,5,direct,12.100161978566867,12.039541195278476,12.044511795043945,12.044511795043945
1427,314,development,5,direct,12.509877789891931,12.466584167037812,12.382821083068848,12.382821083068848
1428,314,development,5,direct,11.849404844423074,11.863642522034594,11.770841598510742,11.770841598510742
1435,314,development,5,direct,11.982935344196433,12.029662024495053,11.984400749206543,11.984400749206543
1436,314,development,5,direct,12.066816325306588,12.054629256466777,12.005960464477539,12.005960464477539
1439,314,development,5,direct,11.916395250412128,11.877424451164506,11.921122550964355,11.921122550964355
1443,314,development,5,direct,12.644330802262578,12.68605530665568,12.829683303833008,12.829683303833008
1447,314,development,5,direct,11.969723533345908,11.862468652978706,11.925349235534668,11.925349235534668
2,2026,confirmation,1,direct,12.109016442313738,12.068940104926428,12.10726261138916,12.10726261138916
10,2026,confirmation,1,direct,11.678448377988165,11.70145888351071,11.648580551147461,11.648580551147461
20,2026,confirmation,1,direct,11.842236406331555,11.667270933574905,11.7081298828125,11.7081298828125
22,2026,confirmation,1,direct,11.845109950883979,11.765178684870053,11.697408676147461,11.697408676147461
26,2026,confirmation,1,direct,12.454107814022272,12.46086938604504,12.415278434753418,12.415278434753418
27,2026,confirmation,1,direct,11.811554895830454,11.826737606463855,11.856046676635742,11.856046676635742
35,2026,confirmation,1,direct,12.533579815765737,12.591821471813379,12.544452667236328,12.544452667236328
40,2026,confirmation,1,direct,11.314486721293981,11.349111554417384,11.296313285827637,11.296313285827637
41,2026,confirmation,1,direct,11.982935344196433,11.857031259491585,11.832910537719727,11.832910537719727
49,2026,confirmation,1,direct,11.635151947212842,11.485517875702554,11.48453426361084,11.48453426361084
59,2026,confirmation,1,direct,12.991755706536901,12.910002352048757,13.073044776916504,13.073044776916504
63,2026,confirmation,1,direct,12.218500103788143,12.24327079583174,12.24905776977539,12.24905776977539
72,2026,confirmation,1,direct,11.771443882099637,11.77861439040848,11.690194129943848,11.690194129943848
82,2026,confirmation,1,direct,11.941462360646149,12.05505026105805,12.09526538848877,12.09526538848877
85,2026,confirmation,1,direct,12.034696963475044,12.041042691282602,12.02414608001709,12.02414608001709
89,2026,confirmation,1,direct,11.350418300109132,11.220129405125546,10.946208953857422,10.946208953857422
93,2026,confirmation,1,direct,12.004574385508691,11.833562772639509,11.806818962097168,11.806818962097168
95,2026,confirmation,1,direct,12.229549885708273,12.232960231975362,12.213528633117676,12.213528633117676
97,2026,confirmation,1,direct,12.273735966890268,12.276203653962567,12.287155151367188,12.287155151367188
100,2026,confirmation,1,direct,11.767187766223199,11.70605810691796,11.735940933227539,11.735940933227539
101,2026,confirmation,1,direct,12.230770136157428,12.284989938498407,12.346478462219238,12.346478462219238
102,2026,confirmation,1,direct,12.08954444723597,12.063442821995372,12.02035140991211,12.02035140991211
103,2026,confirmation,1,direct,11.68658461118553,11.665127322582393,11.657723426818848,11.657723426818848
106,2026,confirmation,1,direct,12.429220196836383,12.42385899372476,12.475205421447754,12.475205421447754
110,2026,confirmation,1,direct,12.154784614286667,12.243591213341523,12.197588920593262,12.197588920593262
120,2026,confirmation,1,direct,12.0075668272517,12.05225216228473,12.065522193908691,12.065522193908691
122,2026,confirmation,1,direct,11.51293546492023,11.493787261261845,11.509157180786133,11.509157180786133
126,2026,confirmation,1,direct,11.344518647594766,11.330985947813947,11.204948425292969,11.204948425292969
136,2026,confirmation,1,direct,12.066816325306588,12.066890232634991,12.056575775146484,12.056575775146484
146,2026,confirmation,1,direct,11.775297421715827,11.8090664140512,11.82624340057373,11.82624340057373
147,2026,confirmation,1,direct,11.561725152903833,11.535175146903267,11.59123706817627,11.59123706817627
148,2026,confirmation,1,direct,12.312686874960354,12.31870311656057,12.265438079833984,12.265438079833984
150,2026,confirmation,1,direct,11.652696102959753,11.588544857913243,11.675766944885254,11.675766944885254
151,2026,confirmation,1,direct,11.711784520403112,11.819950425874298,11.806082725524902,11.806082725524902
170,2026,confirmation,1,direct,12.337105293891872,12.385845514019815,12.431442260742188,12.431442260742188
172,2026,confirmation,1,direct,12.278397958261774,12.11054310765836,12.11961841583252,12.11961841583252
180,2026,confirmation,1,direct,11.51293546492023,11.651606191185044,11.625012397766113,11.625012397766113
198,2026,confirmation,1,direct,12.367345048436391,12.49231101113106,12.569498062133789,12.569498062133789
208,2026,confirmation,1,direct,11.856522261533737,11.857656798669272,11.846996307373047,11.846996307373047
228,2026,confirmation,1,direct,11.571203807011969,11.488658879877393,11.510811805725098,11.510811805725098
233,2026,confirmation,1,direct,11.456365695436427,11.479573869117672,11.479545593261719,11.479545593261719
237,2026,confirmation,1,direct,12.130815551850676,12.130738867727239,12.130766868591309,12.130766868591309
244,2026,confirmation,1,direct,11.695255355062795,11.810933159367309,11.81960678100586,11.81960678100586
251,2026,confirmation,1,direct,11.245059091624615,11.40901724215379,11.386592864990234,11.386592864990234
269,2026,confirmation,1,direct,11.699413330633599,11.644264239838373,11.626899719238281,11.626899719238281
274,2026,confirmation,1,direct,11.842236406331555,12.010034345932464,12.01460075378418,12.01460075378418
282,2026,confirmation,1,direct,12.128116509451258,12.135381298796002,12.128450393676758,12.128450393676758
287,2026,confirmation,1,direct,11.976665770490767,12.140009757373727,12.124738693237305,12.124738693237305
291,2026,confirmation,1,direct,12.359784657728284,12.407110703157644,12.470848083496094,12.470848083496094
294,2026,confirmation,1,direct,12.367345048436391,12.353866230477797,12.415666580200195,12.415666580200195
296,2026,confirmation,1,direct,11.86710429621008,11.885595270872024,11.962458610534668,11.962458610534668
299,2026,confirmation,1,direct,12.07254696717504,12.1025340605732,12.074225425720215,12.074225425720215
303,2026,confirmation,1,direct,12.230770136157428,12.330570624638321,12.315385818481445,12.315385818481445
304,2026,confirmation,1,direct,11.917730355182513,11.744731784751576,11.717046737670898,11.717046737670898
305,2026,confirmation,1,direct,12.59473402514672,12.532930458406858,12.725403785705566,12.725403785705566
306,2026,confirmation,1,direct,12.631016799175821,12.608931274124572,12.580646514892578,12.580646514892578
314,2026,confirmation,1,direct,12.834683971615659,12.433397669591555,12.424452781677246,12.424452781677246
316,2026,confirmation,1,direct,12.146858590895919,12.134141481387593,12.12348747253418,12.12348747253418
331,2026,confirmation,1,direct,11.686887175419702,11.844591439814382,11.905415534973145,11.905415534973145
337,2026,confirmation,1,direct,12.841132451487937,12.806040782604958,12.801750183105469,12.801750183105469
342,2026,confirmation,1,direct,11.314486721293981,11.21682036453789,11.376401901245117,11.376401901245117
349,2026,confirmation,1,direct,11.944714374881176,12.151901749507347,12.124811172485352,12.124811172485352
350,2026,confirmation,1,direct,12.988043102265232,13.083831644733884,13.008729934692383,13.008729934692383
353,2026,confirmation,1,direct,11.461642696843066,11.424720462629239,11.356902122497559,11.356902122497559
367,2026,confirmation,1,direct,11.976665770490767,12.022320336938423,11.977254867553711,11.977254867553711
376,2026,confirmation,1,direct,11.0186455364637,11.288445298013727,11.337180137634277,11.337180137634277
384,2026,confirmation,1,direct,11.23850177707664,11.296633897312475,11.176136016845703,11.176136016845703
386,2026,confirmation,1,direct,12.165255859329688,12.084268180742908,12.148636817932129,12.148636817932129
390,2026,confirmation,1,direct,12.962196972666593,12.957952511272843,12.918519973754883,12.918519973754883
391,2026,confirmation,1,direct,11.686887175419702,11.76682364040133,11.656384468078613,11.656384468078613
399,2026,confirmation,1,direct,11.112462823634855,11.311476051335111,11.518153190612793,11.518153190612793
408,2026,confirmation,1,direct,12.083910661257521,11.952098137043755,12.048973083496094,12.048973083496094
411,2026,confirmation,1,direct,11.002116507732017,11.531485451906498,11.476566314697266,11.476566314697266
414,2026,confirmation,1,direct,11.652696102959753,11.59450202516156,11.668760299682617,11.668760299682617
415,2026,confirmation,1,direct,12.337105293891872,12.379015312293596,12.38998031616211,12.38998031616211
416,2026,confirmation,1,direct,12.106997888588934,12.136351471353056,12.221122741699219,12.221122741699219
425,2026,confirmation,1,direct,11.842236406331555,11.877034872995614,11.831682205200195,11.831682205200195
426,2026,confirmation,1,direct,11.813037464800539,11.779431095246236,11.782712936401367,11.782712936401367
432,2026,confirmation,1,direct,11.288543647320601,11.54574410052681,11.62276840209961,11.62276840209961
440,2026,confirmation,1,direct,11.608244735642321,11.831416643512974,11.740943908691406,11.740943908691406
452,2026,confirmation,1,direct,12.54254845357358,12.314510590147039,12.234749794006348,12.234749794006348
461,2026,confirmation,1,direct,12.481565733211923,12.358285855885983,12.454879760742188,12.454879760742188
466,2026,confirmation,1,direct,12.093693109638318,12.146468379628052,12.043896675109863,12.043896675109863
468,2026,confirmation,1,direct,11.89478753335453,11.961459003917307,11.945868492126465,11.945868492126465
469,2026,confirmation,1,direct,12.429220196836383,12.418015739102865,12.404671669006348,12.404671669006348
474,2026,confirmation,1,direct,12.994532278619134,12.796009794372608,12.80146312713623,12.80146312713623
480,2026,confirmation,1,direct,11.401681006153428,11.631665798101775,11.723108291625977,11.723108291625977
486,2026,confirmation,1,direct,11.898194668458823,11.924275487016468,11.846192359924316,11.846192359924316
497,2026,confirmation,1,direct,12.971542813248437,12.677947804155961,12.811995506286621,12.811995506286621
502,2026,confirmation,1,direct,12.331387247601905,12.286139660833292,12.258670806884766,12.258670806884766
503,2026,confirmation,1,direct,11.849404844423074,11.781762194088568,11.838935852050781,11.838935852050781
505,2026,confirmation,1,direct,11.898194668458823,11.863366658660167,11.828459739685059,11.828459739685059
510,2026,confirmation,1,direct,11.732069026983156,11.861007535616713,11.85960578918457,11.85960578918457
520,2026,confirmation,1,direct,12.36308066783498,12.424413472420836,12.468527793884277,12.468527793884277
521,2026,confirmation,1,direct,11.573559498507079,11.382748569044852,11.355273246765137,11.355273246765137
524,2026,confirmation,1,direct,12.126764251515691,13.338535273044494,12.864114761352539,12.864114761352539
527,2026,confirmation,1,direct,11.790564777297387,11.815971195175177,11.791084289550781,11.791084289550781
538,2026,confirmation,1,direct,11.619544188752133,11.701659106045573,11.719700813293457,11.719700813293457
539,2026,confirmation,1,direct,11.970356641102999,11.84825892235488,11.863570213317871,11.863570213317871
541,2026,confirmation,1,direct,12.660331092405906,12.831890153035696,12.74943733215332,12.74943733215332
542,2026,confirmation,1,direct,12.421188057397055,12.477642790226222,12.44102954864502,12.44102954864502
543,2026,confirmation,1,direct,12.270225154674701,12.26766566097473,12.351027488708496,12.351027488708496
555,2026,confirmation,1,direct,12.556733038263905,12.50168782607001,12.432771682739258,12.432771682739258
563,2026,confirmation,1,direct,11.58989576532275,11.67529255789515,11.702675819396973,11.702675819396973
569,2026,confirmation,1,direct,12.665397584983758,12.591833907886684,12.575495719909668,12.575495719909668
571,2026,confirmation,1,direct,11.867805799560465,11.81360022589256,11.894254684448242,11.894254684448242
574,2026,confirmation,1,direct,12.04355959836804,12.02940476892813,12.017439842224121,12.017439842224121
575,2026,confirmation,1,direct,11.842236406331555,11.703006345963745,11.702260971069336,11.702260971069336
579,2026,confirmation,1,direct,11.891368749982085,11.993928223977736,11.912490844726562,11.912490844726562
582,2026,confirmation,1,direct,12.442306148381938,12.843614349370917,12.751173973083496,12.751173973083496
587,2026,confirmation,1,direct,11.775297421715827,11.658521629329796,11.676958084106445,11.676958084106445
596,2026,confirmation,1,direct,12.672949516558306,12.67454470984899,12.565807342529297,12.565807342529297
598,2026,confirmation,1,direct,12.176654133447505,12.135648043778875,12.141605377197266,12.141605377197266
599,2026,confirmation,1,direct,12.289958727201455,12.216901114842397,12.199858665466309,12.199858665466309
607,2026,confirmation,1,direct,11.931642378754141,11.986818784014151,11.918086051940918,11.918086051940918
608,2026,confirmation,1,direct,12.323860125621126,12.114311347481939,12.026300430297852,12.026300430297852
611,2026,confirmation,1,direct,12.653961664405365,12.664543511276925,12.723470687866211,12.723470687866211
617,2026,confirmation,1,direct,12.118339189722553,12.108327523621002,12.143911361694336,12.143911361694336
631,2026,confirmation,1,direct,11.728044909070785,11.586185584778997,11.597132682800293,11.597132682800293
644,2026,confirmation,1,direct,11.931642378754141,11.931371742258117,11.925222396850586,11.925222396850586
645,2026,confirmation,1,direct,12.823631142839984,12.74549826869532,12.767195701599121,12.767195701599121
646,2026,confirmation,1,direct,11.872353615355413,11.83292620685844,11.851935386657715,11.851935386657715
657,2026,confirmation,1,direct,11.8879382384223,11.86409799437964,11.883676528930664,11.883676528930664
662,2026,confirmation,1,direct,12.904209855160254,12.834907076858983,12.846190452575684,12.846190452575684
682,2026,confirmation,1,direct,11.979391594635791,11.587296286553192,11.637916564941406,11.637916564941406
684,2026,confirmation,1,direct,12.560247968016562,12.562590002935684,12.477153778076172,12.477153778076172
686,2026,confirmation,1,direct,12.242891437918386,12.31436409834067,12.315234184265137,12.315234184265137
690,2026,confirmation,1,direct,12.179220327453933,12.146079166556481,12.13879680633545,12.13879680633545
694,2026,confirmation,1,direct,11.59433032142082,11.576893464133564,11.551372528076172,11.551372528076172
710,2026,confirmation,1,direct,11.60733523953139,11.562189228191059,11.613725662231445,11.613725662231445
711,2026,confirmation,1,direct,10.859018228147887,11.310452930064255,11.321128845214844,11.321128845214844
712,2026,confirmation,1,direct,11.54031687156214,11.476682410827319,11.221273422241211,11.221273422241211
714,2026,confirmation,1,direct,11.767575435251748,11.658490010362854,11.559465408325195,11.559465408325195
715,2026,confirmation,1,direct,11.779136168550774,12.086759477591263,12.103774070739746,12.103774070739746
716,2026,confirmation,1,direct,12.013706813470414,11.916772175206129,11.859742164611816,11.859742164611816
722,2026,confirmation,1,direct,11.870606902224587,11.877872226527508,11.880071640014648,11.880071640014648
724,2026,confirmation,1,direct,11.813037464800539,11.801692011624246,11.771207809448242,11.771207809448242
733,2026,confirmation,1,direct,12.312686874960354,12.376538630889463,12.364241600036621,12.364241600036621
748,2026,confirmation,1,direct,12.491176396967154,12.413904696858317,12.398611068725586,12.398611068725586
749,2026,confirmation,1,direct,12.469978029554953,12.426889494842172,12.394072532653809,12.394072532653809
751,2026,confirmation,1,direct,11.477308649967686,11.437824693194136,11.448301315307617,11.448301315307617
752,2026,confirmation,1,direct,11.995357787034976,11.985459354152551,11.998212814331055,11.998212814331055
754,2026,confirmation,1,direct,12.526346537332584,12.526698165574192,12.500988006591797,12.500988006591797
755,2026,confirmation,1,direct,11.957617696467539,11.864519991007738,11.931652069091797,11.931652069091797
760,2026,confirmation,1,direct,12.577639650232573,12.626029185494291,12.673206329345703,12.673206329345703
768,2026,confirmation,1,direct,11.982935344196433,12.06137080826035,12.086647033691406,12.086647033691406
770,2026,confirmation,1,direct,13.195615697878253,13.052465307056302,13.071157455444336,13.071157455444336
771,2026,confirmation,1,direct,11.812296455066814,11.808971597739225,11.778966903686523,11.778966903686523
777,2026,confirmation,1,direct,12.308182383129823,12.319505220459748,12.324075698852539,12.324075698852539
779,2026,confirmation,1,direct,11.87757552297847,11.785480076918198,11.795007705688477,11.795007705688477
781,2026,confirmation,1,direct,12.07824495582233,12.039625379156426,12.068267822265625,12.068267822265625
796,2026,confirmation,1,direct,12.049424683420915,12.011923165669025,12.008392333984375,12.008392333984375
798,2026,confirmation,1,direct,11.608244735642321,11.510145656924879,11.52297306060791,11.52297306060791
806,2026,confirmation,1,direct,12.335700805443338,12.246423428095403,12.207237243652344,12.207237243652344
812,2026,confirmation,1,direct,11.881041706925902,11.883028853199123,11.916849136352539,11.916849136352539
818,2026,confirmation,1,direct,12.509877789891931,12.580236733675731,12.621903419494629,12.621903419494629
820,2026,confirmation,1,direct,12.319405795112926,12.295127701386217,12.276134490966797,12.276134490966797
821,2026,confirmation,1,direct,12.117246896289503,12.133569615968101,12.160021781921387,12.160021781921387
822,2026,confirmation,1,direct,11.440365524765756,11.385580015573362,11.40500259399414,11.40500259399414
823,2026,confirmation,1,direct,12.323860125621126,12.137132932383446,12.207592010498047,12.207592010498047
830,2026,confirmation,1,direct,11.900912042974875,11.945841101488975,11.962372779846191,11.962372779846191
831,2026,confirmation,1,direct,12.019749091416921,12.086823340106635,12.00754451751709,12.00754451751709
832,2026,confirmation,1,direct,11.92504173829169,11.93251293608464,11.948559761047363,11.948559761047363
838,2026,confirmation,1,direct,11.51293546492023,11.461465397264233,11.523756980895996,11.523756980895996
840,2026,confirmation,1,direct,11.779136168550774,11.804875420528814,11.745732307434082,11.745732307434082
844,2026,confirmation,1,direct,11.856522261533737,11.744995439153122,11.817952156066895,11.817952156066895
851,2026,confirmation,1,direct,11.78676973513378,11.855703392727321,11.87142562866211,11.87142562866211
853,2026,confirmation,1,direct,12.00762780434872,12.015043649116665,12.05001449584961,12.05001449584961
854,2026,confirmation,1,direct,11.970356641102999,12.04353000925597,12.020529747009277,12.020529747009277
859,2026,confirmation,1,direct,11.931642378754141,11.847532681019414,11.848182678222656,11.848182678222656
862,2026,confirmation,1,direct,11.78676973513378,11.827144172890891,11.832534790039062,11.832534790039062
868,2026,confirmation,1,direct,11.767575435251748,11.842222082031295,11.758938789367676,11.758938789367676
871,2026,confirmation,1,direct,11.603688960617083,11.52415859691256,11.460488319396973,11.460488319396973
873,2026,confirmation,1,direct,11.661354090741,11.669806479315703,11.657864570617676,11.657864570617676
877,2026,confirmation,1,direct,11.792456911128632,11.809425341735542,11.781575202941895,11.781575202941895
881,2026,confirmation,1,direct,11.964007453736912,11.991603921762986,11.98807430267334,11.98807430267334
883,2026,confirmation,1,direct,12.08954444723597,12.056706772936726,12.061741828918457,12.061741828918457
887,2026,confirmation,1,direct,11.884495917930655,11.966460306243004,12.000081062316895,12.000081062316895
897,2026,confirmation,1,direct,11.575909653758895,11.334164467021154,11.364114761352539,11.364114761352539
898,2026,confirmation,1,direct,11.870278179170796,11.814192611444275,11.814058303833008,11.814058303833008
903,2026,confirmation,1,direct,12.100717685412471,12.09720633462794,12.121053695678711,12.121053695678711
905,2026,confirmation,1,direct,11.74006900564972,11.707336549864356,11.714546203613281,11.714546203613281
908,2026,confirmation,1,direct,12.429220196836383,12.345739456725429,12.447266578674316,12.447266578674316
928,2026,confirmation,1,direct,12.07824495582233,12.09108110940347,12.100495338439941,12.100495338439941
931,2026,confirmation,1,direct,12.211065162153215,12.316122153452584,12.328447341918945,12.328447341918945
938,2026,confirmation,1,direct,12.441148720271016,12.355915182248918,12.340800285339355,12.340800285339355
941,2026,confirmation,1,direct,11.924379271639218,12.054361340765888,12.101195335388184,12.101195335388184
942,2026,confirmation,1,direct,12.273735966890268,12.344378843688963,12.295438766479492,12.295438766479492
949,2026,confirmation,1,direct,12.167856627501678,12.197413084658464,12.237142562866211,12.237142562866211
952,2026,confirmation,1,direct,11.694421681264394,11.647258773227811,11.669026374816895,11.669026374816895
958,2026,confirmation,1,direct,11.790564777297387,11.756414952862599,11.77895736694336,11.77895736694336
967,2026,confirmation,1,direct,11.982935344196433,11.8309757818981,11.908047676086426,11.908047676086426
969,2026,confirmation,1,direct,10.542732775946709,11.104467370750221,11.038217544555664,11.038217544555664
972,2026,confirmation,1,direct,12.06105265381003,11.991083914424385,12.070266723632812,12.070266723632812
975,2026,confirmation,1,direct,12.02874460037869,12.014544710959317,12.109878540039062,12.109878540039062
978,2026,confirmation,1,direct,12.20557752297723,12.18973193511377,12.213927268981934,12.213927268981934
980,2026,confirmation,1,direct,11.842236406331555,11.787986821573556,11.811925888061523,11.811925888061523
983,2026,confirmation,1,direct,11.982278882874377,12.079682329870682,12.089213371276855,12.089213371276855
984,2026,confirmation,1,direct,12.45254592991672,12.422812718597001,12.439332962036133,12.439332962036133
992,2026,confirmation,1,direct,12.031725210748633,12.036480107235734,12.17908763885498,12.17908763885498
995,2026,confirmation,1,direct,12.729323752253295,12.727169494316993,12.8245849609375,12.8245849609375
1002,2026,confirmation,1,direct,11.362114203075018,11.356840891875633,11.315383911132812,11.315383911132812
1004,2026,confirmation,1,direct,11.827049837927534,11.910039758356554,11.94227409362793,11.94227409362793
1009,2026,confirmation,1,direct,12.388398368982115,12.413170193983312,12.44755744934082,12.44755744934082
1014,2026,confirmation,1,direct,11.350418300109132,11.532775565895255,11.55113697052002,11.55113697052002
1022,2026,confirmation,1,direct,12.175618592671356,12.228979271254943,12.236335754394531,12.236335754394531
1025,2026,confirmation,1,direct,12.567240979056246,12.619579180707179,12.600491523742676,12.600491523742676
1028,2026,confirmation,1,direct,12.588194064175278,12.714457208639587,12.586451530456543,12.586451530456543
1031,2026,confirmation,1,direct,11.982935344196433,11.750628878794958,11.771693229675293,11.771693229675293
1032,2026,confirmation,1,direct,12.190964083849375,12.214649823340332,12.31846809387207,12.31846809387207
1040,2026,confirmation,1,direct,11.289794413577894,11.348270035866957,11.308971405029297,11.308971405029297
1046,2026,confirmation,1,direct,11.846543632608535,11.74891056770487,11.670093536376953,11.670093536376953
1064,2026,confirmation,1,direct,11.612779849672751,11.774773107387102,11.805145263671875,11.805145263671875
1069,2026,confirmation,1,direct,11.927687224983487,12.06238542811118,11.974836349487305,11.974836349487305
1077,2026,confirmation,1,direct,12.04355959836804,11.945613702585653,11.940153121948242,11.940153121948242
1079,2026,confirmation,1,direct,11.956976469393481,11.847033304079222,11.89393424987793,11.89393424987793
1084,2026,confirmation,1,direct,11.982935344196433,11.969804650151112,11.906214714050293,11.906214714050293
1090,2026,confirmation,1,direct,12.190964083849375,12.23748746381957,12.251794815063477,12.251794815063477
1091,2026,confirmation,1,direct,11.439289689006644,11.3945859509211,11.405542373657227,11.405542373657227
1097,2026,confirmation,1,direct,11.751950239425476,11.639175027510825,11.709512710571289,11.709512710571289
1098,2026,confirmation,1,direct,12.04355959836804,11.93602904453038,11.935688018798828,11.935688018798828
1111,2026,confirmation,1,direct,12.144202560946876,12.108996227076638,12.103574752807617,12.103574752807617
1113,2026,confirmation,1,direct,11.774527900858468,11.691459164271388,11.708879470825195,11.708879470825195
1131,2026,confirmation,1,direct,11.813037464800539,11.99685113620689,11.851052284240723,11.851052284240723
1132,2026,confirmation,1,direct,11.44572741040675,11.547180326021104,11.586322784423828,11.586322784423828
1133,2026,confirmation,1,direct,11.674202123168433,11.764691531665262,11.794638633728027,11.794638633728027
1140,2026,confirmation,1,direct,11.87757552297847,11.717426730086771,11.720054626464844,11.720054626464844
1151,2026,confirmation,1,direct,11.728044909070785,11.747688240615554,11.684968948364258,11.684968948364258
1153,2026,confirmation,1,direct,12.345838935721968,12.18248272557279,12.184080123901367,12.184080123901367
1166,2026,confirmation,1,direct,12.359527368950229,12.38137395237294,12.294815063476562,12.294815063476562
1168,2026,confirmation,1,direct,12.06105265381003,12.16845971795475,12.144532203674316,12.144532203674316
1173,2026,confirmation,1,direct,12.05467400868968,11.990944844533528,12.002338409423828,12.002338409423828
1184,2026,confirmation,1,direct,11.695255355062795,11.874539608629384,11.866219520568848,11.866219520568848
1185,2026,confirmation,1,direct,12.137263685701864,12.233544924894018,12.113572120666504,12.113572120666504
1192,2026,confirmation,1,direct,12.066816325306588,12.025985472426177,12.053272247314453,12.053272247314453
1193,2026,confirmation,1,direct,11.736077016252437,11.726930418871197,11.710573196411133,11.710573196411133
1212,2026,confirmation,1,direct,12.00762780434872,12.235883341260756,12.284627914428711,12.284627914428711
1220,2026,confirmation,1,direct,11.424105180165641,11.460140732817397,11.49743938446045,11.49743938446045
1227,2026,confirmation,1,direct,12.273735966890268,12.286954041551024,12.231422424316406,12.231422424316406
1229,2026,confirmation,1,direct,12.813920618864572,12.796382436745526,12.80405044555664,12.80405044555664
1230,2026,confirmation,1,direct,11.751950239425476,11.846206754396588,11.83935260772705,11.83935260772705
1243,2026,confirmation,1,direct,12.04355959836804,12.008044036276706,11.994958877563477,11.994958877563477
1246,2026,confirmation,1,direct,12.08954444723597,12.189858330462872,12.142377853393555,12.142377853393555
1254,2026,confirmation,1,direct,12.591338447675579,12.57284825819039,12.610142707824707,12.610142707824707
1255,2026,confirmation,1,direct,12.016128107502665,12.15640540085276,12.100017547607422,12.100017547607422
1264,2026,confirmation,1,direct,12.103491596905931,12.001367756845701,11.969502449035645,11.969502449035645
1268,2026,confirmation,1,direct,12.843973993864076,12.783566699171624,12.773551940917969,12.773551940917969
1271,2026,confirmation,1,direct,12.468440756144114,12.349404524191955,12.31242561340332,12.31242561340332
1275,2026,confirmation,1,direct,11.842236406331555,11.83980647501539,11.789806365966797,11.789806365966797
1277,2026,confirmation,1,direct,11.995357787034976,12.018941524476585,12.03034496307373,12.03034496307373
1285,2026,confirmation,1,direct,12.037659911047468,12.104299051260629,12.155172348022461,12.155172348022461
1288,2026,confirmation,1,direct,12.154784614286667,12.028163381343246,12.057271003723145,12.057271003723145
1290,2026,confirmation,1,direct,12.546113507028412,12.531468806782328,12.52023983001709,12.52023983001709
1298,2026,confirmation,1,direct,11.849404844423074,11.953525005971708,11.956427574157715,11.956427574157715
1303,2026,confirmation,1,direct,12.577639650232573,12.661918808178285,12.583847045898438,12.583847045898438
1305,2026,confirmation,1,direct,11.775297421715827,11.904489075920521,11.855755805969238,11.855755805969238
1307,2026,confirmation,1,direct,12.218500103788143,12.136181565517012,12.128633499145508,12.128633499145508
1308,2026,confirmation,1,direct,11.835016210489899,11.877106352518602,11.801224708557129,11.801224708557129
1318,2026,confirmation,1,direct,12.249615734512616,12.164963915710517,12.12410831451416,12.12410831451416
1322,2026,confirmation,1,direct,11.19135563385109,11.221110008378387,11.314360618591309,11.314360618591309
1327,2026,confirmation,1,direct,11.277215789596893,11.41069916986713,11.401984214782715,11.401984214782715
1330,2026,confirmation,1,direct,12.081081821061819,12.10104187816781,12.127485275268555,12.127485275268555
1338,2026,confirmation,1,direct,10.868587496017359,11.030309634539096,11.07619571685791,11.07619571685791
1341,2026,confirmation,1,direct,11.719947764402807,11.566073227586301,11.58502197265625,11.58502197265625
1348,2026,confirmation,1,direct,12.554840409959793,12.60593812070984,12.524394035339355,12.524394035339355
1351,2026,confirmation,1,direct,12.206077645517674,12.05224994909871,12.004437446594238,12.004437446594238
1352,2026,confirmation,1,direct,12.049424683420915,11.988479351068136,12.05537223815918,12.05537223815918
1353,2026,confirmation,1,direct,11.812296455066814,11.71731292299486,11.785900115966797,11.785900115966797
1357,2026,confirmation,1,direct,11.608244735642321,11.65265072832201,11.686732292175293,11.686732292175293
1363,2026,confirmation,1,direct,11.560772327227417,11.8305576221904,11.789854049682617,11.789854049682617
1379,2026,confirmation,1,direct,11.326607934898927,11.525256484760945,11.498604774475098,11.498604774475098
1382,2026,confirmation,1,direct,12.377927112974284,12.221686923804624,12.265046119689941,12.265046119689941
1385,2026,confirmation,1,direct,11.561725152903833,11.588404068173896,11.603693962097168,11.603693962097168
1386,2026,confirmation,1,direct,11.74006900564972,11.641315475426769,11.629450798034668,11.629450798034668
1392,2026,confirmation,1,direct,11.728044909070785,11.717707517809258,11.730814933776855,11.730814933776855
1394,2026,confirmation,1,direct,12.001511614739405,11.828218722401216,11.928555488586426,11.928555488586426
1399,2026,confirmation,1,direct,11.835016210489899,11.831556361969472,11.86580753326416,11.86580753326416
1405,2026,confirmation,1,direct,11.561725152903833,11.549154019513887,11.470759391784668,11.470759391784668
1407,2026,confirmation,1,direct,11.798111925972618,11.798788992324706,11.782096862792969,11.782096862792969
1410,2026,confirmation,1,direct,12.278397958261774,12.25642623099351,12.290164947509766,12.290164947509766
1412,2026,confirmation,1,direct,11.849404844423074,11.897571876972162,11.923148155212402,11.923148155212402
1413,2026,confirmation,1,direct,11.407576060361786,11.460716406633393,11.387946128845215,11.387946128845215
1418,2026,confirmation,1,direct,12.73670383776449,12.738610535915852,12.755278587341309,12.755278587341309
1423,2026,confirmation,1,direct,11.824087219587643,11.880817921444553,11.873799324035645,11.873799324035645
1424,2026,confirmation,1,direct,12.524420916542532,12.124015985425638,12.130069732666016,12.130069732666016
1425,2026,confirmation,1,direct,11.87757552297847,11.830843061603149,11.86411190032959,11.86411190032959
1432,2026,confirmation,1,direct,11.87583791515714,11.796686231698652,11.832746505737305,11.832746505737305
1434,2026,confirmation,1,direct,12.136191879981927,12.13406154932403,12.11996078491211,12.11996078491211
1444,2026,confirmation,1,direct,11.703554089007538,11.566945922631524,11.635726928710938,11.635726928710938
1450,2026,confirmation,1,direct,11.429554725537322,11.425655303372842,11.310527801513672,11.310527801513672
1459,2026,confirmation,1,direct,11.864469267087891,11.79447334695175,11.820852279663086,11.820852279663086
1460,2026,confirmation,1,direct,11.901590234400047,11.921717742791015,11.939078330993652,11.939078330993652
3,2026,confirmation,2,direct,12.317171167298682,12.23417385707729,12.272156715393066,12.272156715393066
7,2026,confirmation,2,direct,12.634606283893019,12.501863674612006,12.492220878601074,12.492220878601074
16,2026,confirmation,2,direct,11.790564777297387,11.760313349363257,11.793755531311035,11.793755531311035
19,2026,confirmation,2,direct,11.976665770490767,11.995214999851713,11.902310371398926,11.902310371398926
28,2026,confirmation,2,direct,12.631343648903034,12.595328050877752,12.534868240356445,12.534868240356445
31,2026,confirmation,2,direct,10.596659732783579,11.487548618683181,11.539665222167969,11.539665222167969
34,2026,confirmation,2,direct,12.016732516077072,12.071369857605575,12.030050277709961,12.030050277709961
43,2026,confirmation,2,direct,11.87757552297847,11.901114858498987,11.888467788696289,11.888467788696289
44,2026,confirmation,2,direct,11.777218637129327,11.805718136132562,11.78615951538086,11.78615951538086
45,2026,confirmation,2,direct,11.856522261533737,11.890992635777474,11.927998542785645,11.927998542785645
46,2026,confirmation,2,direct,12.675766851909591,12.578086415653539,12.603936195373535,12.603936195373535
50,2026,confirmation,2,direct,11.751950239425476,11.743879057827181,11.749306678771973,11.749306678771973
57,2026,confirmation,2,direct,12.058158312538197,12.207171017390907,12.283105850219727,12.283105850219727
80,2026,confirmation,2,direct,11.608244735642321,11.65946835828985,11.694972038269043,11.694972038269043
83,2026,confirmation,2,direct,12.409017571151187,12.310638169222612,12.358505249023438,12.358505249023438
91,2026,confirmation,2,direct,11.60733523953139,11.51418724916653,11.522390365600586,11.522390365600586
92,2026,confirmation,2,direct,11.498836682527127,11.69543335110005,11.653523445129395,11.653523445129395
104,2026,confirmation,2,direct,12.200562492481511,12.136123974959862,12.091072082519531,12.091072082519531
112,2026,confirmation,2,direct,12.100717685412471,12.048577948535781,12.037874221801758,12.037874221801758
114,2026,confirmation,2,direct,12.28765724080691,12.305789023883278,12.31689453125,12.31689453125
115,2026,confirmation,2,direct,12.466515835145202,12.356588128448843,12.32115364074707,12.32115364074707
119,2026,confirmation,2,direct,12.676079399771027,12.73449273820725,12.85593032836914,12.85593032836914
121,2026,confirmation,2,direct,12.100717685412471,11.989449009472636,12.118147850036621,12.118147850036621
124,2026,confirmation,2,direct,11.944064817531656,11.99093834345069,12.006725311279297,12.006725311279297
125,2026,confirmation,2,direct,12.10625783509458,12.053725431852516,12.047577857971191,12.047577857971191
128,2026,confirmation,2,direct,11.373674891823535,11.452964876213056,11.39276123046875,11.39276123046875
129,2026,confirmation,2,direct,11.951186847493476,11.889409087335688,11.921844482421875,11.921844482421875
130,2026,confirmation,2,direct,11.918397239722838,11.863432463698853,11.836268424987793,11.836268424987793
133,2026,confirmation,2,direct,11.923384748066601,11.9386499613763,11.975857734680176,11.975857734680176
135,2026,confirmation,2,direct,12.100717685412471,12.054522149492895,12.03742790222168,12.03742790222168
139,2026,confirmation,2,direct,12.345838935721968,12.431069579696024,12.4548978805542,12.4548978805542
142,2026,confirmation,2,direct,12.468440756144114,12.38973421114625,12.464176177978516,12.464176177978516
149,2026,confirmation,2,direct,11.856522261533737,11.923357790783058,11.975679397583008,11.975679397583008
153,2026,confirmation,2,direct,12.154784614286667,12.138955691083137,12.131000518798828,12.131000518798828
161,2026,confirmation,2,direct,11.998439434579149,11.960411673996427,12.002351760864258,12.002351760864258
163,2026,confirmation,2,direct,12.301387370778713,12.367480216109318,12.414373397827148,12.414373397827148
168,2026,confirmation,2,direct,12.693501691489768,12.812688638248689,12.768043518066406,12.768043518066406
173,2026,confirmation,2,direct,12.384223015005313,12.226265909089523,12.242101669311523,12.242101669311523
174,2026,confirmation,2,direct,12.001511614739405,11.93873447279414,11.96119213104248,11.96119213104248
175,2026,confirmation,2,direct,12.122696471358964,12.191805980796438,12.062078475952148,12.062078475952148
176,2026,confirmation,2,direct,12.400820837540556,12.313105044205932,12.271941184997559,12.271941184997559
184,2026,confirmation,2,direct,12.206077645517674,12.121338088752125,12.342737197875977,12.342737197875977
187,2026,confirmation,2,direct,12.06105265381003,12.079098965420474,12.067204475402832,12.067204475402832
192,2026,confirmation,2,direct,12.122696471358964,12.028377618930357,12.080154418945312,12.080154418945312
193,2026,confirmation,2,direct,12.165255859329688,12.198811530308024,12.237244606018066,12.237244606018066
194,2026,confirmation,2,direct,11.775297421715827,11.870885293198514,11.863969802856445,11.863969802856445
199,2026,confirmation,2,direct,11.552155793461898,11.626644000576494,11.687678337097168,11.687678337097168
200,2026,confirmation,2,direct,12.524166311833152,12.634908542278305,12.625402450561523,12.625402450561523
212,2026,confirmation,2,direct,12.133507329024972,12.071199137711904,12.043588638305664,12.043588638305664
213,2026,confirmation,2,direct,12.439875187430008,12.392799312702138,12.410351753234863,12.410351753234863
219,2026,confirmation,2,direct,12.649157827477366,12.325578850651032,12.35277271270752,12.35277271270752
234,2026,confirmation,2,direct,11.761354623750297,11.786786721474757,11.773248672485352,11.773248672485352
240,2026,confirmation,2,direct,11.635151947212842,11.741795152526517,11.84804916381836,11.84804916381836
243,2026,confirmation,2,direct,11.277215789596893,11.482453083051226,11.378718376159668,11.378718376159668
245,2026,confirmation,2,direct,12.230770136157428,12.362752641299947,12.433378219604492,12.433378219604492
247,2026,confirmation,2,direct,11.827743504053695,11.799510897483321,11.792805671691895,11.792805671691895
252,2026,confirmation,2,direct,12.367345048436391,12.406626349414095,12.604244232177734,12.604244232177734
255,2026,confirmation,2,direct,11.884495917930655,11.86030643246813,11.869606971740723,11.869606971740723
257,2026,confirmation,2,direct,12.242891437918386,12.221839934018561,12.171659469604492,12.171659469604492
262,2026,confirmation,2,direct,12.52815976788113,12.773137123310553,12.721982955932617,12.721982955932617
270,2026,confirmation,2,direct,11.904974309480181,11.923102298628393,11.988447189331055,11.988447189331055
275,2026,confirmation,2,direct,11.732069026983156,11.775871879527628,11.787177085876465,11.787177085876465
276,2026,confirmation,2,direct,12.230770136157428,12.056085964764431,12.04693603515625,12.04693603515625
280,2026,confirmation,2,direct,12.165255859329688,12.183717261185482,12.248004913330078,12.248004913330078
284,2026,confirmation,2,direct,12.407383590534293,12.407631621697954,12.378180503845215,12.378180503845215
285,2026,confirmation,2,direct,12.09626335986454,12.172941160506232,12.130593299865723,12.130593299865723
308,2026,confirmation,2,direct,11.402005077384885,11.4568956602775,11.615689277648926,11.615689277648926
311,2026,confirmation,2,direct,12.017336559562407,12.07240888452256,12.082231521606445,12.082231521606445
318,2026,confirmation,2,direct,12.506180941677357,12.472219865434061,12.482819557189941,12.482819557189941
325,2026,confirmation,2,direct,12.396697137361691,12.473696953578974,12.367734909057617,12.367734909057617
326,2026,confirmation,2,direct,11.373674891823535,11.364629339831305,11.32924747467041,11.32924747467041
329,2026,confirmation,2,direct,12.276069679344003,12.058994891318356,12.10136604309082,12.10136604309082
333,2026,confirmation,2,direct,12.556733038263905,12.663734136313874,12.788385391235352,12.788385391235352
339,2026,confirmation,2,direct,12.218500103788143,12.228632785940365,12.267085075378418,12.267085075378418
340,2026,confirmation,2,direct,11.951186847493476,11.84482861767058,11.92695140838623,11.92695140838623
341,2026,confirmation,2,direct,12.220473454337986,12.259298014005907,12.336042404174805,12.336042404174805
345,2026,confirmation,2,direct,11.350418300109132,11.422660841310691,11.461581230163574,11.461581230163574
351,2026,confirmation,2,direct,12.670001611311875,12.621568171549605,12.597792625427246,12.597792625427246
357,2026,confirmation,2,direct,12.06105265381003,12.018057992142753,12.044270515441895,12.044270515441895
359,2026,confirmation,2,direct,11.775297421715827,11.800921053898522,11.749882698059082,11.749882698059082
360,2026,confirmation,2,direct,12.54254845357358,12.532407827367019,12.535429954528809,12.535429954528809
373,2026,confirmation,2,direct,11.736077016252437,11.633279022175977,11.73381233215332,11.73381233215332
380,2026,confirmation,2,direct,12.095146671399466,12.076236791191738,12.045782089233398,12.045782089233398
388,2026,confirmation,2,direct,11.736077016252437,11.770328687017525,11.887412071228027,11.887412071228027
392,2026,confirmation,2,direct,12.278397958261774,12.31942401154884,12.2682466506958,12.2682466506958
393,2026,confirmation,2,direct,11.575909653758895,11.601314959824215,11.457324028015137,11.457324028015137
394,2026,confirmation,2,direct,11.51293546492023,11.432840618779581,11.314040184020996,11.314040184020996
397,2026,confirmation,2,direct,11.719947764402807,11.740118301681699,11.736897468566895,11.736897468566895
405,2026,confirmation,2,direct,12.031725210748633,12.054950029525124,12.037164688110352,12.037164688110352
406,2026,confirmation,2,direct,11.918397239722838,11.98638017430593,11.944385528564453,11.944385528564453
409,2026,confirmation,2,direct,12.54254845357358,12.533754689228111,12.485969543457031,12.485969543457031
412,2026,confirmation,2,direct,11.884495917930655,11.838771516726363,11.846723556518555,11.846723556518555
427,2026,confirmation,2,direct,12.524530013005734,12.395529830380745,12.439037322998047,12.439037322998047
428,2026,confirmation,2,direct,11.599185726610004,11.621246563461249,11.715909004211426,11.715909004211426
429,2026,confirmation,2,direct,12.182809136284991,12.190623529481313,12.186427116394043,12.186427116394043
430,2026,confirmation,2,direct,12.07254696717504,12.070239876655213,12.054829597473145,12.054829597473145
442,2026,confirmation,2,direct,11.678448377988165,11.693611275923477,11.665587425231934,11.665587425231934
445,2026,confirmation,2,direct,12.25486757159303,12.29730505753197,12.29345989227295,12.29345989227295
450,2026,confirmation,2,direct,11.695255355062795,11.662616167981223,11.630990982055664,11.630990982055664
453,2026,confirmation,2,direct,12.225880174775122,12.246263478264273,12.191811561584473,12.191811561584473
459,2026,confirmation,2,direct,11.989165855127435,11.938725416211351,11.994093894958496,11.994093894958496
467,2026,confirmation,2,direct,12.025755079404917,11.99971517091794,12.034944534301758,12.034944534301758
475,2026,confirmation,2,direct,12.433212202169729,12.419264826925044,12.422246932983398,12.422246932983398
478,2026,confirmation,2,direct,12.847929163278053,12.923531018228477,12.899250030517578,12.899250030517578
484,2026,confirmation,2,direct,12.00762780434872,11.937351352211996,11.989908218383789,11.989908218383789
485,2026,confirmation,2,direct,11.794345471549745,11.780812679561892,11.814889907836914,11.814889907836914
487,2026,confirmation,2,direct,11.957617696467539,11.911368393186356,11.878173828125,11.878173828125
495,2026,confirmation,2,direct,11.421917019425596,11.51319983066612,11.455916404724121,11.455916404724121
496,2026,confirmation,2,direct,10.460270761075149,11.173743680626313,11.109603881835938,11.109603881835938
507,2026,confirmation,2,direct,12.278397958261774,12.282262889726212,12.357073783874512,12.357073783874512
514,2026,confirmation,2,direct,11.80560254159177,11.867848040798568,11.903104782104492,11.903104782104492
523,2026,confirmation,2,direct,11.976665770490767,11.92248195178497,11.867620468139648,11.867620468139648
529,2026,confirmation,2,direct,11.362114203075018,11.357956796024872,11.431295394897461,11.431295394897461
533,2026,confirmation,2,direct,11.58525542883217,11.526862911819796,11.45279598236084,11.45279598236084
536,2026,confirmation,2,direct,11.58525542883217,11.759549921537984,11.783918380737305,11.783918380737305
557,2026,confirmation,2,direct,11.856522261533737,11.902769661282994,11.864157676696777,11.864157676696777
559,2026,confirmation,2,direct,12.07254696717504,12.18601068493961,12.232447624206543,12.232447624206543
562,2026,confirmation,2,direct,12.04355959836804,12.045024820138595,12.041767120361328,12.041767120361328
564,2026,confirmation,2,direct,12.128116509451258,12.098923516735017,12.142827987670898,12.142827987670898
567,2026,confirmation,2,direct,12.691583538230217,12.664180861125857,12.705368041992188,12.705368041992188
570,2026,confirmation,2,direct,11.820123358887447,11.876204864100897,11.867215156555176,11.867215156555176
572,2026,confirmation,2,direct,11.695255355062795,11.709648784521095,11.728211402893066,11.728211402893066
578,2026,confirmation,2,direct,12.010671928196443,11.934923932613742,11.931619644165039,11.931619644165039
585,2026,confirmation,2,direct,11.798111925972618,11.84094988095476,11.744112014770508,11.744112014770508
589,2026,confirmation,2,direct,11.870606902224587,12.345887460637055,12.30312728881836,12.30312728881836
593,2026,confirmation,2,direct,11.835016210489899,11.894467885290032,11.88383674621582,11.88383674621582
604,2026,confirmation,2,direct,11.92504173829169,11.956776685203387,11.935639381408691,11.935639381408691
605,2026,confirmation,2,direct,12.30592250537653,12.294712411533277,12.263643264770508,12.263643264770508
612,2026,confirmation,2,direct,11.904974309480181,11.979304818931721,12.006261825561523,12.006261825561523
616,2026,confirmation,2,direct,11.83138646878959,11.81278598588007,11.852815628051758,11.852815628051758
620,2026,confirmation,2,direct,12.628070334272698,12.71250961359003,12.680153846740723,12.680153846740723
630,2026,confirmation,2,direct,12.034696963475044,11.978989646791224,11.975324630737305,11.975324630737305
634,2026,confirmation,2,direct,11.845109950883979,11.838674350439614,11.860432624816895,11.860432624816895
639,2026,confirmation,2,direct,11.350418300109132,11.385756847878085,11.496625900268555,11.496625900268555
647,2026,confirmation,2,direct,11.495789479023493,11.519359550313126,11.477607727050781,11.477607727050781
650,2026,confirmation,2,direct,11.344518647594766,11.215159932234513,11.243749618530273,11.243749618530273
651,2026,confirmation,2,direct,12.235393555399902,12.227828720220712,12.155555725097656,12.155555725097656
654,2026,confirmation,2,direct,11.813037464800539,11.800957147862125,11.886577606201172,11.886577606201172
664,2026,confirmation,2,direct,11.83138646878959,11.867489045484765,11.787904739379883,11.787904739379883
672,2026,confirmation,2,direct,11.548302261270587,11.582648390107957,11.740602493286133,11.740602493286133
676,2026,confirmation,2,direct,11.908346971208951,11.880862152967989,11.887834548950195,11.887834548950195
677,2026,confirmation,2,direct,11.373674891823535,11.6755820318007,11.667778968811035,11.667778968811035
695,2026,confirmation,2,direct,11.860062063178267,11.72312806549547,11.7011137008667,11.7011137008667
697,2026,confirmation,2,direct,11.39640288460621,11.435350599406714,11.38882827758789,11.38882827758789
700,2026,confirmation,2,direct,12.185875040240456,12.12216483405867,12.133539199829102,12.133539199829102
701,2026,confirmation,2,direct,12.652362948153474,12.638326588208344,12.596261024475098,12.596261024475098
703,2026,confirmation,2,direct,12.799178471909892,12.796370653271005,12.727005958557129,12.727005958557129
719,2026,confirmation,2,direct,12.739640688812674,12.653399023091016,12.58963680267334,12.58963680267334
728,2026,confirmation,2,direct,12.178192583415596,12.19894239357374,12.180782318115234,12.180782318115234
737,2026,confirmation,2,direct,11.44572741040675,11.36596428853635,11.345049858093262,11.345049858093262
739,2026,confirmation,2,direct,12.095146671399466,11.828190100950838,11.87954044342041,11.87954044342041
742,2026,confirmation,2,direct,11.863589378812122,11.812022391735638,11.829314231872559,11.829314231872559
746,2026,confirmation,2,direct,12.61087420020211,12.720377133755296,12.721694946289062,12.721694946289062
757,2026,confirmation,2,direct,12.264346270624157,12.253431184527322,12.283967971801758,12.283967971801758
758,2026,confirmation,2,direct,11.97603664577121,11.860249430985252,11.951522827148438,11.951522827148438
759,2026,confirmation,2,direct,12.097378802727306,12.02792391350908,12.031540870666504,12.031540870666504
766,2026,confirmation,2,direct,12.484208043148733,12.547573269940528,12.495009422302246,12.495009422302246
773,2026,confirmation,2,direct,11.580593459194764,11.839173162812497,11.86269760131836,11.86269760131836
785,2026,confirmation,2,direct,11.759793355371237,11.807333527763596,11.881311416625977,11.881311416625977
788,2026,confirmation,2,direct,12.358798024384122,12.349543306963854,12.348236083984375,12.348236083984375
789,2026,confirmation,2,direct,11.588969419043874,11.564023365168367,11.676565170288086,11.676565170288086
792,2026,confirmation,2,direct,11.896833207128452,11.911370673976267,11.955131530761719,11.955131530761719
793,2026,confirmation,2,direct,12.505402864156405,12.36625722632106,12.393038749694824,12.393038749694824
801,2026,confirmation,2,direct,12.206077645517674,12.207396290187713,12.237369537353516,12.237369537353516
802,2026,confirmation,2,direct,11.60733523953139,11.70285052456834,11.649435997009277,11.649435997009277
805,2026,confirmation,2,direct,11.678448377988165,11.63275472074133,11.612533569335938,11.612533569335938
809,2026,confirmation,2,direct,11.982622797311857,11.88895430180034,11.904911994934082,11.904911994934082
810,2026,confirmation,2,direct,11.571203807011969,11.709275113640716,11.745821952819824,11.745821952819824
834,2026,confirmation,2,direct,12.025755079404917,11.953176257737494,11.9275484085083,11.9275484085083
841,2026,confirmation,2,direct,11.849404844423074,11.690890587545232,11.749176025390625,11.749176025390625
847,2026,confirmation,2,direct,12.269052139516223,12.187314870611319,12.210066795349121,12.210066795349121
849,2026,confirmation,2,direct,12.388398368982115,12.381697144004015,12.320056915283203,12.320056915283203
850,2026,confirmation,2,direct,12.138869243416009,12.061660080784279,12.076154708862305,12.076154708862305
855,2026,confirmation,2,direct,12.04355959836804,12.035705460787053,12.000587463378906,12.000587463378906
858,2026,confirmation,2,direct,12.066816325306588,11.984521334740174,11.978043556213379,11.978043556213379
864,2026,confirmation,2,direct,11.794345471549745,11.850467971634307,11.914952278137207,11.914952278137207
865,2026,confirmation,2,direct,12.43153750053306,12.184106733295716,12.199910163879395,12.199910163879395
866,2026,confirmation,2,direct,11.908346971208951,11.825501666049293,11.77392864227295,11.77392864227295
867,2026,confirmation,2,direct,12.424810506025395,12.430675328928508,12.431915283203125,12.431915283203125
879,2026,confirmation,2,direct,11.904974309480181,11.918268985459248,11.861116409301758,11.861116409301758
892,2026,confirmation,2,direct,12.058158312538197,12.06635931790025,12.06375789642334,12.06375789642334
904,2026,confirmation,2,direct,12.388398368982115,12.407939004302131,12.33775520324707,12.33775520324707
906,2026,confirmation,2,direct,11.759793355371237,11.75454565465218,11.785890579223633,11.785890579223633
909,2026,confirmation,2,direct,11.782960235741939,11.794296870824686,11.795053482055664,11.795053482055664
921,2026,confirmation,2,direct,12.211065162153215,12.224641094017677,12.179561614990234,12.179561614990234
925,2026,confirmation,2,direct,12.242891437918386,12.223094433473978,12.140949249267578,12.140949249267578
926,2026,confirmation,2,direct,12.07254696717504,11.974097075584641,11.883426666259766,11.883426666259766
927,2026,confirmation,2,direct,12.560247968016562,12.596260060690257,12.572452545166016,12.572452545166016
929,2026,confirmation,2,direct,12.373707715234994,12.4000167621001,12.409391403198242,12.409391403198242
930,2026,confirmation,2,direct,12.310437165348775,12.293612508094544,12.346693992614746,12.346693992614746
933,2026,confirmation,2,direct,12.676079399771027,12.594140067936658,12.551414489746094,12.551414489746094
936,2026,confirmation,2,direct,11.288543647320601,11.472591700154343,11.38147258758545,11.38147258758545
940,2026,confirmation,2,direct,12.406565597924235,12.328141299508166,12.418657302856445,12.418657302856445
948,2026,confirmation,2,direct,12.506180941677357,12.557390116830794,12.549776077270508,12.549776077270508
950,2026,confirmation,2,direct,12.193498926601634,12.067904697681614,12.085813522338867,12.085813522338867
951,2026,confirmation,2,direct,11.767575435251748,11.843110729318497,11.854719161987305,11.854719161987305
954,2026,confirmation,2,direct,12.055255569732177,11.993925006440366,12.030644416809082,12.030644416809082
968,2026,confirmation,2,direct,11.813037464800539,11.824236149778441,11.823385238647461,11.823385238647461
979,2026,confirmation,2,direct,11.608244735642321,11.565287156647006,11.557781219482422,11.557781219482422
982,2026,confirmation,2,direct,12.724869415131389,12.687837294966828,12.748067855834961,12.748067855834961
986,2026,confirmation,2,direct,11.736077016252437,11.642535564504069,11.751025199890137,11.751025199890137
993,2026,confirmation,2,direct,12.138869243416009,12.192523822135731,12.18179702758789,12.18179702758789
998,2026,confirmation,2,direct,12.128116509451258,11.981854968483786,11.910909652709961,11.910909652709961
1010,2026,confirmation,2,direct,11.532737896139919,11.604599545452418,11.649675369262695,11.649675369262695
1013,2026,confirmation,2,direct,12.013706813470414,12.018539883459292,12.019428253173828,12.019428253173828
1029,2026,confirmation,2,direct,11.561725152903833,11.767468957467063,11.764315605163574,11.764315605163574
1036,2026,confirmation,2,direct,11.338583982516495,11.362081768293933,11.285802841186523,11.285802841186523
1037,2026,confirmation,2,direct,12.66191713053049,12.774915220347633,12.646931648254395,12.646931648254395
1038,2026,confirmation,2,direct,12.567240979056246,12.432276306665354,12.520316123962402,12.520316123962402
1041,2026,confirmation,2,direct,11.951186847493476,11.991674320583995,12.028593063354492,12.028593063354492
1053,2026,confirmation,2,direct,12.013706813470414,11.995858910518994,12.026065826416016,12.026065826416016
1060,2026,confirmation,2,direct,12.301387370778713,12.137589787080916,12.129591941833496,12.129591941833496
1061,2026,confirmation,2,direct,12.271396795480596,12.226657160064368,12.315937995910645,12.315937995910645
1067,2026,confirmation,2,direct,12.08954444723597,12.068383999460362,12.02806568145752,12.02806568145752
1080,2026,confirmation,2,direct,11.744045122410057,11.798333220777122,11.75240421295166,11.75240421295166
1081,2026,confirmation,2,direct,11.884495917930655,12.008676223778105,11.949517250061035,11.949517250061035
1082,2026,confirmation,2,direct,11.798111925972618,11.784592720322676,11.813526153564453,11.813526153564453
1085,2026,confirmation,2,direct,12.141539457711714,12.116181793271679,12.120333671569824,12.120333671569824
1089,2026,confirmation,2,direct,11.83138646878959,11.79626893356924,11.859524726867676,11.859524726867676
1092,2026,confirmation,2,direct,11.982935344196433,11.962931841792365,11.977721214294434,11.977721214294434
1093,2026,confirmation,2,direct,11.824087219587643,12.010526034578522,11.952067375183105,11.952067375183105
1096,2026,confirmation,2,direct,12.080696479888445,12.113671282629275,12.062820434570312,12.062820434570312
1102,2026,confirmation,2,direct,11.691080018519527,11.666296971539522,11.664226531982422,11.664226531982422
1109,2026,confirmation,2,direct,12.10625783509458,12.033050886559579,12.005632400512695,12.005632400512695
1112,2026,confirmation,2,direct,12.230770136157428,12.13739827597333,12.114250183105469,12.114250183105469
1115,2026,confirmation,2,direct,11.669937760751914,11.658436897392706,11.742137908935547,11.742137908935547
1116,2026,confirmation,2,direct,12.669809806411457,12.587811216179388,12.573066711425781,12.573066711425781
1121,2026,confirmation,2,direct,11.681832447342321,11.66694859097822,11.671775817871094,11.671775817871094
1127,2026,confirmation,2,direct,12.066816325306588,12.168479972171006,12.158585548400879,12.158585548400879
1136,2026,confirmation,2,direct,11.532737896139919,11.56459578708033,11.647894859313965,11.647894859313965
1138,2026,confirmation,2,direct,11.451060699493427,11.407511272269833,11.406281471252441,11.406281471252441
1142,2026,confirmation,2,direct,12.193498926601634,12.159317429325888,12.140356063842773,12.140356063842773
1157,2026,confirmation,2,direct,12.100161978566867,12.105023683834515,12.119548797607422,12.119548797607422
1158,2026,confirmation,2,direct,12.345838935721968,12.280121416050093,12.249578475952148,12.249578475952148
1172,2026,confirmation,2,direct,12.001511614739405,11.990661349954182,12.015616416931152,12.015616416931152
1195,2026,confirmation,2,direct,11.970356641102999,11.878675995041597,11.905481338500977,11.905481338500977
1197,2026,confirmation,2,direct,12.29779001527865,12.307282805732989,12.311013221740723,12.311013221740723
1200,2026,confirmation,2,direct,11.904974309480181,11.850383020443044,11.770071029663086,11.770071029663086
1206,2026,confirmation,2,direct,12.513193308436527,12.512385029568277,12.60395622253418,12.60395622253418
1208,2026,confirmation,2,direct,12.206077645517674,12.3114263403183,12.230130195617676,12.230130195617676
1215,2026,confirmation,2,direct,11.80932691294063,11.759710086829159,11.733510971069336,11.733510971069336
1218,2026,confirmation,2,direct,12.343470927093518,12.427665655267509,12.398591041564941,12.398591041564941
1221,2026,confirmation,2,direct,11.652696102959753,11.634165296324019,11.598231315612793,11.598231315612793
1233,2026,confirmation,2,direct,11.530775206233024,11.51195336187832,11.453790664672852,11.453790664672852
1236,2026,confirmation,2,direct,11.841423131921784,11.878051075787205,11.863821029663086,11.863821029663086
1238,2026,confirmation,2,direct,12.180759965737863,12.268182446383074,12.267505645751953,12.267505645751953
1245,2026,confirmation,2,direct,12.345838935721968,12.126583606883063,12.177982330322266,12.177982330322266
1249,2026,confirmation,2,direct,11.771443882099637,11.838683968153866,11.909271240234375,11.909271240234375
1251,2026,confirmation,2,direct,12.404927602627597,12.409408607449324,12.42873477935791,12.42873477935791
1261,2026,confirmation,2,direct,12.10625783509458,12.156217355968444,12.139339447021484,12.139339447021484
1265,2026,confirmation,2,direct,12.10625783509458,12.029397909578742,12.050108909606934,12.050108909606934
1267,2026,confirmation,2,direct,11.711784520403112,11.78273686924829,11.880680084228516,11.880680084228516
1272,2026,confirmation,2,direct,12.132162346145595,12.08402189752956,11.992596626281738,11.992596626281738
1278,2026,confirmation,2,direct,12.19552218463499,12.171969925035125,12.112008094787598,12.112008094787598
1280,2026,confirmation,2,direct,11.133142723386813,11.556243295262087,11.565287590026855,11.565287590026855
1283,2026,confirmation,2,direct,11.921725007667265,11.910757985047617,11.854082107543945,11.854082107543945
1287,2026,confirmation,2,direct,11.870606902224587,11.989105501404644,11.94278335571289,11.94278335571289
1293,2026,confirmation,2,direct,11.58525542883217,11.683755531325465,11.674524307250977,11.674524307250977
1295,2026,confirmation,2,direct,11.652696102959753,11.72412429197561,11.71915054321289,11.71915054321289
1299,2026,confirmation,2,direct,11.982935344196433,13.131370378816861,12.852980613708496,12.852980613708496
1309,2026,confirmation,2,direct,11.898194668458823,11.879539906156072,11.878769874572754,11.878769874572754
1311,2026,confirmation,2,direct,12.721888795877375,12.597992873872265,12.608222007751465,12.608222007751465
1320,2026,confirmation,2,direct,11.6172944892629,11.6438958748476,11.704723358154297,11.704723358154297
1324,2026,confirmation,2,direct,11.320565693461432,11.280367199624036,11.198833465576172,11.198833465576172
1331,2026,confirmation,2,direct,12.33270970174018,12.360004435505006,12.423948287963867,12.423948287963867
1333,2026,confirmation,2,direct,11.51293546492023,11.640031312080078,11.606889724731445,11.606889724731445
1335,2026,confirmation,2,direct,11.736077016252437,11.644693787101438,11.640695571899414,11.640695571899414
1344,2026,confirmation,2,direct,12.083910661257521,12.018032435547655,11.994844436645508,11.994844436645508
1346,2026,confirmation,2,direct,11.59451466851004,11.444792713291939,11.533069610595703,11.533069610595703
1354,2026,confirmation,2,direct,12.923914877701906,12.894976323876126,12.99184799194336,12.99184799194336
1358,2026,confirmation,2,direct,11.917730355182513,11.981071017058186,11.94987964630127,11.94987964630127
1361,2026,confirmation,2,direct,12.149507585033072,12.147608816619778,12.152056694030762,12.152056694030762
1362,2026,confirmation,2,direct,12.468440756144114,12.453850647379971,12.473357200622559,12.473357200622559
1366,2026,confirmation,2,direct,12.283038316285214,12.253083651031137,12.230854034423828,12.230854034423828
1368,2026,confirmation,2,direct,11.751950239425476,11.774637535630735,11.813050270080566,11.813050270080566
1380,2026,confirmation,2,direct,12.02874460037869,11.987509082050265,11.844870567321777,11.844870567321777
1381,2026,confirmation,2,direct,10.97679912709094,11.24643378556533,11.214743614196777,11.214743614196777
1383,2026,confirmation,2,direct,11.964007453736912,11.90310913204309,11.956668853759766,11.956668853759766
1402,2026,confirmation,2,direct,12.170450649220749,12.115993813442397,12.12319278717041,12.12319278717041
1404,2026,confirmation,2,direct,12.552930054797935,12.272465070130005,12.37883472442627,12.37883472442627
1406,2026,confirmation,2,direct,12.524530013005734,12.548085058888692,12.667550086975098,12.667550086975098
1408,2026,confirmation,2,direct,11.626263078808801,11.666534494366907,11.696057319641113,11.696057319641113
1422,2026,confirmation,2,direct,11.755879486687116,11.837802642514452,11.876154899597168,11.876154899597168
1426,2026,confirmation,2,direct,11.863589378812122,11.871485169812843,11.823512077331543,11.823512077331543
1428,2026,confirmation,2,direct,11.849404844423074,11.863642522034594,11.83329963684082,11.83329963684082
1429,2026,confirmation,2,direct,11.686887175419702,11.619920590246727,11.693158149719238,11.693158149719238
1431,2026,confirmation,2,direct,12.165984756488543,12.13999792111753,12.067352294921875,12.067352294921875
1433,2026,confirmation,2,direct,11.07443600653965,11.519803153382258,11.558028221130371,11.558028221130371
1435,2026,confirmation,2,direct,11.982935344196433,12.029662024495053,11.979454040527344,11.979454040527344
1445,2026,confirmation,2,direct,12.098493002763465,12.18259660554948,12.164325714111328,12.164325714111328
1449,2026,confirmation,2,direct,11.626263078808801,11.636668026851947,11.622859001159668,11.622859001159668
1455,2026,confirmation,2,direct,12.128116509451258,12.1437262225498,12.116360664367676,12.116360664367676
1,2026,confirmation,3,direct,12.24769911637256,12.172961036658052,12.235668182373047,12.235668182373047
6,2026,confirmation,3,direct,11.870606902224587,11.990160239543762,11.960432052612305,11.960432052612305
9,2026,confirmation,3,direct,11.774527900858468,11.815302847063805,11.865220069885254,11.865220069885254
15,2026,confirmation,3,direct,11.964007453736912,11.954934202024141,11.942815780639648,11.942815780639648
17,2026,confirmation,3,direct,11.91170829631447,11.910462350781616,11.954440116882324,11.954440116882324
24,2026,confirmation,3,direct,11.774527900858468,11.831706831699053,11.822750091552734,11.822750091552734
30,2026,confirmation,3,direct,11.134603622683905,11.139689277542704,11.092260360717773,11.092260360717773
32,2026,confirmation,3,direct,11.914054519303125,11.874447142424115,11.815620422363281,11.815620422363281
38,2026,confirmation,3,direct,11.938199736300925,11.959325490130897,11.902802467346191,11.902802467346191
42,2026,confirmation,3,direct,12.04355959836804,12.048269784505711,12.01338005065918,12.01338005065918
47,2026,confirmation,3,direct,12.387089184491993,12.585421665426077,12.587846755981445,12.587846755981445
51,2026,confirmation,3,direct,12.083910661257521,12.094716874428912,12.09737777709961,12.09737777709961
52,2026,confirmation,3,direct,11.648338835562747,11.691928820068137,11.666829109191895,11.666829109191895
53,2026,confirmation,3,direct,11.608244735642321,11.501100829080974,11.573712348937988,11.573712348937988
55,2026,confirmation,3,direct,11.775297421715827,11.725182513357236,11.660439491271973,11.660439491271973
56,2026,confirmation,3,direct,12.103491596905931,12.016545520839834,12.014349937438965,12.014349937438965
58,2026,confirmation,3,direct,12.188422799337028,12.186180275377652,12.192158699035645,12.192158699035645
61,2026,confirmation,3,direct,11.970356641102999,12.04595040434691,12.061964988708496,12.061964988708496
75,2026,confirmation,3,direct,11.58432477200052,11.611354715760854,11.50944995880127,11.50944995880127
77,2026,confirmation,3,direct,11.818577604251555,11.644002034627347,11.70853328704834,11.70853328704834
84,2026,confirmation,3,direct,11.748005492256807,11.783907544755001,11.7863187789917,11.7863187789917
96,2026,confirmation,3,direct,12.128116509451258,12.11767158071468,12.043766975402832,12.043766975402832
109,2026,confirmation,3,direct,11.652696102959753,11.69632582534347,11.788553237915039,11.788553237915039
111,2026,confirmation,3,direct,11.827013315851762,11.887734555114362,11.891200065612793,11.891200065612793
113,2026,confirmation,3,direct,12.85832230788469,12.764193159206108,12.733175277709961,12.733175277709961
116,2026,confirmation,3,direct,12.07824495582233,12.015868422714773,11.997003555297852,11.997003555297852
123,2026,confirmation,3,direct,11.820417517632333,11.839693108438064,11.808001518249512,11.808001518249512
132,2026,confirmation,3,direct,12.404927602627597,12.315316409068817,12.296310424804688,12.296310424804688
144,2026,confirmation,3,direct,12.225880174775122,12.31313914105985,12.24950885772705,12.24950885772705
145,2026,confirmation,3,direct,11.736077016252437,11.812618167774684,11.835433006286621,11.835433006286621
152,2026,confirmation,3,direct,12.827731880206521,12.703837043973895,12.6590576171875,12.6590576171875
154,2026,confirmation,3,direct,12.367345048436391,12.151061393574624,12.156819343566895,12.156819343566895
158,2026,confirmation,3,direct,12.504327379899443,12.519616982158638,12.496125221252441,12.496125221252441
160,2026,confirmation,3,direct,12.676079399771027,12.628780562619855,12.61065673828125,12.61065673828125
165,2026,confirmation,3,direct,11.931642378754141,11.882453647683702,11.889311790466309,11.889311790466309
166,2026,confirmation,3,direct,11.755879486687116,11.757548480492007,11.724742889404297,11.724742889404297
169,2026,confirmation,3,direct,12.119975396053194,12.15629869878048,12.204676628112793,12.204676628112793
182,2026,confirmation,3,direct,12.206577518060588,12.084642622051625,12.045008659362793,12.045008659362793
185,2026,confirmation,3,direct,11.751950239425476,11.691450623214633,11.629560470581055,11.629560470581055
188,2026,confirmation,3,direct,11.813037464800539,11.805484146850986,11.767217636108398,11.767217636108398
195,2026,confirmation,3,direct,11.751950239425476,11.720120303188297,11.695846557617188,11.695846557617188
201,2026,confirmation,3,direct,11.849404844423074,11.873029239780879,11.779555320739746,11.779555320739746
204,2026,confirmation,3,direct,11.91170829631447,11.844235505106465,11.861043930053711,11.861043930053711
207,2026,confirmation,3,direct,11.87688084212164,11.820234255144836,11.838051795959473,11.838051795959473
209,2026,confirmation,3,direct,12.531776395271262,12.429141203779613,12.35407829284668,12.35407829284668
215,2026,confirmation,3,direct,11.993813394724253,11.895336946113414,11.869363784790039,11.869363784790039
218,2026,confirmation,3,direct,11.580593459194764,11.363120213724159,11.390302658081055,11.390302658081055
221,2026,confirmation,3,direct,12.230282214644559,12.29634191857594,12.293876647949219,12.293876647949219
222,2026,confirmation,3,direct,12.206077645517674,12.317721147881102,12.270486831665039,12.270486831665039
223,2026,confirmation,3,direct,12.100161978566867,12.067652467787216,12.096847534179688,12.096847534179688
225,2026,confirmation,3,direct,12.864242696187505,12.896689067300455,12.782167434692383,12.782167434692383
231,2026,confirmation,3,direct,11.904974309480181,11.847936290821352,11.855956077575684,11.855956077575684
238,2026,confirmation,3,direct,12.178192583415596,12.299799766442543,12.361071586608887,12.361071586608887
242,2026,confirmation,3,direct,11.612779849672751,11.412529037534412,11.508275032043457,11.508275032043457
254,2026,confirmation,3,direct,11.970356641102999,11.96257867117926,11.99456787109375,11.99456787109375
259,2026,confirmation,3,direct,12.352339472153524,12.279509086290142,12.320621490478516,12.320621490478516
261,2026,confirmation,3,direct,12.07824495582233,12.061716008949952,12.017833709716797,12.017833709716797
263,2026,confirmation,3,direct,11.92504173829169,11.885642987920477,11.980831146240234,11.980831146240234
264,2026,confirmation,3,direct,11.775297421715827,11.72591087564073,11.714505195617676,11.714505195617676
266,2026,confirmation,3,direct,12.075400019877522,12.10046924133101,12.057696342468262,12.057696342468262
278,2026,confirmation,3,direct,11.856522261533737,11.559202109604003,11.609086036682129,11.609086036682129
283,2026,confirmation,3,direct,12.242891437918386,12.284051618664654,12.278135299682617,12.278135299682617
286,2026,confirmation,3,direct,12.011886987792716,12.007661388023706,12.024389266967773,12.024389266967773
295,2026,confirmation,3,direct,12.025755079404917,11.947112094643295,12.015020370483398,12.015020370483398
301,2026,confirmation,3,direct,11.964007453736912,11.9784980258679,11.98040771484375,11.98040771484375
307,2026,confirmation,3,direct,12.323860125621126,12.321768010115385,12.302048683166504,12.302048683166504
310,2026,confirmation,3,direct,12.793862088206213,12.832934111971651,12.804670333862305,12.804670333862305
315,2026,confirmation,3,direct,12.08954444723597,12.008435853069257,12.026128768920898,12.026128768920898
322,2026,confirmation,3,direct,12.777055016970678,12.739786336777554,12.716368675231934,12.716368675231934
324,2026,confirmation,3,direct,11.745433036677353,11.658827870071446,11.65451431274414,11.65451431274414
330,2026,confirmation,3,direct,11.264476926102367,11.27379425527992,11.260626792907715,11.260626792907715
332,2026,confirmation,3,direct,11.842236406331555,11.794312026570294,11.825571060180664,11.825571060180664
338,2026,confirmation,3,direct,12.273735966890268,12.303081244965,12.31375789642334,12.31375789642334
343,2026,confirmation,3,direct,11.37940550085183,11.46857202303626,11.416677474975586,11.416677474975586
344,2026,confirmation,3,direct,12.491255347155265,12.542904155304077,12.56216812133789,12.56216812133789
347,2026,confirmation,3,direct,11.928347504569842,11.825532631004645,11.85568904876709,11.85568904876709
355,2026,confirmation,3,direct,11.849404844423074,11.979566139775866,11.961570739746094,11.961570739746094
361,2026,confirmation,3,direct,11.957617696467539,11.918749759007955,11.954205513000488,11.954205513000488
368,2026,confirmation,3,direct,12.013706813470414,11.961270968753427,11.93293285369873,11.93293285369873
369,2026,confirmation,3,direct,11.790564777297387,11.892892269148344,11.816795349121094,11.816795349121094
371,2026,confirmation,3,direct,12.057578437658945,12.116739039545049,12.084525108337402,12.084525108337402
381,2026,confirmation,3,direct,11.751950239425476,11.962077631589015,11.932454109191895,11.932454109191895
382,2026,confirmation,3,direct,12.142871895843887,12.266931049298273,12.253776550292969,12.253776550292969
385,2026,confirmation,3,direct,12.388398368982115,12.515193232232754,12.390913009643555,12.390913009643555
395,2026,confirmation,3,direct,11.599112335481124,11.607541057690678,11.53492259979248,11.53492259979248
407,2026,confirmation,3,direct,11.652696102959753,11.65840543617035,11.683866500854492,11.683866500854492
431,2026,confirmation,3,direct,11.355113089309977,11.47615543506458,11.484029769897461,11.484029769897461
434,2026,confirmation,3,direct,12.10625783509458,12.083700757281168,12.088826179504395,12.088826179504395
436,2026,confirmation,3,direct,12.264346270624157,12.256726752131861,12.242624282836914,12.242624282836914
438,2026,confirmation,3,direct,11.686887175419702,11.645107306715731,11.662004470825195,11.662004470825195
441,2026,confirmation,3,direct,13.22672519452875,13.091341023095042,12.976897239685059,12.976897239685059
444,2026,confirmation,3,direct,12.058158312538197,12.137083981226471,12.140456199645996,12.140456199645996
447,2026,confirmation,3,direct,12.154784614286667,12.299780919499735,12.291926383972168,12.291926383972168
448,2026,confirmation,3,direct,12.20557752297723,12.236185755655063,12.236340522766113,12.236340522766113
454,2026,confirmation,3,direct,12.25486757159303,12.326139133999268,12.307605743408203,12.307605743408203
473,2026,confirmation,3,direct,11.904974309480181,11.840742229119794,11.83484935760498,11.83484935760498
483,2026,confirmation,3,direct,11.951186847493476,12.051236372762906,12.030978202819824,12.030978202819824
488,2026,confirmation,3,direct,12.07254696717504,12.082269290656212,12.091025352478027,12.091025352478027
491,2026,confirmation,3,direct,11.652696102959753,11.611156519888892,11.678874969482422,11.678874969482422
492,2026,confirmation,3,direct,11.798111925972618,11.888585298645905,11.947175025939941,11.947175025939941
499,2026,confirmation,3,direct,11.775297421715827,11.790994953937448,11.766639709472656,11.766639709472656
500,2026,confirmation,3,direct,11.695255355062795,11.759156091456974,11.759377479553223,11.759377479553223
506,2026,confirmation,3,direct,11.732069026983156,11.726697770185234,11.756208419799805,11.756208419799805
508,2026,confirmation,3,direct,12.246739428005663,12.070101694917428,12.122641563415527,12.122641563415527
511,2026,confirmation,3,direct,12.013100572810686,12.01354391887317,11.970785140991211,11.970785140991211
512,2026,confirmation,3,direct,12.2193145828011,12.140410910536502,12.18049144744873,12.18049144744873
516,2026,confirmation,3,direct,12.90634935052389,12.866988903942742,12.913981437683105,12.913981437683105
518,2026,confirmation,3,direct,12.487488878546145,12.561887140119682,12.500321388244629,12.500321388244629
519,2026,confirmation,3,direct,12.259618151783465,12.15379869245873,12.180059432983398,12.180059432983398
526,2026,confirmation,3,direct,12.07824495582233,12.092437539162129,12.162266731262207,12.162266731262207
530,2026,confirmation,3,direct,12.209192772866418,12.360641101411996,12.391284942626953,12.391284942626953
531,2026,confirmation,3,direct,12.07254696717504,12.13035147611215,12.152350425720215,12.152350425720215
532,2026,confirmation,3,direct,11.759793355371237,11.76675805704558,11.830164909362793,11.830164909362793
546,2026,confirmation,3,direct,12.34148164933907,12.347965223102747,12.396146774291992,12.396146774291992
552,2026,confirmation,3,direct,11.630717389475995,11.625030593475115,11.633146286010742,11.633146286010742
553,2026,confirmation,3,direct,12.450981602512561,12.497895715036512,12.496925354003906,12.496925354003906
554,2026,confirmation,3,direct,11.58989576532275,11.661331299444903,11.634702682495117,11.634702682495117
556,2026,confirmation,3,direct,11.635151947212842,11.636891970234986,11.655213356018066,11.655213356018066
581,2026,confirmation,3,direct,12.111217862017215,12.117545854419692,12.135351181030273,12.135351181030273
583,2026,confirmation,3,direct,11.682676678340282,11.65511780403356,11.664974212646484,11.664974212646484
584,2026,confirmation,3,direct,12.691583538230217,12.586808329712717,12.572086334228516,12.572086334228516
586,2026,confirmation,3,direct,12.820990681250251,12.867438775148242,12.82717227935791,12.82717227935791
590,2026,confirmation,3,direct,11.283524879179666,11.505652584823475,11.543463706970215,11.543463706970215
591,2026,confirmation,3,direct,12.132969552931216,12.156823826821753,12.126988410949707,12.126988410949707
610,2026,confirmation,3,direct,11.682676678340282,11.655591680264507,11.663045883178711,11.663045883178711
613,2026,confirmation,3,direct,12.474193386571581,12.467493401567188,12.474457740783691,12.474457740783691
615,2026,confirmation,3,direct,11.231901180182515,11.264378376221726,11.313423156738281,11.313423156738281
622,2026,confirmation,3,direct,12.388398368982115,12.353083250427332,12.445305824279785,12.445305824279785
626,2026,confirmation,3,direct,11.982935344196433,11.871288900200346,11.91690731048584,11.91690731048584
627,2026,confirmation,3,direct,11.848690308590857,11.741014171498867,11.720649719238281,11.720649719238281
655,2026,confirmation,3,direct,12.765691290604371,12.829545656904987,12.857552528381348,12.857552528381348
656,2026,confirmation,3,direct,11.385103457032141,11.342531469707522,11.467426300048828,11.467426300048828
659,2026,confirmation,3,direct,11.487617913343598,11.77059444884235,11.83090877532959,11.83090877532959
666,2026,confirmation,3,direct,12.348010479804223,12.385166462661967,12.430659294128418,12.430659294128418
669,2026,confirmation,3,direct,12.031725210748633,11.99386991870918,12.009032249450684,12.009032249450684
671,2026,confirmation,3,direct,12.063938642041201,12.068321987228328,12.085251808166504,12.085251808166504
673,2026,confirmation,3,direct,12.013706813470414,12.049689320167113,12.047597885131836,12.047597885131836
674,2026,confirmation,3,direct,12.458778882573533,12.393624608461728,12.465843200683594,12.465843200683594
675,2026,confirmation,3,direct,11.849404844423074,11.897662129912028,11.914490699768066,11.914490699768066
678,2026,confirmation,3,direct,11.603688960617083,11.582023413926647,11.624289512634277,11.624289512634277
679,2026,confirmation,3,direct,12.827995001361906,12.762793687075016,12.689385414123535,12.689385414123535
681,2026,confirmation,3,direct,11.870606902224587,11.688361093476187,11.721638679504395,11.721638679504395
689,2026,confirmation,3,direct,12.879019669789754,12.316173651452035,12.348184585571289,12.348184585571289
693,2026,confirmation,3,direct,12.721888795877375,12.635430725046463,12.582330703735352,12.582330703735352
699,2026,confirmation,3,direct,11.83863282480007,11.797620772711722,11.836644172668457,11.836644172668457
707,2026,confirmation,3,direct,12.618185607609803,12.47057075549839,12.616660118103027,12.616660118103027
709,2026,confirmation,3,direct,12.09815887308463,12.077387901581886,12.084818840026855,12.084818840026855
727,2026,confirmation,3,direct,12.310437165348775,12.290777807645188,12.29802417755127,12.29802417755127
731,2026,confirmation,3,direct,12.373707715234994,12.442965523664144,12.434530258178711,12.434530258178711
740,2026,confirmation,3,direct,12.154784614286667,12.187572024192024,12.188470840454102,12.188470840454102
756,2026,confirmation,3,direct,12.058158312538197,12.022427060431953,11.99849796295166,11.99849796295166
775,2026,confirmation,3,direct,12.886643575525625,12.580405877818162,12.64433479309082,12.64433479309082
778,2026,confirmation,3,direct,11.86710429621008,11.816748861366072,11.852267265319824,11.852267265319824
784,2026,confirmation,3,direct,12.016732516077072,12.011374679791867,11.9891996383667,11.9891996383667
797,2026,confirmation,3,direct,11.874097282798648,11.83202892663783,11.853135108947754,11.853135108947754
799,2026,confirmation,3,direct,13.091906231773164,13.160354821857302,13.042988777160645,13.042988777160645
800,2026,confirmation,3,direct,12.07254696717504,12.020529498319334,11.882308959960938,11.882308959960938
804,2026,confirmation,3,direct,13.275829251377,12.966138459179659,13.010454177856445,13.010454177856445
808,2026,confirmation,3,direct,12.317171167298682,12.239642059121925,12.135430335998535,12.135430335998535
813,2026,confirmation,3,direct,10.932999821119937,11.472049845599036,11.36529541015625,11.36529541015625
819,2026,confirmation,3,direct,11.951186847493476,11.899619629102661,11.92205810546875,11.92205810546875
825,2026,confirmation,3,direct,12.357079818283598,12.32622180916826,12.382085800170898,12.382085800170898
827,2026,confirmation,3,direct,11.603688960617083,11.46740326434766,11.560436248779297,11.560436248779297
837,2026,confirmation,3,direct,11.941462360646149,11.775769120630544,11.822652816772461,11.822652816772461
843,2026,confirmation,3,direct,12.071975378543236,11.96085029305326,12.002402305603027,12.002402305603027
848,2026,confirmation,3,direct,11.80186424743109,11.796163128267636,11.788201332092285,11.788201332092285
852,2026,confirmation,3,direct,12.278397958261774,12.130786585488556,12.24386978149414,12.24386978149414
860,2026,confirmation,3,direct,12.429220196836383,12.44450406266281,12.35130500793457,12.35130500793457
861,2026,confirmation,3,direct,12.154521423145216,12.070873309700442,11.967146873474121,11.967146873474121
870,2026,confirmation,3,direct,12.371591321286905,12.33555175792785,12.302445411682129,12.302445411682129
874,2026,confirmation,3,direct,11.798111925972618,11.775357357757658,11.742155075073242,11.742155075073242
878,2026,confirmation,3,direct,12.765691290604371,12.772232216423223,12.770915031433105,12.770915031433105
885,2026,confirmation,3,direct,11.51293546492023,11.705760750106343,11.708121299743652,11.708121299743652
890,2026,confirmation,3,direct,11.915058360753719,11.920487454950555,11.978727340698242,11.978727340698242
893,2026,confirmation,3,direct,11.947955847790901,11.85667851987257,11.868291854858398,11.868291854858398
900,2026,confirmation,3,direct,11.813037464800539,11.811796823408972,11.784577369689941,11.784577369689941
902,2026,confirmation,3,direct,11.938199736300925,11.85818233228173,11.886919021606445,11.886919021606445
910,2026,confirmation,3,direct,12.066816325306588,12.052088364717902,12.056814193725586,12.056814193725586
912,2026,confirmation,3,direct,11.874097282798648,11.936416743384965,11.85779857635498,11.85779857635498
913,2026,confirmation,3,direct,11.385103457032141,11.452703832108234,11.46097469329834,11.46097469329834
919,2026,confirmation,3,direct,12.380030154325457,12.473463819914532,12.437721252441406,12.437721252441406
935,2026,confirmation,3,direct,12.396697137361691,12.31066462456345,12.240605354309082,12.240605354309082
937,2026,confirmation,3,direct,12.127575825689417,12.135743665235841,12.12321949005127,12.12321949005127
944,2026,confirmation,3,direct,11.870606902224587,11.834891594368745,11.848023414611816,11.848023414611816
945,2026,confirmation,3,direct,11.83138646878959,12.018394950963035,11.941939353942871,11.941939353942871
947,2026,confirmation,3,direct,11.870606902224587,11.901367744491916,11.86984634399414,11.86984634399414
956,2026,confirmation,3,direct,11.884495917930655,11.87353439816596,12.031169891357422,12.031169891357422
964,2026,confirmation,3,direct,12.384223015005313,12.476033357393046,12.630990982055664,12.630990982055664
970,2026,confirmation,3,direct,11.849404844423074,11.695723004456854,11.754215240478516,11.754215240478516
971,2026,confirmation,3,direct,11.813037464800539,11.287890977906656,11.260747909545898,11.260747909545898
974,2026,confirmation,3,direct,12.111767460549332,12.29538376361521,12.234001159667969,12.234001159667969
981,2026,confirmation,3,direct,12.091789104493502,11.988036239719657,12.016414642333984,12.016414642333984
987,2026,confirmation,3,direct,11.669937760751914,11.73262950423802,11.613524436950684,11.613524436950684
990,2026,confirmation,3,direct,12.190964083849375,12.161136003938214,12.161395072937012,12.161395072937012
1001,2026,confirmation,3,direct,11.314486721293981,11.227555708876551,11.154898643493652,11.154898643493652
1003,2026,confirmation,3,direct,12.354496960983985,12.393216812104157,12.384830474853516,12.384830474853516
1005,2026,confirmation,3,direct,12.10625783509458,12.143966291796128,12.141068458557129,12.141068458557129
1007,2026,confirmation,3,direct,12.004574385508691,12.009099402920002,12.00074291229248,12.00074291229248
1015,2026,confirmation,3,direct,11.688566422839942,11.728216034263227,11.71998119354248,11.71998119354248
1018,2026,confirmation,3,direct,12.141539457711714,12.131047778722529,12.132022857666016,12.132022857666016
1021,2026,confirmation,3,direct,12.07824495582233,12.041696596284405,11.89515495300293,11.89515495300293
1026,2026,confirmation,3,direct,11.630717389475995,11.728582051669473,11.743429183959961,11.743429183959961
1033,2026,confirmation,3,direct,12.644330802262578,12.756147850974507,12.724322319030762,12.724322319030762
1043,2026,confirmation,3,direct,12.185875040240456,12.180874728195386,12.153778076171875,12.153778076171875
1055,2026,confirmation,3,direct,12.449022745701502,12.475698298828693,12.48823356628418,12.48823356628418
1056,2026,confirmation,3,direct,12.100717685412471,11.97689424028478,12.000993728637695,12.000993728637695
1075,2026,confirmation,3,direct,12.175618592671356,12.10403981842587,12.184967994689941,12.184967994689941
1076,2026,confirmation,3,direct,12.299112067295642,12.14398610767972,12.234636306762695,12.234636306762695
1087,2026,confirmation,3,direct,11.332613886815139,11.501989639547732,11.479207038879395,11.479207038879395
1095,2026,confirmation,3,direct,11.767575435251748,11.797634059938074,11.804471015930176,11.804471015930176
1103,2026,confirmation,3,direct,11.813037464800539,11.818220306178244,11.763169288635254,11.763169288635254
1105,2026,confirmation,3,direct,11.571203807011969,11.67946611007048,11.644108772277832,11.644108772277832
1107,2026,confirmation,3,direct,12.100161978566867,12.144202593979077,12.160750389099121,12.160750389099121
1108,2026,confirmation,3,direct,12.52352951631214,12.327872033090962,12.317852020263672,12.317852020263672
1110,2026,confirmation,3,direct,12.54254845357358,12.66268649552062,12.608009338378906,12.608009338378906
1114,2026,confirmation,3,direct,11.80932691294063,11.808993002409967,11.776145935058594,11.776145935058594
1117,2026,confirmation,3,direct,12.123239799036943,12.109600151825928,12.135525703430176,12.135525703430176
1125,2026,confirmation,3,direct,12.007017865994577,12.021500199459554,11.996305465698242,11.996305465698242
1139,2026,confirmation,3,direct,12.185875040240456,12.241049451862184,12.216325759887695,12.216325759887695
1143,2026,confirmation,3,direct,12.959540872420414,12.86338787745109,12.852145195007324,12.852145195007324
1144,2026,confirmation,3,direct,11.289794413577894,11.521785278784183,11.453832626342773,11.453832626342773
1147,2026,confirmation,3,direct,12.100717685412471,12.100264989293366,12.077956199645996,12.077956199645996
1148,2026,confirmation,3,direct,12.069685751267224,12.15054983958545,12.121423721313477,12.121423721313477
1149,2026,confirmation,3,direct,11.669082701743504,11.603733876766976,11.657958030700684,11.657958030700684
1161,2026,confirmation,3,direct,11.891368749982085,11.860899381467569,11.898581504821777,11.898581504821777
1163,2026,confirmation,3,direct,11.767575435251748,11.746660184255932,11.750590324401855,11.750590324401855
1170,2026,confirmation,3,direct,13.345508528717259,13.262390977805689,13.23025131225586,13.23025131225586
1174,2026,confirmation,3,direct,12.208574513247495,12.239311443001084,12.294801712036133,12.294801712036133
1176,2026,confirmation,3,direct,12.560247968016562,12.586731650895565,12.646943092346191,12.646943092346191
1178,2026,confirmation,3,direct,11.652696102959753,11.616846356495254,11.629538536071777,11.629538536071777
1179,2026,confirmation,3,direct,11.950541482162043,11.780992400218564,11.776337623596191,11.776337623596191
1181,2026,confirmation,3,direct,12.429220196836383,12.345032371273785,12.433843612670898,12.433843612670898
1187,2026,confirmation,3,direct,11.461642696843066,11.745530179854745,11.558564186096191,11.558564186096191
1189,2026,confirmation,3,direct,12.180759965737863,12.130028530781885,12.16353988647461,12.16353988647461
1190,2026,confirmation,3,direct,12.149507585033072,12.171649245792416,12.24059009552002,12.24059009552002
1191,2026,confirmation,3,direct,12.031725210748633,12.089868186035737,12.042891502380371,12.042891502380371
1198,2026,confirmation,3,direct,11.87757552297847,11.961839837299465,11.91183090209961,11.91183090209961
1199,2026,confirmation,3,direct,12.08954444723597,12.041000896288466,12.084997177124023,12.084997177124023
1202,2026,confirmation,3,direct,12.19552218463499,12.178275326779277,12.217194557189941,12.217194557189941
1210,2026,confirmation,3,direct,12.577639650232573,12.503597041276386,12.583749771118164,12.583749771118164
1213,2026,confirmation,3,direct,11.635151947212842,11.387622468421487,11.370088577270508,11.370088577270508
1217,2026,confirmation,3,direct,11.626263078808801,11.719837132175531,11.80526065826416,11.80526065826416
1223,2026,confirmation,3,direct,11.870606902224587,11.955186316039402,12.012277603149414,12.012277603149414
1228,2026,confirmation,3,direct,11.898194668458823,11.8339605559475,11.905323028564453,11.905323028564453
1231,2026,confirmation,3,direct,12.154784614286667,12.199407242817069,12.126944541931152,12.126944541931152
1232,2026,confirmation,3,direct,11.794345471549745,11.871177055428161,11.906880378723145,11.906880378723145
1237,2026,confirmation,3,direct,12.075400019877522,11.996295390908392,12.011194229125977,12.011194229125977
1244,2026,confirmation,3,direct,13.049794835104816,12.95139272112108,13.061269760131836,13.061269760131836
1247,2026,confirmation,3,direct,12.136191879981927,12.159652109362755,12.15135383605957,12.15135383605957
1250,2026,confirmation,3,direct,11.686887175419702,11.721610745877927,11.72043228149414,11.72043228149414
1252,2026,confirmation,3,direct,12.053801032483948,12.19589753779528,12.146799087524414,12.146799087524414
1257,2026,confirmation,3,direct,12.616528611893463,12.684176205363858,12.703131675720215,12.703131675720215
1259,2026,confirmation,3,direct,12.154784614286667,12.083086342365856,12.138976097106934,12.138976097106934
1260,2026,confirmation,3,direct,11.92504173829169,11.884812661758328,11.888932228088379,11.888932228088379
1273,2026,confirmation,3,direct,11.827743504053695,11.806101507954734,11.804346084594727,11.804346084594727
1276,2026,confirmation,3,direct,11.827743504053695,11.881665507749792,11.919767379760742,11.919767379760742
1281,2026,confirmation,3,direct,12.33270970174018,12.238928108557511,12.274770736694336,12.274770736694336
1282,2026,confirmation,3,direct,12.100717685412471,12.117553960055734,12.12827205657959,12.12827205657959
1284,2026,confirmation,3,direct,11.842236406331555,11.846200333622487,11.855205535888672,11.855205535888672
1286,2026,confirmation,3,direct,11.794345471549745,11.711939084367954,11.72502613067627,11.72502613067627
1301,2026,confirmation,3,direct,12.323860125621126,12.322568075258372,12.322299003601074,12.322299003601074
1302,2026,confirmation,3,direct,12.086731521684555,12.050042652509262,11.990318298339844,11.990318298339844
1304,2026,confirmation,3,direct,12.354496960983985,12.299852084285092,12.302862167358398,12.302862167358398
1310,2026,confirmation,3,direct,12.09626335986454,12.087469814869772,12.042487144470215,12.042487144470215
1312,2026,confirmation,3,direct,12.220966184120165,12.20602782294278,12.233627319335938,12.233627319335938
1314,2026,confirmation,3,direct,12.716405147731708,12.712362411519326,12.702868461608887,12.702868461608887
1316,2026,confirmation,3,direct,12.239995696974733,12.12807036292561,12.073958396911621,12.073958396911621
1325,2026,confirmation,3,direct,11.898194668458823,12.588568111107799,12.534597396850586,12.534597396850586
1337,2026,confirmation,3,direct,11.813037464800539,11.850354967167073,11.925496101379395,11.925496101379395
1339,2026,confirmation,3,direct,12.206077645517674,12.297053020507931,12.297548294067383,12.297548294067383
1343,2026,confirmation,3,direct,12.339295865674435,12.429093081680636,12.467270851135254,12.467270851135254
1347,2026,confirmation,3,direct,12.47801017053037,12.409260202332137,12.471916198730469,12.471916198730469
1350,2026,confirmation,3,direct,11.711784520403112,11.754336457057072,11.853544235229492,11.853544235229492
1360,2026,confirmation,3,direct,12.660331092405906,12.846607567787556,12.775327682495117,12.775327682495117
1369,2026,confirmation,3,direct,11.87757552297847,11.845406569369926,11.83167839050293,11.83167839050293
1370,2026,confirmation,3,direct,12.354496960983985,12.444526195687034,12.46928882598877,12.46928882598877
1384,2026,confirmation,3,direct,11.626263078808801,11.931242789216137,11.937013626098633,11.937013626098633
1387,2026,confirmation,3,direct,12.429220196836383,12.638576887884065,12.541789054870605,12.541789054870605
1388,2026,confirmation,3,direct,11.820417517632333,11.92089126165456,11.877036094665527,11.877036094665527
1389,2026,confirmation,3,direct,12.84132849667433,12.785623386002332,12.790419578552246,12.790419578552246
1391,2026,confirmation,3,direct,12.367345048436391,12.336329858757384,12.310859680175781,12.310859680175781
1393,2026,confirmation,3,direct,11.719947764402807,11.748255442858467,11.793999671936035,11.793999671936035
1400,2026,confirmation,3,direct,11.831022768939789,11.967688912923673,11.946737289428711,11.946737289428711
1401,2026,confirmation,3,direct,11.695255355062795,11.660415634196108,11.673229217529297,11.673229217529297
1411,2026,confirmation,3,direct,12.345838935721968,12.254317948720292,12.303340911865234,12.303340911865234
1417,2026,confirmation,3,direct,11.715874472198905,11.779724828406216,11.711410522460938,11.711410522460938
1427,2026,confirmation,3,direct,12.509877789891931,12.466584167037812,12.428288459777832,12.428288459777832
1440,2026,confirmation,3,direct,12.190964083849375,12.077053259499142,12.088329315185547,12.088329315185547
1442,2026,confirmation,3,direct,11.913719681428494,11.90050211847284,11.86683464050293,11.86683464050293
1447,2026,confirmation,3,direct,11.969723533345908,11.862468652978706,11.897089958190918,11.897089958190918
1448,2026,confirmation,3,direct,12.388398368982115,12.47604567224172,12.51789665222168,12.51789665222168
1452,2026,confirmation,3,direct,12.567554517655415,12.427583961692731,12.437325477600098,12.437325477600098
4,2026,confirmation,4,direct,11.849404844423074,12.067484341309822,12.055109024047852,12.055109024047852
8,2026,confirmation,4,direct,12.206077645517674,12.276966861468948,12.303214073181152,12.303214073181152
11,2026,confirmation,4,direct,11.771443882099637,11.758115962701037,11.775028228759766,11.775028228759766
12,2026,confirmation,4,direct,12.75130259456002,12.877284558707563,12.823948860168457,12.823948860168457
13,2026,confirmation,4,direct,11.87757552297847,11.804128409941136,11.81680679321289,11.81680679321289
25,2026,confirmation,4,direct,11.944714374881176,11.893000823834596,11.864410400390625,11.864410400390625
33,2026,confirmation,4,direct,12.100161978566867,12.15732528360663,12.16980266571045,12.16980266571045
36,2026,confirmation,4,direct,12.6410997921206,12.64459999434209,12.63461971282959,12.63461971282959
37,2026,confirmation,4,direct,11.884495917930655,11.921214364490503,11.892681121826172,11.892681121826172
39,2026,confirmation,4,direct,11.599112335481124,11.7454713710768,11.76856517791748,11.76856517791748
54,2026,confirmation,4,direct,12.861001210669146,12.776856683162501,12.777955055236816,12.777955055236816
60,2026,confirmation,4,direct,11.735276702486741,11.697965622197541,11.729942321777344,11.729942321777344
62,2026,confirmation,4,direct,11.522885696764481,11.444557087083096,11.522233963012695,11.522233963012695
65,2026,confirmation,4,direct,12.299112067295642,12.290242627892408,12.375875473022461,12.375875473022461
73,2026,confirmation,4,direct,12.128116509451258,12.166255821746562,12.209843635559082,12.209843635559082
79,2026,confirmation,4,direct,11.824087219587643,11.796219038520174,11.693915367126465,11.693915367126465
81,2026,confirmation,4,direct,12.173037959397275,12.282067428071192,12.23107624053955,12.23107624053955
87,2026,confirmation,4,direct,12.066816325306588,12.070233861664056,12.074286460876465,12.074286460876465
88,2026,confirmation,4,direct,12.010671928196443,12.029969579947197,11.98197078704834,11.98197078704834
98,2026,confirmation,4,direct,11.459007676978688,11.721468234688551,11.728081703186035,11.728081703186035
99,2026,confirmation,4,direct,11.326607934898927,11.371466605237305,11.308309555053711,11.308309555053711
105,2026,confirmation,4,direct,12.040614105490253,11.996590526651424,11.952815055847168,11.952815055847168
107,2026,confirmation,4,direct,11.51293546492023,11.368036540064747,11.302738189697266,11.302738189697266
127,2026,confirmation,4,direct,11.759793355371237,11.846008260696314,11.857693672180176,11.857693672180176
131,2026,confirmation,4,direct,12.328294703023396,12.257453786572416,12.32674503326416,12.32674503326416
134,2026,confirmation,4,direct,12.301387370778713,12.229521998542634,12.247265815734863,12.247265815734863
137,2026,confirmation,4,direct,11.870606902224587,11.87390756822505,11.853589057922363,11.853589057922363
141,2026,confirmation,4,direct,11.652696102959753,11.555243041590696,11.607216835021973,11.607216835021973
143,2026,confirmation,4,direct,12.019749091416921,11.764383344274252,11.753594398498535,11.753594398498535
155,2026,confirmation,4,direct,11.736077016252437,11.543280426420212,11.649998664855957,11.649998664855957
156,2026,confirmation,4,direct,11.277215789596893,11.294366839901645,11.24438190460205,11.24438190460205
157,2026,confirmation,4,direct,11.603688960617083,11.625325182043998,11.554414749145508,11.554414749145508
159,2026,confirmation,4,direct,12.448630513463613,12.371219334468027,12.307056427001953,12.307056427001953
162,2026,confirmation,4,direct,12.929993908996359,12.952296873952951,12.849888801574707,12.849888801574707
164,2026,confirmation,4,direct,11.544433821905134,11.38429192108901,11.459563255310059,11.459563255310059
178,2026,confirmation,4,direct,12.058158312538197,12.12185046129021,12.032121658325195,12.032121658325195
179,2026,confirmation,4,direct,13.126032637428713,12.94486797157908,12.905327796936035,12.905327796936035
181,2026,confirmation,4,direct,12.083910661257521,12.0544970299575,12.070392608642578,12.070392608642578
190,2026,confirmation,4,direct,12.563750586299374,12.471561618278095,12.486599922180176,12.486599922180176
191,2026,confirmation,4,direct,12.660331092405906,12.553889905521727,12.472911834716797,12.472911834716797
196,2026,confirmation,4,direct,11.908346971208951,11.893260289285143,11.944066047668457,11.944066047668457
197,2026,confirmation,4,direct,12.650351332641707,12.623553057889286,12.586546897888184,12.586546897888184
205,2026,confirmation,4,direct,11.608244735642321,11.612796527685951,11.564064979553223,11.564064979553223
206,2026,confirmation,4,direct,12.103491596905931,12.102573605084155,12.13033390045166,12.13033390045166
211,2026,confirmation,4,direct,11.49273296168228,11.451848056797276,11.317829132080078,11.317829132080078
214,2026,confirmation,4,direct,11.957617696467539,11.952763367120792,11.896697044372559,11.896697044372559
216,2026,confirmation,4,direct,11.808955099378537,11.84367625233684,11.841323852539062,11.841323852539062
217,2026,confirmation,4,direct,12.25486757159303,12.228181329799774,12.248703002929688,12.248703002929688
226,2026,confirmation,4,direct,11.626263078808801,11.536566426640947,11.434049606323242,11.434049606323242
235,2026,confirmation,4,direct,12.285350445351659,12.283854154397522,12.260506629943848,12.260506629943848
236,2026,confirmation,4,direct,11.402005077384885,11.384101349011218,11.376957893371582,11.376957893371582
241,2026,confirmation,4,direct,12.47801017053037,12.543195072804352,12.461201667785645,12.461201667785645
246,2026,confirmation,4,direct,12.394628892852941,12.294744251547979,12.33430290222168,12.33430290222168
248,2026,confirmation,4,direct,11.849404844423074,11.856096609167048,11.891886711120605,11.891886711120605
256,2026,confirmation,4,direct,12.345838935721968,12.306204901877873,12.318808555603027,12.318808555603027
267,2026,confirmation,4,direct,12.128116509451258,12.093463779005281,12.132535934448242,12.132535934448242
272,2026,confirmation,4,direct,12.394628892852941,12.289117940019,12.299009323120117,12.299009323120117
277,2026,confirmation,4,direct,12.211065162153215,12.188399590119325,12.22061538696289,12.22061538696289
279,2026,confirmation,4,direct,12.936754021718041,12.862126185311523,12.790813446044922,12.790813446044922
281,2026,confirmation,4,direct,12.339295865674435,12.310755616585297,12.302390098571777,12.302390098571777
288,2026,confirmation,4,direct,11.385103457032141,11.51948828250999,11.497156143188477,11.497156143188477
290,2026,confirmation,4,direct,11.941950837487406,11.840137924424548,11.85081958770752,11.85081958770752
313,2026,confirmation,4,direct,11.694421681264394,11.780500067671518,11.771514892578125,11.771514892578125
321,2026,confirmation,4,direct,12.74444728628135,12.67288345635492,12.84631061553955,12.84631061553955
323,2026,confirmation,4,direct,12.614868865984631,12.56917344687802,12.549145698547363,12.549145698547363
328,2026,confirmation,4,direct,11.886218559372042,11.880074147184226,11.927594184875488,11.927594184875488
336,2026,confirmation,4,direct,12.34126328584159,12.221129585036747,12.313985824584961,12.313985824584961
346,2026,confirmation,4,direct,11.850832386224807,11.820967796755271,11.803059577941895,11.803059577941895
348,2026,confirmation,4,direct,11.967187086434018,12.085091641469917,12.13866901397705,12.13866901397705
352,2026,confirmation,4,direct,12.154784614286667,12.234212121526209,12.208626747131348,12.208626747131348
356,2026,confirmation,4,direct,12.086731521684555,12.0534638742362,12.096047401428223,12.096047401428223
358,2026,confirmation,4,direct,11.80560254159177,11.855872966647167,11.852276802062988,11.852276802062988
363,2026,confirmation,4,direct,12.198549416880068,12.085829273480725,12.108552932739258,12.108552932739258
364,2026,confirmation,4,direct,11.678448377988165,11.543634985034007,11.579858779907227,11.579858779907227
372,2026,confirmation,4,direct,11.808821212646512,11.691509028570227,11.63341236114502,11.63341236114502
375,2026,confirmation,4,direct,12.299112067295642,12.227140970137986,12.239706039428711,12.239706039428711
377,2026,confirmation,4,direct,11.904974309480181,11.834095360212526,11.752087593078613,11.752087593078613
378,2026,confirmation,4,direct,12.73670383776449,12.592117288685923,12.594769477844238,12.594769477844238
383,2026,confirmation,4,direct,12.271396795480596,12.235190629217396,12.2672758102417,12.2672758102417
387,2026,confirmation,4,direct,11.302216779257382,11.474287013009555,11.487907409667969,11.487907409667969
389,2026,confirmation,4,direct,12.160033942617156,12.191601050423992,12.151556015014648,12.151556015014648
400,2026,confirmation,4,direct,12.392556361841777,12.267348281443349,12.271498680114746,12.271498680114746
401,2026,confirmation,4,direct,12.411056299528171,12.33042644952887,12.36177921295166,12.36177921295166
403,2026,confirmation,4,direct,11.58989576532275,11.514742669507777,11.434380531311035,11.434380531311035
410,2026,confirmation,4,direct,12.73596827534975,12.625322138641224,12.604870796203613,12.604870796203613
413,2026,confirmation,4,direct,12.310437165348775,12.414991885776141,12.36827564239502,12.36827564239502
421,2026,confirmation,4,direct,12.237091546357338,12.151892899355023,12.13270378112793,12.13270378112793
422,2026,confirmation,4,direct,12.278397958261774,12.304322295853025,12.280295372009277,12.280295372009277
423,2026,confirmation,4,direct,11.635151947212842,11.671758032712768,11.676431655883789,11.676431655883789
424,2026,confirmation,4,direct,12.660331092405906,12.725539447496347,12.708669662475586,12.708669662475586
433,2026,confirmation,4,direct,11.715874472198905,11.728899473632982,11.743965148925781,11.743965148925781
443,2026,confirmation,4,direct,12.000897933306716,11.926760690958876,11.841750144958496,11.841750144958496
446,2026,confirmation,4,direct,11.755879486687116,11.928740771607883,11.920064926147461,11.920064926147461
449,2026,confirmation,4,direct,11.691080018519527,11.755029085683528,11.710221290588379,11.710221290588379
458,2026,confirmation,4,direct,12.45293662970407,12.35716708610231,12.119297981262207,12.119297981262207
462,2026,confirmation,4,direct,11.951186847493476,11.915793429082802,11.877202987670898,11.877202987670898
463,2026,confirmation,4,direct,11.04106411122238,11.726547310750089,11.759527206420898,11.759527206420898
465,2026,confirmation,4,direct,11.728044909070785,11.631655186706894,11.67918586730957,11.67918586730957
471,2026,confirmation,4,direct,12.264346270624157,12.213909773577937,12.297633171081543,12.297633171081543
477,2026,confirmation,4,direct,12.249615734512616,12.29018368345406,12.264838218688965,12.264838218688965
490,2026,confirmation,4,direct,11.362114203075018,11.511482747939056,11.494508743286133,11.494508743286133
493,2026,confirmation,4,direct,12.059809113551397,12.04952667708277,12.044204711914062,12.044204711914062
504,2026,confirmation,4,direct,12.574185427296195,12.374679458082689,12.519320487976074,12.519320487976074
525,2026,confirmation,4,direct,12.662709207270272,12.63430952819296,12.562105178833008,12.562105178833008
528,2026,confirmation,4,direct,13.008661502470739,12.95111652495476,12.948983192443848,12.948983192443848
534,2026,confirmation,4,direct,10.579005242826247,10.979683998060189,10.999139785766602,10.999139785766602
540,2026,confirmation,4,direct,12.513561021741964,12.434546558090009,12.446083068847656,12.446083068847656
544,2026,confirmation,4,direct,11.798111925972618,11.792400834285305,11.829696655273438,11.829696655273438
550,2026,confirmation,4,direct,12.479913113434042,12.36121622784349,12.332772254943848,12.332772254943848
560,2026,confirmation,4,direct,12.36308066783498,12.149732446867219,12.163941383361816,12.163941383361816
561,2026,confirmation,4,direct,11.707677772181546,12.001001910907648,12.05860710144043,12.05860710144043
568,2026,confirmation,4,direct,12.273735966890268,12.20426972155552,12.146797180175781,12.146797180175781
588,2026,confirmation,4,direct,11.827743504053695,11.813503437297884,11.81295394897461,11.81295394897461
592,2026,confirmation,4,direct,13.02132904585825,12.965290487194425,13.052201271057129,13.052201271057129
594,2026,confirmation,4,direct,11.849404844423074,11.847808546955108,11.874526977539062,11.874526977539062
595,2026,confirmation,4,direct,11.608244735642321,11.665388787557273,11.6484956741333,11.6484956741333
597,2026,confirmation,4,direct,11.648373769145277,11.576564337441923,11.677597045898438,11.677597045898438
600,2026,confirmation,4,direct,11.92504173829169,11.942611856366588,11.946615219116211,11.946615219116211
618,2026,confirmation,4,direct,11.566475710526321,11.683803405794684,11.628997802734375,11.628997802734375
625,2026,confirmation,4,direct,12.014615485902027,11.938374923083524,11.989973068237305,11.989973068237305
628,2026,confirmation,4,direct,11.938199736300925,12.00314363030232,12.01644229888916,12.01644229888916
632,2026,confirmation,4,direct,12.252483791602627,12.344805716149853,12.363055229187012,12.363055229187012
635,2026,confirmation,4,direct,11.87757552297847,11.816183062529396,11.85237979888916,11.85237979888916
637,2026,confirmation,4,direct,11.002116507732017,10.901811615570606,10.983729362487793,10.983729362487793
640,2026,confirmation,4,direct,12.485830907348902,12.460394220958603,12.557827949523926,12.557827949523926
642,2026,confirmation,4,direct,12.328294703023396,12.406595886147777,12.363417625427246,12.363417625427246
648,2026,confirmation,4,direct,11.951186847493476,11.878805819188827,11.864617347717285,11.864617347717285
649,2026,confirmation,4,direct,11.951186847493476,11.963310206678884,12.026298522949219,12.026298522949219
652,2026,confirmation,4,direct,11.58989576532275,11.621651640260646,11.559898376464844,11.559898376464844
653,2026,confirmation,4,direct,12.160033942617156,12.186343494410586,12.185949325561523,12.185949325561523
658,2026,confirmation,4,direct,11.91170829631447,11.989361990191206,12.074164390563965,12.074164390563965
663,2026,confirmation,4,direct,11.608244735642321,11.83478570991325,11.927160263061523,11.927160263061523
667,2026,confirmation,4,direct,11.767575435251748,12.06151521726143,12.186233520507812,12.186233520507812
670,2026,confirmation,4,direct,11.83138646878959,11.663146620983062,11.638204574584961,11.638204574584961
683,2026,confirmation,4,direct,12.06105265381003,12.190982997822832,12.093549728393555,12.093549728393555
685,2026,confirmation,4,direct,12.30592250537653,12.265433562313989,12.239099502563477,12.239099502563477
688,2026,confirmation,4,direct,11.910365121788654,11.935231021032948,11.93705940246582,11.93705940246582
691,2026,confirmation,4,direct,11.856522261533737,11.901382488053077,11.911468505859375,11.911468505859375
696,2026,confirmation,4,direct,12.07824495582233,12.061330343459078,12.070329666137695,12.070329666137695
698,2026,confirmation,4,direct,11.724004532183379,11.789804621252914,11.73348331451416,11.73348331451416
702,2026,confirmation,4,direct,11.849404844423074,11.910723199801936,11.881929397583008,11.881929397583008
704,2026,confirmation,4,direct,11.849404844423074,11.831148719441845,11.805355072021484,11.805355072021484
713,2026,confirmation,4,direct,12.149507585033072,12.149100955528514,12.162693977355957,12.162693977355957
717,2026,confirmation,4,direct,11.979805470779858,12.146659141710803,12.171746253967285,12.171746253967285
720,2026,confirmation,4,direct,11.763691965388299,11.839934550134426,11.797370910644531,11.797370910644531
721,2026,confirmation,4,direct,12.524530013005734,12.502774109176704,12.47376823425293,12.47376823425293
723,2026,confirmation,4,direct,11.732069026983156,11.661840651975586,11.69211483001709,11.69211483001709
726,2026,confirmation,4,direct,11.699413330633599,11.642990602086618,11.666518211364746,11.666518211364746
729,2026,confirmation,4,direct,11.608244735642321,11.802598437110566,11.819160461425781,11.819160461425781
730,2026,confirmation,4,direct,11.542493975902508,11.410156687393224,11.407360076904297,11.407360076904297
738,2026,confirmation,4,direct,12.3879816172226,12.34913484826913,12.399293899536133,12.399293899536133
741,2026,confirmation,4,direct,11.790564777297387,11.676996839487467,11.706310272216797,11.706310272216797
743,2026,confirmation,4,direct,12.095146671399466,12.019779818966287,12.08900260925293,12.08900260925293
747,2026,confirmation,4,direct,12.371591321286905,12.361858274141756,12.38558292388916,12.38558292388916
761,2026,confirmation,4,direct,11.755879486687116,11.651089632949263,11.745025634765625,11.745025634765625
767,2026,confirmation,4,direct,12.188422799337028,12.139357040307106,12.139692306518555,12.139692306518555
772,2026,confirmation,4,direct,11.532737896139919,11.692685333348189,11.712564468383789,11.712564468383789
774,2026,confirmation,4,direct,11.648338835562747,11.698045708957089,11.695505142211914,11.695505142211914
780,2026,confirmation,4,direct,11.813037464800539,11.899727243215958,11.92367172241211,11.92367172241211
783,2026,confirmation,4,direct,12.139403856983334,12.154170661948298,12.14415454864502,12.14415454864502
786,2026,confirmation,4,direct,11.992266613576142,12.011714477561544,12.044736862182617,12.044736862182617
787,2026,confirmation,4,direct,11.842236406331555,11.7311241734816,11.799981117248535,11.799981117248535
803,2026,confirmation,4,direct,12.149507585033072,12.137585416794295,12.168313980102539,12.168313980102539
807,2026,confirmation,4,direct,11.816734299348461,11.78640002858694,11.793018341064453,11.793018341064453
814,2026,confirmation,4,direct,11.969723533345908,11.94588955636334,12.027664184570312,12.027664184570312
815,2026,confirmation,4,direct,11.661354090741,11.681979224376747,11.635711669921875,11.635711669921875
826,2026,confirmation,4,direct,12.861001210669146,12.956950660138041,12.892953872680664,12.892953872680664
829,2026,confirmation,4,direct,12.128116509451258,12.092009446411643,12.077237129211426,12.077237129211426
835,2026,confirmation,4,direct,11.849047640327147,11.829357606889854,11.813447952270508,11.813447952270508
836,2026,confirmation,4,direct,11.759793355371237,11.781289074431202,11.760452270507812,11.760452270507812
842,2026,confirmation,4,direct,11.967187086434018,11.926428491770979,11.882747650146484,11.882747650146484
845,2026,confirmation,4,direct,11.944064817531656,11.840572222752346,11.83874797821045,11.83874797821045
857,2026,confirmation,4,direct,11.898194668458823,11.896717609074365,11.91320514678955,11.91320514678955
863,2026,confirmation,4,direct,11.931642378754141,11.872077384317373,11.87667179107666,11.87667179107666
869,2026,confirmation,4,direct,12.037659911047468,12.008417436159096,11.971346855163574,11.971346855163574
876,2026,confirmation,4,direct,12.623064399210183,12.679879210607604,12.656286239624023,12.656286239624023
886,2026,confirmation,4,direct,12.70351207261035,12.464772200310788,12.538633346557617,12.538633346557617
894,2026,confirmation,4,direct,12.013706813470414,11.966854921685728,11.900806427001953,11.900806427001953
895,2026,confirmation,4,direct,11.685693195625964,11.710834512751683,11.69330883026123,11.69330883026123
896,2026,confirmation,4,direct,11.849404844423074,12.02013801800387,12.037541389465332,12.037541389465332
899,2026,confirmation,4,direct,13.323928581764989,13.07101065622137,13.066276550292969,13.066276550292969
901,2026,confirmation,4,direct,11.608244735642321,11.645371189940487,11.582832336425781,11.582832336425781
907,2026,confirmation,4,direct,12.449022745701502,12.462058037507758,12.526126861572266,12.526126861572266
915,2026,confirmation,4,direct,12.065280672855897,12.025277056458837,11.993704795837402,11.993704795837402
918,2026,confirmation,4,direct,11.813037464800539,11.801175471535263,11.830731391906738,11.830731391906738
920,2026,confirmation,4,direct,12.081081821061819,12.048260440416273,12.116389274597168,12.116389274597168
923,2026,confirmation,4,direct,12.043500773454495,12.054212410495289,12.01899242401123,12.01899242401123
932,2026,confirmation,4,direct,11.674202123168433,11.754500907472636,11.76599407196045,11.76599407196045
939,2026,confirmation,4,direct,12.387560521575551,12.39361631148455,12.470732688903809,12.470732688903809
943,2026,confirmation,4,direct,11.918397239722838,11.801542560337378,11.912003517150879,11.912003517150879
946,2026,confirmation,4,direct,11.735276702486741,11.8485091625325,11.934950828552246,11.934950828552246
955,2026,confirmation,4,direct,11.755879486687116,11.753602042133805,11.836405754089355,11.836405754089355
960,2026,confirmation,4,direct,11.951186847493476,12.07898471809475,12.060441017150879,12.060441017150879
962,2026,confirmation,4,direct,12.513561021741964,12.437318709568707,12.504227638244629,12.504227638244629
965,2026,confirmation,4,direct,12.277932735946903,12.305840394751138,12.266773223876953,12.266773223876953
966,2026,confirmation,4,direct,12.094587859196112,12.023533555958089,12.060738563537598,12.060738563537598
977,2026,confirmation,4,direct,11.356283350762888,11.285463162715558,11.236786842346191,11.236786842346191
988,2026,confirmation,4,direct,12.887129532148373,12.967346181352864,12.851743698120117,12.851743698120117
994,2026,confirmation,4,direct,12.066241450757124,12.044915552654034,12.042035102844238,12.042035102844238
996,2026,confirmation,4,direct,11.7085004721646,11.591344471506487,11.700592994689941,11.700592994689941
997,2026,confirmation,4,direct,11.824087219587643,11.781020067259815,11.82961654663086,11.82961654663086
999,2026,confirmation,4,direct,11.418625774449598,11.484504614589405,11.281657218933105,11.281657218933105
1000,2026,confirmation,4,direct,12.235636302128867,12.157535232855786,12.144123077392578,12.144123077392578
1008,2026,confirmation,4,direct,11.385103457032141,11.372004186360613,11.338687896728516,11.338687896728516
1011,2026,confirmation,4,direct,11.813037464800539,11.772130896915447,11.786853790283203,11.786853790283203
1016,2026,confirmation,4,direct,12.33270970174018,12.261458780818822,12.27441120147705,12.27441120147705
1017,2026,confirmation,4,direct,12.220966184120165,12.361910353592865,12.28207015991211,12.28207015991211
1019,2026,confirmation,4,direct,11.982935344196433,12.043492971290608,12.01032829284668,12.01032829284668
1027,2026,confirmation,4,direct,12.02874460037869,11.887499783761516,11.853014945983887,11.853014945983887
1030,2026,confirmation,4,direct,11.678448377988165,11.673066113528575,11.637849807739258,11.637849807739258
1035,2026,confirmation,4,direct,11.693169865968983,11.713614575872333,11.69347858428955,11.69347858428955
1039,2026,confirmation,4,direct,11.48247656671073,11.543960866283603,11.586320877075195,11.586320877075195
1042,2026,confirmation,4,direct,12.06105265381003,11.978863834739123,11.99225902557373,11.99225902557373
1045,2026,confirmation,4,direct,12.535379989788607,12.574187629397727,12.559320449829102,12.559320449829102
1047,2026,confirmation,4,direct,13.229569788348705,12.976097223381583,12.970599174499512,12.970599174499512
1048,2026,confirmation,4,direct,11.884495917930655,11.889754391668298,11.826676368713379,11.826676368713379
1049,2026,confirmation,4,direct,11.652696102959753,11.819907922193062,11.830155372619629,11.830155372619629
1051,2026,confirmation,4,direct,12.080996832096167,12.105533429256853,12.161961555480957,12.161961555480957
1054,2026,confirmation,4,direct,11.881041706925902,11.902403719970868,11.900162696838379,11.900162696838379
1059,2026,confirmation,4,direct,12.721888795877375,12.809831873924319,12.78483772277832,12.78483772277832
1062,2026,confirmation,4,direct,11.302216779257382,11.570767328883134,11.245168685913086,11.245168685913086
1065,2026,confirmation,4,direct,11.944714374881176,11.946185694199846,11.94791030883789,11.94791030883789
1066,2026,confirmation,4,direct,12.700771936142122,12.492699482188057,12.49026107788086,12.49026107788086
1070,2026,confirmation,4,direct,11.813037464800539,11.765419219858881,11.747472763061523,11.747472763061523
1078,2026,confirmation,4,direct,11.840796531639839,11.77579250987632,11.785387992858887,11.785387992858887
1086,2026,confirmation,4,direct,11.898194668458823,11.97939406495278,11.944647789001465,11.944647789001465
1099,2026,confirmation,4,direct,11.759793355371237,11.58747292916579,11.651897430419922,11.651897430419922
1100,2026,confirmation,4,direct,11.964007453736912,11.928467729818568,11.964964866638184,11.964964866638184
1101,2026,confirmation,4,direct,11.002116507732017,11.003522874010724,11.133127212524414,11.133127212524414
1124,2026,confirmation,4,direct,11.678448377988165,11.48087690407523,11.546771049499512,11.546771049499512
1126,2026,confirmation,4,direct,11.652696102959753,11.605018436634241,11.602338790893555,11.602338790893555
1128,2026,confirmation,4,direct,12.464587201678082,12.407355582162996,12.373858451843262,12.373858451843262
1130,2026,confirmation,4,direct,11.849404844423074,11.822736891510434,11.748482704162598,11.748482704162598
1134,2026,confirmation,4,direct,12.386312871189734,12.39502813445011,12.381370544433594,12.381370544433594
1146,2026,confirmation,4,direct,11.91170829631447,11.805526885622898,11.706620216369629,11.706620216369629
1150,2026,confirmation,4,direct,11.870606902224587,11.823935694474308,11.854336738586426,11.854336738586426
1152,2026,confirmation,4,direct,11.917730355182513,11.989997223200191,11.950766563415527,11.950766563415527
1155,2026,confirmation,4,direct,12.215037342290755,12.246066830325583,12.376941680908203,12.376941680908203
1156,2026,confirmation,4,direct,12.292254928916668,12.241009233835001,12.162602424621582,12.162602424621582
1159,2026,confirmation,4,direct,12.367889578686164,12.357843584382383,12.39901065826416,12.39901065826416
1162,2026,confirmation,4,direct,12.319405795112926,12.217733796273182,12.244791984558105,12.244791984558105
1164,2026,confirmation,4,direct,11.59873612138334,11.86218184289055,11.783441543579102,11.783441543579102
1165,2026,confirmation,4,direct,12.175618592671356,12.17954274317872,12.147783279418945,12.147783279418945
1169,2026,confirmation,4,direct,12.367345048436391,12.213082266286277,12.22311782836914,12.22311782836914
1171,2026,confirmation,4,direct,12.049424683420915,11.9668855936819,11.894174575805664,11.894174575805664
1175,2026,confirmation,4,direct,12.384223015005313,12.331239022392733,12.303629875183105,12.303629875183105
1180,2026,confirmation,4,direct,11.440365524765756,11.49363085314421,11.490399360656738,11.490399360656738
1182,2026,confirmation,4,direct,12.880294363972055,12.557604941170295,12.610955238342285,12.610955238342285
1183,2026,confirmation,4,direct,13.521140839642674,13.086066696427448,12.966631889343262,12.966631889343262
1209,2026,confirmation,4,direct,11.849404844423074,11.841628180142527,11.877655029296875,11.877655029296875
1211,2026,confirmation,4,direct,12.149507585033072,12.202042082070072,12.121899604797363,12.121899604797363
1216,2026,confirmation,4,direct,11.736077016252437,11.593707457791995,11.668066024780273,11.668066024780273
1219,2026,confirmation,4,direct,11.296024885689746,11.139489659643791,11.102914810180664,11.102914810180664
1222,2026,confirmation,4,direct,11.80560254159177,11.709747991796776,11.701933860778809,11.701933860778809
1224,2026,confirmation,4,direct,11.834291315386718,11.845720608031044,11.878554344177246,11.878554344177246
1225,2026,confirmation,4,direct,12.122696471358964,12.185832602311194,12.174386024475098,12.174386024475098
1235,2026,confirmation,4,direct,11.775297421715827,11.618558856380004,11.632637023925781,11.632637023925781
1239,2026,confirmation,4,direct,11.86710429621008,11.793815936087407,11.901590347290039,11.901590347290039
1258,2026,confirmation,4,direct,11.511934974596555,11.362904931251041,11.306260108947754,11.306260108947754
1262,2026,confirmation,4,direct,11.766799946849087,11.752031268514768,11.739189147949219,11.739189147949219
1269,2026,confirmation,4,direct,12.850557278777309,12.706440623009062,12.913844108581543,12.913844108581543
1279,2026,confirmation,4,direct,12.37581963951765,12.467625506191714,12.488683700561523,12.488683700561523
1292,2026,confirmation,4,direct,11.691080018519527,11.638005029683534,11.591708183288574,11.591708183288574
1306,2026,confirmation,4,direct,12.691583538230217,12.661151331676999,12.692567825317383,12.692567825317383
1321,2026,confirmation,4,direct,11.960817678718287,11.966910602094696,12.052362442016602,12.052362442016602
1329,2026,confirmation,4,direct,12.45293662970407,12.174286031430489,12.27143383026123,12.27143383026123
1334,2026,confirmation,4,direct,11.74006900564972,11.779349954148664,11.792789459228516,11.792789459228516
1342,2026,confirmation,4,direct,11.951186847493476,11.936468983227698,11.984002113342285,11.984002113342285
1355,2026,confirmation,4,direct,12.367345048436391,12.368666215542703,12.405353546142578,12.405353546142578
1356,2026,confirmation,4,direct,12.04355959836804,12.142710229513082,12.130395889282227,12.130395889282227
1359,2026,confirmation,4,direct,12.086731521684555,12.042089039714146,12.075746536254883,12.075746536254883
1365,2026,confirmation,4,direct,11.878630514504515,11.89743994088794,11.911541938781738,11.911541938781738
1371,2026,confirmation,4,direct,11.561725152903833,11.602717780867836,11.616524696350098,11.616524696350098
1372,2026,confirmation,4,direct,12.016732516077072,12.069760170368069,12.102762222290039,12.102762222290039
1373,2026,confirmation,4,direct,12.521981322562505,12.403287970099527,12.471203804016113,12.471203804016113
1375,2026,confirmation,4,direct,12.429220196836383,12.455380376561855,12.372858047485352,12.372858047485352
1377,2026,confirmation,4,direct,11.418625774449598,11.440439214070956,11.443628311157227,11.443628311157227
1378,2026,confirmation,4,direct,11.669937760751914,11.829980561661628,11.797995567321777,11.797995567321777
1396,2026,confirmation,4,direct,12.546871224308068,12.515884928671216,12.575242042541504,12.575242042541504
1397,2026,confirmation,4,direct,11.982935344196433,12.017221371444952,11.944477081298828,11.944477081298828
1403,2026,confirmation,4,direct,12.174994689959313,12.14170381127865,12.173469543457031,12.173469543457031
1414,2026,confirmation,4,direct,12.456835254920371,12.499155765123168,12.480399131774902,12.480399131774902
1416,2026,confirmation,4,direct,12.077676615757813,12.308280845216398,12.318662643432617,12.318662643432617
1430,2026,confirmation,4,direct,12.116700301832573,12.175604409178087,12.131272315979004,12.131272315979004
1438,2026,confirmation,4,direct,12.885673487343764,12.808221190894296,12.775289535522461,12.775289535522461
1439,2026,confirmation,4,direct,11.916395250412128,11.877424451164506,11.917451858520508,11.917451858520508
1441,2026,confirmation,4,direct,12.160033942617156,12.132695702332656,12.100847244262695,12.100847244262695
1443,2026,confirmation,4,direct,12.644330802262578,12.68605530665568,12.80924129486084,12.80924129486084
1451,2026,confirmation,4,direct,11.820417517632333,11.7894385271328,11.81324291229248,11.81324291229248
1454,2026,confirmation,4,direct,11.344518647594766,11.798042517180338,11.754749298095703,11.754749298095703
1456,2026,confirmation,4,direct,12.07254696717504,12.09232874366646,12.074995994567871,12.074995994567871
1458,2026,confirmation,4,direct,12.493133274926212,12.449596406776429,12.435548782348633,12.435548782348633
5,2026,confirmation,5,direct,12.429220196836383,12.6522646099488,12.634464263916016,12.634464263916016
14,2026,confirmation,5,direct,12.540761149388421,12.317297242500432,12.266752243041992,12.266752243041992
18,2026,confirmation,5,direct,11.407576060361786,11.5855774964346,11.609426498413086,11.609426498413086
21,2026,confirmation,5,direct,12.692506186542177,12.741777133628315,12.705772399902344,12.705772399902344
23,2026,confirmation,5,direct,12.345838935721968,12.371291793858866,12.348628997802734,12.348628997802734
29,2026,confirmation,5,direct,12.242891437918386,12.212168139818328,12.177183151245117,12.177183151245117
48,2026,confirmation,5,direct,12.428019481065613,12.378733274391555,12.385801315307617,12.385801315307617
64,2026,confirmation,5,direct,11.849404844423074,11.835330156182156,11.757549285888672,11.757549285888672
66,2026,confirmation,5,direct,12.666660207428574,12.654590977036412,12.610090255737305,12.610090255737305
67,2026,confirmation,5,direct,12.100717685412471,12.417452595768202,12.496188163757324,12.496188163757324
68,2026,confirmation,5,direct,12.328294703023396,12.298071322238801,12.258885383605957,12.258885383605957
69,2026,confirmation,5,direct,11.289794413577894,11.338771992131276,11.303126335144043,11.303126335144043
70,2026,confirmation,5,direct,12.323860125621126,12.282174338169584,12.282440185546875,12.282440185546875
71,2026,confirmation,5,direct,12.404927602627597,12.420443243200483,12.627684593200684,12.627684593200684
74,2026,confirmation,5,direct,11.88380602959621,11.886267131726543,11.885204315185547,11.885204315185547
76,2026,confirmation,5,direct,11.418625774449598,11.422789697484138,11.388985633850098,11.388985633850098
78,2026,confirmation,5,direct,11.751950239425476,11.680051570866903,11.693849563598633,11.693849563598633
86,2026,confirmation,5,direct,12.468440756144114,12.485664911668705,12.471393585205078,12.471393585205078
90,2026,confirmation,5,direct,11.724813914587886,11.67582939584779,11.666450500488281,11.666450500488281
94,2026,confirmation,5,direct,11.804855999911272,12.07177254326509,12.031055450439453,12.031055450439453
108,2026,confirmation,5,direct,11.652696102959753,11.522710842455277,11.51384449005127,11.51384449005127
117,2026,confirmation,5,direct,11.842236406331555,11.75151074194781,11.77878475189209,11.77878475189209
118,2026,confirmation,5,direct,11.951186847493476,11.92267174461948,11.926311492919922,11.926311492919922
138,2026,confirmation,5,direct,12.049424683420915,12.209781238329594,12.326966285705566,12.326966285705566
140,2026,confirmation,5,direct,12.352339472153524,12.24545168362777,12.181387901306152,12.181387901306152
167,2026,confirmation,5,direct,12.154784614286667,12.248026808685427,12.074929237365723,12.074929237365723
171,2026,confirmation,5,direct,11.763691965388299,11.69675480193152,11.710392951965332,11.710392951965332
177,2026,confirmation,5,direct,12.259618151783465,12.272288506401818,12.217364311218262,12.217364311218262
183,2026,confirmation,5,direct,11.695255355062795,11.693522362418525,11.653255462646484,11.653255462646484
186,2026,confirmation,5,direct,13.07107218827772,12.613573685718661,12.796655654907227,12.796655654907227
189,2026,confirmation,5,direct,11.940399914116648,11.869236533848351,11.908854484558105,11.908854484558105
202,2026,confirmation,5,direct,12.052344376474922,12.017442659119338,12.053216934204102,12.053216934204102
203,2026,confirmation,5,direct,11.626263078808801,11.61804091438206,11.767546653747559,11.767546653747559
210,2026,confirmation,5,direct,11.884495917930655,11.89426638429517,11.915582656860352,11.915582656860352
220,2026,confirmation,5,direct,12.027191164883384,12.042170199097846,12.028160095214844,12.028160095214844
224,2026,confirmation,5,direct,11.48247656671073,11.677873457998077,11.717422485351562,11.717422485351562
227,2026,confirmation,5,direct,12.577639650232573,12.513988267845534,12.489277839660645,12.489277839660645
229,2026,confirmation,5,direct,11.736077016252437,11.717267041545746,11.70885944366455,11.70885944366455
230,2026,confirmation,5,direct,12.167856627501678,12.190455350261661,12.157941818237305,12.157941818237305
232,2026,confirmation,5,direct,12.90669432231532,12.820944457618749,12.773011207580566,12.773011207580566
239,2026,confirmation,5,direct,12.669809806411457,12.455222842514932,12.446824073791504,12.446824073791504
249,2026,confirmation,5,direct,12.100717685412471,12.124704783668905,12.154696464538574,12.154696464538574
250,2026,confirmation,5,direct,12.531776395271262,12.503832629527393,12.531336784362793,12.531336784362793
253,2026,confirmation,5,direct,12.06105265381003,12.06940877181583,12.099892616271973,12.099892616271973
258,2026,confirmation,5,direct,12.301387370778713,12.364645493243994,12.383564949035645,12.383564949035645
260,2026,confirmation,5,direct,11.48247656671073,11.550710684973843,11.530291557312012,11.530291557312012
265,2026,confirmation,5,direct,11.19822841866684,11.344468822736898,11.311890602111816,11.311890602111816
268,2026,confirmation,5,direct,12.097936057925594,12.09567884745105,12.057341575622559,12.057341575622559
271,2026,confirmation,5,direct,12.491255347155265,12.478114860513603,12.483268737792969,12.483268737792969
273,2026,confirmation,5,direct,12.577639650232573,12.614005589336644,12.552724838256836,12.552724838256836
289,2026,confirmation,5,direct,11.711784520403112,11.649803755026468,11.67137622833252,11.67137622833252
292,2026,confirmation,5,direct,11.819681958463892,11.786719734033495,11.84168815612793,11.84168815612793
293,2026,confirmation,5,direct,11.782960235741939,11.914564694274713,11.860177040100098,11.860177040100098
297,2026,confirmation,5,direct,11.931642378754141,11.774069725570325,11.800727844238281,11.800727844238281
298,2026,confirmation,5,direct,12.384223015005313,12.310520408224447,12.34580135345459,12.34580135345459
300,2026,confirmation,5,direct,11.973516181427835,11.864464222468337,12.001495361328125,12.001495361328125
302,2026,confirmation,5,direct,12.495007682693725,12.515352769233864,12.525370597839355,12.525370597839355
309,2026,confirmation,5,direct,11.320565693461432,11.626475935569168,11.605966567993164,11.605966567993164
312,2026,confirmation,5,direct,11.790564777297387,11.823597342956893,11.852133750915527,11.852133750915527
317,2026,confirmation,5,direct,12.468440756144114,12.397105733888454,12.382140159606934,12.382140159606934
319,2026,confirmation,5,direct,12.468440756144114,12.739268817497935,12.640960693359375,12.640960693359375
320,2026,confirmation,5,direct,12.141539457711714,12.17349895509311,12.224309921264648,12.224309921264648
327,2026,confirmation,5,direct,12.688501881189456,12.51451952818596,12.592543601989746,12.592543601989746
334,2026,confirmation,5,direct,12.240478903153711,12.141524382821784,12.180660247802734,12.180660247802734
335,2026,confirmation,5,direct,12.165255859329688,12.191931765965657,12.173014640808105,12.173014640808105
354,2026,confirmation,5,direct,11.570259974415547,11.470024806264979,11.548680305480957,11.548680305480957
362,2026,confirmation,5,direct,11.884495917930655,11.848825766608941,11.837593078613281,11.837593078613281
365,2026,confirmation,5,direct,12.154784614286667,12.121124694485195,12.169926643371582,12.169926643371582
366,2026,confirmation,5,direct,11.898194668458823,11.705781131071433,11.708672523498535,11.708672523498535
370,2026,confirmation,5,direct,11.995357787034976,12.008219061530035,12.00438404083252,12.00438404083252
374,2026,confirmation,5,direct,11.719947764402807,11.693658200081469,11.728836059570312,11.728836059570312
379,2026,confirmation,5,direct,12.885204569609956,12.853990579673933,12.795488357543945,12.795488357543945
396,2026,confirmation,5,direct,11.767575435251748,11.761346574274059,11.726872444152832,11.726872444152832
398,2026,confirmation,5,direct,12.040614105490253,11.933549253727218,11.910809516906738,11.910809516906738
402,2026,confirmation,5,direct,12.013646205940514,12.11378377367443,12.149521827697754,12.149521827697754
404,2026,confirmation,5,direct,12.460718739865236,12.415362305653318,12.428176879882812,12.428176879882812
417,2026,confirmation,5,direct,11.915058360753719,11.945676028991837,11.943990707397461,11.943990707397461
418,2026,confirmation,5,direct,12.384223015005313,12.216108982456737,12.339505195617676,12.339505195617676
419,2026,confirmation,5,direct,11.744045122410057,11.587979398524004,11.600926399230957,11.600926399230957
420,2026,confirmation,5,direct,11.863589378812122,11.783441615783056,11.826300621032715,11.826300621032715
435,2026,confirmation,5,direct,11.302216779257382,11.328781806042395,11.38991641998291,11.38991641998291
437,2026,confirmation,5,direct,11.661354090741,11.542773720433816,11.520282745361328,11.520282745361328
439,2026,confirmation,5,direct,11.411457364027745,11.587349394073021,11.350311279296875,11.350311279296875
451,2026,confirmation,5,direct,11.608244735642321,11.52191129867679,11.511909484863281,11.511909484863281
455,2026,confirmation,5,direct,12.144202560946876,11.902173561055289,11.977032661437988,11.977032661437988
456,2026,confirmation,5,direct,12.075400019877522,11.998921689228828,12.013162612915039,12.013162612915039
457,2026,confirmation,5,direct,11.49273296168228,11.283716195752408,11.223369598388672,11.223369598388672
460,2026,confirmation,5,direct,11.608244735642321,11.673039418812468,11.712584495544434,11.712584495544434
464,2026,confirmation,5,direct,12.147919030759663,12.134709874900723,12.130840301513672,12.130840301513672
470,2026,confirmation,5,direct,12.138869243416009,12.127954707219185,12.093928337097168,12.093928337097168
472,2026,confirmation,5,direct,12.154784614286667,12.189569637758392,12.186338424682617,12.186338424682617
476,2026,confirmation,5,direct,11.794345471549745,11.833306346434028,11.813948631286621,11.813948631286621
479,2026,confirmation,5,direct,12.601490784782536,12.620572916251138,12.578455924987793,12.578455924987793
481,2026,confirmation,5,direct,12.694655727828803,12.76817936437285,12.79931354522705,12.79931354522705
482,2026,confirmation,5,direct,12.832013750189885,12.786766180680381,12.719948768615723,12.719948768615723
489,2026,confirmation,5,direct,11.982935344196433,11.754429710708845,11.781635284423828,11.781635284423828
494,2026,confirmation,5,direct,11.951186847493476,11.902646794184053,11.881911277770996,11.881911277770996
498,2026,confirmation,5,direct,12.122696471358964,11.976176599437487,12.022024154663086,12.022024154663086
501,2026,confirmation,5,direct,11.635151947212842,11.626814363275956,11.616374015808105,11.616374015808105
509,2026,confirmation,5,direct,11.989165855127435,11.903853286465125,11.963728904724121,11.963728904724121
513,2026,confirmation,5,direct,11.774527900858468,11.715249144313646,11.741902351379395,11.741902351379395
515,2026,confirmation,5,direct,11.477308649967686,11.405091901104065,11.448476791381836,11.448476791381836
517,2026,confirmation,5,direct,11.970356641102999,12.034067656784075,11.975848197937012,11.975848197937012
522,2026,confirmation,5,direct,11.918397239722838,11.947123945288343,11.916021347045898,11.916021347045898
535,2026,confirmation,5,direct,12.08954444723597,12.09929151547967,12.127617835998535,12.127617835998535
537,2026,confirmation,5,direct,12.144202560946876,12.185298725413572,12.208881378173828,12.208881378173828
545,2026,confirmation,5,direct,12.098854850641,12.18256211174152,12.19893741607666,12.19893741607666
547,2026,confirmation,5,direct,12.25486757159303,12.044146609863603,12.07130241394043,12.07130241394043
548,2026,confirmation,5,direct,11.771443882099637,11.751447792795023,11.735053062438965,11.735053062438965
549,2026,confirmation,5,direct,11.736077016252437,11.697609887537237,11.712533950805664,11.712533950805664
551,2026,confirmation,5,direct,11.849404844423074,11.721199218248302,11.771428108215332,11.771428108215332
558,2026,confirmation,5,direct,11.58989576532275,11.572077070542328,11.520151138305664,11.520151138305664
565,2026,confirmation,5,direct,12.498745990829315,12.447849277601364,12.50433349609375,12.50433349609375
566,2026,confirmation,5,direct,11.759793355371237,11.769076049342777,11.817374229431152,11.817374229431152
573,2026,confirmation,5,direct,12.32163544049751,12.252879865484793,12.265456199645996,12.265456199645996
576,2026,confirmation,5,direct,11.682676678340282,11.632476536382745,11.657569885253906,11.657569885253906
577,2026,confirmation,5,direct,11.884495917930655,11.927812085563074,11.9564208984375,11.9564208984375
580,2026,confirmation,5,direct,11.78676973513378,11.776824688279829,11.722207069396973,11.722207069396973
601,2026,confirmation,5,direct,12.524530013005734,12.47131703932876,12.468250274658203,12.468250274658203
602,2026,confirmation,5,direct,11.856522261533737,11.769399552888324,11.747746467590332,11.747746467590332
603,2026,confirmation,5,direct,12.301387370778713,12.299839767527352,12.327435493469238,12.327435493469238
606,2026,confirmation,5,direct,12.230770136157428,12.166538334924065,12.256896018981934,12.256896018981934
609,2026,confirmation,5,direct,12.791358964949923,12.532027599145726,12.758140563964844,12.758140563964844
614,2026,confirmation,5,direct,11.898194668458823,11.63938575271588,11.66970443725586,11.66970443725586
619,2026,confirmation,5,direct,12.659737267217572,12.657676479423948,12.66330623626709,12.66330623626709
621,2026,confirmation,5,direct,11.112462823634855,11.053016920371078,10.990801811218262,10.990801811218262
623,2026,confirmation,5,direct,11.813037464800539,11.743995542127054,11.707907676696777,11.707907676696777
624,2026,confirmation,5,direct,12.034696963475044,12.104565407217716,12.08669376373291,12.08669376373291
629,2026,confirmation,5,direct,11.813037464800539,12.126779348538273,12.096060752868652,12.096060752868652
633,2026,confirmation,5,direct,11.320565693461432,12.035235501553139,12.107108116149902,12.107108116149902
636,2026,confirmation,5,direct,12.206077645517674,12.07314408724359,12.168821334838867,12.168821334838867
638,2026,confirmation,5,direct,11.440365524765756,11.58589511480805,11.65661907196045,11.65661907196045
641,2026,confirmation,5,direct,12.520887034998584,12.527007491884403,12.514080047607422,12.514080047607422
643,2026,confirmation,5,direct,12.75130259456002,12.728163651879632,12.794054985046387,12.794054985046387
660,2026,confirmation,5,direct,12.025755079404917,11.985932736144632,11.95909309387207,11.95909309387207
661,2026,confirmation,5,direct,12.19552218463499,12.188270131873814,12.247246742248535,12.247246742248535
665,2026,confirmation,5,direct,12.955129822091815,12.736613440446723,12.730944633483887,12.730944633483887
668,2026,confirmation,5,direct,12.173037959397275,12.254155878671263,12.231511116027832,12.231511116027832
680,2026,confirmation,5,direct,11.763691965388299,11.761822130415053,11.751945495605469,11.751945495605469
687,2026,confirmation,5,direct,12.336556900342153,12.375102595141668,12.292635917663574,12.292635917663574
692,2026,confirmation,5,direct,13.534474352733596,13.189564376950994,13.110777854919434,13.110777854919434
705,2026,confirmation,5,direct,12.269052139516223,12.281831058206187,12.276890754699707,12.276890754699707
706,2026,confirmation,5,direct,10.915106645867503,11.075633569446858,11.049993515014648,11.049993515014648
708,2026,confirmation,5,direct,12.445093483000798,12.287661536680327,12.32153606414795,12.32153606414795
718,2026,confirmation,5,direct,11.964007453736912,11.98663617046875,11.982218742370605,11.982218742370605
725,2026,confirmation,5,direct,12.676079399771027,12.674050682005364,12.526659965515137,12.526659965515137
732,2026,confirmation,5,direct,12.141539457711714,12.137253838864469,12.10236644744873,12.10236644744873
734,2026,confirmation,5,direct,11.786008995353765,11.811787157683215,11.781452178955078,11.781452178955078
735,2026,confirmation,5,direct,11.58989576532275,11.610276242195981,11.65224838256836,11.65224838256836
736,2026,confirmation,5,direct,12.001511614739405,12.03125213997364,12.040940284729004,12.040940284729004
744,2026,confirmation,5,direct,12.07254696717504,11.941554428991425,11.911882400512695,11.911882400512695
745,2026,confirmation,5,direct,12.100717685412471,12.272372453534096,12.231856346130371,12.231856346130371
750,2026,confirmation,5,direct,11.49273296168228,11.292038358529066,11.287354469299316,11.287354469299316
753,2026,confirmation,5,direct,12.28765724080691,12.2380635172171,12.244425773620605,12.244425773620605
762,2026,confirmation,5,direct,11.51293546492023,11.595144947314955,11.627930641174316,11.627930641174316
763,2026,confirmation,5,direct,12.279327754099118,12.205118776816416,12.199933052062988,12.199933052062988
764,2026,confirmation,5,direct,12.727841176689147,12.698664314061709,12.710305213928223,12.710305213928223
765,2026,confirmation,5,direct,12.506180941677357,12.442121200419923,12.413745880126953,12.413745880126953
769,2026,confirmation,5,direct,12.28690580994122,12.348811500758453,12.351036071777344,12.351036071777344
776,2026,confirmation,5,direct,11.995357787034976,11.986311605738308,11.977570533752441,11.977570533752441
782,2026,confirmation,5,direct,12.077676615757813,12.102179594055876,12.070870399475098,12.070870399475098
790,2026,confirmation,5,direct,12.141539457711714,12.208384429819743,12.284418106079102,12.284418106079102
791,2026,confirmation,5,direct,11.984184555794167,11.998098301516187,11.976550102233887,11.976550102233887
794,2026,confirmation,5,direct,12.323860125621126,12.386127924080824,12.333905220031738,12.333905220031738
795,2026,confirmation,5,direct,12.178192583415596,12.202009986850959,12.188276290893555,12.188276290893555
811,2026,confirmation,5,direct,12.10625783509458,12.128532617493446,12.037790298461914,12.037790298461914
816,2026,confirmation,5,direct,12.323415584358154,12.205246926723765,12.16622257232666,12.16622257232666
817,2026,confirmation,5,direct,11.827743504053695,11.836216327985694,11.786895751953125,11.786895751953125
824,2026,confirmation,5,direct,11.845827048676645,11.844407152495215,11.907553672790527,11.907553672790527
828,2026,confirmation,5,direct,12.149507585033072,12.17867086610312,12.153759002685547,12.153759002685547
833,2026,confirmation,5,direct,12.37581963951765,12.315463587942174,12.320101737976074,12.320101737976074
839,2026,confirmation,5,direct,11.87757552297847,11.933664558538164,11.858964920043945,11.858964920043945
846,2026,confirmation,5,direct,12.049424683420915,12.114101747149451,12.136028289794922,12.136028289794922
856,2026,confirmation,5,direct,11.751950239425476,11.848438588863006,11.872393608093262,11.872393608093262
872,2026,confirmation,5,direct,12.208574513247495,12.132191591900714,12.13784122467041,12.13784122467041
875,2026,confirmation,5,direct,11.104972264124868,11.462052073028497,11.525379180908203,11.525379180908203
880,2026,confirmation,5,direct,11.824087219587643,11.805795789296456,11.792562484741211,11.792562484741211
882,2026,confirmation,5,direct,12.141539457711714,12.254784811385042,12.298361778259277,12.298361778259277
884,2026,confirmation,5,direct,11.682676678340282,11.728631882559364,11.561441421508789,11.561441421508789
888,2026,confirmation,5,direct,11.816734299348461,11.806137200290708,11.844703674316406,11.844703674316406
889,2026,confirmation,5,direct,12.498745990829315,12.617404216815055,12.632207870483398,12.632207870483398
891,2026,confirmation,5,direct,11.719134432217524,11.694064192947417,11.702152252197266,11.702152252197266
911,2026,confirmation,5,direct,11.946660519211651,11.862995332408348,11.869967460632324,11.869967460632324
914,2026,confirmation,5,direct,11.884495917930655,11.854040583144693,11.890780448913574,11.890780448913574
916,2026,confirmation,5,direct,11.225256725762893,11.349695478979086,11.320075035095215,11.320075035095215
917,2026,confirmation,5,direct,10.471978128496518,11.190867730387033,10.972092628479004,10.972092628479004
922,2026,confirmation,5,direct,11.890683588496984,11.985954261106945,12.020281791687012,12.020281791687012
924,2026,confirmation,5,direct,12.170450649220749,12.191867928942226,12.218085289001465,12.218085289001465
934,2026,confirmation,5,direct,12.154784614286667,12.20629110614251,12.144567489624023,12.144567489624023
953,2026,confirmation,5,direct,11.804855999911272,11.75448859812286,11.748931884765625,11.748931884765625
957,2026,confirmation,5,direct,11.728044909070785,11.708147607405714,11.719160079956055,11.719160079956055
959,2026,confirmation,5,direct,12.128116509451258,12.176767441501376,12.198012351989746,12.198012351989746
961,2026,confirmation,5,direct,11.665655135642039,11.65892942272883,11.742593765258789,11.742593765258789
963,2026,confirmation,5,direct,11.951186847493476,11.938862186290466,11.970922470092773,11.970922470092773
973,2026,confirmation,5,direct,11.507922973347437,11.739584112488838,11.77656078338623,11.77656078338623
976,2026,confirmation,5,direct,12.013706813470414,12.106481129838363,12.047308921813965,12.047308921813965
985,2026,confirmation,5,direct,11.744045122410057,11.74217498895275,11.72385311126709,11.72385311126709
989,2026,confirmation,5,direct,12.180759965737863,12.181448442599562,12.125596046447754,12.125596046447754
991,2026,confirmation,5,direct,12.759960632315702,12.675755237788762,12.651110649108887,12.651110649108887
1006,2026,confirmation,5,direct,11.917730355182513,11.829969680846572,11.779289245605469,11.779289245605469
1012,2026,confirmation,5,direct,11.51293546492023,11.532224847574048,11.523401260375977,11.523401260375977
1020,2026,confirmation,5,direct,12.271349956195543,12.219812119103649,12.142935752868652,12.142935752868652
1023,2026,confirmation,5,direct,11.373674891823535,11.578861522031202,11.589925765991211,11.589925765991211
1024,2026,confirmation,5,direct,12.160033942617156,12.163979437863343,12.130988121032715,12.130988121032715
1034,2026,confirmation,5,direct,12.345838935721968,12.390446472568822,12.357375144958496,12.357375144958496
1044,2026,confirmation,5,direct,12.47717172708952,12.432726460595658,12.485238075256348,12.485238075256348
1050,2026,confirmation,5,direct,11.349241150793087,11.602168747274376,11.581422805786133,11.581422805786133
1052,2026,confirmation,5,direct,12.206782393599413,12.147474175645927,12.176568984985352,12.176568984985352
1057,2026,confirmation,5,direct,12.13270055639427,12.297869977317132,12.272216796875,12.272216796875
1058,2026,confirmation,5,direct,12.421188057397055,12.322068069302922,12.324848175048828,12.324848175048828
1063,2026,confirmation,5,direct,11.407576060361786,11.729011211851091,11.70051097869873,11.70051097869873
1068,2026,confirmation,5,direct,12.031129798974042,12.08427913260952,12.09524154663086,12.09524154663086
1071,2026,confirmation,5,direct,11.813037464800539,11.790168929075737,11.796182632446289,11.796182632446289
1072,2026,confirmation,5,direct,11.944714374881176,11.952128070088595,11.949438095092773,11.949438095092773
1073,2026,confirmation,5,direct,11.424105180165641,11.639016818344967,11.630722045898438,11.630722045898438
1074,2026,confirmation,5,direct,11.979805470779858,11.946737576960883,11.885647773742676,11.885647773742676
1083,2026,confirmation,5,direct,12.165255859329688,12.18379898025836,12.150957107543945,12.150957107543945
1088,2026,confirmation,5,direct,12.437188334739655,12.45874061782038,12.480331420898438,12.480331420898438
1094,2026,confirmation,5,direct,11.891368749982085,11.979853075527418,11.953219413757324,11.953219413757324
1104,2026,confirmation,5,direct,11.979805470779858,11.886757710267517,11.968355178833008,11.968355178833008
1106,2026,confirmation,5,direct,12.691583538230217,12.734663877341722,12.672965049743652,12.672965049743652
1118,2026,confirmation,5,direct,11.775297421715827,11.833265302811734,11.84294605255127,11.84294605255127
1119,2026,confirmation,5,direct,11.849404844423074,11.794918682395236,11.77531909942627,11.77531909942627
1120,2026,confirmation,5,direct,11.803361242493628,11.697696464323736,11.713756561279297,11.713756561279297
1122,2026,confirmation,5,direct,12.268582547911404,12.275034537086862,12.274467468261719,12.274467468261719
1123,2026,confirmation,5,direct,11.626263078808801,11.365775007556774,11.369342803955078,11.369342803955078
1129,2026,confirmation,5,direct,12.278397958261774,12.23525938544841,12.282840728759766,12.282840728759766
1135,2026,confirmation,5,direct,12.037659911047468,12.10018812322228,12.06437873840332,12.06437873840332
1137,2026,confirmation,5,direct,11.686887175419702,11.704956493470643,11.6909761428833,11.6909761428833
1141,2026,confirmation,5,direct,11.842236406331555,11.75117165678003,11.773730278015137,11.773730278015137
1145,2026,confirmation,5,direct,11.289794413577894,11.34157692233879,11.381145477294922,11.381145477294922
1154,2026,confirmation,5,direct,11.699413330633599,11.648242480688,11.679203987121582,11.679203987121582
1160,2026,confirmation,5,direct,12.128116509451258,12.17390615655091,12.067455291748047,12.067455291748047
1167,2026,confirmation,5,direct,12.41044511731981,12.40928155507066,12.378705024719238,12.378705024719238
1177,2026,confirmation,5,direct,11.691080018519527,11.791265470703442,11.818041801452637,11.818041801452637
1186,2026,confirmation,5,direct,11.560772327227417,11.744016618016532,11.762072563171387,11.762072563171387
1188,2026,confirmation,5,direct,12.476103599529843,12.551152248813676,12.541589736938477,12.541589736938477
1194,2026,confirmation,5,direct,12.013706813470414,12.01148781499978,11.985604286193848,11.985604286193848
1196,2026,confirmation,5,direct,12.07824495582233,11.982306484060217,12.040658950805664,12.040658950805664
1201,2026,confirmation,5,direct,11.6617850286409,11.539045554572976,11.572877883911133,11.572877883911133
1203,2026,confirmation,5,direct,11.669937760751914,11.782090126245338,11.807271957397461,11.807271957397461
1204,2026,confirmation,5,direct,12.269052139516223,12.276497640324308,12.244369506835938,12.244369506835938
1205,2026,confirmation,5,direct,11.941462360646149,11.9268666509562,11.903044700622559,11.903044700622559
1207,2026,confirmation,5,direct,11.580593459194764,11.631184525168667,11.67593765258789,11.67593765258789
1214,2026,confirmation,5,direct,11.884495917930655,11.665665982831692,11.667201042175293,11.667201042175293
1226,2026,confirmation,5,direct,11.884495917930655,11.83620005331214,11.815128326416016,11.815128326416016
1234,2026,confirmation,5,direct,11.863589378812122,11.820127056457265,11.826849937438965,11.826849937438965
1240,2026,confirmation,5,direct,12.490879338036375,12.33174283785234,12.32905101776123,12.32905101776123
1241,2026,confirmation,5,direct,12.323415584358154,12.249842648045638,12.253318786621094,12.253318786621094
1242,2026,confirmation,5,direct,12.42250975887691,12.413857913202945,12.347479820251465,12.347479820251465
1248,2026,confirmation,5,direct,12.042971193457888,11.854075858248084,11.810359954833984,11.810359954833984
1253,2026,confirmation,5,direct,11.775297421715827,11.682073046342847,11.683430671691895,11.683430671691895
1256,2026,confirmation,5,direct,11.755879486687116,11.737365865433814,11.771077156066895,11.771077156066895
1263,2026,confirmation,5,direct,11.992266613576142,11.87252004834298,11.847731590270996,11.847731590270996
1266,2026,confirmation,5,direct,12.12215284831553,12.030303590225577,12.039613723754883,12.039613723754883
1270,2026,confirmation,5,direct,11.87757552297847,11.815785545406495,11.80058479309082,11.80058479309082
1274,2026,confirmation,5,direct,12.083910661257521,12.017443229729071,12.038514137268066,12.038514137268066
1289,2026,confirmation,5,direct,12.535379989788607,12.479009207747563,12.45255184173584,12.45255184173584
1291,2026,confirmation,5,direct,12.103491596905931,11.985188940308973,12.046671867370605,12.046671867370605
1294,2026,confirmation,5,direct,12.000897933306716,12.107111459573666,12.084772109985352,12.084772109985352
1296,2026,confirmation,5,direct,11.83863282480007,11.82937137045492,11.830373764038086,11.830373764038086
1297,2026,confirmation,5,direct,11.951186847493476,11.931216129620172,11.928032875061035,11.928032875061035
1300,2026,confirmation,5,direct,11.944714374881176,11.96354395555871,12.00070571899414,12.00070571899414
1313,2026,confirmation,5,direct,12.618185607609803,12.532406694218635,12.592022895812988,12.592022895812988
1315,2026,confirmation,5,direct,11.686887175419702,11.674941556238666,11.699142456054688,11.699142456054688
1317,2026,confirmation,5,direct,12.596403811053621,12.50379966471563,12.554157257080078,12.554157257080078
1319,2026,confirmation,5,direct,12.524530013005734,12.506830014775908,12.475082397460938,12.475082397460938
1323,2026,confirmation,5,direct,12.154784614286667,12.313434089543692,12.255982398986816,12.255982398986816
1326,2026,confirmation,5,direct,10.915106645867503,11.156471829793727,10.97275447845459,10.97275447845459
1328,2026,confirmation,5,direct,11.779136168550774,11.774100934090896,11.764918327331543,11.764918327331543
1332,2026,confirmation,5,direct,11.794345471549745,11.78367092753848,11.717516899108887,11.717516899108887
1336,2026,confirmation,5,direct,12.031129798974042,11.980531527255462,12.019845962524414,12.019845962524414
1340,2026,confirmation,5,direct,11.763691965388299,11.743092488657023,11.716090202331543,11.716090202331543
1345,2026,confirmation,5,direct,11.95655945119582,12.045286362377944,12.12017822265625,12.12017822265625
1349,2026,confirmation,5,direct,12.278397958261774,12.423795803526238,12.427445411682129,12.427445411682129
1364,2026,confirmation,5,direct,11.963574241653713,12.038236076574014,12.019539833068848,12.019539833068848
1367,2026,confirmation,5,direct,12.170450649220749,12.228673933954349,12.2032470703125,12.2032470703125
1374,2026,confirmation,5,direct,13.05301544288996,13.014821813071213,12.942071914672852,12.942071914672852
1376,2026,confirmation,5,direct,12.384223015005313,12.458147330976136,12.404378890991211,12.404378890991211
1390,2026,confirmation,5,direct,11.782960235741939,11.806308305869127,11.839271545410156,11.839271545410156
1395,2026,confirmation,5,direct,12.415437707935368,12.30244868767189,12.288313865661621,12.288313865661621
1398,2026,confirmation,5,direct,11.83138646878959,11.826023444037501,11.786611557006836,11.786611557006836
1409,2026,confirmation,5,direct,11.74006900564972,11.540746192828493,11.641820907592773,11.641820907592773
1415,2026,confirmation,5,direct,12.240478903153711,12.18759651179523,12.156620979309082,12.156620979309082
1419,2026,confirmation,5,direct,11.728044909070785,11.809037237187631,11.796842575073242,11.796842575073242
1420,2026,confirmation,5,direct,12.314931534737134,12.39828049358283,12.405550956726074,12.405550956726074
1421,2026,confirmation,5,direct,12.100161978566867,12.039541195278476,12.051812171936035,12.051812171936035
1436,2026,confirmation,5,direct,12.066816325306588,12.054629256466777,11.981176376342773,11.981176376342773
1437,2026,confirmation,5,direct,11.699413330633599,11.67092156589258,11.667485237121582,11.667485237121582
1446,2026,confirmation,5,direct,11.767575435251748,11.751731944361106,11.749199867248535,11.749199867248535
1453,2026,confirmation,5,direct,11.884495917930655,11.812868720066868,11.78759479522705,11.78759479522705
1457,2026,confirmation,5,direct,12.25486757159303,12.177670585374443,12.253291130065918,12.253291130065918
3,2027,confirmation,1,direct,12.317171167298682,12.23417385707729,12.277214050292969,12.277214050292969
4,2027,confirmation,1,direct,11.849404844423074,12.067484341309822,12.098420143127441,12.098420143127441
6,2027,confirmation,1,direct,11.870606902224587,11.990160239543762,11.961020469665527,11.961020469665527
8,2027,confirmation,1,direct,12.206077645517674,12.276966861468948,12.335981369018555,12.335981369018555
11,2027,confirmation,1,direct,11.771443882099637,11.758115962701037,11.768118858337402,11.768118858337402
12,2027,confirmation,1,direct,12.75130259456002,12.877284558707563,12.887700080871582,12.887700080871582
16,2027,confirmation,1,direct,11.790564777297387,11.760313349363257,11.785181045532227,11.785181045532227
21,2027,confirmation,1,direct,12.692506186542177,12.741777133628315,12.702632904052734,12.702632904052734
27,2027,confirmation,1,direct,11.811554895830454,11.826737606463855,11.848698616027832,11.848698616027832
40,2027,confirmation,1,direct,11.314486721293981,11.349111554417384,11.259882926940918,11.259882926940918
53,2027,confirmation,1,direct,11.608244735642321,11.501100829080974,11.49351692199707,11.49351692199707
56,2027,confirmation,1,direct,12.103491596905931,12.016545520839834,12.02350902557373,12.02350902557373
61,2027,confirmation,1,direct,11.970356641102999,12.04595040434691,12.07641315460205,12.07641315460205
67,2027,confirmation,1,direct,12.100717685412471,12.417452595768202,12.456198692321777,12.456198692321777
80,2027,confirmation,1,direct,11.608244735642321,11.65946835828985,11.6882905960083,11.6882905960083
81,2027,confirmation,1,direct,12.173037959397275,12.282067428071192,12.254870414733887,12.254870414733887
83,2027,confirmation,1,direct,12.409017571151187,12.310638169222612,12.404428482055664,12.404428482055664
88,2027,confirmation,1,direct,12.010671928196443,12.029969579947197,11.99708366394043,11.99708366394043
93,2027,confirmation,1,direct,12.004574385508691,11.833562772639509,11.762187004089355,11.762187004089355
101,2027,confirmation,1,direct,12.230770136157428,12.284989938498407,12.30746078491211,12.30746078491211
105,2027,confirmation,1,direct,12.040614105490253,11.996590526651424,11.985291481018066,11.985291481018066
111,2027,confirmation,1,direct,11.827013315851762,11.887734555114362,11.8807954788208,11.8807954788208
124,2027,confirmation,1,direct,11.944064817531656,11.99093834345069,12.001290321350098,12.001290321350098
126,2027,confirmation,1,direct,11.344518647594766,11.330985947813947,11.170613288879395,11.170613288879395
128,2027,confirmation,1,direct,11.373674891823535,11.452964876213056,11.37155818939209,11.37155818939209
129,2027,confirmation,1,direct,11.951186847493476,11.889409087335688,11.860583305358887,11.860583305358887
135,2027,confirmation,1,direct,12.100717685412471,12.054522149492895,12.032682418823242,12.032682418823242
140,2027,confirmation,1,direct,12.352339472153524,12.24545168362777,12.177855491638184,12.177855491638184
144,2027,confirmation,1,direct,12.225880174775122,12.31313914105985,12.273508071899414,12.273508071899414
146,2027,confirmation,1,direct,11.775297421715827,11.8090664140512,11.783342361450195,11.783342361450195
149,2027,confirmation,1,direct,11.856522261533737,11.923357790783058,11.979846954345703,11.979846954345703
150,2027,confirmation,1,direct,11.652696102959753,11.588544857913243,11.672019004821777,11.672019004821777
154,2027,confirmation,1,direct,12.367345048436391,12.151061393574624,12.202534675598145,12.202534675598145
160,2027,confirmation,1,direct,12.676079399771027,12.628780562619855,12.618990898132324,12.618990898132324
163,2027,confirmation,1,direct,12.301387370778713,12.367480216109318,12.36167049407959,12.36167049407959
186,2027,confirmation,1,direct,13.07107218827772,12.613573685718661,12.782867431640625,12.782867431640625
188,2027,confirmation,1,direct,11.813037464800539,11.805484146850986,11.774592399597168,11.774592399597168
205,2027,confirmation,1,direct,11.608244735642321,11.612796527685951,11.593091011047363,11.593091011047363
208,2027,confirmation,1,direct,11.856522261533737,11.857656798669272,11.792511940002441,11.792511940002441
209,2027,confirmation,1,direct,12.531776395271262,12.429141203779613,12.425662994384766,12.425662994384766
210,2027,confirmation,1,direct,11.884495917930655,11.89426638429517,11.931987762451172,11.931987762451172
211,2027,confirmation,1,direct,11.49273296168228,11.451848056797276,11.290011405944824,11.290011405944824
214,2027,confirmation,1,direct,11.957617696467539,11.952763367120792,11.92320442199707,11.92320442199707
216,2027,confirmation,1,direct,11.808955099378537,11.84367625233684,11.858166694641113,11.858166694641113
219,2027,confirmation,1,direct,12.649157827477366,12.325578850651032,12.384016990661621,12.384016990661621
221,2027,confirmation,1,direct,12.230282214644559,12.29634191857594,12.315478324890137,12.315478324890137
231,2027,confirmation,1,direct,11.904974309480181,11.847936290821352,11.87020206451416,11.87020206451416
232,2027,confirmation,1,direct,12.90669432231532,12.820944457618749,12.633417129516602,12.633417129516602
238,2027,confirmation,1,direct,12.178192583415596,12.299799766442543,12.278407096862793,12.278407096862793
244,2027,confirmation,1,direct,11.695255355062795,11.810933159367309,11.824914932250977,11.824914932250977
247,2027,confirmation,1,direct,11.827743504053695,11.799510897483321,11.863993644714355,11.863993644714355
248,2027,confirmation,1,direct,11.849404844423074,11.856096609167048,11.853271484375,11.853271484375
250,2027,confirmation,1,direct,12.531776395271262,12.503832629527393,12.499502182006836,12.499502182006836
251,2027,confirmation,1,direct,11.245059091624615,11.40901724215379,11.376739501953125,11.376739501953125
257,2027,confirmation,1,direct,12.242891437918386,12.221839934018561,12.1469087600708,12.1469087600708
259,2027,confirmation,1,direct,12.352339472153524,12.279509086290142,12.262682914733887,12.262682914733887
266,2027,confirmation,1,direct,12.075400019877522,12.10046924133101,12.068170547485352,12.068170547485352
267,2027,confirmation,1,direct,12.128116509451258,12.093463779005281,12.126840591430664,12.126840591430664
270,2027,confirmation,1,direct,11.904974309480181,11.923102298628393,11.960318565368652,11.960318565368652
275,2027,confirmation,1,direct,11.732069026983156,11.775871879527628,11.769096374511719,11.769096374511719
276,2027,confirmation,1,direct,12.230770136157428,12.056085964764431,12.117853164672852,12.117853164672852
278,2027,confirmation,1,direct,11.856522261533737,11.559202109604003,11.605022430419922,11.605022430419922
280,2027,confirmation,1,direct,12.165255859329688,12.183717261185482,12.220332145690918,12.220332145690918
289,2027,confirmation,1,direct,11.711784520403112,11.649803755026468,11.686623573303223,11.686623573303223
297,2027,confirmation,1,direct,11.931642378754141,11.774069725570325,11.77743911743164,11.77743911743164
298,2027,confirmation,1,direct,12.384223015005313,12.310520408224447,12.342019081115723,12.342019081115723
308,2027,confirmation,1,direct,11.402005077384885,11.4568956602775,11.54996109008789,11.54996109008789
310,2027,confirmation,1,direct,12.793862088206213,12.832934111971651,12.775618553161621,12.775618553161621
319,2027,confirmation,1,direct,12.468440756144114,12.739268817497935,12.634171485900879,12.634171485900879
331,2027,confirmation,1,direct,11.686887175419702,11.844591439814382,11.904352188110352,11.904352188110352
342,2027,confirmation,1,direct,11.314486721293981,11.21682036453789,11.397753715515137,11.397753715515137
346,2027,confirmation,1,direct,11.850832386224807,11.820967796755271,11.838996887207031,11.838996887207031
362,2027,confirmation,1,direct,11.884495917930655,11.848825766608941,11.833513259887695,11.833513259887695
363,2027,confirmation,1,direct,12.198549416880068,12.085829273480725,12.131531715393066,12.131531715393066
367,2027,confirmation,1,direct,11.976665770490767,12.022320336938423,12.007946968078613,12.007946968078613
369,2027,confirmation,1,direct,11.790564777297387,11.892892269148344,11.842065811157227,11.842065811157227
373,2027,confirmation,1,direct,11.736077016252437,11.633279022175977,11.698847770690918,11.698847770690918
381,2027,confirmation,1,direct,11.751950239425476,11.962077631589015,11.880715370178223,11.880715370178223
384,2027,confirmation,1,direct,11.23850177707664,11.296633897312475,11.186650276184082,11.186650276184082
398,2027,confirmation,1,direct,12.040614105490253,11.933549253727218,11.917189598083496,11.917189598083496
399,2027,confirmation,1,direct,11.112462823634855,11.311476051335111,11.444463729858398,11.444463729858398
404,2027,confirmation,1,direct,12.460718739865236,12.415362305653318,12.452624320983887,12.452624320983887
405,2027,confirmation,1,direct,12.031725210748633,12.054950029525124,12.081648826599121,12.081648826599121
406,2027,confirmation,1,direct,11.918397239722838,11.98638017430593,11.92490291595459,11.92490291595459
409,2027,confirmation,1,direct,12.54254845357358,12.533754689228111,12.5150146484375,12.5150146484375
413,2027,confirmation,1,direct,12.310437165348775,12.414991885776141,12.433281898498535,12.433281898498535
419,2027,confirmation,1,direct,11.744045122410057,11.587979398524004,11.472014427185059,11.472014427185059
426,2027,confirmation,1,direct,11.813037464800539,11.779431095246236,11.838275909423828,11.838275909423828
427,2027,confirmation,1,direct,12.524530013005734,12.395529830380745,12.4490385055542,12.4490385055542
432,2027,confirmation,1,direct,11.288543647320601,11.54574410052681,11.678160667419434,11.678160667419434
444,2027,confirmation,1,direct,12.058158312538197,12.137083981226471,12.19534969329834,12.19534969329834
445,2027,confirmation,1,direct,12.25486757159303,12.29730505753197,12.25240421295166,12.25240421295166
449,2027,confirmation,1,direct,11.691080018519527,11.755029085683528,11.736169815063477,11.736169815063477
454,2027,confirmation,1,direct,12.25486757159303,12.326139133999268,12.282426834106445,12.282426834106445
458,2027,confirmation,1,direct,12.45293662970407,12.35716708610231,12.16737174987793,12.16737174987793
467,2027,confirmation,1,direct,12.025755079404917,11.99971517091794,12.0662841796875,12.0662841796875
470,2027,confirmation,1,direct,12.138869243416009,12.127954707219185,12.105093002319336,12.105093002319336
476,2027,confirmation,1,direct,11.794345471549745,11.833306346434028,11.809614181518555,11.809614181518555
488,2027,confirmation,1,direct,12.07254696717504,12.082269290656212,12.059799194335938,12.059799194335938
492,2027,confirmation,1,direct,11.798111925972618,11.888585298645905,11.939149856567383,11.939149856567383
497,2027,confirmation,1,direct,12.971542813248437,12.677947804155961,12.872875213623047,12.872875213623047
501,2027,confirmation,1,direct,11.635151947212842,11.626814363275956,11.639491081237793,11.639491081237793
502,2027,confirmation,1,direct,12.331387247601905,12.286139660833292,12.237496376037598,12.237496376037598
516,2027,confirmation,1,direct,12.90634935052389,12.866988903942742,12.932771682739258,12.932771682739258
517,2027,confirmation,1,direct,11.970356641102999,12.034067656784075,12.012460708618164,12.012460708618164
519,2027,confirmation,1,direct,12.259618151783465,12.15379869245873,12.152473449707031,12.152473449707031
524,2027,confirmation,1,direct,12.126764251515691,13.338535273044494,12.842140197753906,12.842140197753906
528,2027,confirmation,1,direct,13.008661502470739,12.95111652495476,12.955963134765625,12.955963134765625
530,2027,confirmation,1,direct,12.209192772866418,12.360641101411996,12.388821601867676,12.388821601867676
547,2027,confirmation,1,direct,12.25486757159303,12.044146609863603,12.034065246582031,12.034065246582031
554,2027,confirmation,1,direct,11.58989576532275,11.661331299444903,11.652044296264648,11.652044296264648
555,2027,confirmation,1,direct,12.556733038263905,12.50168782607001,12.415220260620117,12.415220260620117
557,2027,confirmation,1,direct,11.856522261533737,11.902769661282994,11.894035339355469,11.894035339355469
558,2027,confirmation,1,direct,11.58989576532275,11.572077070542328,11.503854751586914,11.503854751586914
559,2027,confirmation,1,direct,12.07254696717504,12.18601068493961,12.230759620666504,12.230759620666504
563,2027,confirmation,1,direct,11.58989576532275,11.67529255789515,11.695659637451172,11.695659637451172
565,2027,confirmation,1,direct,12.498745990829315,12.447849277601364,12.521913528442383,12.521913528442383
571,2027,confirmation,1,direct,11.867805799560465,11.81360022589256,11.916166305541992,11.916166305541992
573,2027,confirmation,1,direct,12.32163544049751,12.252879865484793,12.275890350341797,12.275890350341797
575,2027,confirmation,1,direct,11.842236406331555,11.703006345963745,11.726306915283203,11.726306915283203
582,2027,confirmation,1,direct,12.442306148381938,12.843614349370917,12.774001121520996,12.774001121520996
583,2027,confirmation,1,direct,11.682676678340282,11.65511780403356,11.722681999206543,11.722681999206543
589,2027,confirmation,1,direct,11.870606902224587,12.345887460637055,12.292399406433105,12.292399406433105
594,2027,confirmation,1,direct,11.849404844423074,11.847808546955108,11.86595630645752,11.86595630645752
598,2027,confirmation,1,direct,12.176654133447505,12.135648043778875,12.195008277893066,12.195008277893066
599,2027,confirmation,1,direct,12.289958727201455,12.216901114842397,12.161592483520508,12.161592483520508
601,2027,confirmation,1,direct,12.524530013005734,12.47131703932876,12.464778900146484,12.464778900146484
607,2027,confirmation,1,direct,11.931642378754141,11.986818784014151,11.904633522033691,11.904633522033691
609,2027,confirmation,1,direct,12.791358964949923,12.532027599145726,12.702747344970703,12.702747344970703
610,2027,confirmation,1,direct,11.682676678340282,11.655591680264507,11.662861824035645,11.662861824035645
613,2027,confirmation,1,direct,12.474193386571581,12.467493401567188,12.445830345153809,12.445830345153809
617,2027,confirmation,1,direct,12.118339189722553,12.108327523621002,12.142959594726562,12.142959594726562
618,2027,confirmation,1,direct,11.566475710526321,11.683803405794684,11.658247947692871,11.658247947692871
619,2027,confirmation,1,direct,12.659737267217572,12.657676479423948,12.721465110778809,12.721465110778809
620,2027,confirmation,1,direct,12.628070334272698,12.71250961359003,12.689024925231934,12.689024925231934
627,2027,confirmation,1,direct,11.848690308590857,11.741014171498867,11.735150337219238,11.735150337219238
640,2027,confirmation,1,direct,12.485830907348902,12.460394220958603,12.534942626953125,12.534942626953125
644,2027,confirmation,1,direct,11.931642378754141,11.931371742258117,11.896592140197754,11.896592140197754
648,2027,confirmation,1,direct,11.951186847493476,11.878805819188827,11.856163024902344,11.856163024902344
649,2027,confirmation,1,direct,11.951186847493476,11.963310206678884,11.936870574951172,11.936870574951172
658,2027,confirmation,1,direct,11.91170829631447,11.989361990191206,12.02972412109375,12.02972412109375
661,2027,confirmation,1,direct,12.19552218463499,12.188270131873814,12.211495399475098,12.211495399475098
662,2027,confirmation,1,direct,12.904209855160254,12.834907076858983,12.837431907653809,12.837431907653809
665,2027,confirmation,1,direct,12.955129822091815,12.736613440446723,12.787177085876465,12.787177085876465
676,2027,confirmation,1,direct,11.908346971208951,11.880862152967989,11.893560409545898,11.893560409545898
679,2027,confirmation,1,direct,12.827995001361906,12.762793687075016,12.781193733215332,12.781193733215332
682,2027,confirmation,1,direct,11.979391594635791,11.587296286553192,11.6576509475708,11.6576509475708
683,2027,confirmation,1,direct,12.06105265381003,12.190982997822832,12.070435523986816,12.070435523986816
688,2027,confirmation,1,direct,11.910365121788654,11.935231021032948,11.948530197143555,11.948530197143555
692,2027,confirmation,1,direct,13.534474352733596,13.189564376950994,13.10722827911377,13.10722827911377
704,2027,confirmation,1,direct,11.849404844423074,11.831148719441845,11.83153247833252,11.83153247833252
714,2027,confirmation,1,direct,11.767575435251748,11.658490010362854,11.592097282409668,11.592097282409668
715,2027,confirmation,1,direct,11.779136168550774,12.086759477591263,12.124069213867188,12.124069213867188
719,2027,confirmation,1,direct,12.739640688812674,12.653399023091016,12.63597583770752,12.63597583770752
720,2027,confirmation,1,direct,11.763691965388299,11.839934550134426,11.802508354187012,11.802508354187012
723,2027,confirmation,1,direct,11.732069026983156,11.661840651975586,11.664539337158203,11.664539337158203
726,2027,confirmation,1,direct,11.699413330633599,11.642990602086618,11.644498825073242,11.644498825073242
736,2027,confirmation,1,direct,12.001511614739405,12.03125213997364,12.076942443847656,12.076942443847656
746,2027,confirmation,1,direct,12.61087420020211,12.720377133755296,12.71242904663086,12.71242904663086
750,2027,confirmation,1,direct,11.49273296168228,11.292038358529066,11.15613079071045,11.15613079071045
752,2027,confirmation,1,direct,11.995357787034976,11.985459354152551,12.006913185119629,12.006913185119629
770,2027,confirmation,1,direct,13.195615697878253,13.052465307056302,13.005558013916016,13.005558013916016
781,2027,confirmation,1,direct,12.07824495582233,12.039625379156426,12.08036994934082,12.08036994934082
783,2027,confirmation,1,direct,12.139403856983334,12.154170661948298,12.16295051574707,12.16295051574707
785,2027,confirmation,1,direct,11.759793355371237,11.807333527763596,11.841591835021973,11.841591835021973
804,2027,confirmation,1,direct,13.275829251377,12.966138459179659,12.97361946105957,12.97361946105957
811,2027,confirmation,1,direct,12.10625783509458,12.128532617493446,12.065258979797363,12.065258979797363
812,2027,confirmation,1,direct,11.881041706925902,11.883028853199123,11.922801971435547,11.922801971435547
814,2027,confirmation,1,direct,11.969723533345908,11.94588955636334,12.010149002075195,12.010149002075195
818,2027,confirmation,1,direct,12.509877789891931,12.580236733675731,12.600975036621094,12.600975036621094
827,2027,confirmation,1,direct,11.603688960617083,11.46740326434766,11.470769882202148,11.470769882202148
831,2027,confirmation,1,direct,12.019749091416921,12.086823340106635,12.009784698486328,12.009784698486328
839,2027,confirmation,1,direct,11.87757552297847,11.933664558538164,11.8926420211792,11.8926420211792
849,2027,confirmation,1,direct,12.388398368982115,12.381697144004015,12.264065742492676,12.264065742492676
850,2027,confirmation,1,direct,12.138869243416009,12.061660080784279,12.077622413635254,12.077622413635254
851,2027,confirmation,1,direct,11.78676973513378,11.855703392727321,11.863804817199707,11.863804817199707
861,2027,confirmation,1,direct,12.154521423145216,12.070873309700442,12.061742782592773,12.061742782592773
864,2027,confirmation,1,direct,11.794345471549745,11.850467971634307,11.88580322265625,11.88580322265625
867,2027,confirmation,1,direct,12.424810506025395,12.430675328928508,12.47008991241455,12.47008991241455
872,2027,confirmation,1,direct,12.208574513247495,12.132191591900714,12.121917724609375,12.121917724609375
886,2027,confirmation,1,direct,12.70351207261035,12.464772200310788,12.615021705627441,12.615021705627441
890,2027,confirmation,1,direct,11.915058360753719,11.920487454950555,11.98613166809082,11.98613166809082
894,2027,confirmation,1,direct,12.013706813470414,11.966854921685728,11.900572776794434,11.900572776794434
898,2027,confirmation,1,direct,11.870278179170796,11.814192611444275,11.80501937866211,11.80501937866211
903,2027,confirmation,1,direct,12.100717685412471,12.09720633462794,12.10506820678711,12.10506820678711
908,2027,confirmation,1,direct,12.429220196836383,12.345739456725429,12.434368133544922,12.434368133544922
910,2027,confirmation,1,direct,12.066816325306588,12.052088364717902,12.084855079650879,12.084855079650879
914,2027,confirmation,1,direct,11.884495917930655,11.854040583144693,11.793160438537598,11.793160438537598
916,2027,confirmation,1,direct,11.225256725762893,11.349695478979086,11.344236373901367,11.344236373901367
917,2027,confirmation,1,direct,10.471978128496518,11.190867730387033,10.968814849853516,10.968814849853516
925,2027,confirmation,1,direct,12.242891437918386,12.223094433473978,12.176660537719727,12.176660537719727
926,2027,confirmation,1,direct,12.07254696717504,11.974097075584641,11.928476333618164,11.928476333618164
936,2027,confirmation,1,direct,11.288543647320601,11.472591700154343,11.394776344299316,11.394776344299316
941,2027,confirmation,1,direct,11.924379271639218,12.054361340765888,12.120509147644043,12.120509147644043
943,2027,confirmation,1,direct,11.918397239722838,11.801542560337378,11.815569877624512,11.815569877624512
947,2027,confirmation,1,direct,11.870606902224587,11.901367744491916,11.91269302368164,11.91269302368164
951,2027,confirmation,1,direct,11.767575435251748,11.843110729318497,11.82662582397461,11.82662582397461
955,2027,confirmation,1,direct,11.755879486687116,11.753602042133805,11.841133117675781,11.841133117675781
962,2027,confirmation,1,direct,12.513561021741964,12.437318709568707,12.486614227294922,12.486614227294922
983,2027,confirmation,1,direct,11.982278882874377,12.079682329870682,12.097986221313477,12.097986221313477
984,2027,confirmation,1,direct,12.45254592991672,12.422812718597001,12.473288536071777,12.473288536071777
987,2027,confirmation,1,direct,11.669937760751914,11.73262950423802,11.716687202453613,11.716687202453613
992,2027,confirmation,1,direct,12.031725210748633,12.036480107235734,12.178244590759277,12.178244590759277
995,2027,confirmation,1,direct,12.729323752253295,12.727169494316993,12.786195755004883,12.786195755004883
999,2027,confirmation,1,direct,11.418625774449598,11.484504614589405,11.360235214233398,11.360235214233398
1000,2027,confirmation,1,direct,12.235636302128867,12.157535232855786,12.138510704040527,12.138510704040527
1002,2027,confirmation,1,direct,11.362114203075018,11.356840891875633,11.362151145935059,11.362151145935059
1012,2027,confirmation,1,direct,11.51293546492023,11.532224847574048,11.511821746826172,11.511821746826172
1014,2027,confirmation,1,direct,11.350418300109132,11.532775565895255,11.545432090759277,11.545432090759277
1024,2027,confirmation,1,direct,12.160033942617156,12.163979437863343,12.181437492370605,12.181437492370605
1031,2027,confirmation,1,direct,11.982935344196433,11.750628878794958,11.821918487548828,11.821918487548828
1036,2027,confirmation,1,direct,11.338583982516495,11.362081768293933,11.248208045959473,11.248208045959473
1038,2027,confirmation,1,direct,12.567240979056246,12.432276306665354,12.496988296508789,12.496988296508789
1041,2027,confirmation,1,direct,11.951186847493476,11.991674320583995,11.984981536865234,11.984981536865234
1044,2027,confirmation,1,direct,12.47717172708952,12.432726460595658,12.42521858215332,12.42521858215332
1045,2027,confirmation,1,direct,12.535379989788607,12.574187629397727,12.547544479370117,12.547544479370117
1047,2027,confirmation,1,direct,13.229569788348705,12.976097223381583,12.98940658569336,12.98940658569336
1058,2027,confirmation,1,direct,12.421188057397055,12.322068069302922,12.313749313354492,12.313749313354492
1059,2027,confirmation,1,direct,12.721888795877375,12.809831873924319,12.816479682922363,12.816479682922363
1060,2027,confirmation,1,direct,12.301387370778713,12.137589787080916,12.140321731567383,12.140321731567383
1066,2027,confirmation,1,direct,12.700771936142122,12.492699482188057,12.550271987915039,12.550271987915039
1069,2027,confirmation,1,direct,11.927687224983487,12.06238542811118,12.01076602935791,12.01076602935791
1072,2027,confirmation,1,direct,11.944714374881176,11.952128070088595,11.965694427490234,11.965694427490234
1088,2027,confirmation,1,direct,12.437188334739655,12.45874061782038,12.466752052307129,12.466752052307129
1093,2027,confirmation,1,direct,11.824087219587643,12.010526034578522,11.950486183166504,11.950486183166504
1094,2027,confirmation,1,direct,11.891368749982085,11.979853075527418,11.993891716003418,11.993891716003418
1096,2027,confirmation,1,direct,12.080696479888445,12.113671282629275,12.066104888916016,12.066104888916016
1106,2027,confirmation,1,direct,12.691583538230217,12.734663877341722,12.703903198242188,12.703903198242188
1117,2027,confirmation,1,direct,12.123239799036943,12.109600151825928,12.144973754882812,12.144973754882812
1120,2027,confirmation,1,direct,11.803361242493628,11.697696464323736,11.738158226013184,11.738158226013184
1123,2027,confirmation,1,direct,11.626263078808801,11.365775007556774,11.331430435180664,11.331430435180664
1126,2027,confirmation,1,direct,11.652696102959753,11.605018436634241,11.662190437316895,11.662190437316895
1127,2027,confirmation,1,direct,12.066816325306588,12.168479972171006,12.200586318969727,12.200586318969727
1131,2027,confirmation,1,direct,11.813037464800539,11.99685113620689,11.77585220336914,11.77585220336914
1132,2027,confirmation,1,direct,11.44572741040675,11.547180326021104,11.660395622253418,11.660395622253418
1133,2027,confirmation,1,direct,11.674202123168433,11.764691531665262,11.798376083374023,11.798376083374023
1134,2027,confirmation,1,direct,12.386312871189734,12.39502813445011,12.38951301574707,12.38951301574707
1135,2027,confirmation,1,direct,12.037659911047468,12.10018812322228,12.05935287475586,12.05935287475586
1141,2027,confirmation,1,direct,11.842236406331555,11.75117165678003,11.748396873474121,11.748396873474121
1142,2027,confirmation,1,direct,12.193498926601634,12.159317429325888,12.130095481872559,12.130095481872559
1150,2027,confirmation,1,direct,11.870606902224587,11.823935694474308,11.88576602935791,11.88576602935791
1155,2027,confirmation,1,direct,12.215037342290755,12.246066830325583,12.320321083068848,12.320321083068848
1171,2027,confirmation,1,direct,12.049424683420915,11.9668855936819,11.917160034179688,11.917160034179688
1174,2027,confirmation,1,direct,12.208574513247495,12.239311443001084,12.227561950683594,12.227561950683594
1181,2027,confirmation,1,direct,12.429220196836383,12.345032371273785,12.436945915222168,12.436945915222168
1193,2027,confirmation,1,direct,11.736077016252437,11.726930418871197,11.721592903137207,11.721592903137207
1196,2027,confirmation,1,direct,12.07824495582233,11.982306484060217,12.024224281311035,12.024224281311035
1198,2027,confirmation,1,direct,11.87757552297847,11.961839837299465,11.959441184997559,11.959441184997559
1203,2027,confirmation,1,direct,11.669937760751914,11.782090126245338,11.78093147277832,11.78093147277832
1215,2027,confirmation,1,direct,11.80932691294063,11.759710086829159,11.732973098754883,11.732973098754883
1220,2027,confirmation,1,direct,11.424105180165641,11.460140732817397,11.51790714263916,11.51790714263916
1228,2027,confirmation,1,direct,11.898194668458823,11.8339605559475,11.84731674194336,11.84731674194336
1230,2027,confirmation,1,direct,11.751950239425476,11.846206754396588,11.83519172668457,11.83519172668457
1235,2027,confirmation,1,direct,11.775297421715827,11.618558856380004,11.637934684753418,11.637934684753418
1239,2027,confirmation,1,direct,11.86710429621008,11.793815936087407,11.934554100036621,11.934554100036621
1241,2027,confirmation,1,direct,12.323415584358154,12.249842648045638,12.24704647064209,12.24704647064209
1246,2027,confirmation,1,direct,12.08954444723597,12.189858330462872,12.170166015625,12.170166015625
1253,2027,confirmation,1,direct,11.775297421715827,11.682073046342847,11.682295799255371,11.682295799255371
1257,2027,confirmation,1,direct,12.616528611893463,12.684176205363858,12.651577949523926,12.651577949523926
1260,2027,confirmation,1,direct,11.92504173829169,11.884812661758328,11.908090591430664,11.908090591430664
1261,2027,confirmation,1,direct,12.10625783509458,12.156217355968444,12.155360221862793,12.155360221862793
1266,2027,confirmation,1,direct,12.12215284831553,12.030303590225577,12.037376403808594,12.037376403808594
1275,2027,confirmation,1,direct,11.842236406331555,11.83980647501539,11.804936408996582,11.804936408996582
1279,2027,confirmation,1,direct,12.37581963951765,12.467625506191714,12.499373435974121,12.499373435974121
1287,2027,confirmation,1,direct,11.870606902224587,11.989105501404644,11.991315841674805,11.991315841674805
1288,2027,confirmation,1,direct,12.154784614286667,12.028163381343246,12.038801193237305,12.038801193237305
1294,2027,confirmation,1,direct,12.000897933306716,12.107111459573666,12.115474700927734,12.115474700927734
1300,2027,confirmation,1,direct,11.944714374881176,11.96354395555871,12.015620231628418,12.015620231628418
1306,2027,confirmation,1,direct,12.691583538230217,12.661151331676999,12.71270751953125,12.71270751953125
1308,2027,confirmation,1,direct,11.835016210489899,11.877106352518602,11.841020584106445,11.841020584106445
1324,2027,confirmation,1,direct,11.320565693461432,11.280367199624036,11.221296310424805,11.221296310424805
1325,2027,confirmation,1,direct,11.898194668458823,12.588568111107799,12.60129451751709,12.60129451751709
1330,2027,confirmation,1,direct,12.081081821061819,12.10104187816781,12.124954223632812,12.124954223632812
1335,2027,confirmation,1,direct,11.736077016252437,11.644693787101438,11.701974868774414,11.701974868774414
1346,2027,confirmation,1,direct,11.59451466851004,11.444792713291939,11.50813102722168,11.50813102722168
1349,2027,confirmation,1,direct,12.278397958261774,12.423795803526238,12.43233871459961,12.43233871459961
1350,2027,confirmation,1,direct,11.711784520403112,11.754336457057072,11.886017799377441,11.886017799377441
1370,2027,confirmation,1,direct,12.354496960983985,12.444526195687034,12.451347351074219,12.451347351074219
1376,2027,confirmation,1,direct,12.384223015005313,12.458147330976136,12.479317665100098,12.479317665100098
1377,2027,confirmation,1,direct,11.418625774449598,11.440439214070956,11.361820220947266,11.361820220947266
1387,2027,confirmation,1,direct,12.429220196836383,12.638576887884065,12.637503623962402,12.637503623962402
1396,2027,confirmation,1,direct,12.546871224308068,12.515884928671216,12.605752944946289,12.605752944946289
1398,2027,confirmation,1,direct,11.83138646878959,11.826023444037501,11.819169998168945,11.819169998168945
1401,2027,confirmation,1,direct,11.695255355062795,11.660415634196108,11.69619369506836,11.69619369506836
1406,2027,confirmation,1,direct,12.524530013005734,12.548085058888692,12.514655113220215,12.514655113220215
1414,2027,confirmation,1,direct,12.456835254920371,12.499155765123168,12.514341354370117,12.514341354370117
1419,2027,confirmation,1,direct,11.728044909070785,11.809037237187631,11.82889175415039,11.82889175415039
1425,2027,confirmation,1,direct,11.87757552297847,11.830843061603149,11.889189720153809,11.889189720153809
1429,2027,confirmation,1,direct,11.686887175419702,11.619920590246727,11.62243938446045,11.62243938446045
1445,2027,confirmation,1,direct,12.098493002763465,12.18259660554948,12.181801795959473,12.181801795959473
1454,2027,confirmation,1,direct,11.344518647594766,11.798042517180338,11.835219383239746,11.835219383239746
1455,2027,confirmation,1,direct,12.128116509451258,12.1437262225498,12.157547950744629,12.157547950744629
13,2027,confirmation,2,direct,11.87757552297847,11.804128409941136,11.809350967407227,11.809350967407227
15,2027,confirmation,2,direct,11.964007453736912,11.954934202024141,11.925156593322754,11.925156593322754
19,2027,confirmation,2,direct,11.976665770490767,11.995214999851713,11.94328498840332,11.94328498840332
23,2027,confirmation,2,direct,12.345838935721968,12.371291793858866,12.358739852905273,12.358739852905273
25,2027,confirmation,2,direct,11.944714374881176,11.893000823834596,11.891742706298828,11.891742706298828
29,2027,confirmation,2,direct,12.242891437918386,12.212168139818328,12.19518756866455,12.19518756866455
30,2027,confirmation,2,direct,11.134603622683905,11.139689277542704,11.116501808166504,11.116501808166504
34,2027,confirmation,2,direct,12.016732516077072,12.071369857605575,12.02336597442627,12.02336597442627
36,2027,confirmation,2,direct,12.6410997921206,12.64459999434209,12.622467041015625,12.622467041015625
37,2027,confirmation,2,direct,11.884495917930655,11.921214364490503,11.905928611755371,11.905928611755371
44,2027,confirmation,2,direct,11.777218637129327,11.805718136132562,11.782715797424316,11.782715797424316
46,2027,confirmation,2,direct,12.675766851909591,12.578086415653539,12.644490242004395,12.644490242004395
50,2027,confirmation,2,direct,11.751950239425476,11.743879057827181,11.746305465698242,11.746305465698242
54,2027,confirmation,2,direct,12.861001210669146,12.776856683162501,12.785279273986816,12.785279273986816
58,2027,confirmation,2,direct,12.188422799337028,12.186180275377652,12.164966583251953,12.164966583251953
63,2027,confirmation,2,direct,12.218500103788143,12.24327079583174,12.246011734008789,12.246011734008789
64,2027,confirmation,2,direct,11.849404844423074,11.835330156182156,11.769022941589355,11.769022941589355
68,2027,confirmation,2,direct,12.328294703023396,12.298071322238801,12.257262229919434,12.257262229919434
69,2027,confirmation,2,direct,11.289794413577894,11.338771992131276,11.290813446044922,11.290813446044922
73,2027,confirmation,2,direct,12.128116509451258,12.166255821746562,12.200345039367676,12.200345039367676
74,2027,confirmation,2,direct,11.88380602959621,11.886267131726543,11.893423080444336,11.893423080444336
75,2027,confirmation,2,direct,11.58432477200052,11.611354715760854,11.429924964904785,11.429924964904785
79,2027,confirmation,2,direct,11.824087219587643,11.796219038520174,11.717395782470703,11.717395782470703
84,2027,confirmation,2,direct,11.748005492256807,11.783907544755001,11.818001747131348,11.818001747131348
85,2027,confirmation,2,direct,12.034696963475044,12.041042691282602,12.045013427734375,12.045013427734375
86,2027,confirmation,2,direct,12.468440756144114,12.485664911668705,12.481719970703125,12.481719970703125
89,2027,confirmation,2,direct,11.350418300109132,11.220129405125546,10.862746238708496,10.862746238708496
94,2027,confirmation,2,direct,11.804855999911272,12.07177254326509,12.112482070922852,12.112482070922852
96,2027,confirmation,2,direct,12.128116509451258,12.11767158071468,12.087583541870117,12.087583541870117
108,2027,confirmation,2,direct,11.652696102959753,11.522710842455277,11.529253959655762,11.529253959655762
114,2027,confirmation,2,direct,12.28765724080691,12.305789023883278,12.305054664611816,12.305054664611816
115,2027,confirmation,2,direct,12.466515835145202,12.356588128448843,12.400237083435059,12.400237083435059
121,2027,confirmation,2,direct,12.100717685412471,11.989449009472636,12.011576652526855,12.011576652526855
123,2027,confirmation,2,direct,11.820417517632333,11.839693108438064,11.806526184082031,11.806526184082031
130,2027,confirmation,2,direct,11.918397239722838,11.863432463698853,11.864096641540527,11.864096641540527
131,2027,confirmation,2,direct,12.328294703023396,12.257453786572416,12.327719688415527,12.327719688415527
134,2027,confirmation,2,direct,12.301387370778713,12.229521998542634,12.248152732849121,12.248152732849121
142,2027,confirmation,2,direct,12.468440756144114,12.38973421114625,12.435897827148438,12.435897827148438
151,2027,confirmation,2,direct,11.711784520403112,11.819950425874298,11.811685562133789,11.811685562133789
152,2027,confirmation,2,direct,12.827731880206521,12.703837043973895,12.640044212341309,12.640044212341309
157,2027,confirmation,2,direct,11.603688960617083,11.625325182043998,11.595670700073242,11.595670700073242
161,2027,confirmation,2,direct,11.998439434579149,11.960411673996427,11.971559524536133,11.971559524536133
167,2027,confirmation,2,direct,12.154784614286667,12.248026808685427,12.109838485717773,12.109838485717773
175,2027,confirmation,2,direct,12.122696471358964,12.191805980796438,12.14828109741211,12.14828109741211
178,2027,confirmation,2,direct,12.058158312538197,12.12185046129021,12.040401458740234,12.040401458740234
182,2027,confirmation,2,direct,12.206577518060588,12.084642622051625,12.06852912902832,12.06852912902832
185,2027,confirmation,2,direct,11.751950239425476,11.691450623214633,11.603031158447266,11.603031158447266
191,2027,confirmation,2,direct,12.660331092405906,12.553889905521727,12.439541816711426,12.439541816711426
198,2027,confirmation,2,direct,12.367345048436391,12.49231101113106,12.55858325958252,12.55858325958252
199,2027,confirmation,2,direct,11.552155793461898,11.626644000576494,11.623954772949219,11.623954772949219
201,2027,confirmation,2,direct,11.849404844423074,11.873029239780879,11.841272354125977,11.841272354125977
212,2027,confirmation,2,direct,12.133507329024972,12.071199137711904,12.050468444824219,12.050468444824219
217,2027,confirmation,2,direct,12.25486757159303,12.228181329799774,12.248157501220703,12.248157501220703
220,2027,confirmation,2,direct,12.027191164883384,12.042170199097846,12.049515724182129,12.049515724182129
227,2027,confirmation,2,direct,12.577639650232573,12.513988267845534,12.4923095703125,12.4923095703125
230,2027,confirmation,2,direct,12.167856627501678,12.190455350261661,12.14219856262207,12.14219856262207
235,2027,confirmation,2,direct,12.285350445351659,12.283854154397522,12.259799003601074,12.259799003601074
236,2027,confirmation,2,direct,11.402005077384885,11.384101349011218,11.360677719116211,11.360677719116211
239,2027,confirmation,2,direct,12.669809806411457,12.455222842514932,12.44473648071289,12.44473648071289
242,2027,confirmation,2,direct,11.612779849672751,11.412529037534412,11.45136547088623,11.45136547088623
243,2027,confirmation,2,direct,11.277215789596893,11.482453083051226,11.406392097473145,11.406392097473145
252,2027,confirmation,2,direct,12.367345048436391,12.406626349414095,12.586400032043457,12.586400032043457
253,2027,confirmation,2,direct,12.06105265381003,12.06940877181583,12.094559669494629,12.094559669494629
260,2027,confirmation,2,direct,11.48247656671073,11.550710684973843,11.516043663024902,11.516043663024902
264,2027,confirmation,2,direct,11.775297421715827,11.72591087564073,11.670262336730957,11.670262336730957
273,2027,confirmation,2,direct,12.577639650232573,12.614005589336644,12.520906448364258,12.520906448364258
274,2027,confirmation,2,direct,11.842236406331555,12.010034345932464,11.955377578735352,11.955377578735352
284,2027,confirmation,2,direct,12.407383590534293,12.407631621697954,12.378576278686523,12.378576278686523
291,2027,confirmation,2,direct,12.359784657728284,12.407110703157644,12.505596160888672,12.505596160888672
292,2027,confirmation,2,direct,11.819681958463892,11.786719734033495,11.78656005859375,11.78656005859375
293,2027,confirmation,2,direct,11.782960235741939,11.914564694274713,11.889315605163574,11.889315605163574
296,2027,confirmation,2,direct,11.86710429621008,11.885595270872024,11.891913414001465,11.891913414001465
305,2027,confirmation,2,direct,12.59473402514672,12.532930458406858,12.74000358581543,12.74000358581543
320,2027,confirmation,2,direct,12.141539457711714,12.17349895509311,12.22769832611084,12.22769832611084
321,2027,confirmation,2,direct,12.74444728628135,12.67288345635492,12.86856746673584,12.86856746673584
322,2027,confirmation,2,direct,12.777055016970678,12.739786336777554,12.682860374450684,12.682860374450684
325,2027,confirmation,2,direct,12.396697137361691,12.473696953578974,12.432268142700195,12.432268142700195
328,2027,confirmation,2,direct,11.886218559372042,11.880074147184226,11.853361129760742,11.853361129760742
332,2027,confirmation,2,direct,11.842236406331555,11.794312026570294,11.83315658569336,11.83315658569336
339,2027,confirmation,2,direct,12.218500103788143,12.228632785940365,12.257530212402344,12.257530212402344
341,2027,confirmation,2,direct,12.220473454337986,12.259298014005907,12.294400215148926,12.294400215148926
344,2027,confirmation,2,direct,12.491255347155265,12.542904155304077,12.525784492492676,12.525784492492676
347,2027,confirmation,2,direct,11.928347504569842,11.825532631004645,11.850306510925293,11.850306510925293
348,2027,confirmation,2,direct,11.967187086434018,12.085091641469917,12.086006164550781,12.086006164550781
351,2027,confirmation,2,direct,12.670001611311875,12.621568171549605,12.621988296508789,12.621988296508789
358,2027,confirmation,2,direct,11.80560254159177,11.855872966647167,11.836243629455566,11.836243629455566
361,2027,confirmation,2,direct,11.957617696467539,11.918749759007955,11.943633079528809,11.943633079528809
374,2027,confirmation,2,direct,11.719947764402807,11.693658200081469,11.750810623168945,11.750810623168945
376,2027,confirmation,2,direct,11.0186455364637,11.288445298013727,11.260061264038086,11.260061264038086
382,2027,confirmation,2,direct,12.142871895843887,12.266931049298273,12.255678176879883,12.255678176879883
383,2027,confirmation,2,direct,12.271396795480596,12.235190629217396,12.259733200073242,12.259733200073242
385,2027,confirmation,2,direct,12.388398368982115,12.515193232232754,12.390341758728027,12.390341758728027
388,2027,confirmation,2,direct,11.736077016252437,11.770328687017525,11.858242988586426,11.858242988586426
391,2027,confirmation,2,direct,11.686887175419702,11.76682364040133,11.657702445983887,11.657702445983887
407,2027,confirmation,2,direct,11.652696102959753,11.65840543617035,11.67206859588623,11.67206859588623
410,2027,confirmation,2,direct,12.73596827534975,12.625322138641224,12.610943794250488,12.610943794250488
417,2027,confirmation,2,direct,11.915058360753719,11.945676028991837,11.937294006347656,11.937294006347656
418,2027,confirmation,2,direct,12.384223015005313,12.216108982456737,12.402949333190918,12.402949333190918
428,2027,confirmation,2,direct,11.599185726610004,11.621246563461249,11.696850776672363,11.696850776672363
437,2027,confirmation,2,direct,11.661354090741,11.542773720433816,11.496715545654297,11.496715545654297
439,2027,confirmation,2,direct,11.411457364027745,11.587349394073021,11.305707931518555,11.305707931518555
442,2027,confirmation,2,direct,11.678448377988165,11.693611275923477,11.700261116027832,11.700261116027832
446,2027,confirmation,2,direct,11.755879486687116,11.928740771607883,11.929136276245117,11.929136276245117
447,2027,confirmation,2,direct,12.154784614286667,12.299780919499735,12.23556137084961,12.23556137084961
464,2027,confirmation,2,direct,12.147919030759663,12.134709874900723,12.127981185913086,12.127981185913086
466,2027,confirmation,2,direct,12.093693109638318,12.146468379628052,12.005084037780762,12.005084037780762
468,2027,confirmation,2,direct,11.89478753335453,11.961459003917307,11.985445022583008,11.985445022583008
478,2027,confirmation,2,direct,12.847929163278053,12.923531018228477,12.930076599121094,12.930076599121094
490,2027,confirmation,2,direct,11.362114203075018,11.511482747939056,11.48434829711914,11.48434829711914
500,2027,confirmation,2,direct,11.695255355062795,11.759156091456974,11.77407169342041,11.77407169342041
503,2027,confirmation,2,direct,11.849404844423074,11.781762194088568,11.861222267150879,11.861222267150879
505,2027,confirmation,2,direct,11.898194668458823,11.863366658660167,11.838995933532715,11.838995933532715
507,2027,confirmation,2,direct,12.278397958261774,12.282262889726212,12.347869873046875,12.347869873046875
518,2027,confirmation,2,direct,12.487488878546145,12.561887140119682,12.472220420837402,12.472220420837402
531,2027,confirmation,2,direct,12.07254696717504,12.13035147611215,12.194318771362305,12.194318771362305
533,2027,confirmation,2,direct,11.58525542883217,11.526862911819796,11.604267120361328,11.604267120361328
538,2027,confirmation,2,direct,11.619544188752133,11.701659106045573,11.709200859069824,11.709200859069824
541,2027,confirmation,2,direct,12.660331092405906,12.831890153035696,12.79075813293457,12.79075813293457
545,2027,confirmation,2,direct,12.098854850641,12.18256211174152,12.205409049987793,12.205409049987793
550,2027,confirmation,2,direct,12.479913113434042,12.36121622784349,12.326202392578125,12.326202392578125
560,2027,confirmation,2,direct,12.36308066783498,12.149732446867219,12.147175788879395,12.147175788879395
562,2027,confirmation,2,direct,12.04355959836804,12.045024820138595,12.02077865600586,12.02077865600586
567,2027,confirmation,2,direct,12.691583538230217,12.664180861125857,12.70297908782959,12.70297908782959
579,2027,confirmation,2,direct,11.891368749982085,11.993928223977736,11.934258460998535,11.934258460998535
585,2027,confirmation,2,direct,11.798111925972618,11.84094988095476,11.771450996398926,11.771450996398926
587,2027,confirmation,2,direct,11.775297421715827,11.658521629329796,11.697866439819336,11.697866439819336
593,2027,confirmation,2,direct,11.835016210489899,11.894467885290032,11.821776390075684,11.821776390075684
611,2027,confirmation,2,direct,12.653961664405365,12.664543511276925,12.719317436218262,12.719317436218262
625,2027,confirmation,2,direct,12.014615485902027,11.938374923083524,11.98027515411377,11.98027515411377
631,2027,confirmation,2,direct,11.728044909070785,11.586185584778997,11.582487106323242,11.582487106323242
645,2027,confirmation,2,direct,12.823631142839984,12.74549826869532,12.801054954528809,12.801054954528809
647,2027,confirmation,2,direct,11.495789479023493,11.519359550313126,11.517489433288574,11.517489433288574
654,2027,confirmation,2,direct,11.813037464800539,11.800957147862125,11.80824089050293,11.80824089050293
664,2027,confirmation,2,direct,11.83138646878959,11.867489045484765,11.813081741333008,11.813081741333008
668,2027,confirmation,2,direct,12.173037959397275,12.254155878671263,12.277379989624023,12.277379989624023
674,2027,confirmation,2,direct,12.458778882573533,12.393624608461728,12.472042083740234,12.472042083740234
678,2027,confirmation,2,direct,11.603688960617083,11.582023413926647,11.57138729095459,11.57138729095459
681,2027,confirmation,2,direct,11.870606902224587,11.688361093476187,11.721565246582031,11.721565246582031
687,2027,confirmation,2,direct,12.336556900342153,12.375102595141668,12.313749313354492,12.313749313354492
691,2027,confirmation,2,direct,11.856522261533737,11.901382488053077,11.893537521362305,11.893537521362305
695,2027,confirmation,2,direct,11.860062063178267,11.72312806549547,11.66295051574707,11.66295051574707
702,2027,confirmation,2,direct,11.849404844423074,11.910723199801936,11.878321647644043,11.878321647644043
705,2027,confirmation,2,direct,12.269052139516223,12.281831058206187,12.270299911499023,12.270299911499023
707,2027,confirmation,2,direct,12.618185607609803,12.47057075549839,12.631505966186523,12.631505966186523
710,2027,confirmation,2,direct,11.60733523953139,11.562189228191059,11.624709129333496,11.624709129333496
722,2027,confirmation,2,direct,11.870606902224587,11.877872226527508,11.867926597595215,11.867926597595215
725,2027,confirmation,2,direct,12.676079399771027,12.674050682005364,12.658549308776855,12.658549308776855
730,2027,confirmation,2,direct,11.542493975902508,11.410156687393224,11.43254280090332,11.43254280090332
731,2027,confirmation,2,direct,12.373707715234994,12.442965523664144,12.466487884521484,12.466487884521484
732,2027,confirmation,2,direct,12.141539457711714,12.137253838864469,12.130406379699707,12.130406379699707
737,2027,confirmation,2,direct,11.44572741040675,11.36596428853635,11.365927696228027,11.365927696228027
738,2027,confirmation,2,direct,12.3879816172226,12.34913484826913,12.34337043762207,12.34337043762207
748,2027,confirmation,2,direct,12.491176396967154,12.413904696858317,12.451249122619629,12.451249122619629
751,2027,confirmation,2,direct,11.477308649967686,11.437824693194136,11.359086990356445,11.359086990356445
757,2027,confirmation,2,direct,12.264346270624157,12.253431184527322,12.248046875,12.248046875
759,2027,confirmation,2,direct,12.097378802727306,12.02792391350908,12.014878273010254,12.014878273010254
764,2027,confirmation,2,direct,12.727841176689147,12.698664314061709,12.65722942352295,12.65722942352295
766,2027,confirmation,2,direct,12.484208043148733,12.547573269940528,12.504217147827148,12.504217147827148
768,2027,confirmation,2,direct,11.982935344196433,12.06137080826035,12.091548919677734,12.091548919677734
774,2027,confirmation,2,direct,11.648338835562747,11.698045708957089,11.681794166564941,11.681794166564941
794,2027,confirmation,2,direct,12.323860125621126,12.386127924080824,12.392441749572754,12.392441749572754
796,2027,confirmation,2,direct,12.049424683420915,12.011923165669025,12.006793975830078,12.006793975830078
798,2027,confirmation,2,direct,11.608244735642321,11.510145656924879,11.50327205657959,11.50327205657959
800,2027,confirmation,2,direct,12.07254696717504,12.020529498319334,11.90519905090332,11.90519905090332
803,2027,confirmation,2,direct,12.149507585033072,12.137585416794295,12.184050559997559,12.184050559997559
819,2027,confirmation,2,direct,11.951186847493476,11.899619629102661,11.917740821838379,11.917740821838379
834,2027,confirmation,2,direct,12.025755079404917,11.953176257737494,11.94021987915039,11.94021987915039
842,2027,confirmation,2,direct,11.967187086434018,11.926428491770979,11.895710945129395,11.895710945129395
845,2027,confirmation,2,direct,11.944064817531656,11.840572222752346,11.873002052307129,11.873002052307129
848,2027,confirmation,2,direct,11.80186424743109,11.796163128267636,11.7968111038208,11.7968111038208
853,2027,confirmation,2,direct,12.00762780434872,12.015043649116665,12.042797088623047,12.042797088623047
854,2027,confirmation,2,direct,11.970356641102999,12.04353000925597,12.03489875793457,12.03489875793457
855,2027,confirmation,2,direct,12.04355959836804,12.035705460787053,11.98342514038086,11.98342514038086
859,2027,confirmation,2,direct,11.931642378754141,11.847532681019414,11.919903755187988,11.919903755187988
860,2027,confirmation,2,direct,12.429220196836383,12.44450406266281,12.377084732055664,12.377084732055664
870,2027,confirmation,2,direct,12.371591321286905,12.33555175792785,12.310107231140137,12.310107231140137
875,2027,confirmation,2,direct,11.104972264124868,11.462052073028497,11.499005317687988,11.499005317687988
876,2027,confirmation,2,direct,12.623064399210183,12.679879210607604,12.654356002807617,12.654356002807617
881,2027,confirmation,2,direct,11.964007453736912,11.991603921762986,11.955695152282715,11.955695152282715
883,2027,confirmation,2,direct,12.08954444723597,12.056706772936726,12.049782752990723,12.049782752990723
897,2027,confirmation,2,direct,11.575909653758895,11.334164467021154,11.353697776794434,11.353697776794434
900,2027,confirmation,2,direct,11.813037464800539,11.811796823408972,11.786171913146973,11.786171913146973
905,2027,confirmation,2,direct,11.74006900564972,11.707336549864356,11.670234680175781,11.670234680175781
929,2027,confirmation,2,direct,12.373707715234994,12.4000167621001,12.409202575683594,12.409202575683594
933,2027,confirmation,2,direct,12.676079399771027,12.594140067936658,12.602306365966797,12.602306365966797
954,2027,confirmation,2,direct,12.055255569732177,11.993925006440366,12.057576179504395,12.057576179504395
958,2027,confirmation,2,direct,11.790564777297387,11.756414952862599,11.754234313964844,11.754234313964844
970,2027,confirmation,2,direct,11.849404844423074,11.695723004456854,11.750128746032715,11.750128746032715
977,2027,confirmation,2,direct,11.356283350762888,11.285463162715558,11.247992515563965,11.247992515563965
991,2027,confirmation,2,direct,12.759960632315702,12.675755237788762,12.624704360961914,12.624704360961914
997,2027,confirmation,2,direct,11.824087219587643,11.781020067259815,11.824721336364746,11.824721336364746
1001,2027,confirmation,2,direct,11.314486721293981,11.227555708876551,11.213591575622559,11.213591575622559
1017,2027,confirmation,2,direct,12.220966184120165,12.361910353592865,12.267765998840332,12.267765998840332
1018,2027,confirmation,2,direct,12.141539457711714,12.131047778722529,12.091072082519531,12.091072082519531
1019,2027,confirmation,2,direct,11.982935344196433,12.043492971290608,12.035748481750488,12.035748481750488
1022,2027,confirmation,2,direct,12.175618592671356,12.228979271254943,12.240653991699219,12.240653991699219
1025,2027,confirmation,2,direct,12.567240979056246,12.619579180707179,12.614436149597168,12.614436149597168
1027,2027,confirmation,2,direct,12.02874460037869,11.887499783761516,11.858692169189453,11.858692169189453
1029,2027,confirmation,2,direct,11.561725152903833,11.767468957467063,11.783429145812988,11.783429145812988
1037,2027,confirmation,2,direct,12.66191713053049,12.774915220347633,12.64561653137207,12.64561653137207
1039,2027,confirmation,2,direct,11.48247656671073,11.543960866283603,11.583433151245117,11.583433151245117
1048,2027,confirmation,2,direct,11.884495917930655,11.889754391668298,11.856390953063965,11.856390953063965
1050,2027,confirmation,2,direct,11.349241150793087,11.602168747274376,11.503439903259277,11.503439903259277
1051,2027,confirmation,2,direct,12.080996832096167,12.105533429256853,12.166919708251953,12.166919708251953
1054,2027,confirmation,2,direct,11.881041706925902,11.902403719970868,11.905309677124023,11.905309677124023
1055,2027,confirmation,2,direct,12.449022745701502,12.475698298828693,12.517440795898438,12.517440795898438
1056,2027,confirmation,2,direct,12.100717685412471,11.97689424028478,11.95092487335205,11.95092487335205
1062,2027,confirmation,2,direct,11.302216779257382,11.570767328883134,11.296136856079102,11.296136856079102
1064,2027,confirmation,2,direct,11.612779849672751,11.774773107387102,11.789015769958496,11.789015769958496
1067,2027,confirmation,2,direct,12.08954444723597,12.068383999460362,12.059186935424805,12.059186935424805
1070,2027,confirmation,2,direct,11.813037464800539,11.765419219858881,11.774407386779785,11.774407386779785
1073,2027,confirmation,2,direct,11.424105180165641,11.639016818344967,11.66553783416748,11.66553783416748
1074,2027,confirmation,2,direct,11.979805470779858,11.946737576960883,11.914649963378906,11.914649963378906
1075,2027,confirmation,2,direct,12.175618592671356,12.10403981842587,12.156743049621582,12.156743049621582
1083,2027,confirmation,2,direct,12.165255859329688,12.18379898025836,12.166680335998535,12.166680335998535
1085,2027,confirmation,2,direct,12.141539457711714,12.116181793271679,12.126374244689941,12.126374244689941
1099,2027,confirmation,2,direct,11.759793355371237,11.58747292916579,11.557276725769043,11.557276725769043
1100,2027,confirmation,2,direct,11.964007453736912,11.928467729818568,11.901531219482422,11.901531219482422
1107,2027,confirmation,2,direct,12.100161978566867,12.144202593979077,12.175154685974121,12.175154685974121
1114,2027,confirmation,2,direct,11.80932691294063,11.808993002409967,11.786323547363281,11.786323547363281
1116,2027,confirmation,2,direct,12.669809806411457,12.587811216179388,12.5252103805542,12.5252103805542
1130,2027,confirmation,2,direct,11.849404844423074,11.822736891510434,11.782463073730469,11.782463073730469
1137,2027,confirmation,2,direct,11.686887175419702,11.704956493470643,11.699654579162598,11.699654579162598
1138,2027,confirmation,2,direct,11.451060699493427,11.407511272269833,11.299202919006348,11.299202919006348
1140,2027,confirmation,2,direct,11.87757552297847,11.717426730086771,11.686483383178711,11.686483383178711
1147,2027,confirmation,2,direct,12.100717685412471,12.100264989293366,12.085799217224121,12.085799217224121
1149,2027,confirmation,2,direct,11.669082701743504,11.603733876766976,11.668556213378906,11.668556213378906
1151,2027,confirmation,2,direct,11.728044909070785,11.747688240615554,11.763138771057129,11.763138771057129
1159,2027,confirmation,2,direct,12.367889578686164,12.357843584382383,12.369975090026855,12.369975090026855
1161,2027,confirmation,2,direct,11.891368749982085,11.860899381467569,11.875578880310059,11.875578880310059
1162,2027,confirmation,2,direct,12.319405795112926,12.217733796273182,12.262386322021484,12.262386322021484
1163,2027,confirmation,2,direct,11.767575435251748,11.746660184255932,11.712367057800293,11.712367057800293
1165,2027,confirmation,2,direct,12.175618592671356,12.17954274317872,12.16116714477539,12.16116714477539
1178,2027,confirmation,2,direct,11.652696102959753,11.616846356495254,11.623944282531738,11.623944282531738
1194,2027,confirmation,2,direct,12.013706813470414,12.01148781499978,11.997690200805664,11.997690200805664
1195,2027,confirmation,2,direct,11.970356641102999,11.878675995041597,11.898886680603027,11.898886680603027
1197,2027,confirmation,2,direct,12.29779001527865,12.307282805732989,12.362363815307617,12.362363815307617
1199,2027,confirmation,2,direct,12.08954444723597,12.041000896288466,12.105865478515625,12.105865478515625
1207,2027,confirmation,2,direct,11.580593459194764,11.631184525168667,11.703924179077148,11.703924179077148
1216,2027,confirmation,2,direct,11.736077016252437,11.593707457791995,11.623373031616211,11.623373031616211
1233,2027,confirmation,2,direct,11.530775206233024,11.51195336187832,11.5614652633667,11.5614652633667
1240,2027,confirmation,2,direct,12.490879338036375,12.33174283785234,12.373422622680664,12.373422622680664
1242,2027,confirmation,2,direct,12.42250975887691,12.413857913202945,12.37043285369873,12.37043285369873
1255,2027,confirmation,2,direct,12.016128107502665,12.15640540085276,12.136465072631836,12.136465072631836
1258,2027,confirmation,2,direct,11.511934974596555,11.362904931251041,11.392608642578125,11.392608642578125
1263,2027,confirmation,2,direct,11.992266613576142,11.87252004834298,11.879634857177734,11.879634857177734
1265,2027,confirmation,2,direct,12.10625783509458,12.029397909578742,12.023618698120117,12.023618698120117
1267,2027,confirmation,2,direct,11.711784520403112,11.78273686924829,11.830020904541016,11.830020904541016
1270,2027,confirmation,2,direct,11.87757552297847,11.815785545406495,11.832956314086914,11.832956314086914
1271,2027,confirmation,2,direct,12.468440756144114,12.349404524191955,12.335448265075684,12.335448265075684
1274,2027,confirmation,2,direct,12.083910661257521,12.017443229729071,12.027106285095215,12.027106285095215
1277,2027,confirmation,2,direct,11.995357787034976,12.018941524476585,11.989944458007812,11.989944458007812
1295,2027,confirmation,2,direct,11.652696102959753,11.72412429197561,11.688186645507812,11.688186645507812
1302,2027,confirmation,2,direct,12.086731521684555,12.050042652509262,12.004005432128906,12.004005432128906
1307,2027,confirmation,2,direct,12.218500103788143,12.136181565517012,12.133272171020508,12.133272171020508
1309,2027,confirmation,2,direct,11.898194668458823,11.879539906156072,11.866065979003906,11.866065979003906
1313,2027,confirmation,2,direct,12.618185607609803,12.532406694218635,12.649874687194824,12.649874687194824
1315,2027,confirmation,2,direct,11.686887175419702,11.674941556238666,11.705087661743164,11.705087661743164
1318,2027,confirmation,2,direct,12.249615734512616,12.164963915710517,12.144181251525879,12.144181251525879
1319,2027,confirmation,2,direct,12.524530013005734,12.506830014775908,12.460023880004883,12.460023880004883
1323,2027,confirmation,2,direct,12.154784614286667,12.313434089543692,12.272761344909668,12.272761344909668
1327,2027,confirmation,2,direct,11.277215789596893,11.41069916986713,11.334638595581055,11.334638595581055
1331,2027,confirmation,2,direct,12.33270970174018,12.360004435505006,12.437043190002441,12.437043190002441
1332,2027,confirmation,2,direct,11.794345471549745,11.78367092753848,11.755467414855957,11.755467414855957
1340,2027,confirmation,2,direct,11.763691965388299,11.743092488657023,11.753808975219727,11.753808975219727
1342,2027,confirmation,2,direct,11.951186847493476,11.936468983227698,12.00409984588623,12.00409984588623
1344,2027,confirmation,2,direct,12.083910661257521,12.018032435547655,12.022209167480469,12.022209167480469
1353,2027,confirmation,2,direct,11.812296455066814,11.71731292299486,11.671533584594727,11.671533584594727
1354,2027,confirmation,2,direct,12.923914877701906,12.894976323876126,12.98010540008545,12.98010540008545
1355,2027,confirmation,2,direct,12.367345048436391,12.368666215542703,12.352310180664062,12.352310180664062
1356,2027,confirmation,2,direct,12.04355959836804,12.142710229513082,12.190289497375488,12.190289497375488
1359,2027,confirmation,2,direct,12.086731521684555,12.042089039714146,12.036212921142578,12.036212921142578
1363,2027,confirmation,2,direct,11.560772327227417,11.8305576221904,11.81824016571045,11.81824016571045
1364,2027,confirmation,2,direct,11.963574241653713,12.038236076574014,12.067936897277832,12.067936897277832
1374,2027,confirmation,2,direct,13.05301544288996,13.014821813071213,12.868639945983887,12.868639945983887
1375,2027,confirmation,2,direct,12.429220196836383,12.455380376561855,12.352173805236816,12.352173805236816
1382,2027,confirmation,2,direct,12.377927112974284,12.221686923804624,12.282425880432129,12.282425880432129
1386,2027,confirmation,2,direct,11.74006900564972,11.641315475426769,11.575032234191895,11.575032234191895
1388,2027,confirmation,2,direct,11.820417517632333,11.92089126165456,11.865167617797852,11.865167617797852
1397,2027,confirmation,2,direct,11.982935344196433,12.017221371444952,11.995734214782715,11.995734214782715
1405,2027,confirmation,2,direct,11.561725152903833,11.549154019513887,11.415616989135742,11.415616989135742
1407,2027,confirmation,2,direct,11.798111925972618,11.798788992324706,11.807827949523926,11.807827949523926
1411,2027,confirmation,2,direct,12.345838935721968,12.254317948720292,12.281486511230469,12.281486511230469
1412,2027,confirmation,2,direct,11.849404844423074,11.897571876972162,11.88397216796875,11.88397216796875
1418,2027,confirmation,2,direct,12.73670383776449,12.738610535915852,12.624502182006836,12.624502182006836
1422,2027,confirmation,2,direct,11.755879486687116,11.837802642514452,11.849971771240234,11.849971771240234
1426,2027,confirmation,2,direct,11.863589378812122,11.871485169812843,11.852280616760254,11.852280616760254
1447,2027,confirmation,2,direct,11.969723533345908,11.862468652978706,11.884969711303711,11.884969711303711
1449,2027,confirmation,2,direct,11.626263078808801,11.636668026851947,11.599284172058105,11.599284172058105
1450,2027,confirmation,2,direct,11.429554725537322,11.425655303372842,11.373019218444824,11.373019218444824
1453,2027,confirmation,2,direct,11.884495917930655,11.812868720066868,11.756438255310059,11.756438255310059
1456,2027,confirmation,2,direct,12.07254696717504,12.09232874366646,12.080500602722168,12.080500602722168
1,2027,confirmation,3,direct,12.24769911637256,12.172961036658052,12.265857696533203,12.265857696533203
9,2027,confirmation,3,direct,11.774527900858468,11.815302847063805,11.867527961730957,11.867527961730957
14,2027,confirmation,3,direct,12.540761149388421,12.317297242500432,12.265604972839355,12.265604972839355
22,2027,confirmation,3,direct,11.845109950883979,11.765178684870053,11.72918701171875,11.72918701171875
28,2027,confirmation,3,direct,12.631343648903034,12.595328050877752,12.58069133758545,12.58069133758545
39,2027,confirmation,3,direct,11.599112335481124,11.7454713710768,11.779706001281738,11.779706001281738
49,2027,confirmation,3,direct,11.635151947212842,11.485517875702554,11.506047248840332,11.506047248840332
55,2027,confirmation,3,direct,11.775297421715827,11.725182513357236,11.710392951965332,11.710392951965332
65,2027,confirmation,3,direct,12.299112067295642,12.290242627892408,12.383237838745117,12.383237838745117
66,2027,confirmation,3,direct,12.666660207428574,12.654590977036412,12.613505363464355,12.613505363464355
70,2027,confirmation,3,direct,12.323860125621126,12.282174338169584,12.34363842010498,12.34363842010498
98,2027,confirmation,3,direct,11.459007676978688,11.721468234688551,11.79523754119873,11.79523754119873
99,2027,confirmation,3,direct,11.326607934898927,11.371466605237305,11.278812408447266,11.278812408447266
103,2027,confirmation,3,direct,11.68658461118553,11.665127322582393,11.696968078613281,11.696968078613281
118,2027,confirmation,3,direct,11.951186847493476,11.92267174461948,11.865086555480957,11.865086555480957
120,2027,confirmation,3,direct,12.0075668272517,12.05225216228473,12.070656776428223,12.070656776428223
122,2027,confirmation,3,direct,11.51293546492023,11.493787261261845,11.58362102508545,11.58362102508545
125,2027,confirmation,3,direct,12.10625783509458,12.053725431852516,12.080018997192383,12.080018997192383
132,2027,confirmation,3,direct,12.404927602627597,12.315316409068817,12.295893669128418,12.295893669128418
133,2027,confirmation,3,direct,11.923384748066601,11.9386499613763,11.919633865356445,11.919633865356445
136,2027,confirmation,3,direct,12.066816325306588,12.066890232634991,12.081036567687988,12.081036567687988
141,2027,confirmation,3,direct,11.652696102959753,11.555243041590696,11.61947250366211,11.61947250366211
155,2027,confirmation,3,direct,11.736077016252437,11.543280426420212,11.654970169067383,11.654970169067383
165,2027,confirmation,3,direct,11.931642378754141,11.882453647683702,11.914407730102539,11.914407730102539
169,2027,confirmation,3,direct,12.119975396053194,12.15629869878048,12.20217514038086,12.20217514038086
171,2027,confirmation,3,direct,11.763691965388299,11.69675480193152,11.756555557250977,11.756555557250977
172,2027,confirmation,3,direct,12.278397958261774,12.11054310765836,12.182204246520996,12.182204246520996
173,2027,confirmation,3,direct,12.384223015005313,12.226265909089523,12.236398696899414,12.236398696899414
176,2027,confirmation,3,direct,12.400820837540556,12.313105044205932,12.244481086730957,12.244481086730957
184,2027,confirmation,3,direct,12.206077645517674,12.121338088752125,12.399674415588379,12.399674415588379
187,2027,confirmation,3,direct,12.06105265381003,12.079098965420474,12.078683853149414,12.078683853149414
189,2027,confirmation,3,direct,11.940399914116648,11.869236533848351,11.932992935180664,11.932992935180664
193,2027,confirmation,3,direct,12.165255859329688,12.198811530308024,12.2001371383667,12.2001371383667
194,2027,confirmation,3,direct,11.775297421715827,11.870885293198514,11.877500534057617,11.877500534057617
195,2027,confirmation,3,direct,11.751950239425476,11.720120303188297,11.69207763671875,11.69207763671875
200,2027,confirmation,3,direct,12.524166311833152,12.634908542278305,12.60350513458252,12.60350513458252
204,2027,confirmation,3,direct,11.91170829631447,11.844235505106465,11.864502906799316,11.864502906799316
222,2027,confirmation,3,direct,12.206077645517674,12.317721147881102,12.265691757202148,12.265691757202148
223,2027,confirmation,3,direct,12.100161978566867,12.067652467787216,12.072426795959473,12.072426795959473
224,2027,confirmation,3,direct,11.48247656671073,11.677873457998077,11.703600883483887,11.703600883483887
226,2027,confirmation,3,direct,11.626263078808801,11.536566426640947,11.479536056518555,11.479536056518555
233,2027,confirmation,3,direct,11.456365695436427,11.479573869117672,11.50912094116211,11.50912094116211
237,2027,confirmation,3,direct,12.130815551850676,12.130738867727239,12.154830932617188,12.154830932617188
241,2027,confirmation,3,direct,12.47801017053037,12.543195072804352,12.499794960021973,12.499794960021973
245,2027,confirmation,3,direct,12.230770136157428,12.362752641299947,12.4317626953125,12.4317626953125
249,2027,confirmation,3,direct,12.100717685412471,12.124704783668905,12.178133964538574,12.178133964538574
268,2027,confirmation,3,direct,12.097936057925594,12.09567884745105,12.02875804901123,12.02875804901123
269,2027,confirmation,3,direct,11.699413330633599,11.644264239838373,11.609114646911621,11.609114646911621
271,2027,confirmation,3,direct,12.491255347155265,12.478114860513603,12.501362800598145,12.501362800598145
281,2027,confirmation,3,direct,12.339295865674435,12.310755616585297,12.294394493103027,12.294394493103027
282,2027,confirmation,3,direct,12.128116509451258,12.135381298796002,12.098403930664062,12.098403930664062
299,2027,confirmation,3,direct,12.07254696717504,12.1025340605732,12.100112915039062,12.100112915039062
300,2027,confirmation,3,direct,11.973516181427835,11.864464222468337,11.942083358764648,11.942083358764648
301,2027,confirmation,3,direct,11.964007453736912,11.9784980258679,11.993617057800293,11.993617057800293
309,2027,confirmation,3,direct,11.320565693461432,11.626475935569168,11.610433578491211,11.610433578491211
311,2027,confirmation,3,direct,12.017336559562407,12.07240888452256,12.123214721679688,12.123214721679688
313,2027,confirmation,3,direct,11.694421681264394,11.780500067671518,11.766520500183105,11.766520500183105
316,2027,confirmation,3,direct,12.146858590895919,12.134141481387593,12.147784233093262,12.147784233093262
329,2027,confirmation,3,direct,12.276069679344003,12.058994891318356,12.090950012207031,12.090950012207031
333,2027,confirmation,3,direct,12.556733038263905,12.663734136313874,12.719986915588379,12.719986915588379
340,2027,confirmation,3,direct,11.951186847493476,11.84482861767058,11.933747291564941,11.933747291564941
345,2027,confirmation,3,direct,11.350418300109132,11.422660841310691,11.506908416748047,11.506908416748047
350,2027,confirmation,3,direct,12.988043102265232,13.083831644733884,13.020752906799316,13.020752906799316
353,2027,confirmation,3,direct,11.461642696843066,11.424720462629239,11.3871488571167,11.3871488571167
365,2027,confirmation,3,direct,12.154784614286667,12.121124694485195,12.168209075927734,12.168209075927734
368,2027,confirmation,3,direct,12.013706813470414,11.961270968753427,11.923604011535645,11.923604011535645
370,2027,confirmation,3,direct,11.995357787034976,12.008219061530035,12.011247634887695,12.011247634887695
372,2027,confirmation,3,direct,11.808821212646512,11.691509028570227,11.629897117614746,11.629897117614746
375,2027,confirmation,3,direct,12.299112067295642,12.227140970137986,12.27711296081543,12.27711296081543
377,2027,confirmation,3,direct,11.904974309480181,11.834095360212526,11.761390686035156,11.761390686035156
378,2027,confirmation,3,direct,12.73670383776449,12.592117288685923,12.5927734375,12.5927734375
386,2027,confirmation,3,direct,12.165255859329688,12.084268180742908,12.127927780151367,12.127927780151367
387,2027,confirmation,3,direct,11.302216779257382,11.474287013009555,11.460371971130371,11.460371971130371
389,2027,confirmation,3,direct,12.160033942617156,12.191601050423992,12.152886390686035,12.152886390686035
402,2027,confirmation,3,direct,12.013646205940514,12.11378377367443,12.143890380859375,12.143890380859375
403,2027,confirmation,3,direct,11.58989576532275,11.514742669507777,11.522821426391602,11.522821426391602
414,2027,confirmation,3,direct,11.652696102959753,11.59450202516156,11.581507682800293,11.581507682800293
415,2027,confirmation,3,direct,12.337105293891872,12.379015312293596,12.40113353729248,12.40113353729248
421,2027,confirmation,3,direct,12.237091546357338,12.151892899355023,12.19066047668457,12.19066047668457
422,2027,confirmation,3,direct,12.278397958261774,12.304322295853025,12.298726081848145,12.298726081848145
424,2027,confirmation,3,direct,12.660331092405906,12.725539447496347,12.728553771972656,12.728553771972656
430,2027,confirmation,3,direct,12.07254696717504,12.070239876655213,12.081181526184082,12.081181526184082
438,2027,confirmation,3,direct,11.686887175419702,11.645107306715731,11.676231384277344,11.676231384277344
441,2027,confirmation,3,direct,13.22672519452875,13.091341023095042,13.035603523254395,13.035603523254395
443,2027,confirmation,3,direct,12.000897933306716,11.926760690958876,11.867767333984375,11.867767333984375
453,2027,confirmation,3,direct,12.225880174775122,12.246263478264273,12.22471809387207,12.22471809387207
456,2027,confirmation,3,direct,12.075400019877522,11.998921689228828,12.029817581176758,12.029817581176758
459,2027,confirmation,3,direct,11.989165855127435,11.938725416211351,11.972151756286621,11.972151756286621
472,2027,confirmation,3,direct,12.154784614286667,12.189569637758392,12.141714096069336,12.141714096069336
473,2027,confirmation,3,direct,11.904974309480181,11.840742229119794,11.79928207397461,11.79928207397461
474,2027,confirmation,3,direct,12.994532278619134,12.796009794372608,12.779739379882812,12.779739379882812
475,2027,confirmation,3,direct,12.433212202169729,12.419264826925044,12.437216758728027,12.437216758728027
479,2027,confirmation,3,direct,12.601490784782536,12.620572916251138,12.600676536560059,12.600676536560059
480,2027,confirmation,3,direct,11.401681006153428,11.631665798101775,11.684028625488281,11.684028625488281
486,2027,confirmation,3,direct,11.898194668458823,11.924275487016468,11.849908828735352,11.849908828735352
487,2027,confirmation,3,direct,11.957617696467539,11.911368393186356,11.906044960021973,11.906044960021973
489,2027,confirmation,3,direct,11.982935344196433,11.754429710708845,11.765142440795898,11.765142440795898
491,2027,confirmation,3,direct,11.652696102959753,11.611156519888892,11.671528816223145,11.671528816223145
494,2027,confirmation,3,direct,11.951186847493476,11.902646794184053,11.893065452575684,11.893065452575684
506,2027,confirmation,3,direct,11.732069026983156,11.726697770185234,11.753057479858398,11.753057479858398
508,2027,confirmation,3,direct,12.246739428005663,12.070101694917428,12.102137565612793,12.102137565612793
511,2027,confirmation,3,direct,12.013100572810686,12.01354391887317,11.982208251953125,11.982208251953125
514,2027,confirmation,3,direct,11.80560254159177,11.867848040798568,11.925707817077637,11.925707817077637
515,2027,confirmation,3,direct,11.477308649967686,11.405091901104065,11.393906593322754,11.393906593322754
521,2027,confirmation,3,direct,11.573559498507079,11.382748569044852,11.314348220825195,11.314348220825195
523,2027,confirmation,3,direct,11.976665770490767,11.92248195178497,11.89305591583252,11.89305591583252
525,2027,confirmation,3,direct,12.662709207270272,12.63430952819296,12.540836334228516,12.540836334228516
537,2027,confirmation,3,direct,12.144202560946876,12.185298725413572,12.238066673278809,12.238066673278809
546,2027,confirmation,3,direct,12.34148164933907,12.347965223102747,12.416707038879395,12.416707038879395
561,2027,confirmation,3,direct,11.707677772181546,12.001001910907648,12.0358247756958,12.0358247756958
566,2027,confirmation,3,direct,11.759793355371237,11.769076049342777,11.827997207641602,11.827997207641602
568,2027,confirmation,3,direct,12.273735966890268,12.20426972155552,12.138631820678711,12.138631820678711
577,2027,confirmation,3,direct,11.884495917930655,11.927812085563074,11.895956039428711,11.895956039428711
580,2027,confirmation,3,direct,11.78676973513378,11.776824688279829,11.802679061889648,11.802679061889648
584,2027,confirmation,3,direct,12.691583538230217,12.586808329712717,12.65858268737793,12.65858268737793
586,2027,confirmation,3,direct,12.820990681250251,12.867438775148242,12.79100227355957,12.79100227355957
591,2027,confirmation,3,direct,12.132969552931216,12.156823826821753,12.152997970581055,12.152997970581055
592,2027,confirmation,3,direct,13.02132904585825,12.965290487194425,12.928762435913086,12.928762435913086
595,2027,confirmation,3,direct,11.608244735642321,11.665388787557273,11.635367393493652,11.635367393493652
596,2027,confirmation,3,direct,12.672949516558306,12.67454470984899,12.643768310546875,12.643768310546875
603,2027,confirmation,3,direct,12.301387370778713,12.299839767527352,12.329549789428711,12.329549789428711
604,2027,confirmation,3,direct,11.92504173829169,11.956776685203387,11.949231147766113,11.949231147766113
605,2027,confirmation,3,direct,12.30592250537653,12.294712411533277,12.253996849060059,12.253996849060059
615,2027,confirmation,3,direct,11.231901180182515,11.264378376221726,11.257739067077637,11.257739067077637
616,2027,confirmation,3,direct,11.83138646878959,11.81278598588007,11.872817039489746,11.872817039489746
621,2027,confirmation,3,direct,11.112462823634855,11.053016920371078,10.973485946655273,10.973485946655273
622,2027,confirmation,3,direct,12.388398368982115,12.353083250427332,12.449066162109375,12.449066162109375
623,2027,confirmation,3,direct,11.813037464800539,11.743995542127054,11.731700897216797,11.731700897216797
626,2027,confirmation,3,direct,11.982935344196433,11.871288900200346,11.872422218322754,11.872422218322754
630,2027,confirmation,3,direct,12.034696963475044,11.978989646791224,11.957319259643555,11.957319259643555
637,2027,confirmation,3,direct,11.002116507732017,10.901811615570606,10.880975723266602,10.880975723266602
650,2027,confirmation,3,direct,11.344518647594766,11.215159932234513,11.202993392944336,11.202993392944336
659,2027,confirmation,3,direct,11.487617913343598,11.77059444884235,11.831144332885742,11.831144332885742
660,2027,confirmation,3,direct,12.025755079404917,11.985932736144632,11.9422025680542,11.9422025680542
663,2027,confirmation,3,direct,11.608244735642321,11.83478570991325,11.901686668395996,11.901686668395996
666,2027,confirmation,3,direct,12.348010479804223,12.385166462661967,12.405037879943848,12.405037879943848
669,2027,confirmation,3,direct,12.031725210748633,11.99386991870918,12.020670890808105,12.020670890808105
672,2027,confirmation,3,direct,11.548302261270587,11.582648390107957,11.695333480834961,11.695333480834961
673,2027,confirmation,3,direct,12.013706813470414,12.049689320167113,12.067947387695312,12.067947387695312
677,2027,confirmation,3,direct,11.373674891823535,11.6755820318007,11.690808296203613,11.690808296203613
684,2027,confirmation,3,direct,12.560247968016562,12.562590002935684,12.573625564575195,12.573625564575195
685,2027,confirmation,3,direct,12.30592250537653,12.265433562313989,12.208162307739258,12.208162307739258
693,2027,confirmation,3,direct,12.721888795877375,12.635430725046463,12.596317291259766,12.596317291259766
694,2027,confirmation,3,direct,11.59433032142082,11.576893464133564,11.526421546936035,11.526421546936035
696,2027,confirmation,3,direct,12.07824495582233,12.061330343459078,12.062124252319336,12.062124252319336
697,2027,confirmation,3,direct,11.39640288460621,11.435350599406714,11.311127662658691,11.311127662658691
699,2027,confirmation,3,direct,11.83863282480007,11.797620772711722,11.814066886901855,11.814066886901855
700,2027,confirmation,3,direct,12.185875040240456,12.12216483405867,12.149455070495605,12.149455070495605
713,2027,confirmation,3,direct,12.149507585033072,12.149100955528514,12.16114330291748,12.16114330291748
718,2027,confirmation,3,direct,11.964007453736912,11.98663617046875,11.964683532714844,11.964683532714844
721,2027,confirmation,3,direct,12.524530013005734,12.502774109176704,12.469315528869629,12.469315528869629
724,2027,confirmation,3,direct,11.813037464800539,11.801692011624246,11.808427810668945,11.808427810668945
733,2027,confirmation,3,direct,12.312686874960354,12.376538630889463,12.35489559173584,12.35489559173584
734,2027,confirmation,3,direct,11.786008995353765,11.811787157683215,11.778177261352539,11.778177261352539
735,2027,confirmation,3,direct,11.58989576532275,11.610276242195981,11.631964683532715,11.631964683532715
742,2027,confirmation,3,direct,11.863589378812122,11.812022391735638,11.875470161437988,11.875470161437988
744,2027,confirmation,3,direct,12.07254696717504,11.941554428991425,11.93364429473877,11.93364429473877
760,2027,confirmation,3,direct,12.577639650232573,12.626029185494291,12.650067329406738,12.650067329406738
765,2027,confirmation,3,direct,12.506180941677357,12.442121200419923,12.451186180114746,12.451186180114746
777,2027,confirmation,3,direct,12.308182383129823,12.319505220459748,12.289491653442383,12.289491653442383
780,2027,confirmation,3,direct,11.813037464800539,11.899727243215958,11.929795265197754,11.929795265197754
784,2027,confirmation,3,direct,12.016732516077072,12.011374679791867,11.946863174438477,11.946863174438477
788,2027,confirmation,3,direct,12.358798024384122,12.349543306963854,12.353876113891602,12.353876113891602
789,2027,confirmation,3,direct,11.588969419043874,11.564023365168367,11.664436340332031,11.664436340332031
795,2027,confirmation,3,direct,12.178192583415596,12.202009986850959,12.207159042358398,12.207159042358398
797,2027,confirmation,3,direct,11.874097282798648,11.83202892663783,11.861437797546387,11.861437797546387
801,2027,confirmation,3,direct,12.206077645517674,12.207396290187713,12.195357322692871,12.195357322692871
805,2027,confirmation,3,direct,11.678448377988165,11.63275472074133,11.618001937866211,11.618001937866211
806,2027,confirmation,3,direct,12.335700805443338,12.246423428095403,12.192178726196289,12.192178726196289
807,2027,confirmation,3,direct,11.816734299348461,11.78640002858694,11.779348373413086,11.779348373413086
808,2027,confirmation,3,direct,12.317171167298682,12.239642059121925,12.115839958190918,12.115839958190918
809,2027,confirmation,3,direct,11.982622797311857,11.88895430180034,11.89742660522461,11.89742660522461
810,2027,confirmation,3,direct,11.571203807011969,11.709275113640716,11.74274730682373,11.74274730682373
813,2027,confirmation,3,direct,10.932999821119937,11.472049845599036,11.360912322998047,11.360912322998047
816,2027,confirmation,3,direct,12.323415584358154,12.205246926723765,12.238757133483887,12.238757133483887
829,2027,confirmation,3,direct,12.128116509451258,12.092009446411643,12.071683883666992,12.071683883666992
835,2027,confirmation,3,direct,11.849047640327147,11.829357606889854,11.82656478881836,11.82656478881836
836,2027,confirmation,3,direct,11.759793355371237,11.781289074431202,11.763374328613281,11.763374328613281
837,2027,confirmation,3,direct,11.941462360646149,11.775769120630544,11.855871200561523,11.855871200561523
846,2027,confirmation,3,direct,12.049424683420915,12.114101747149451,12.133984565734863,12.133984565734863
856,2027,confirmation,3,direct,11.751950239425476,11.848438588863006,11.901494026184082,11.901494026184082
863,2027,confirmation,3,direct,11.931642378754141,11.872077384317373,11.910369873046875,11.910369873046875
866,2027,confirmation,3,direct,11.908346971208951,11.825501666049293,11.77489185333252,11.77489185333252
880,2027,confirmation,3,direct,11.824087219587643,11.805795789296456,11.804880142211914,11.804880142211914
888,2027,confirmation,3,direct,11.816734299348461,11.806137200290708,11.862147331237793,11.862147331237793
889,2027,confirmation,3,direct,12.498745990829315,12.617404216815055,12.65053939819336,12.65053939819336
901,2027,confirmation,3,direct,11.608244735642321,11.645371189940487,11.65888786315918,11.65888786315918
904,2027,confirmation,3,direct,12.388398368982115,12.407939004302131,12.372420310974121,12.372420310974121
909,2027,confirmation,3,direct,11.782960235741939,11.794296870824686,11.800264358520508,11.800264358520508
912,2027,confirmation,3,direct,11.874097282798648,11.936416743384965,11.88819408416748,11.88819408416748
918,2027,confirmation,3,direct,11.813037464800539,11.801175471535263,11.790278434753418,11.790278434753418
919,2027,confirmation,3,direct,12.380030154325457,12.473463819914532,12.483656883239746,12.483656883239746
922,2027,confirmation,3,direct,11.890683588496984,11.985954261106945,12.020543098449707,12.020543098449707
932,2027,confirmation,3,direct,11.674202123168433,11.754500907472636,11.74662971496582,11.74662971496582
935,2027,confirmation,3,direct,12.396697137361691,12.31066462456345,12.246034622192383,12.246034622192383
938,2027,confirmation,3,direct,12.441148720271016,12.355915182248918,12.333968162536621,12.333968162536621
942,2027,confirmation,3,direct,12.273735966890268,12.344378843688963,12.344088554382324,12.344088554382324
945,2027,confirmation,3,direct,11.83138646878959,12.018394950963035,11.929912567138672,11.929912567138672
949,2027,confirmation,3,direct,12.167856627501678,12.197413084658464,12.263846397399902,12.263846397399902
950,2027,confirmation,3,direct,12.193498926601634,12.067904697681614,12.100810050964355,12.100810050964355
952,2027,confirmation,3,direct,11.694421681264394,11.647258773227811,11.660344123840332,11.660344123840332
956,2027,confirmation,3,direct,11.884495917930655,11.87353439816596,11.986651420593262,11.986651420593262
957,2027,confirmation,3,direct,11.728044909070785,11.708147607405714,11.737469673156738,11.737469673156738
960,2027,confirmation,3,direct,11.951186847493476,12.07898471809475,12.076858520507812,12.076858520507812
967,2027,confirmation,3,direct,11.982935344196433,11.8309757818981,11.892578125,11.892578125
968,2027,confirmation,3,direct,11.813037464800539,11.824236149778441,11.811454772949219,11.811454772949219
976,2027,confirmation,3,direct,12.013706813470414,12.106481129838363,12.08929443359375,12.08929443359375
988,2027,confirmation,3,direct,12.887129532148373,12.967346181352864,12.874486923217773,12.874486923217773
993,2027,confirmation,3,direct,12.138869243416009,12.192523822135731,12.1614990234375,12.1614990234375
1007,2027,confirmation,3,direct,12.004574385508691,12.009099402920002,11.924093246459961,11.924093246459961
1009,2027,confirmation,3,direct,12.388398368982115,12.413170193983312,12.418928146362305,12.418928146362305
1010,2027,confirmation,3,direct,11.532737896139919,11.604599545452418,11.581302642822266,11.581302642822266
1011,2027,confirmation,3,direct,11.813037464800539,11.772130896915447,11.7470121383667,11.7470121383667
1016,2027,confirmation,3,direct,12.33270970174018,12.261458780818822,12.272783279418945,12.272783279418945
1021,2027,confirmation,3,direct,12.07824495582233,12.041696596284405,11.878945350646973,11.878945350646973
1023,2027,confirmation,3,direct,11.373674891823535,11.578861522031202,11.585009574890137,11.585009574890137
1032,2027,confirmation,3,direct,12.190964083849375,12.214649823340332,12.383517265319824,12.383517265319824
1040,2027,confirmation,3,direct,11.289794413577894,11.348270035866957,11.26931095123291,11.26931095123291
1042,2027,confirmation,3,direct,12.06105265381003,11.978863834739123,12.00090217590332,12.00090217590332
1052,2027,confirmation,3,direct,12.206782393599413,12.147474175645927,12.185200691223145,12.185200691223145
1078,2027,confirmation,3,direct,11.840796531639839,11.77579250987632,11.823687553405762,11.823687553405762
1079,2027,confirmation,3,direct,11.956976469393481,11.847033304079222,11.855639457702637,11.855639457702637
1082,2027,confirmation,3,direct,11.798111925972618,11.784592720322676,11.796603202819824,11.796603202819824
1098,2027,confirmation,3,direct,12.04355959836804,11.93602904453038,11.96741008758545,11.96741008758545
1102,2027,confirmation,3,direct,11.691080018519527,11.666296971539522,11.646831512451172,11.646831512451172
1103,2027,confirmation,3,direct,11.813037464800539,11.818220306178244,11.767203330993652,11.767203330993652
1104,2027,confirmation,3,direct,11.979805470779858,11.886757710267517,11.926447868347168,11.926447868347168
1109,2027,confirmation,3,direct,12.10625783509458,12.033050886559579,12.03470230102539,12.03470230102539
1113,2027,confirmation,3,direct,11.774527900858468,11.691459164271388,11.750408172607422,11.750408172607422
1128,2027,confirmation,3,direct,12.464587201678082,12.407355582162996,12.344192504882812,12.344192504882812
1143,2027,confirmation,3,direct,12.959540872420414,12.86338787745109,12.906107902526855,12.906107902526855
1146,2027,confirmation,3,direct,11.91170829631447,11.805526885622898,11.688584327697754,11.688584327697754
1153,2027,confirmation,3,direct,12.345838935721968,12.18248272557279,12.1903657913208,12.1903657913208
1168,2027,confirmation,3,direct,12.06105265381003,12.16845971795475,12.107778549194336,12.107778549194336
1173,2027,confirmation,3,direct,12.05467400868968,11.990944844533528,11.969303131103516,11.969303131103516
1175,2027,confirmation,3,direct,12.384223015005313,12.331239022392733,12.288890838623047,12.288890838623047
1177,2027,confirmation,3,direct,11.691080018519527,11.791265470703442,11.732583999633789,11.732583999633789
1179,2027,confirmation,3,direct,11.950541482162043,11.780992400218564,11.765203475952148,11.765203475952148
1182,2027,confirmation,3,direct,12.880294363972055,12.557604941170295,12.578011512756348,12.578011512756348
1185,2027,confirmation,3,direct,12.137263685701864,12.233544924894018,12.138081550598145,12.138081550598145
1190,2027,confirmation,3,direct,12.149507585033072,12.171649245792416,12.210232734680176,12.210232734680176
1206,2027,confirmation,3,direct,12.513193308436527,12.512385029568277,12.630980491638184,12.630980491638184
1208,2027,confirmation,3,direct,12.206077645517674,12.3114263403183,12.248933792114258,12.248933792114258
1217,2027,confirmation,3,direct,11.626263078808801,11.719837132175531,11.768421173095703,11.768421173095703
1221,2027,confirmation,3,direct,11.652696102959753,11.634165296324019,11.59550952911377,11.59550952911377
1224,2027,confirmation,3,direct,11.834291315386718,11.845720608031044,11.793495178222656,11.793495178222656
1229,2027,confirmation,3,direct,12.813920618864572,12.796382436745526,12.76998233795166,12.76998233795166
1232,2027,confirmation,3,direct,11.794345471549745,11.871177055428161,11.901147842407227,11.901147842407227
1249,2027,confirmation,3,direct,11.771443882099637,11.838683968153866,11.867393493652344,11.867393493652344
1252,2027,confirmation,3,direct,12.053801032483948,12.19589753779528,12.13744831085205,12.13744831085205
1254,2027,confirmation,3,direct,12.591338447675579,12.57284825819039,12.5400972366333,12.5400972366333
1259,2027,confirmation,3,direct,12.154784614286667,12.083086342365856,12.112173080444336,12.112173080444336
1264,2027,confirmation,3,direct,12.103491596905931,12.001367756845701,11.954880714416504,11.954880714416504
1269,2027,confirmation,3,direct,12.850557278777309,12.706440623009062,12.88444709777832,12.88444709777832
1297,2027,confirmation,3,direct,11.951186847493476,11.931216129620172,11.915481567382812,11.915481567382812
1298,2027,confirmation,3,direct,11.849404844423074,11.953525005971708,11.847357749938965,11.847357749938965
1301,2027,confirmation,3,direct,12.323860125621126,12.322568075258372,12.31484317779541,12.31484317779541
1304,2027,confirmation,3,direct,12.354496960983985,12.299852084285092,12.279875755310059,12.279875755310059
1305,2027,confirmation,3,direct,11.775297421715827,11.904489075920521,11.877274513244629,11.877274513244629
1314,2027,confirmation,3,direct,12.716405147731708,12.712362411519326,12.70366382598877,12.70366382598877
1317,2027,confirmation,3,direct,12.596403811053621,12.50379966471563,12.513792991638184,12.513792991638184
1321,2027,confirmation,3,direct,11.960817678718287,11.966910602094696,11.979769706726074,11.979769706726074
1322,2027,confirmation,3,direct,11.19135563385109,11.221110008378387,11.222201347351074,11.222201347351074
1333,2027,confirmation,3,direct,11.51293546492023,11.640031312080078,11.580724716186523,11.580724716186523
1337,2027,confirmation,3,direct,11.813037464800539,11.850354967167073,11.8692045211792,11.8692045211792
1338,2027,confirmation,3,direct,10.868587496017359,11.030309634539096,11.013885498046875,11.013885498046875
1341,2027,confirmation,3,direct,11.719947764402807,11.566073227586301,11.60304069519043,11.60304069519043
1343,2027,confirmation,3,direct,12.339295865674435,12.429093081680636,12.461451530456543,12.461451530456543
1345,2027,confirmation,3,direct,11.95655945119582,12.045286362377944,12.129281044006348,12.129281044006348
1347,2027,confirmation,3,direct,12.47801017053037,12.409260202332137,12.437542915344238,12.437542915344238
1358,2027,confirmation,3,direct,11.917730355182513,11.981071017058186,11.974797248840332,11.974797248840332
1367,2027,confirmation,3,direct,12.170450649220749,12.228673933954349,12.225287437438965,12.225287437438965
1373,2027,confirmation,3,direct,12.521981322562505,12.403287970099527,12.458343505859375,12.458343505859375
1378,2027,confirmation,3,direct,11.669937760751914,11.829980561661628,11.819190979003906,11.819190979003906
1379,2027,confirmation,3,direct,11.326607934898927,11.525256484760945,11.54185962677002,11.54185962677002
1385,2027,confirmation,3,direct,11.561725152903833,11.588404068173896,11.66712474822998,11.66712474822998
1390,2027,confirmation,3,direct,11.782960235741939,11.806308305869127,11.827104568481445,11.827104568481445
1391,2027,confirmation,3,direct,12.367345048436391,12.336329858757384,12.313261985778809,12.313261985778809
1395,2027,confirmation,3,direct,12.415437707935368,12.30244868767189,12.2933988571167,12.2933988571167
1410,2027,confirmation,3,direct,12.278397958261774,12.25642623099351,12.254410743713379,12.254410743713379
1415,2027,confirmation,3,direct,12.240478903153711,12.18759651179523,12.149786949157715,12.149786949157715
1420,2027,confirmation,3,direct,12.314931534737134,12.39828049358283,12.334136962890625,12.334136962890625
1435,2027,confirmation,3,direct,11.982935344196433,12.029662024495053,11.997380256652832,11.997380256652832
1437,2027,confirmation,3,direct,11.699413330633599,11.67092156589258,11.659184455871582,11.659184455871582
1438,2027,confirmation,3,direct,12.885673487343764,12.808221190894296,12.755915641784668,12.755915641784668
1441,2027,confirmation,3,direct,12.160033942617156,12.132695702332656,12.127567291259766,12.127567291259766
1444,2027,confirmation,3,direct,11.703554089007538,11.566945922631524,11.620223999023438,11.620223999023438
1451,2027,confirmation,3,direct,11.820417517632333,11.7894385271328,11.811531066894531,11.811531066894531
1452,2027,confirmation,3,direct,12.567554517655415,12.427583961692731,12.4345121383667,12.4345121383667
1457,2027,confirmation,3,direct,12.25486757159303,12.177670585374443,12.188459396362305,12.188459396362305
1459,2027,confirmation,3,direct,11.864469267087891,11.79447334695175,11.804618835449219,11.804618835449219
1460,2027,confirmation,3,direct,11.901590234400047,11.921717742791015,11.873828887939453,11.873828887939453
2,2027,confirmation,4,direct,12.109016442313738,12.068940104926428,12.05646800994873,12.05646800994873
7,2027,confirmation,4,direct,12.634606283893019,12.501863674612006,12.528813362121582,12.528813362121582
20,2027,confirmation,4,direct,11.842236406331555,11.667270933574905,11.692160606384277,11.692160606384277
24,2027,confirmation,4,direct,11.774527900858468,11.831706831699053,11.854530334472656,11.854530334472656
26,2027,confirmation,4,direct,12.454107814022272,12.46086938604504,12.407125473022461,12.407125473022461
35,2027,confirmation,4,direct,12.533579815765737,12.591821471813379,12.557005882263184,12.557005882263184
38,2027,confirmation,4,direct,11.938199736300925,11.959325490130897,11.9241361618042,11.9241361618042
42,2027,confirmation,4,direct,12.04355959836804,12.048269784505711,12.051130294799805,12.051130294799805
47,2027,confirmation,4,direct,12.387089184491993,12.585421665426077,12.545888900756836,12.545888900756836
52,2027,confirmation,4,direct,11.648338835562747,11.691928820068137,11.66682243347168,11.66682243347168
57,2027,confirmation,4,direct,12.058158312538197,12.207171017390907,12.276432991027832,12.276432991027832
72,2027,confirmation,4,direct,11.771443882099637,11.77861439040848,11.699673652648926,11.699673652648926
76,2027,confirmation,4,direct,11.418625774449598,11.422789697484138,11.383063316345215,11.383063316345215
77,2027,confirmation,4,direct,11.818577604251555,11.644002034627347,11.686144828796387,11.686144828796387
78,2027,confirmation,4,direct,11.751950239425476,11.680051570866903,11.67848014831543,11.67848014831543
92,2027,confirmation,4,direct,11.498836682527127,11.69543335110005,11.714323997497559,11.714323997497559
100,2027,confirmation,4,direct,11.767187766223199,11.70605810691796,11.720677375793457,11.720677375793457
102,2027,confirmation,4,direct,12.08954444723597,12.063442821995372,12.032196044921875,12.032196044921875
104,2027,confirmation,4,direct,12.200562492481511,12.136123974959862,12.096317291259766,12.096317291259766
106,2027,confirmation,4,direct,12.429220196836383,12.42385899372476,12.431793212890625,12.431793212890625
107,2027,confirmation,4,direct,11.51293546492023,11.368036540064747,11.486418724060059,11.486418724060059
109,2027,confirmation,4,direct,11.652696102959753,11.69632582534347,11.701807975769043,11.701807975769043
112,2027,confirmation,4,direct,12.100717685412471,12.048577948535781,12.016946792602539,12.016946792602539
116,2027,confirmation,4,direct,12.07824495582233,12.015868422714773,11.998991966247559,11.998991966247559
117,2027,confirmation,4,direct,11.842236406331555,11.75151074194781,11.801487922668457,11.801487922668457
119,2027,confirmation,4,direct,12.676079399771027,12.73449273820725,12.776420593261719,12.776420593261719
143,2027,confirmation,4,direct,12.019749091416921,11.764383344274252,11.755610466003418,11.755610466003418
158,2027,confirmation,4,direct,12.504327379899443,12.519616982158638,12.500188827514648,12.500188827514648
159,2027,confirmation,4,direct,12.448630513463613,12.371219334468027,12.297385215759277,12.297385215759277
162,2027,confirmation,4,direct,12.929993908996359,12.952296873952951,12.912820816040039,12.912820816040039
164,2027,confirmation,4,direct,11.544433821905134,11.38429192108901,11.527936935424805,11.527936935424805
170,2027,confirmation,4,direct,12.337105293891872,12.385845514019815,12.391571998596191,12.391571998596191
174,2027,confirmation,4,direct,12.001511614739405,11.93873447279414,11.972256660461426,11.972256660461426
179,2027,confirmation,4,direct,13.126032637428713,12.94486797157908,12.927945137023926,12.927945137023926
181,2027,confirmation,4,direct,12.083910661257521,12.0544970299575,12.048754692077637,12.048754692077637
192,2027,confirmation,4,direct,12.122696471358964,12.028377618930357,12.089680671691895,12.089680671691895
196,2027,confirmation,4,direct,11.908346971208951,11.893260289285143,11.93373966217041,11.93373966217041
197,2027,confirmation,4,direct,12.650351332641707,12.623553057889286,12.614511489868164,12.614511489868164
203,2027,confirmation,4,direct,11.626263078808801,11.61804091438206,11.778961181640625,11.778961181640625
215,2027,confirmation,4,direct,11.993813394724253,11.895336946113414,11.83400821685791,11.83400821685791
218,2027,confirmation,4,direct,11.580593459194764,11.363120213724159,11.40084171295166,11.40084171295166
228,2027,confirmation,4,direct,11.571203807011969,11.488658879877393,11.458006858825684,11.458006858825684
254,2027,confirmation,4,direct,11.970356641102999,11.96257867117926,12.008428573608398,12.008428573608398
258,2027,confirmation,4,direct,12.301387370778713,12.364645493243994,12.366393089294434,12.366393089294434
262,2027,confirmation,4,direct,12.52815976788113,12.773137123310553,12.747352600097656,12.747352600097656
263,2027,confirmation,4,direct,11.92504173829169,11.885642987920477,11.958580017089844,11.958580017089844
265,2027,confirmation,4,direct,11.19822841866684,11.344468822736898,11.338922500610352,11.338922500610352
272,2027,confirmation,4,direct,12.394628892852941,12.289117940019,12.283052444458008,12.283052444458008
277,2027,confirmation,4,direct,12.211065162153215,12.188399590119325,12.276205062866211,12.276205062866211
279,2027,confirmation,4,direct,12.936754021718041,12.862126185311523,12.768274307250977,12.768274307250977
286,2027,confirmation,4,direct,12.011886987792716,12.007661388023706,12.033512115478516,12.033512115478516
287,2027,confirmation,4,direct,11.976665770490767,12.140009757373727,12.112055778503418,12.112055778503418
290,2027,confirmation,4,direct,11.941950837487406,11.840137924424548,11.810473442077637,11.810473442077637
295,2027,confirmation,4,direct,12.025755079404917,11.947112094643295,12.04741096496582,12.04741096496582
306,2027,confirmation,4,direct,12.631016799175821,12.608931274124572,12.654422760009766,12.654422760009766
307,2027,confirmation,4,direct,12.323860125621126,12.321768010115385,12.375232696533203,12.375232696533203
312,2027,confirmation,4,direct,11.790564777297387,11.823597342956893,11.87319564819336,11.87319564819336
314,2027,confirmation,4,direct,12.834683971615659,12.433397669591555,12.474089622497559,12.474089622497559
317,2027,confirmation,4,direct,12.468440756144114,12.397105733888454,12.438335418701172,12.438335418701172
318,2027,confirmation,4,direct,12.506180941677357,12.472219865434061,12.474422454833984,12.474422454833984
324,2027,confirmation,4,direct,11.745433036677353,11.658827870071446,11.661986351013184,11.661986351013184
330,2027,confirmation,4,direct,11.264476926102367,11.27379425527992,11.299365997314453,11.299365997314453
334,2027,confirmation,4,direct,12.240478903153711,12.141524382821784,12.104462623596191,12.104462623596191
337,2027,confirmation,4,direct,12.841132451487937,12.806040782604958,12.77150821685791,12.77150821685791
343,2027,confirmation,4,direct,11.37940550085183,11.46857202303626,11.410411834716797,11.410411834716797
349,2027,confirmation,4,direct,11.944714374881176,12.151901749507347,12.133878707885742,12.133878707885742
352,2027,confirmation,4,direct,12.154784614286667,12.234212121526209,12.234522819519043,12.234522819519043
356,2027,confirmation,4,direct,12.086731521684555,12.0534638742362,12.11523723602295,12.11523723602295
364,2027,confirmation,4,direct,11.678448377988165,11.543634985034007,11.589960098266602,11.589960098266602
379,2027,confirmation,4,direct,12.885204569609956,12.853990579673933,12.809747695922852,12.809747695922852
380,2027,confirmation,4,direct,12.095146671399466,12.076236791191738,12.046174049377441,12.046174049377441
390,2027,confirmation,4,direct,12.962196972666593,12.957952511272843,12.993430137634277,12.993430137634277
392,2027,confirmation,4,direct,12.278397958261774,12.31942401154884,12.288272857666016,12.288272857666016
393,2027,confirmation,4,direct,11.575909653758895,11.601314959824215,11.5560302734375,11.5560302734375
395,2027,confirmation,4,direct,11.599112335481124,11.607541057690678,11.599196434020996,11.599196434020996
396,2027,confirmation,4,direct,11.767575435251748,11.761346574274059,11.765738487243652,11.765738487243652
397,2027,confirmation,4,direct,11.719947764402807,11.740118301681699,11.790740966796875,11.790740966796875
408,2027,confirmation,4,direct,12.083910661257521,11.952098137043755,12.007340431213379,12.007340431213379
411,2027,confirmation,4,direct,11.002116507732017,11.531485451906498,11.493256568908691,11.493256568908691
412,2027,confirmation,4,direct,11.884495917930655,11.838771516726363,11.92701244354248,11.92701244354248
423,2027,confirmation,4,direct,11.635151947212842,11.671758032712768,11.658345222473145,11.658345222473145
434,2027,confirmation,4,direct,12.10625783509458,12.083700757281168,12.074808120727539,12.074808120727539
435,2027,confirmation,4,direct,11.302216779257382,11.328781806042395,11.348390579223633,11.348390579223633
440,2027,confirmation,4,direct,11.608244735642321,11.831416643512974,11.75459098815918,11.75459098815918
448,2027,confirmation,4,direct,12.20557752297723,12.236185755655063,12.20984935760498,12.20984935760498
457,2027,confirmation,4,direct,11.49273296168228,11.283716195752408,11.243348121643066,11.243348121643066
462,2027,confirmation,4,direct,11.951186847493476,11.915793429082802,11.91292667388916,11.91292667388916
463,2027,confirmation,4,direct,11.04106411122238,11.726547310750089,11.73997688293457,11.73997688293457
465,2027,confirmation,4,direct,11.728044909070785,11.631655186706894,11.655044555664062,11.655044555664062
469,2027,confirmation,4,direct,12.429220196836383,12.418015739102865,12.428132057189941,12.428132057189941
471,2027,confirmation,4,direct,12.264346270624157,12.213909773577937,12.353314399719238,12.353314399719238
484,2027,confirmation,4,direct,12.00762780434872,11.937351352211996,11.974617958068848,11.974617958068848
485,2027,confirmation,4,direct,11.794345471549745,11.780812679561892,11.808089256286621,11.808089256286621
493,2027,confirmation,4,direct,12.059809113551397,12.04952667708277,11.99835205078125,11.99835205078125
499,2027,confirmation,4,direct,11.775297421715827,11.790994953937448,11.785886764526367,11.785886764526367
512,2027,confirmation,4,direct,12.2193145828011,12.140410910536502,12.164017677307129,12.164017677307129
513,2027,confirmation,4,direct,11.774527900858468,11.715249144313646,11.760782241821289,11.760782241821289
520,2027,confirmation,4,direct,12.36308066783498,12.424413472420836,12.3609619140625,12.3609619140625
532,2027,confirmation,4,direct,11.759793355371237,11.76675805704558,11.844727516174316,11.844727516174316
534,2027,confirmation,4,direct,10.579005242826247,10.979683998060189,11.065752983093262,11.065752983093262
540,2027,confirmation,4,direct,12.513561021741964,12.434546558090009,12.434124946594238,12.434124946594238
544,2027,confirmation,4,direct,11.798111925972618,11.792400834285305,11.850831031799316,11.850831031799316
548,2027,confirmation,4,direct,11.771443882099637,11.751447792795023,11.763310432434082,11.763310432434082
549,2027,confirmation,4,direct,11.736077016252437,11.697609887537237,11.75486946105957,11.75486946105957
553,2027,confirmation,4,direct,12.450981602512561,12.497895715036512,12.476235389709473,12.476235389709473
574,2027,confirmation,4,direct,12.04355959836804,12.02940476892813,12.003515243530273,12.003515243530273
578,2027,confirmation,4,direct,12.010671928196443,11.934923932613742,11.972065925598145,11.972065925598145
597,2027,confirmation,4,direct,11.648373769145277,11.576564337441923,11.659906387329102,11.659906387329102
600,2027,confirmation,4,direct,11.92504173829169,11.942611856366588,11.960206031799316,11.960206031799316
602,2027,confirmation,4,direct,11.856522261533737,11.769399552888324,11.716225624084473,11.716225624084473
612,2027,confirmation,4,direct,11.904974309480181,11.979304818931721,11.981778144836426,11.981778144836426
628,2027,confirmation,4,direct,11.938199736300925,12.00314363030232,12.050067901611328,12.050067901611328
632,2027,confirmation,4,direct,12.252483791602627,12.344805716149853,12.322603225708008,12.322603225708008
634,2027,confirmation,4,direct,11.845109950883979,11.838674350439614,11.871621131896973,11.871621131896973
635,2027,confirmation,4,direct,11.87757552297847,11.816183062529396,11.908608436584473,11.908608436584473
636,2027,confirmation,4,direct,12.206077645517674,12.07314408724359,12.124626159667969,12.124626159667969
642,2027,confirmation,4,direct,12.328294703023396,12.406595886147777,12.390308380126953,12.390308380126953
643,2027,confirmation,4,direct,12.75130259456002,12.728163651879632,12.850898742675781,12.850898742675781
646,2027,confirmation,4,direct,11.872353615355413,11.83292620685844,11.871891021728516,11.871891021728516
652,2027,confirmation,4,direct,11.58989576532275,11.621651640260646,11.523138999938965,11.523138999938965
655,2027,confirmation,4,direct,12.765691290604371,12.829545656904987,12.891609191894531,12.891609191894531
656,2027,confirmation,4,direct,11.385103457032141,11.342531469707522,11.404767990112305,11.404767990112305
657,2027,confirmation,4,direct,11.8879382384223,11.86409799437964,11.85676097869873,11.85676097869873
667,2027,confirmation,4,direct,11.767575435251748,12.06151521726143,12.169400215148926,12.169400215148926
671,2027,confirmation,4,direct,12.063938642041201,12.068321987228328,12.052145957946777,12.052145957946777
675,2027,confirmation,4,direct,11.849404844423074,11.897662129912028,11.912382125854492,11.912382125854492
686,2027,confirmation,4,direct,12.242891437918386,12.31436409834067,12.227611541748047,12.227611541748047
689,2027,confirmation,4,direct,12.879019669789754,12.316173651452035,12.325870513916016,12.325870513916016
690,2027,confirmation,4,direct,12.179220327453933,12.146079166556481,12.131437301635742,12.131437301635742
698,2027,confirmation,4,direct,11.724004532183379,11.789804621252914,11.745437622070312,11.745437622070312
701,2027,confirmation,4,direct,12.652362948153474,12.638326588208344,12.604059219360352,12.604059219360352
711,2027,confirmation,4,direct,10.859018228147887,11.310452930064255,11.289697647094727,11.289697647094727
712,2027,confirmation,4,direct,11.54031687156214,11.476682410827319,11.192880630493164,11.192880630493164
717,2027,confirmation,4,direct,11.979805470779858,12.146659141710803,12.118968963623047,12.118968963623047
739,2027,confirmation,4,direct,12.095146671399466,11.828190100950838,11.823907852172852,11.823907852172852
740,2027,confirmation,4,direct,12.154784614286667,12.187572024192024,12.178011894226074,12.178011894226074
743,2027,confirmation,4,direct,12.095146671399466,12.019779818966287,12.103981018066406,12.103981018066406
747,2027,confirmation,4,direct,12.371591321286905,12.361858274141756,12.383767127990723,12.383767127990723
754,2027,confirmation,4,direct,12.526346537332584,12.526698165574192,12.510767936706543,12.510767936706543
755,2027,confirmation,4,direct,11.957617696467539,11.864519991007738,11.940760612487793,11.940760612487793
761,2027,confirmation,4,direct,11.755879486687116,11.651089632949263,11.725761413574219,11.725761413574219
763,2027,confirmation,4,direct,12.279327754099118,12.205118776816416,12.197256088256836,12.197256088256836
767,2027,confirmation,4,direct,12.188422799337028,12.139357040307106,12.14255142211914,12.14255142211914
769,2027,confirmation,4,direct,12.28690580994122,12.348811500758453,12.348804473876953,12.348804473876953
771,2027,confirmation,4,direct,11.812296455066814,11.808971597739225,11.788860321044922,11.788860321044922
779,2027,confirmation,4,direct,11.87757552297847,11.785480076918198,11.771095275878906,11.771095275878906
782,2027,confirmation,4,direct,12.077676615757813,12.102179594055876,12.101285934448242,12.101285934448242
786,2027,confirmation,4,direct,11.992266613576142,12.011714477561544,11.983609199523926,11.983609199523926
792,2027,confirmation,4,direct,11.896833207128452,11.911370673976267,11.913823127746582,11.913823127746582
815,2027,confirmation,4,direct,11.661354090741,11.681979224376747,11.620351791381836,11.620351791381836
821,2027,confirmation,4,direct,12.117246896289503,12.133569615968101,12.131294250488281,12.131294250488281
823,2027,confirmation,4,direct,12.323860125621126,12.137132932383446,12.194969177246094,12.194969177246094
825,2027,confirmation,4,direct,12.357079818283598,12.32622180916826,12.350019454956055,12.350019454956055
826,2027,confirmation,4,direct,12.861001210669146,12.956950660138041,12.925992965698242,12.925992965698242
828,2027,confirmation,4,direct,12.149507585033072,12.17867086610312,12.156432151794434,12.156432151794434
832,2027,confirmation,4,direct,11.92504173829169,11.93251293608464,11.938607215881348,11.938607215881348
833,2027,confirmation,4,direct,12.37581963951765,12.315463587942174,12.311524391174316,12.311524391174316
844,2027,confirmation,4,direct,11.856522261533737,11.744995439153122,11.74528694152832,11.74528694152832
868,2027,confirmation,4,direct,11.767575435251748,11.842222082031295,11.784964561462402,11.784964561462402
871,2027,confirmation,4,direct,11.603688960617083,11.52415859691256,11.508163452148438,11.508163452148438
873,2027,confirmation,4,direct,11.661354090741,11.669806479315703,11.649062156677246,11.649062156677246
878,2027,confirmation,4,direct,12.765691290604371,12.772232216423223,12.805294036865234,12.805294036865234
879,2027,confirmation,4,direct,11.904974309480181,11.918268985459248,11.903584480285645,11.903584480285645
887,2027,confirmation,4,direct,11.884495917930655,11.966460306243004,12.027116775512695,12.027116775512695
891,2027,confirmation,4,direct,11.719134432217524,11.694064192947417,11.650508880615234,11.650508880615234
893,2027,confirmation,4,direct,11.947955847790901,11.85667851987257,11.858720779418945,11.858720779418945
895,2027,confirmation,4,direct,11.685693195625964,11.710834512751683,11.696531295776367,11.696531295776367
896,2027,confirmation,4,direct,11.849404844423074,12.02013801800387,12.043633460998535,12.043633460998535
902,2027,confirmation,4,direct,11.938199736300925,11.85818233228173,11.867868423461914,11.867868423461914
906,2027,confirmation,4,direct,11.759793355371237,11.75454565465218,11.769002914428711,11.769002914428711
911,2027,confirmation,4,direct,11.946660519211651,11.862995332408348,11.87129020690918,11.87129020690918
915,2027,confirmation,4,direct,12.065280672855897,12.025277056458837,11.980676651000977,11.980676651000977
923,2027,confirmation,4,direct,12.043500773454495,12.054212410495289,12.0455322265625,12.0455322265625
924,2027,confirmation,4,direct,12.170450649220749,12.191867928942226,12.176702499389648,12.176702499389648
934,2027,confirmation,4,direct,12.154784614286667,12.20629110614251,12.163989067077637,12.163989067077637
939,2027,confirmation,4,direct,12.387560521575551,12.39361631148455,12.42890739440918,12.42890739440918
946,2027,confirmation,4,direct,11.735276702486741,11.8485091625325,11.96858024597168,11.96858024597168
948,2027,confirmation,4,direct,12.506180941677357,12.557390116830794,12.546468734741211,12.546468734741211
953,2027,confirmation,4,direct,11.804855999911272,11.75448859812286,11.77005386352539,11.77005386352539
959,2027,confirmation,4,direct,12.128116509451258,12.176767441501376,12.189128875732422,12.189128875732422
963,2027,confirmation,4,direct,11.951186847493476,11.938862186290466,12.040059089660645,12.040059089660645
964,2027,confirmation,4,direct,12.384223015005313,12.476033357393046,12.615375518798828,12.615375518798828
969,2027,confirmation,4,direct,10.542732775946709,11.104467370750221,11.005362510681152,11.005362510681152
981,2027,confirmation,4,direct,12.091789104493502,11.988036239719657,12.082842826843262,12.082842826843262
986,2027,confirmation,4,direct,11.736077016252437,11.642535564504069,11.780244827270508,11.780244827270508
1005,2027,confirmation,4,direct,12.10625783509458,12.143966291796128,12.163576126098633,12.163576126098633
1006,2027,confirmation,4,direct,11.917730355182513,11.829969680846572,11.797367095947266,11.797367095947266
1008,2027,confirmation,4,direct,11.385103457032141,11.372004186360613,11.332158088684082,11.332158088684082
1020,2027,confirmation,4,direct,12.271349956195543,12.219812119103649,12.204922676086426,12.204922676086426
1026,2027,confirmation,4,direct,11.630717389475995,11.728582051669473,11.710883140563965,11.710883140563965
1028,2027,confirmation,4,direct,12.588194064175278,12.714457208639587,12.588603019714355,12.588603019714355
1035,2027,confirmation,4,direct,11.693169865968983,11.713614575872333,11.700934410095215,11.700934410095215
1043,2027,confirmation,4,direct,12.185875040240456,12.180874728195386,12.163859367370605,12.163859367370605
1046,2027,confirmation,4,direct,11.846543632608535,11.74891056770487,11.659290313720703,11.659290313720703
1053,2027,confirmation,4,direct,12.013706813470414,11.995858910518994,12.05903434753418,12.05903434753418
1057,2027,confirmation,4,direct,12.13270055639427,12.297869977317132,12.22550106048584,12.22550106048584
1061,2027,confirmation,4,direct,12.271396795480596,12.226657160064368,12.249592781066895,12.249592781066895
1063,2027,confirmation,4,direct,11.407576060361786,11.729011211851091,11.749110221862793,11.749110221862793
1065,2027,confirmation,4,direct,11.944714374881176,11.946185694199846,11.933711051940918,11.933711051940918
1071,2027,confirmation,4,direct,11.813037464800539,11.790168929075737,11.790458679199219,11.790458679199219
1077,2027,confirmation,4,direct,12.04355959836804,11.945613702585653,11.936756134033203,11.936756134033203
1090,2027,confirmation,4,direct,12.190964083849375,12.23748746381957,12.274188995361328,12.274188995361328
1095,2027,confirmation,4,direct,11.767575435251748,11.797634059938074,11.791722297668457,11.791722297668457
1105,2027,confirmation,4,direct,11.571203807011969,11.67946611007048,11.598011016845703,11.598011016845703
1108,2027,confirmation,4,direct,12.52352951631214,12.327872033090962,12.313851356506348,12.313851356506348
1110,2027,confirmation,4,direct,12.54254845357358,12.66268649552062,12.576871871948242,12.576871871948242
1115,2027,confirmation,4,direct,11.669937760751914,11.658436897392706,11.716673851013184,11.716673851013184
1118,2027,confirmation,4,direct,11.775297421715827,11.833265302811734,11.819992065429688,11.819992065429688
1119,2027,confirmation,4,direct,11.849404844423074,11.794918682395236,11.806534767150879,11.806534767150879
1121,2027,confirmation,4,direct,11.681832447342321,11.66694859097822,11.655550956726074,11.655550956726074
1122,2027,confirmation,4,direct,12.268582547911404,12.275034537086862,12.304764747619629,12.304764747619629
1136,2027,confirmation,4,direct,11.532737896139919,11.56459578708033,11.626001358032227,11.626001358032227
1145,2027,confirmation,4,direct,11.289794413577894,11.34157692233879,11.382123947143555,11.382123947143555
1152,2027,confirmation,4,direct,11.917730355182513,11.989997223200191,11.976700782775879,11.976700782775879
1154,2027,confirmation,4,direct,11.699413330633599,11.648242480688,11.70602035522461,11.70602035522461
1157,2027,confirmation,4,direct,12.100161978566867,12.105023683834515,12.101408958435059,12.101408958435059
1158,2027,confirmation,4,direct,12.345838935721968,12.280121416050093,12.279332160949707,12.279332160949707
1160,2027,confirmation,4,direct,12.128116509451258,12.17390615655091,12.104232788085938,12.104232788085938
1164,2027,confirmation,4,direct,11.59873612138334,11.86218184289055,11.770816802978516,11.770816802978516
1167,2027,confirmation,4,direct,12.41044511731981,12.40928155507066,12.426338195800781,12.426338195800781
1169,2027,confirmation,4,direct,12.367345048436391,12.213082266286277,12.237386703491211,12.237386703491211
1172,2027,confirmation,4,direct,12.001511614739405,11.990661349954182,12.003668785095215,12.003668785095215
1176,2027,confirmation,4,direct,12.560247968016562,12.586731650895565,12.692272186279297,12.692272186279297
1180,2027,confirmation,4,direct,11.440365524765756,11.49363085314421,11.458375930786133,11.458375930786133
1183,2027,confirmation,4,direct,13.521140839642674,13.086066696427448,13.155574798583984,13.155574798583984
1184,2027,confirmation,4,direct,11.695255355062795,11.874539608629384,11.868197441101074,11.868197441101074
1189,2027,confirmation,4,direct,12.180759965737863,12.130028530781885,12.090091705322266,12.090091705322266
1191,2027,confirmation,4,direct,12.031725210748633,12.089868186035737,12.010041236877441,12.010041236877441
1192,2027,confirmation,4,direct,12.066816325306588,12.025985472426177,11.986353874206543,11.986353874206543
1200,2027,confirmation,4,direct,11.904974309480181,11.850383020443044,11.796577453613281,11.796577453613281
1204,2027,confirmation,4,direct,12.269052139516223,12.276497640324308,12.26927375793457,12.26927375793457
1210,2027,confirmation,4,direct,12.577639650232573,12.503597041276386,12.533305168151855,12.533305168151855
1211,2027,confirmation,4,direct,12.149507585033072,12.202042082070072,12.119635581970215,12.119635581970215
1212,2027,confirmation,4,direct,12.00762780434872,12.235883341260756,12.259069442749023,12.259069442749023
1213,2027,confirmation,4,direct,11.635151947212842,11.387622468421487,11.3350830078125,11.3350830078125
1214,2027,confirmation,4,direct,11.884495917930655,11.665665982831692,11.695018768310547,11.695018768310547
1218,2027,confirmation,4,direct,12.343470927093518,12.427665655267509,12.387301445007324,12.387301445007324
1219,2027,confirmation,4,direct,11.296024885689746,11.139489659643791,11.116560935974121,11.116560935974121
1222,2027,confirmation,4,direct,11.80560254159177,11.709747991796776,11.681007385253906,11.681007385253906
1226,2027,confirmation,4,direct,11.884495917930655,11.83620005331214,11.804226875305176,11.804226875305176
1227,2027,confirmation,4,direct,12.273735966890268,12.286954041551024,12.20269775390625,12.20269775390625
1234,2027,confirmation,4,direct,11.863589378812122,11.820127056457265,11.84976863861084,11.84976863861084
1237,2027,confirmation,4,direct,12.075400019877522,11.996295390908392,12.034036636352539,12.034036636352539
1238,2027,confirmation,4,direct,12.180759965737863,12.268182446383074,12.23678207397461,12.23678207397461
1245,2027,confirmation,4,direct,12.345838935721968,12.126583606883063,12.123152732849121,12.123152732849121
1248,2027,confirmation,4,direct,12.042971193457888,11.854075858248084,11.835688591003418,11.835688591003418
1250,2027,confirmation,4,direct,11.686887175419702,11.721610745877927,11.74244499206543,11.74244499206543
1251,2027,confirmation,4,direct,12.404927602627597,12.409408607449324,12.414841651916504,12.414841651916504
1262,2027,confirmation,4,direct,11.766799946849087,11.752031268514768,11.741354942321777,11.741354942321777
1268,2027,confirmation,4,direct,12.843973993864076,12.783566699171624,12.761211395263672,12.761211395263672
1272,2027,confirmation,4,direct,12.132162346145595,12.08402189752956,11.980032920837402,11.980032920837402
1276,2027,confirmation,4,direct,11.827743504053695,11.881665507749792,11.867798805236816,11.867798805236816
1281,2027,confirmation,4,direct,12.33270970174018,12.238928108557511,12.267760276794434,12.267760276794434
1284,2027,confirmation,4,direct,11.842236406331555,11.846200333622487,11.841352462768555,11.841352462768555
1286,2027,confirmation,4,direct,11.794345471549745,11.711939084367954,11.73354434967041,11.73354434967041
1290,2027,confirmation,4,direct,12.546113507028412,12.531468806782328,12.514870643615723,12.514870643615723
1291,2027,confirmation,4,direct,12.103491596905931,11.985188940308973,12.017236709594727,12.017236709594727
1296,2027,confirmation,4,direct,11.83863282480007,11.82937137045492,11.801274299621582,11.801274299621582
1299,2027,confirmation,4,direct,11.982935344196433,13.131370378816861,12.762922286987305,12.762922286987305
1320,2027,confirmation,4,direct,11.6172944892629,11.6438958748476,11.671448707580566,11.671448707580566
1328,2027,confirmation,4,direct,11.779136168550774,11.774100934090896,11.777480125427246,11.777480125427246
1329,2027,confirmation,4,direct,12.45293662970407,12.174286031430489,12.259125709533691,12.259125709533691
1348,2027,confirmation,4,direct,12.554840409959793,12.60593812070984,12.503124237060547,12.503124237060547
1351,2027,confirmation,4,direct,12.206077645517674,12.05224994909871,11.970439910888672,11.970439910888672
1352,2027,confirmation,4,direct,12.049424683420915,11.988479351068136,12.045955657958984,12.045955657958984
1360,2027,confirmation,4,direct,12.660331092405906,12.846607567787556,12.8015718460083,12.8015718460083
1361,2027,confirmation,4,direct,12.149507585033072,12.147608816619778,12.143731117248535,12.143731117248535
1362,2027,confirmation,4,direct,12.468440756144114,12.453850647379971,12.439108848571777,12.439108848571777
1366,2027,confirmation,4,direct,12.283038316285214,12.253083651031137,12.211402893066406,12.211402893066406
1371,2027,confirmation,4,direct,11.561725152903833,11.602717780867836,11.603348731994629,11.603348731994629
1372,2027,confirmation,4,direct,12.016732516077072,12.069760170368069,12.130999565124512,12.130999565124512
1380,2027,confirmation,4,direct,12.02874460037869,11.987509082050265,11.860455513000488,11.860455513000488
1381,2027,confirmation,4,direct,10.97679912709094,11.24643378556533,11.210086822509766,11.210086822509766
1383,2027,confirmation,4,direct,11.964007453736912,11.90310913204309,11.882816314697266,11.882816314697266
1392,2027,confirmation,4,direct,11.728044909070785,11.717707517809258,11.738347053527832,11.738347053527832
1393,2027,confirmation,4,direct,11.719947764402807,11.748255442858467,11.814736366271973,11.814736366271973
1394,2027,confirmation,4,direct,12.001511614739405,11.828218722401216,12.022343635559082,12.022343635559082
1399,2027,confirmation,4,direct,11.835016210489899,11.831556361969472,11.841347694396973,11.841347694396973
1400,2027,confirmation,4,direct,11.831022768939789,11.967688912923673,12.020401954650879,12.020401954650879
1404,2027,confirmation,4,direct,12.552930054797935,12.272465070130005,12.406825065612793,12.406825065612793
1409,2027,confirmation,4,direct,11.74006900564972,11.540746192828493,11.568428039550781,11.568428039550781
1413,2027,confirmation,4,direct,11.407576060361786,11.460716406633393,11.426535606384277,11.426535606384277
1416,2027,confirmation,4,direct,12.077676615757813,12.308280845216398,12.285412788391113,12.285412788391113
1421,2027,confirmation,4,direct,12.100161978566867,12.039541195278476,11.99673843383789,11.99673843383789
1424,2027,confirmation,4,direct,12.524420916542532,12.124015985425638,12.125482559204102,12.125482559204102
1430,2027,confirmation,4,direct,12.116700301832573,12.175604409178087,12.067365646362305,12.067365646362305
1433,2027,confirmation,4,direct,11.07443600653965,11.519803153382258,11.554926872253418,11.554926872253418
1436,2027,confirmation,4,direct,12.066816325306588,12.054629256466777,12.03720760345459,12.03720760345459
1439,2027,confirmation,4,direct,11.916395250412128,11.877424451164506,11.94017219543457,11.94017219543457
1440,2027,confirmation,4,direct,12.190964083849375,12.077053259499142,12.133328437805176,12.133328437805176
1448,2027,confirmation,4,direct,12.388398368982115,12.47604567224172,12.50535774230957,12.50535774230957
1458,2027,confirmation,4,direct,12.493133274926212,12.449596406776429,12.447185516357422,12.447185516357422
5,2027,confirmation,5,direct,12.429220196836383,12.6522646099488,12.675300598144531,12.675300598144531
10,2027,confirmation,5,direct,11.678448377988165,11.70145888351071,11.727195739746094,11.727195739746094
17,2027,confirmation,5,direct,11.91170829631447,11.910462350781616,11.96537971496582,11.96537971496582
18,2027,confirmation,5,direct,11.407576060361786,11.5855774964346,11.58592700958252,11.58592700958252
31,2027,confirmation,5,direct,10.596659732783579,11.487548618683181,11.451799392700195,11.451799392700195
32,2027,confirmation,5,direct,11.914054519303125,11.874447142424115,11.85100269317627,11.85100269317627
33,2027,confirmation,5,direct,12.100161978566867,12.15732528360663,12.210295677185059,12.210295677185059
41,2027,confirmation,5,direct,11.982935344196433,11.857031259491585,11.888476371765137,11.888476371765137
43,2027,confirmation,5,direct,11.87757552297847,11.901114858498987,11.834185600280762,11.834185600280762
45,2027,confirmation,5,direct,11.856522261533737,11.890992635777474,11.854308128356934,11.854308128356934
48,2027,confirmation,5,direct,12.428019481065613,12.378733274391555,12.423234939575195,12.423234939575195
51,2027,confirmation,5,direct,12.083910661257521,12.094716874428912,12.109196662902832,12.109196662902832
59,2027,confirmation,5,direct,12.991755706536901,12.910002352048757,12.99630069732666,12.99630069732666
60,2027,confirmation,5,direct,11.735276702486741,11.697965622197541,11.700981140136719,11.700981140136719
62,2027,confirmation,5,direct,11.522885696764481,11.444557087083096,11.558673858642578,11.558673858642578
71,2027,confirmation,5,direct,12.404927602627597,12.420443243200483,12.576065063476562,12.576065063476562
82,2027,confirmation,5,direct,11.941462360646149,12.05505026105805,12.072209358215332,12.072209358215332
87,2027,confirmation,5,direct,12.066816325306588,12.070233861664056,12.070586204528809,12.070586204528809
90,2027,confirmation,5,direct,11.724813914587886,11.67582939584779,11.696507453918457,11.696507453918457
91,2027,confirmation,5,direct,11.60733523953139,11.51418724916653,11.510205268859863,11.510205268859863
95,2027,confirmation,5,direct,12.229549885708273,12.232960231975362,12.224270820617676,12.224270820617676
97,2027,confirmation,5,direct,12.273735966890268,12.276203653962567,12.284170150756836,12.284170150756836
110,2027,confirmation,5,direct,12.154784614286667,12.243591213341523,12.171079635620117,12.171079635620117
113,2027,confirmation,5,direct,12.85832230788469,12.764193159206108,12.749872207641602,12.749872207641602
127,2027,confirmation,5,direct,11.759793355371237,11.846008260696314,11.860235214233398,11.860235214233398
137,2027,confirmation,5,direct,11.870606902224587,11.87390756822505,11.922807693481445,11.922807693481445
138,2027,confirmation,5,direct,12.049424683420915,12.209781238329594,12.394505500793457,12.394505500793457
139,2027,confirmation,5,direct,12.345838935721968,12.431069579696024,12.459832191467285,12.459832191467285
145,2027,confirmation,5,direct,11.736077016252437,11.812618167774684,11.787501335144043,11.787501335144043
147,2027,confirmation,5,direct,11.561725152903833,11.535175146903267,11.610018730163574,11.610018730163574
148,2027,confirmation,5,direct,12.312686874960354,12.31870311656057,12.284200668334961,12.284200668334961
153,2027,confirmation,5,direct,12.154784614286667,12.138955691083137,12.111982345581055,12.111982345581055
156,2027,confirmation,5,direct,11.277215789596893,11.294366839901645,11.319463729858398,11.319463729858398
166,2027,confirmation,5,direct,11.755879486687116,11.757548480492007,11.778853416442871,11.778853416442871
168,2027,confirmation,5,direct,12.693501691489768,12.812688638248689,12.764644622802734,12.764644622802734
177,2027,confirmation,5,direct,12.259618151783465,12.272288506401818,12.19208812713623,12.19208812713623
180,2027,confirmation,5,direct,11.51293546492023,11.651606191185044,11.660825729370117,11.660825729370117
183,2027,confirmation,5,direct,11.695255355062795,11.693522362418525,11.64133358001709,11.64133358001709
190,2027,confirmation,5,direct,12.563750586299374,12.471561618278095,12.499519348144531,12.499519348144531
202,2027,confirmation,5,direct,12.052344376474922,12.017442659119338,12.030386924743652,12.030386924743652
206,2027,confirmation,5,direct,12.103491596905931,12.102573605084155,12.097132682800293,12.097132682800293
207,2027,confirmation,5,direct,11.87688084212164,11.820234255144836,11.747422218322754,11.747422218322754
213,2027,confirmation,5,direct,12.439875187430008,12.392799312702138,12.432891845703125,12.432891845703125
225,2027,confirmation,5,direct,12.864242696187505,12.896689067300455,12.793843269348145,12.793843269348145
229,2027,confirmation,5,direct,11.736077016252437,11.717267041545746,11.702255249023438,11.702255249023438
234,2027,confirmation,5,direct,11.761354623750297,11.786786721474757,11.748319625854492,11.748319625854492
240,2027,confirmation,5,direct,11.635151947212842,11.741795152526517,11.842133522033691,11.842133522033691
246,2027,confirmation,5,direct,12.394628892852941,12.294744251547979,12.38481330871582,12.38481330871582
255,2027,confirmation,5,direct,11.884495917930655,11.86030643246813,11.875874519348145,11.875874519348145
256,2027,confirmation,5,direct,12.345838935721968,12.306204901877873,12.34984016418457,12.34984016418457
261,2027,confirmation,5,direct,12.07824495582233,12.061716008949952,12.010605812072754,12.010605812072754
283,2027,confirmation,5,direct,12.242891437918386,12.284051618664654,12.288217544555664,12.288217544555664
285,2027,confirmation,5,direct,12.09626335986454,12.172941160506232,12.16823673248291,12.16823673248291
288,2027,confirmation,5,direct,11.385103457032141,11.51948828250999,11.519051551818848,11.519051551818848
294,2027,confirmation,5,direct,12.367345048436391,12.353866230477797,12.385031700134277,12.385031700134277
302,2027,confirmation,5,direct,12.495007682693725,12.515352769233864,12.531967163085938,12.531967163085938
303,2027,confirmation,5,direct,12.230770136157428,12.330570624638321,12.334532737731934,12.334532737731934
304,2027,confirmation,5,direct,11.917730355182513,11.744731784751576,11.7719087600708,11.7719087600708
315,2027,confirmation,5,direct,12.08954444723597,12.008435853069257,12.038206100463867,12.038206100463867
323,2027,confirmation,5,direct,12.614868865984631,12.56917344687802,12.596200942993164,12.596200942993164
326,2027,confirmation,5,direct,11.373674891823535,11.364629339831305,11.386255264282227,11.386255264282227
327,2027,confirmation,5,direct,12.688501881189456,12.51451952818596,12.596461296081543,12.596461296081543
335,2027,confirmation,5,direct,12.165255859329688,12.191931765965657,12.168661117553711,12.168661117553711
336,2027,confirmation,5,direct,12.34126328584159,12.221129585036747,12.293649673461914,12.293649673461914
338,2027,confirmation,5,direct,12.273735966890268,12.303081244965,12.294608116149902,12.294608116149902
354,2027,confirmation,5,direct,11.570259974415547,11.470024806264979,11.56406307220459,11.56406307220459
355,2027,confirmation,5,direct,11.849404844423074,11.979566139775866,11.929295539855957,11.929295539855957
357,2027,confirmation,5,direct,12.06105265381003,12.018057992142753,12.040345191955566,12.040345191955566
359,2027,confirmation,5,direct,11.775297421715827,11.800921053898522,11.76313304901123,11.76313304901123
360,2027,confirmation,5,direct,12.54254845357358,12.532407827367019,12.545376777648926,12.545376777648926
366,2027,confirmation,5,direct,11.898194668458823,11.705781131071433,11.763542175292969,11.763542175292969
371,2027,confirmation,5,direct,12.057578437658945,12.116739039545049,12.07382583618164,12.07382583618164
394,2027,confirmation,5,direct,11.51293546492023,11.432840618779581,11.297748565673828,11.297748565673828
400,2027,confirmation,5,direct,12.392556361841777,12.267348281443349,12.247769355773926,12.247769355773926
401,2027,confirmation,5,direct,12.411056299528171,12.33042644952887,12.310802459716797,12.310802459716797
416,2027,confirmation,5,direct,12.106997888588934,12.136351471353056,12.195764541625977,12.195764541625977
420,2027,confirmation,5,direct,11.863589378812122,11.783441615783056,11.845026016235352,11.845026016235352
425,2027,confirmation,5,direct,11.842236406331555,11.877034872995614,11.861294746398926,11.861294746398926
429,2027,confirmation,5,direct,12.182809136284991,12.190623529481313,12.19886589050293,12.19886589050293
431,2027,confirmation,5,direct,11.355113089309977,11.47615543506458,11.520946502685547,11.520946502685547
433,2027,confirmation,5,direct,11.715874472198905,11.728899473632982,11.771479606628418,11.771479606628418
436,2027,confirmation,5,direct,12.264346270624157,12.256726752131861,12.236388206481934,12.236388206481934
450,2027,confirmation,5,direct,11.695255355062795,11.662616167981223,11.576203346252441,11.576203346252441
451,2027,confirmation,5,direct,11.608244735642321,11.52191129867679,11.550729751586914,11.550729751586914
452,2027,confirmation,5,direct,12.54254845357358,12.314510590147039,12.341172218322754,12.341172218322754
455,2027,confirmation,5,direct,12.144202560946876,11.902173561055289,11.973528861999512,11.973528861999512
460,2027,confirmation,5,direct,11.608244735642321,11.673039418812468,11.654409408569336,11.654409408569336
461,2027,confirmation,5,direct,12.481565733211923,12.358285855885983,12.367056846618652,12.367056846618652
477,2027,confirmation,5,direct,12.249615734512616,12.29018368345406,12.241731643676758,12.241731643676758
481,2027,confirmation,5,direct,12.694655727828803,12.76817936437285,12.78126049041748,12.78126049041748
482,2027,confirmation,5,direct,12.832013750189885,12.786766180680381,12.764642715454102,12.764642715454102
483,2027,confirmation,5,direct,11.951186847493476,12.051236372762906,11.944310188293457,11.944310188293457
495,2027,confirmation,5,direct,11.421917019425596,11.51319983066612,11.426708221435547,11.426708221435547
496,2027,confirmation,5,direct,10.460270761075149,11.173743680626313,11.176984786987305,11.176984786987305
498,2027,confirmation,5,direct,12.122696471358964,11.976176599437487,12.091803550720215,12.091803550720215
504,2027,confirmation,5,direct,12.574185427296195,12.374679458082689,12.467037200927734,12.467037200927734
509,2027,confirmation,5,direct,11.989165855127435,11.903853286465125,11.908341407775879,11.908341407775879
510,2027,confirmation,5,direct,11.732069026983156,11.861007535616713,11.872781753540039,11.872781753540039
522,2027,confirmation,5,direct,11.918397239722838,11.947123945288343,11.871672630310059,11.871672630310059
526,2027,confirmation,5,direct,12.07824495582233,12.092437539162129,12.112581253051758,12.112581253051758
527,2027,confirmation,5,direct,11.790564777297387,11.815971195175177,11.812506675720215,11.812506675720215
529,2027,confirmation,5,direct,11.362114203075018,11.357956796024872,11.397642135620117,11.397642135620117
535,2027,confirmation,5,direct,12.08954444723597,12.09929151547967,12.125673294067383,12.125673294067383
536,2027,confirmation,5,direct,11.58525542883217,11.759549921537984,11.817343711853027,11.817343711853027
539,2027,confirmation,5,direct,11.970356641102999,11.84825892235488,11.87893295288086,11.87893295288086
542,2027,confirmation,5,direct,12.421188057397055,12.477642790226222,12.486017227172852,12.486017227172852
543,2027,confirmation,5,direct,12.270225154674701,12.26766566097473,12.279473304748535,12.279473304748535
551,2027,confirmation,5,direct,11.849404844423074,11.721199218248302,11.838667869567871,11.838667869567871
552,2027,confirmation,5,direct,11.630717389475995,11.625030593475115,11.615099906921387,11.615099906921387
556,2027,confirmation,5,direct,11.635151947212842,11.636891970234986,11.65375804901123,11.65375804901123
564,2027,confirmation,5,direct,12.128116509451258,12.098923516735017,12.174386978149414,12.174386978149414
569,2027,confirmation,5,direct,12.665397584983758,12.591833907886684,12.522493362426758,12.522493362426758
570,2027,confirmation,5,direct,11.820123358887447,11.876204864100897,11.851710319519043,11.851710319519043
572,2027,confirmation,5,direct,11.695255355062795,11.709648784521095,11.731606483459473,11.731606483459473
576,2027,confirmation,5,direct,11.682676678340282,11.632476536382745,11.688912391662598,11.688912391662598
581,2027,confirmation,5,direct,12.111217862017215,12.117545854419692,12.13415241241455,12.13415241241455
588,2027,confirmation,5,direct,11.827743504053695,11.813503437297884,11.817527770996094,11.817527770996094
590,2027,confirmation,5,direct,11.283524879179666,11.505652584823475,11.533875465393066,11.533875465393066
606,2027,confirmation,5,direct,12.230770136157428,12.166538334924065,12.241839408874512,12.241839408874512
608,2027,confirmation,5,direct,12.323860125621126,12.114311347481939,12.020157814025879,12.020157814025879
614,2027,confirmation,5,direct,11.898194668458823,11.63938575271588,11.66467571258545,11.66467571258545
624,2027,confirmation,5,direct,12.034696963475044,12.104565407217716,12.070683479309082,12.070683479309082
629,2027,confirmation,5,direct,11.813037464800539,12.126779348538273,12.099652290344238,12.099652290344238
633,2027,confirmation,5,direct,11.320565693461432,12.035235501553139,12.07615852355957,12.07615852355957
638,2027,confirmation,5,direct,11.440365524765756,11.58589511480805,11.62232494354248,11.62232494354248
639,2027,confirmation,5,direct,11.350418300109132,11.385756847878085,11.514352798461914,11.514352798461914
641,2027,confirmation,5,direct,12.520887034998584,12.527007491884403,12.470684051513672,12.470684051513672
651,2027,confirmation,5,direct,12.235393555399902,12.227828720220712,12.21432876586914,12.21432876586914
653,2027,confirmation,5,direct,12.160033942617156,12.186343494410586,12.179994583129883,12.179994583129883
670,2027,confirmation,5,direct,11.83138646878959,11.663146620983062,11.686829566955566,11.686829566955566
680,2027,confirmation,5,direct,11.763691965388299,11.761822130415053,11.745498657226562,11.745498657226562
703,2027,confirmation,5,direct,12.799178471909892,12.796370653271005,12.76591682434082,12.76591682434082
706,2027,confirmation,5,direct,10.915106645867503,11.075633569446858,11.065152168273926,11.065152168273926
708,2027,confirmation,5,direct,12.445093483000798,12.287661536680327,12.285993576049805,12.285993576049805
709,2027,confirmation,5,direct,12.09815887308463,12.077387901581886,12.111435890197754,12.111435890197754
716,2027,confirmation,5,direct,12.013706813470414,11.916772175206129,11.919670104980469,11.919670104980469
727,2027,confirmation,5,direct,12.310437165348775,12.290777807645188,12.302148818969727,12.302148818969727
728,2027,confirmation,5,direct,12.178192583415596,12.19894239357374,12.1956148147583,12.1956148147583
729,2027,confirmation,5,direct,11.608244735642321,11.802598437110566,11.832854270935059,11.832854270935059
741,2027,confirmation,5,direct,11.790564777297387,11.676996839487467,11.695996284484863,11.695996284484863
745,2027,confirmation,5,direct,12.100717685412471,12.272372453534096,12.244020462036133,12.244020462036133
749,2027,confirmation,5,direct,12.469978029554953,12.426889494842172,12.39949893951416,12.39949893951416
753,2027,confirmation,5,direct,12.28765724080691,12.2380635172171,12.234130859375,12.234130859375
756,2027,confirmation,5,direct,12.058158312538197,12.022427060431953,12.007258415222168,12.007258415222168
758,2027,confirmation,5,direct,11.97603664577121,11.860249430985252,11.972399711608887,11.972399711608887
762,2027,confirmation,5,direct,11.51293546492023,11.595144947314955,11.619750022888184,11.619750022888184
772,2027,confirmation,5,direct,11.532737896139919,11.692685333348189,11.673382759094238,11.673382759094238
773,2027,confirmation,5,direct,11.580593459194764,11.839173162812497,11.857873916625977,11.857873916625977
775,2027,confirmation,5,direct,12.886643575525625,12.580405877818162,12.590620994567871,12.590620994567871
776,2027,confirmation,5,direct,11.995357787034976,11.986311605738308,12.028331756591797,12.028331756591797
778,2027,confirmation,5,direct,11.86710429621008,11.816748861366072,11.843535423278809,11.843535423278809
787,2027,confirmation,5,direct,11.842236406331555,11.7311241734816,11.786930084228516,11.786930084228516
790,2027,confirmation,5,direct,12.141539457711714,12.208384429819743,12.220766067504883,12.220766067504883
791,2027,confirmation,5,direct,11.984184555794167,11.998098301516187,11.983986854553223,11.983986854553223
793,2027,confirmation,5,direct,12.505402864156405,12.36625722632106,12.336668014526367,12.336668014526367
799,2027,confirmation,5,direct,13.091906231773164,13.160354821857302,13.129924774169922,13.129924774169922
802,2027,confirmation,5,direct,11.60733523953139,11.70285052456834,11.712691307067871,11.712691307067871
817,2027,confirmation,5,direct,11.827743504053695,11.836216327985694,11.816474914550781,11.816474914550781
820,2027,confirmation,5,direct,12.319405795112926,12.295127701386217,12.300515174865723,12.300515174865723
822,2027,confirmation,5,direct,11.440365524765756,11.385580015573362,11.44251537322998,11.44251537322998
824,2027,confirmation,5,direct,11.845827048676645,11.844407152495215,11.910904884338379,11.910904884338379
830,2027,confirmation,5,direct,11.900912042974875,11.945841101488975,11.976115226745605,11.976115226745605
838,2027,confirmation,5,direct,11.51293546492023,11.461465397264233,11.566848754882812,11.566848754882812
840,2027,confirmation,5,direct,11.779136168550774,11.804875420528814,11.770365715026855,11.770365715026855
841,2027,confirmation,5,direct,11.849404844423074,11.690890587545232,11.763800621032715,11.763800621032715
843,2027,confirmation,5,direct,12.071975378543236,11.96085029305326,11.969721794128418,11.969721794128418
847,2027,confirmation,5,direct,12.269052139516223,12.187314870611319,12.207743644714355,12.207743644714355
852,2027,confirmation,5,direct,12.278397958261774,12.130786585488556,12.225768089294434,12.225768089294434
857,2027,confirmation,5,direct,11.898194668458823,11.896717609074365,11.931876182556152,11.931876182556152
858,2027,confirmation,5,direct,12.066816325306588,11.984521334740174,11.947956085205078,11.947956085205078
862,2027,confirmation,5,direct,11.78676973513378,11.827144172890891,11.839432716369629,11.839432716369629
865,2027,confirmation,5,direct,12.43153750053306,12.184106733295716,12.246851921081543,12.246851921081543
869,2027,confirmation,5,direct,12.037659911047468,12.008417436159096,11.980619430541992,11.980619430541992
874,2027,confirmation,5,direct,11.798111925972618,11.775357357757658,11.769572257995605,11.769572257995605
877,2027,confirmation,5,direct,11.792456911128632,11.809425341735542,11.830134391784668,11.830134391784668
882,2027,confirmation,5,direct,12.141539457711714,12.254784811385042,12.30469036102295,12.30469036102295
884,2027,confirmation,5,direct,11.682676678340282,11.728631882559364,11.622101783752441,11.622101783752441
885,2027,confirmation,5,direct,11.51293546492023,11.705760750106343,11.692720413208008,11.692720413208008
892,2027,confirmation,5,direct,12.058158312538197,12.06635931790025,12.065617561340332,12.065617561340332
899,2027,confirmation,5,direct,13.323928581764989,13.07101065622137,13.190199851989746,13.190199851989746
907,2027,confirmation,5,direct,12.449022745701502,12.462058037507758,12.552751541137695,12.552751541137695
913,2027,confirmation,5,direct,11.385103457032141,11.452703832108234,11.490004539489746,11.490004539489746
920,2027,confirmation,5,direct,12.081081821061819,12.048260440416273,12.006569862365723,12.006569862365723
921,2027,confirmation,5,direct,12.211065162153215,12.224641094017677,12.1631498336792,12.1631498336792
927,2027,confirmation,5,direct,12.560247968016562,12.596260060690257,12.576260566711426,12.576260566711426
928,2027,confirmation,5,direct,12.07824495582233,12.09108110940347,12.077789306640625,12.077789306640625
930,2027,confirmation,5,direct,12.310437165348775,12.293612508094544,12.337044715881348,12.337044715881348
931,2027,confirmation,5,direct,12.211065162153215,12.316122153452584,12.26760196685791,12.26760196685791
937,2027,confirmation,5,direct,12.127575825689417,12.135743665235841,12.121039390563965,12.121039390563965
940,2027,confirmation,5,direct,12.406565597924235,12.328141299508166,12.43089485168457,12.43089485168457
944,2027,confirmation,5,direct,11.870606902224587,11.834891594368745,11.916487693786621,11.916487693786621
961,2027,confirmation,5,direct,11.665655135642039,11.65892942272883,11.719362258911133,11.719362258911133
965,2027,confirmation,5,direct,12.277932735946903,12.305840394751138,12.295459747314453,12.295459747314453
966,2027,confirmation,5,direct,12.094587859196112,12.023533555958089,12.048938751220703,12.048938751220703
971,2027,confirmation,5,direct,11.813037464800539,11.287890977906656,11.260398864746094,11.260398864746094
972,2027,confirmation,5,direct,12.06105265381003,11.991083914424385,12.01533031463623,12.01533031463623
973,2027,confirmation,5,direct,11.507922973347437,11.739584112488838,11.755763053894043,11.755763053894043
974,2027,confirmation,5,direct,12.111767460549332,12.29538376361521,12.238377571105957,12.238377571105957
975,2027,confirmation,5,direct,12.02874460037869,12.014544710959317,12.141642570495605,12.141642570495605
978,2027,confirmation,5,direct,12.20557752297723,12.18973193511377,12.163100242614746,12.163100242614746
979,2027,confirmation,5,direct,11.608244735642321,11.565287156647006,11.54731273651123,11.54731273651123
980,2027,confirmation,5,direct,11.842236406331555,11.787986821573556,11.836523056030273,11.836523056030273
982,2027,confirmation,5,direct,12.724869415131389,12.687837294966828,12.719517707824707,12.719517707824707
985,2027,confirmation,5,direct,11.744045122410057,11.74217498895275,11.74924087524414,11.74924087524414
989,2027,confirmation,5,direct,12.180759965737863,12.181448442599562,12.141135215759277,12.141135215759277
990,2027,confirmation,5,direct,12.190964083849375,12.161136003938214,12.144218444824219,12.144218444824219
994,2027,confirmation,5,direct,12.066241450757124,12.044915552654034,12.041980743408203,12.041980743408203
996,2027,confirmation,5,direct,11.7085004721646,11.591344471506487,11.665401458740234,11.665401458740234
998,2027,confirmation,5,direct,12.128116509451258,11.981854968483786,11.974320411682129,11.974320411682129
1003,2027,confirmation,5,direct,12.354496960983985,12.393216812104157,12.39981460571289,12.39981460571289
1004,2027,confirmation,5,direct,11.827049837927534,11.910039758356554,11.900444030761719,11.900444030761719
1013,2027,confirmation,5,direct,12.013706813470414,12.018539883459292,11.994965553283691,11.994965553283691
1015,2027,confirmation,5,direct,11.688566422839942,11.728216034263227,11.70473861694336,11.70473861694336
1030,2027,confirmation,5,direct,11.678448377988165,11.673066113528575,11.66321086883545,11.66321086883545
1033,2027,confirmation,5,direct,12.644330802262578,12.756147850974507,12.701265335083008,12.701265335083008
1034,2027,confirmation,5,direct,12.345838935721968,12.390446472568822,12.371724128723145,12.371724128723145
1049,2027,confirmation,5,direct,11.652696102959753,11.819907922193062,11.791300773620605,11.791300773620605
1068,2027,confirmation,5,direct,12.031129798974042,12.08427913260952,12.074624061584473,12.074624061584473
1076,2027,confirmation,5,direct,12.299112067295642,12.14398610767972,12.203678131103516,12.203678131103516
1080,2027,confirmation,5,direct,11.744045122410057,11.798333220777122,11.791362762451172,11.791362762451172
1081,2027,confirmation,5,direct,11.884495917930655,12.008676223778105,12.040030479431152,12.040030479431152
1084,2027,confirmation,5,direct,11.982935344196433,11.969804650151112,11.91804313659668,11.91804313659668
1086,2027,confirmation,5,direct,11.898194668458823,11.97939406495278,11.997282028198242,11.997282028198242
1087,2027,confirmation,5,direct,11.332613886815139,11.501989639547732,11.442303657531738,11.442303657531738
1089,2027,confirmation,5,direct,11.83138646878959,11.79626893356924,11.808478355407715,11.808478355407715
1091,2027,confirmation,5,direct,11.439289689006644,11.3945859509211,11.424099922180176,11.424099922180176
1092,2027,confirmation,5,direct,11.982935344196433,11.962931841792365,11.976371765136719,11.976371765136719
1097,2027,confirmation,5,direct,11.751950239425476,11.639175027510825,11.712746620178223,11.712746620178223
1101,2027,confirmation,5,direct,11.002116507732017,11.003522874010724,11.103446006774902,11.103446006774902
1111,2027,confirmation,5,direct,12.144202560946876,12.108996227076638,12.099540710449219,12.099540710449219
1112,2027,confirmation,5,direct,12.230770136157428,12.13739827597333,12.170695304870605,12.170695304870605
1124,2027,confirmation,5,direct,11.678448377988165,11.48087690407523,11.538046836853027,11.538046836853027
1125,2027,confirmation,5,direct,12.007017865994577,12.021500199459554,12.015707969665527,12.015707969665527
1129,2027,confirmation,5,direct,12.278397958261774,12.23525938544841,12.283345222473145,12.283345222473145
1139,2027,confirmation,5,direct,12.185875040240456,12.241049451862184,12.25074291229248,12.25074291229248
1144,2027,confirmation,5,direct,11.289794413577894,11.521785278784183,11.460936546325684,11.460936546325684
1148,2027,confirmation,5,direct,12.069685751267224,12.15054983958545,12.16423511505127,12.16423511505127
1156,2027,confirmation,5,direct,12.292254928916668,12.241009233835001,12.148087501525879,12.148087501525879
1166,2027,confirmation,5,direct,12.359527368950229,12.38137395237294,12.270238876342773,12.270238876342773
1170,2027,confirmation,5,direct,13.345508528717259,13.262390977805689,13.237640380859375,13.237640380859375
1186,2027,confirmation,5,direct,11.560772327227417,11.744016618016532,11.74770736694336,11.74770736694336
1187,2027,confirmation,5,direct,11.461642696843066,11.745530179854745,11.616117477416992,11.616117477416992
1188,2027,confirmation,5,direct,12.476103599529843,12.551152248813676,12.52910041809082,12.52910041809082
1201,2027,confirmation,5,direct,11.6617850286409,11.539045554572976,11.467848777770996,11.467848777770996
1202,2027,confirmation,5,direct,12.19552218463499,12.178275326779277,12.215062141418457,12.215062141418457
1205,2027,confirmation,5,direct,11.941462360646149,11.9268666509562,11.907807350158691,11.907807350158691
1209,2027,confirmation,5,direct,11.849404844423074,11.841628180142527,11.908745765686035,11.908745765686035
1223,2027,confirmation,5,direct,11.870606902224587,11.955186316039402,11.883814811706543,11.883814811706543
1225,2027,confirmation,5,direct,12.122696471358964,12.185832602311194,12.156410217285156,12.156410217285156
1231,2027,confirmation,5,direct,12.154784614286667,12.199407242817069,12.155660629272461,12.155660629272461
1236,2027,confirmation,5,direct,11.841423131921784,11.878051075787205,11.811306953430176,11.811306953430176
1243,2027,confirmation,5,direct,12.04355959836804,12.008044036276706,12.09579086303711,12.09579086303711
1244,2027,confirmation,5,direct,13.049794835104816,12.95139272112108,13.076653480529785,13.076653480529785
1247,2027,confirmation,5,direct,12.136191879981927,12.159652109362755,12.131741523742676,12.131741523742676
1256,2027,confirmation,5,direct,11.755879486687116,11.737365865433814,11.824797630310059,11.824797630310059
1273,2027,confirmation,5,direct,11.827743504053695,11.806101507954734,11.818102836608887,11.818102836608887
1278,2027,confirmation,5,direct,12.19552218463499,12.171969925035125,12.150739669799805,12.150739669799805
1280,2027,confirmation,5,direct,11.133142723386813,11.556243295262087,11.495576858520508,11.495576858520508
1282,2027,confirmation,5,direct,12.100717685412471,12.117553960055734,12.108170509338379,12.108170509338379
1283,2027,confirmation,5,direct,11.921725007667265,11.910757985047617,11.887470245361328,11.887470245361328
1285,2027,confirmation,5,direct,12.037659911047468,12.104299051260629,12.135129928588867,12.135129928588867
1289,2027,confirmation,5,direct,12.535379989788607,12.479009207747563,12.47344970703125,12.47344970703125
1292,2027,confirmation,5,direct,11.691080018519527,11.638005029683534,11.69959545135498,11.69959545135498
1293,2027,confirmation,5,direct,11.58525542883217,11.683755531325465,11.6957368850708,11.6957368850708
1303,2027,confirmation,5,direct,12.577639650232573,12.661918808178285,12.656453132629395,12.656453132629395
1310,2027,confirmation,5,direct,12.09626335986454,12.087469814869772,12.07060718536377,12.07060718536377
1311,2027,confirmation,5,direct,12.721888795877375,12.597992873872265,12.608589172363281,12.608589172363281
1312,2027,confirmation,5,direct,12.220966184120165,12.20602782294278,12.199833869934082,12.199833869934082
1316,2027,confirmation,5,direct,12.239995696974733,12.12807036292561,12.136266708374023,12.136266708374023
1326,2027,confirmation,5,direct,10.915106645867503,11.156471829793727,11.126709938049316,11.126709938049316
1334,2027,confirmation,5,direct,11.74006900564972,11.779349954148664,11.80323600769043,11.80323600769043
1336,2027,confirmation,5,direct,12.031129798974042,11.980531527255462,12.016040802001953,12.016040802001953
1339,2027,confirmation,5,direct,12.206077645517674,12.297053020507931,12.336799621582031,12.336799621582031
1357,2027,confirmation,5,direct,11.608244735642321,11.65265072832201,11.685704231262207,11.685704231262207
1365,2027,confirmation,5,direct,11.878630514504515,11.89743994088794,11.917922019958496,11.917922019958496
1368,2027,confirmation,5,direct,11.751950239425476,11.774637535630735,11.805301666259766,11.805301666259766
1369,2027,confirmation,5,direct,11.87757552297847,11.845406569369926,11.855530738830566,11.855530738830566
1384,2027,confirmation,5,direct,11.626263078808801,11.931242789216137,11.944282531738281,11.944282531738281
1389,2027,confirmation,5,direct,12.84132849667433,12.785623386002332,12.788188934326172,12.788188934326172
1402,2027,confirmation,5,direct,12.170450649220749,12.115993813442397,12.122030258178711,12.122030258178711
1403,2027,confirmation,5,direct,12.174994689959313,12.14170381127865,12.191566467285156,12.191566467285156
1408,2027,confirmation,5,direct,11.626263078808801,11.666534494366907,11.669294357299805,11.669294357299805
1417,2027,confirmation,5,direct,11.715874472198905,11.779724828406216,11.726862907409668,11.726862907409668
1423,2027,confirmation,5,direct,11.824087219587643,11.880817921444553,11.844892501831055,11.844892501831055
1427,2027,confirmation,5,direct,12.509877789891931,12.466584167037812,12.41240406036377,12.41240406036377
1428,2027,confirmation,5,direct,11.849404844423074,11.863642522034594,11.790369987487793,11.790369987487793
1431,2027,confirmation,5,direct,12.165984756488543,12.13999792111753,12.008302688598633,12.008302688598633
1432,2027,confirmation,5,direct,11.87583791515714,11.796686231698652,11.865720748901367,11.865720748901367
1434,2027,confirmation,5,direct,12.136191879981927,12.13406154932403,12.116755485534668,12.116755485534668
1442,2027,confirmation,5,direct,11.913719681428494,11.90050211847284,11.881486892700195,11.881486892700195
1443,2027,confirmation,5,direct,12.644330802262578,12.68605530665568,12.816255569458008,12.816255569458008
1446,2027,confirmation,5,direct,11.767575435251748,11.751731944361106,11.742960929870605,11.742960929870605
